00:00 +0: loading /data/data/com.termux/files/home/ubuntu/flutteruser/flutterapps/fluvi-balance-wave-defaults/test/boundary/balance_monthly_topographic_chart_boundary_test.dart
00:00 +0: /data/data/com.termux/files/home/ubuntu/flutteruser/flutterapps/fluvi-balance-wave-defaults/test/boundary/balance_monthly_topographic_chart_boundary_test.dart: WR-28 bounded controls have one owner shared by Mind and Month
00:00 +1: /data/data/com.termux/files/home/ubuntu/flutteruser/flutterapps/fluvi-balance-wave-defaults/test/boundary/balance_monthly_topographic_chart_boundary_test.dart: MTC-02 RED: the four-choice monthly chart catalog is owned by Balance presentation settings
00:00 +2: /data/data/com.termux/files/home/ubuntu/flutteruser/flutterapps/fluvi-balance-wave-defaults/test/boundary/balance_monthly_topographic_chart_boundary_test.dart: BMR-06 boundary: the terrain uses one cached material painter with a vertex-lit fallback and registered FragmentProgram rather than contour widgets
00:00 +3: /data/data/com.termux/files/home/ubuntu/flutteruser/flutterapps/fluvi-balance-wave-defaults/test/boundary/balance_monthly_topographic_native_platform_boundary_test.dart: MTC-02 boundary: Android persists the four-choice monthly spending renderer independently from Header graph selection
00:00 +4: /data/data/com.termux/files/home/ubuntu/flutteruser/flutterapps/fluvi-balance-wave-defaults/test/boundary/balance_monthly_topographic_native_platform_boundary_test.dart: MTC-06 boundary: the monthly terrain is presentation-only and does not acquire ledger/query or backdrop-filter ownership
00:03 +5: /data/data/com.termux/files/home/ubuntu/flutteruser/flutterapps/fluvi-balance-wave-defaults/test/core/design/fluvi_bounded_curve_test.dart: wider renderer span keeps endpoints and control bounds
00:03 +6: /data/data/com.termux/files/home/ubuntu/flutteruser/flutterapps/fluvi-balance-wave-defaults/test/core/design/fluvi_bounded_curve_test.dart: WR-26 preserves the existing Mind segment constructor and exact controls
00:04 +7: /data/data/com.termux/files/home/ubuntu/flutteruser/flutterapps/fluvi-balance-wave-defaults/test/features/dashboard/presentation/fluvi_wave_recovery_test.dart: (setUpAll)
00:05 +7: /data/data/com.termux/files/home/ubuntu/flutteruser/flutterapps/fluvi-balance-wave-defaults/test/features/dashboard/presentation/fluvi_wave_recovery_test.dart: WR-08 isolated peaks are rounded without clipped flat samples
00:05 +8: /data/data/com.termux/files/home/ubuntu/flutteruser/flutterapps/fluvi-balance-wave-defaults/test/features/dashboard/presentation/fluvi_wave_recovery_test.dart: WR-15/19 real Dashboard host preserves tap/vertical ownership and warm cache
Carousel fling: raw=0.0px/s, effective=0.0px/s, itemExtent=32.00, speed=0.00 items/s, band=nearest, maxStep=0, projected=0, target=0, delta=0
Carousel fling: raw=0.0px/s, effective=0.0px/s, itemExtent=32.00, speed=0.00 items/s, band=nearest, maxStep=0, projected=100000, target=100000, delta=0
WR-19 software/proot only: 30 warm selections 637895 us; {geometryId: 74616183, textureGeometryId: null, size: Size(240.1, 128.3), clip: Rect.fromLTRB(0.0, 0.0, 240.1, 128.3), plot: Rect.fromLTRB(10.0, 36.0, 230.1, 124.3), financialBaseline: 97.79090909090908, styleRoute: mesh, shaderState: not-requested, shaderError: null, geometryBuilds: 1, geometryMicros: 88080, textureRequests: 0, texturePublications: 0, textureDisposals: 0, textureMicros: 0, paints: 31, selectedIndex: 30, selectedKey: 31, selectedValueMinor: 60000, tooltipText: 600 Ft, lookupRequestToPaintMicros: null, markerBounds: Rect.fromLTRB(223.8, 88.5, 236.3, 101.0), tooltipBounds: Rect.fromLTRB(164.1, 57.7, 240.1, 81.7), disposed: false}
00:08 +9: /data/data/com.termux/files/home/ubuntu/flutteruser/flutterapps/fluvi-balance-wave-defaults/test/features/dashboard/presentation/fluvi_wave_visual_test.dart: WR-18 actual Month material reference and ablation scenes
00:08 +10: /data/data/com.termux/files/home/ubuntu/flutteruser/flutterapps/fluvi-balance-wave-defaults/test/features/dashboard/presentation/fluvi_wave_visual_test.dart: WR-18 actual Month material reference and ablation scenes
00:08 +11: /data/data/com.termux/files/home/ubuntu/flutteruser/flutterapps/fluvi-balance-wave-defaults/test/features/dashboard/presentation/fluvi_wave_visual_test.dart: WR-18 actual Month material reference and ablation scenes
WR-18 reference-mesh-body-412 substantial violet body coverage=0.24376906088968345 {geometryId: 277548610, textureGeometryId: null, size: Size(240.1, 128.3), clip: Rect.fromLTRB(0.0, 0.0, 240.1, 128.3), plot: Rect.fromLTRB(10.0, 36.0, 230.1, 124.3), financialBaseline: 97.79090909090908, styleRoute: mesh, shaderState: not-requested, shaderError: null, geometryBuilds: 1, geometryMicros: 294791, textureRequests: 0, texturePublications: 0, textureDisposals: 0, textureMicros: 0, paints: 2, selectedIndex: null, selectedKey: null, selectedValueMinor: null, tooltipText: null, lookupRequestToPaintMicros: null, markerBounds: null, tooltipBounds: null, disposed: false}
00:08 +12: /data/data/com.termux/files/home/ubuntu/flutteruser/flutterapps/fluvi-balance-wave-defaults/test/features/dashboard/presentation/fluvi_wave_visual_test.dart: WR-18 actual Month material reference and ablation scenes
00:08 +13: /data/data/com.termux/files/home/ubuntu/flutteruser/flutterapps/fluvi-balance-wave-defaults/test/features/dashboard/presentation/fluvi_wave_visual_test.dart: WR-18 actual Month material reference and ablation scenes
00:08 +13: /data/data/com.termux/files/home/ubuntu/flutteruser/flutterapps/fluvi-balance-wave-defaults/test/features/dashboard/presentation/fluvi_wave_recovery_test.dart: WR-12 isolated vertex-colour pixel probe
WR-12 vertex pixels {srcOver: [150, 130, 242, 255], dst: [150, 130, 242, 255]}
00:08 +14: /data/data/com.termux/files/home/ubuntu/flutteruser/flutterapps/fluvi-balance-wave-defaults/test/features/dashboard/presentation/fluvi_wave_visual_test.dart: WR-18 actual Month material reference and ablation scenes
00:08 +14: /data/data/com.termux/files/home/ubuntu/flutteruser/flutterapps/fluvi-balance-wave-defaults/test/features/dashboard/presentation/fluvi_wave_recovery_test.dart: WR-12 lookup decodes the ridge at the same physical x
WR-12 max same-x lookup error 0.0006713969634546402 px
00:08 +15: /data/data/com.termux/files/home/ubuntu/flutteruser/flutterapps/fluvi-balance-wave-defaults/test/features/dashboard/presentation/fluvi_wave_visual_test.dart: WR-18 actual Month material reference and ablation scenes
00:09 +16: /data/data/com.termux/files/home/ubuntu/flutteruser/flutterapps/fluvi-balance-wave-defaults/test/features/dashboard/presentation/fluvi_wave_visual_test.dart: WR-18 actual Month material reference and ablation scenes
WR-18 reference-shader-body-412 substantial violet body coverage=0.24446475808343512 {geometryId: 277548610, textureGeometryId: 277548610, size: Size(240.1, 128.3), clip: Rect.fromLTRB(0.0, 0.0, 240.1, 128.3), plot: Rect.fromLTRB(10.0, 36.0, 230.1, 124.3), financialBaseline: 97.79090909090908, styleRoute: shader, shaderState: ready, shaderError: null, geometryBuilds: 1, geometryMicros: 294791, textureRequests: 1, texturePublications: 1, textureDisposals: 0, textureMicros: 113112, paints: 8, selectedIndex: null, selectedKey: null, selectedValueMinor: null, tooltipText: null, lookupRequestToPaintMicros: 143621, markerBounds: null, tooltipBounds: null, disposed: false}
00:09 +17: /data/data/com.termux/files/home/ubuntu/flutteruser/flutterapps/fluvi-balance-wave-defaults/test/features/dashboard/presentation/fluvi_wave_visual_test.dart: WR-18 actual Month material reference and ablation scenes
WR-18 sparse-mesh-body-412 substantial violet body coverage=0.1387430531399403 {geometryId: 314651933, textureGeometryId: null, size: Size(240.1, 128.3), clip: Rect.fromLTRB(0.0, 0.0, 240.1, 128.3), plot: Rect.fromLTRB(10.0, 36.0, 230.1, 124.3), financialBaseline: 97.79090909090908, styleRoute: mesh, shaderState: not-requested, shaderError: null, geometryBuilds: 2, geometryMicros: 315130, textureRequests: 2, texturePublications: 2, textureDisposals: 2, textureMicros: 168799, paints: 13, selectedIndex: null, selectedKey: null, selectedValueMinor: null, tooltipText: null, lookupRequestToPaintMicros: 85101, markerBounds: null, tooltipBounds: null, disposed: false}
00:10 +17: /data/data/com.termux/files/home/ubuntu/flutteruser/flutterapps/fluvi-balance-wave-defaults/test/features/dashboard/presentation/fluvi_wave_recovery_test.dart: WR-13 production async owner never paints another terrain lookup
WR-19 retained production resource lifecycle {geometryId: 783562645, textureGeometryId: null, size: Size(240.0, 128.0), clip: Rect.fromLTRB(0.0, 0.0, 240.0, 128.0), plot: Rect.fromLTRB(10.0, 36.0, 230.0, 124.0), financialBaseline: 97.6, styleRoute: mesh, shaderState: not-requested, shaderError: null, geometryBuilds: 7, geometryMicros: 232175, textureRequests: 6, texturePublications: 2, textureDisposals: 6, textureMicros: 338117, paints: 13, selectedIndex: 30, selectedKey: 31, selectedValueMinor: 26800000, tooltipText: 268 k Ft, lookupRequestToPaintMicros: 40761, markerBounds: Rect.fromLTRB(223.8, 29.8, 236.3, 42.3), tooltipBounds: Rect.fromLTRB(144.0, 2.0, 240.0, 26.0), disposed: true}
00:10 +18: /data/data/com.termux/files/home/ubuntu/flutteruser/flutterapps/fluvi-balance-wave-defaults/test/features/dashboard/presentation/fluvi_wave_visual_test.dart: WR-18 actual Month material reference and ablation scenes
WR-18 same-data shader/mesh mean channel difference=0.1581012320311931 /255
00:10 +19: /data/data/com.termux/files/home/ubuntu/flutteruser/flutterapps/fluvi-balance-wave-defaults/test/features/dashboard/presentation/fluvi_wave_recovery_test.dart: WR-06 production-parent baseline, complete sparse month
WR-06 {dataset: sparse-31-synthetic-268k, selectedStyle: terrain, route: mesh, chartLocalSize: Size(240.1, 128.3), chartGlobalBounds: Rect.fromLTRB(27.8, 308.7, 267.8, 437.0), transformToRoot: [1.0, 0.0, 0.0, 0.0, 0.0, 1.0, 0.0, 0.0, 0.0, 0.0, 1.0, 0.0, 27.774410774410775, 308.7485970819304, 0.0, 1.0], financialPlot: Rect.fromLTRB(10.0, 36.0, 230.1, 124.3), minSameXDepth: 20.744484171625274, highestDay: 2}
00:10 +20: /data/data/com.termux/files/home/ubuntu/flutteruser/flutterapps/fluvi-balance-wave-defaults/test/features/dashboard/presentation/fluvi_wave_recovery_test.dart: (tearDownAll)
00:13 +20: /data/data/com.termux/files/home/ubuntu/flutteruser/flutterapps/fluvi-balance-wave-defaults/test/boundary/query_menu_boundary_test.dart: Query Menu keeps one SQL owner and one reusable sheet boundary
00:13 +21: /data/data/com.termux/files/home/ubuntu/flutteruser/flutterapps/fluvi-balance-wave-defaults/test/boundary/dashboard_interaction_performance_boundary_test.dart: keeps scene-window maintenance off dashboard input gates
00:14 +22: /data/data/com.termux/files/home/ubuntu/flutteruser/flutterapps/fluvi-balance-wave-defaults/test/boundary/dashboard_interaction_performance_boundary_test.dart: keeps dashboard interaction ownership fail closed
00:15 +23: /data/data/com.termux/files/home/ubuntu/flutteruser/flutterapps/fluvi-balance-wave-defaults/test/boundary/dashboard_motion_data_isolation_boundary_test.dart: records live committed demand while deferring ready work during vertical input
00:15 +24: /data/data/com.termux/files/home/ubuntu/flutteruser/flutterapps/fluvi-balance-wave-defaults/test/boundary/dashboard_motion_data_isolation_boundary_test.dart: keeps committed page preparation free of scheduler handoffs
00:15 +25: /data/data/com.termux/files/home/ubuntu/flutteruser/flutterapps/fluvi-balance-wave-defaults/test/boundary/dashboard_motion_data_isolation_boundary_test.dart: keeps reverse committed-page demand owned by signed viewport intent
00:15 +26: /data/data/com.termux/files/home/ubuntu/flutteruser/flutterapps/fluvi-balance-wave-defaults/test/boundary/dashboard_motion_data_isolation_boundary_test.dart: keeps dashboard motion and data ownership fail closed
00:18 +27: /data/data/com.termux/files/home/ubuntu/flutteruser/flutterapps/fluvi-balance-wave-defaults/test/boundary/dashboard_single_data_runtime_boundary_test.dart: dashboard production has one index runtime and no live/deck fallback
00:20 +28: /data/data/com.termux/files/home/ubuntu/flutteruser/flutterapps/fluvi-balance-wave-defaults/test/boundary/dashboard_single_data_runtime_boundary_test.dart: Balance UI renders one Core-owned immutable model and the shared trend kernel has no financial acquisition path
00:21 +29: /data/data/com.termux/files/home/ubuntu/flutteruser/flutterapps/fluvi-balance-wave-defaults/test/boundary/dashboard_avatar_target_liveness_boundary_test.dart: Avatar transaction reuses the single Core/cache/visible/focus owners
00:23 +30: /data/data/com.termux/files/home/ubuntu/flutteruser/flutterapps/fluvi-balance-wave-defaults/test/boundary/dashboard_avatar_profile_boundary_test.dart: profile host persists raw response before fail-closed acceptance
00:23 +31: /data/data/com.termux/files/home/ubuntu/flutteruser/flutterapps/fluvi-balance-wave-defaults/test/boundary/dashboard_avatar_profile_boundary_test.dart: suite completion is written after every existing suite assertion
00:23 +32: /data/data/com.termux/files/home/ubuntu/flutteruser/flutterapps/fluvi-balance-wave-defaults/test/boundary/dashboard_avatar_profile_boundary_test.dart: suite budgets are finite and leave reporting and teardown margins
00:24 +33: /data/data/com.termux/files/home/ubuntu/flutteruser/flutterapps/fluvi-balance-wave-defaults/test/boundary/dashboard_avatar_profile_boundary_test.dart: K observes production owners and validates each actual fling
00:24 +34: /data/data/com.termux/files/home/ubuntu/flutteruser/flutterapps/fluvi-balance-wave-defaults/test/boundary/dashboard_avatar_profile_boundary_test.dart: G waits for its final direction visible publication before evidence
00:24 +35: /data/data/com.termux/files/home/ubuntu/flutteruser/flutterapps/fluvi-balance-wave-defaults/test/boundary/dashboard_avatar_profile_boundary_test.dart: K waits for each fling-local Avatar motion transition
00:25 +36: /data/data/com.termux/files/home/ubuntu/flutteruser/flutterapps/fluvi-balance-wave-defaults/test/features/dashboard/application/dashboard_avatar_resource_window_test.dart: complete exact roots preserve nonempty aggregate and category8 payloads
00:25 +37: /data/data/com.termux/files/home/ubuntu/flutteruser/flutterapps/fluvi-balance-wave-defaults/test/features/dashboard/application/dashboard_avatar_resource_window_test.dart: pending plan cannot be described as a ready window
00:25 +38: /data/data/com.termux/files/home/ubuntu/flutteruser/flutterapps/fluvi-balance-wave-defaults/test/features/dashboard/application/dashboard_avatar_resource_window_test.dart: empty required keys is distinguished from a missing entry
00:25 +39: /data/data/com.termux/files/home/ubuntu/flutteruser/flutterapps/fluvi-balance-wave-defaults/test/features/dashboard/application/dashboard_avatar_resource_window_test.dart: retired aggregate frame is classified without swallowing other errors
00:25 +40: /data/data/com.termux/files/home/ubuntu/flutteruser/flutterapps/fluvi-balance-wave-defaults/test/features/dashboard/application/dashboard_avatar_resource_window_test.dart: nonempty payload from another scope is rejected
00:25 +41: /data/data/com.termux/files/home/ubuntu/flutteruser/flutterapps/fluvi-balance-wave-defaults/test/features/dashboard/application/dashboard_avatar_resource_window_test.dart: same query from an older revision is rejected
00:25 +42: /data/data/com.termux/files/home/ubuntu/flutteruser/flutterapps/fluvi-balance-wave-defaults/test/features/dashboard/application/dashboard_avatar_resource_window_test.dart: retired bank identity and foreground ownership are distinct
00:25 +43: /data/data/com.termux/files/home/ubuntu/flutteruser/flutterapps/fluvi-balance-wave-defaults/test/features/dashboard/application/dashboard_avatar_resource_window_test.dart: scope rejection preserves the actual wrong payload identity
00:27 +44: /data/data/com.termux/files/home/ubuntu/flutteruser/flutterapps/fluvi-balance-wave-defaults/test/features/dashboard/application/dashboard_avatar_candidate_lifecycle_test.dart: current nonempty target prepares exact resources with no broad hotset
00:30 +45: /data/data/com.termux/files/home/ubuntu/flutteruser/flutterapps/fluvi-balance-wave-defaults/test/features/dashboard/presentation/dashboard_avatar_target_liveness_test.dart: AVL persistent real CoreDashboard nonempty Avatar final-target liveness without Time scenario=cold
00:33 +46: /data/data/com.termux/files/home/ubuntu/flutteruser/flutterapps/fluvi-balance-wave-defaults/test/features/dashboard/presentation/dashboard_avatar_target_liveness_test.dart: AVL persistent real CoreDashboard nonempty Avatar final-target liveness without Time scenario=cold
Carousel fling: raw=0.0px/s, effective=0.0px/s, itemExtent=58.00, speed=0.00 items/s, band=nearest, maxStep=0, projected=0, target=0, delta=0
Carousel fling: raw=0.0px/s, effective=0.0px/s, itemExtent=32.00, speed=0.00 items/s, band=nearest, maxStep=0, projected=0, target=0, delta=0
Carousel fling: raw=0.0px/s, effective=0.0px/s, itemExtent=77.20, speed=0.00 items/s, band=nearest, maxStep=0, projected=0, target=0, delta=0
00:35 +47: /data/data/com.termux/files/home/ubuntu/flutteruser/flutterapps/fluvi-balance-wave-defaults/test/features/dashboard/presentation/dashboard_avatar_target_liveness_test.dart: AVL persistent real CoreDashboard nonempty Avatar final-target liveness without Time scenario=cold
Carousel fling: raw=0.0px/s, effective=0.0px/s, itemExtent=58.00, speed=0.00 items/s, band=nearest, maxStep=0, projected=100000, target=100000, delta=0
Carousel fling: raw=0.0px/s, effective=0.0px/s, itemExtent=32.00, speed=0.00 items/s, band=nearest, maxStep=0, projected=100000, target=100000, delta=0
Carousel fling: raw=0.0px/s, effective=0.0px/s, itemExtent=77.20, speed=0.00 items/s, band=nearest, maxStep=0, projected=100000, target=100000, delta=0
00:37 +48: /data/data/com.termux/files/home/ubuntu/flutteruser/flutterapps/fluvi-balance-wave-defaults/test/features/dashboard/presentation/dashboard_avatar_target_liveness_test.dart: AVL persistent real CoreDashboard nonempty Avatar final-target liveness without Time scenario=cold
Carousel fling: raw=2400.0px/s, effective=1584.0px/s, itemExtent=58.00, speed=27.31 items/s, band=max-5, maxStep=5, projected=100016, target=100008, delta=5
Carousel snap: stiffness=340.0, settle=1024ms
00:39 +49: /data/data/com.termux/files/home/ubuntu/flutteruser/flutterapps/fluvi-balance-wave-defaults/test/features/dashboard/presentation/dashboard_avatar_target_liveness_test.dart: AVL persistent real CoreDashboard nonempty Avatar final-target liveness without Time scenario=cold
Carousel fling: raw=0.0px/s, effective=0.0px/s, itemExtent=58.00, speed=0.00 items/s, band=nearest, maxStep=0, projected=100008, target=100008, delta=0
Carousel fling: raw=0.0px/s, effective=0.0px/s, itemExtent=77.20, speed=0.00 items/s, band=nearest, maxStep=0, projected=100000, target=100000, delta=0
00:41 +50: /data/data/com.termux/files/home/ubuntu/flutteruser/flutterapps/fluvi-balance-wave-defaults/test/features/dashboard/presentation/dashboard_avatar_target_liveness_test.dart: AVL persistent real CoreDashboard nonempty Avatar final-target liveness without Time scenario=cold
Carousel fling: raw=-2400.0px/s, effective=-1584.0px/s, itemExtent=58.00, speed=-27.31 items/s, band=max-5, maxStep=5, projected=99992, target=100000, delta=-5
Carousel snap: stiffness=340.0, settle=1024ms
00:43 +51: /data/data/com.termux/files/home/ubuntu/flutteruser/flutterapps/fluvi-balance-wave-defaults/test/features/dashboard/presentation/dashboard_avatar_target_liveness_test.dart: AVL persistent real CoreDashboard nonempty Avatar final-target liveness without Time scenario=cold
Carousel fling: raw=0.0px/s, effective=0.0px/s, itemExtent=58.00, speed=0.00 items/s, band=nearest, maxStep=0, projected=100000, target=100000, delta=0
Carousel fling: raw=0.0px/s, effective=0.0px/s, itemExtent=77.20, speed=0.00 items/s, band=nearest, maxStep=0, projected=100000, target=100000, delta=0
00:45 +52: /data/data/com.termux/files/home/ubuntu/flutteruser/flutterapps/fluvi-balance-wave-defaults/test/features/dashboard/presentation/dashboard_avatar_target_liveness_test.dart: AVL persistent real CoreDashboard nonempty Avatar final-target liveness without Time scenario=cold
Carousel fling: raw=2400.0px/s, effective=1584.0px/s, itemExtent=58.00, speed=27.31 items/s, band=max-5, maxStep=5, projected=100016, target=100008, delta=5
Carousel snap: stiffness=340.0, settle=1024ms
Carousel fling: raw=0.0px/s, effective=0.0px/s, itemExtent=58.00, speed=0.00 items/s, band=nearest, maxStep=0, projected=100008, target=100008, delta=0
00:47 +53: /data/data/com.termux/files/home/ubuntu/flutteruser/flutterapps/fluvi-balance-wave-defaults/test/features/dashboard/presentation/dashboard_avatar_target_liveness_test.dart: AVL persistent real CoreDashboard nonempty Avatar final-target liveness without Time scenario=cold
Carousel fling: raw=0.0px/s, effective=0.0px/s, itemExtent=77.20, speed=0.00 items/s, band=nearest, maxStep=0, projected=100000, target=100000, delta=0
Carousel fling: raw=-2400.0px/s, effective=-1584.0px/s, itemExtent=58.00, speed=-27.31 items/s, band=max-5, maxStep=5, projected=99992, target=100000, delta=-5
Carousel snap: stiffness=340.0, settle=1024ms
00:49 +54: /data/data/com.termux/files/home/ubuntu/flutteruser/flutterapps/fluvi-balance-wave-defaults/test/features/dashboard/presentation/dashboard_avatar_target_liveness_test.dart: AVL persistent real CoreDashboard nonempty Avatar final-target liveness without Time scenario=cold
Carousel fling: raw=0.0px/s, effective=0.0px/s, itemExtent=58.00, speed=0.00 items/s, band=nearest, maxStep=0, projected=100000, target=100000, delta=0
Carousel fling: raw=0.0px/s, effective=0.0px/s, itemExtent=77.20, speed=0.00 items/s, band=nearest, maxStep=0, projected=100000, target=100000, delta=0
00:50 +55: /data/data/com.termux/files/home/ubuntu/flutteruser/flutterapps/fluvi-balance-wave-defaults/test/features/dashboard/presentation/dashboard_avatar_target_liveness_test.dart: AVL persistent real CoreDashboard nonempty Avatar final-target liveness without Time scenario=persistent20cycles
00:52 +56: /data/data/com.termux/files/home/ubuntu/flutteruser/flutterapps/fluvi-balance-wave-defaults/test/features/dashboard/presentation/dashboard_avatar_target_liveness_test.dart: AVL persistent real CoreDashboard nonempty Avatar final-target liveness without Time scenario=persistent20cycles
00:52 +57: /data/data/com.termux/files/home/ubuntu/flutteruser/flutterapps/fluvi-balance-wave-defaults/test/features/dashboard/presentation/dashboard_avatar_target_liveness_test.dart: AVL persistent real CoreDashboard nonempty Avatar final-target liveness without Time scenario=persistent20cycles
00:52 +58: /data/data/com.termux/files/home/ubuntu/flutteruser/flutterapps/fluvi-balance-wave-defaults/test/features/dashboard/presentation/dashboard_avatar_target_liveness_test.dart: AVL persistent real CoreDashboard nonempty Avatar final-target liveness without Time scenario=persistent20cycles
00:52 +59: /data/data/com.termux/files/home/ubuntu/flutteruser/flutterapps/fluvi-balance-wave-defaults/test/features/dashboard/presentation/dashboard_avatar_target_liveness_test.dart: AVL persistent real CoreDashboard nonempty Avatar final-target liveness without Time scenario=persistent20cycles
00:52 +60: /data/data/com.termux/files/home/ubuntu/flutteruser/flutterapps/fluvi-balance-wave-defaults/test/features/dashboard/presentation/dashboard_avatar_target_liveness_test.dart: AVL persistent real CoreDashboard nonempty Avatar final-target liveness without Time scenario=persistent20cycles
00:52 +61: /data/data/com.termux/files/home/ubuntu/flutteruser/flutterapps/fluvi-balance-wave-defaults/test/features/dashboard/presentation/dashboard_avatar_target_liveness_test.dart: AVL persistent real CoreDashboard nonempty Avatar final-target liveness without Time scenario=persistent20cycles
00:52 +62: /data/data/com.termux/files/home/ubuntu/flutteruser/flutterapps/fluvi-balance-wave-defaults/test/features/dashboard/presentation/dashboard_avatar_target_liveness_test.dart: AVL persistent real CoreDashboard nonempty Avatar final-target liveness without Time scenario=persistent20cycles
00:52 +63: /data/data/com.termux/files/home/ubuntu/flutteruser/flutterapps/fluvi-balance-wave-defaults/test/features/dashboard/presentation/dashboard_avatar_target_liveness_test.dart: AVL persistent real CoreDashboard nonempty Avatar final-target liveness without Time scenario=persistent20cycles
Carousel fling: raw=0.0px/s, effective=0.0px/s, itemExtent=58.00, speed=0.00 items/s, band=nearest, maxStep=0, projected=0, target=0, delta=0
00:52 +64: /data/data/com.termux/files/home/ubuntu/flutteruser/flutterapps/fluvi-balance-wave-defaults/test/features/dashboard/presentation/dashboard_avatar_target_liveness_test.dart: AVL persistent real CoreDashboard nonempty Avatar final-target liveness without Time scenario=persistent20cycles
00:53 +65: /data/data/com.termux/files/home/ubuntu/flutteruser/flutterapps/fluvi-balance-wave-defaults/test/features/dashboard/presentation/dashboard_avatar_target_liveness_test.dart: AVL persistent real CoreDashboard nonempty Avatar final-target liveness without Time scenario=persistent20cycles
00:53 +66: /data/data/com.termux/files/home/ubuntu/flutteruser/flutterapps/fluvi-balance-wave-defaults/test/features/dashboard/presentation/dashboard_avatar_target_liveness_test.dart: AVL persistent real CoreDashboard nonempty Avatar final-target liveness without Time scenario=persistent20cycles
Carousel fling: raw=0.0px/s, effective=0.0px/s, itemExtent=32.00, speed=0.00 items/s, band=nearest, maxStep=0, projected=0, target=0, delta=0
00:53 +67: /data/data/com.termux/files/home/ubuntu/flutteruser/flutterapps/fluvi-balance-wave-defaults/test/features/dashboard/presentation/dashboard_avatar_target_liveness_test.dart: AVL persistent real CoreDashboard nonempty Avatar final-target liveness without Time scenario=persistent20cycles
00:53 +68: /data/data/com.termux/files/home/ubuntu/flutteruser/flutterapps/fluvi-balance-wave-defaults/test/features/dashboard/presentation/dashboard_avatar_target_liveness_test.dart: AVL persistent real CoreDashboard nonempty Avatar final-target liveness without Time scenario=persistent20cycles
Carousel fling: raw=0.0px/s, effective=0.0px/s, itemExtent=77.20, speed=0.00 items/s, band=nearest, maxStep=0, projected=0, target=0, delta=0
00:53 +69: /data/data/com.termux/files/home/ubuntu/flutteruser/flutterapps/fluvi-balance-wave-defaults/test/features/dashboard/presentation/dashboard_avatar_target_liveness_test.dart: AVL persistent real CoreDashboard nonempty Avatar final-target liveness without Time scenario=persistent20cycles
00:53 +70: /data/data/com.termux/files/home/ubuntu/flutteruser/flutterapps/fluvi-balance-wave-defaults/test/features/dashboard/presentation/dashboard_avatar_target_liveness_test.dart: AVL persistent real CoreDashboard nonempty Avatar final-target liveness without Time scenario=persistent20cycles
00:53 +71: /data/data/com.termux/files/home/ubuntu/flutteruser/flutterapps/fluvi-balance-wave-defaults/test/features/dashboard/presentation/dashboard_avatar_target_liveness_test.dart: AVL persistent real CoreDashboard nonempty Avatar final-target liveness without Time scenario=persistent20cycles
00:53 +72: /data/data/com.termux/files/home/ubuntu/flutteruser/flutterapps/fluvi-balance-wave-defaults/test/features/dashboard/presentation/dashboard_avatar_target_liveness_test.dart: AVL persistent real CoreDashboard nonempty Avatar final-target liveness without Time scenario=persistent20cycles
00:53 +73: /data/data/com.termux/files/home/ubuntu/flutteruser/flutterapps/fluvi-balance-wave-defaults/test/features/dashboard/presentation/dashboard_avatar_target_liveness_test.dart: AVL persistent real CoreDashboard nonempty Avatar final-target liveness without Time scenario=persistent20cycles
00:53 +74: /data/data/com.termux/files/home/ubuntu/flutteruser/flutterapps/fluvi-balance-wave-defaults/test/features/dashboard/presentation/dashboard_avatar_target_liveness_test.dart: AVL persistent real CoreDashboard nonempty Avatar final-target liveness without Time scenario=persistent20cycles
00:53 +75: /data/data/com.termux/files/home/ubuntu/flutteruser/flutterapps/fluvi-balance-wave-defaults/test/features/dashboard/presentation/dashboard_avatar_target_liveness_test.dart: AVL persistent real CoreDashboard nonempty Avatar final-target liveness without Time scenario=persistent20cycles
00:53 +76: /data/data/com.termux/files/home/ubuntu/flutteruser/flutterapps/fluvi-balance-wave-defaults/test/features/dashboard/presentation/dashboard_avatar_target_liveness_test.dart: AVL persistent real CoreDashboard nonempty Avatar final-target liveness without Time scenario=persistent20cycles
00:53 +77: /data/data/com.termux/files/home/ubuntu/flutteruser/flutterapps/fluvi-balance-wave-defaults/test/features/dashboard/presentation/dashboard_avatar_target_liveness_test.dart: AVL persistent real CoreDashboard nonempty Avatar final-target liveness without Time scenario=persistent20cycles
00:53 +78: /data/data/com.termux/files/home/ubuntu/flutteruser/flutterapps/fluvi-balance-wave-defaults/test/features/dashboard/presentation/dashboard_avatar_target_liveness_test.dart: AVL persistent real CoreDashboard nonempty Avatar final-target liveness without Time scenario=persistent20cycles
00:53 +79: /data/data/com.termux/files/home/ubuntu/flutteruser/flutterapps/fluvi-balance-wave-defaults/test/features/dashboard/presentation/dashboard_avatar_target_liveness_test.dart: AVL persistent real CoreDashboard nonempty Avatar final-target liveness without Time scenario=persistent20cycles
00:53 +80: /data/data/com.termux/files/home/ubuntu/flutteruser/flutterapps/fluvi-balance-wave-defaults/test/features/dashboard/presentation/dashboard_avatar_target_liveness_test.dart: AVL persistent real CoreDashboard nonempty Avatar final-target liveness without Time scenario=persistent20cycles
00:53 +81: /data/data/com.termux/files/home/ubuntu/flutteruser/flutterapps/fluvi-balance-wave-defaults/test/features/dashboard/presentation/dashboard_avatar_target_liveness_test.dart: AVL persistent real CoreDashboard nonempty Avatar final-target liveness without Time scenario=persistent20cycles
00:53 +82: /data/data/com.termux/files/home/ubuntu/flutteruser/flutterapps/fluvi-balance-wave-defaults/test/features/dashboard/presentation/dashboard_avatar_target_liveness_test.dart: AVL persistent real CoreDashboard nonempty Avatar final-target liveness without Time scenario=persistent20cycles
Carousel fling: raw=0.0px/s, effective=0.0px/s, itemExtent=58.00, speed=0.00 items/s, band=nearest, maxStep=0, projected=100000, target=100000, delta=0
Carousel fling: raw=0.0px/s, effective=0.0px/s, itemExtent=32.00, speed=0.00 items/s, band=nearest, maxStep=0, projected=100000, target=100000, delta=0
Carousel fling: raw=0.0px/s, effective=0.0px/s, itemExtent=77.20, speed=0.00 items/s, band=nearest, maxStep=0, projected=100000, target=100000, delta=0
00:53 +83: /data/data/com.termux/files/home/ubuntu/flutteruser/flutterapps/fluvi-balance-wave-defaults/test/features/dashboard/presentation/dashboard_avatar_target_liveness_test.dart: AVL persistent real CoreDashboard nonempty Avatar final-target liveness without Time scenario=persistent20cycles
00:53 +84: /data/data/com.termux/files/home/ubuntu/flutteruser/flutterapps/fluvi-balance-wave-defaults/test/features/dashboard/presentation/dashboard_avatar_target_liveness_test.dart: AVL persistent real CoreDashboard nonempty Avatar final-target liveness without Time scenario=persistent20cycles
00:53 +85: /data/data/com.termux/files/home/ubuntu/flutteruser/flutterapps/fluvi-balance-wave-defaults/test/features/dashboard/presentation/dashboard_avatar_target_liveness_test.dart: AVL persistent real CoreDashboard nonempty Avatar final-target liveness without Time scenario=persistent20cycles
00:53 +86: /data/data/com.termux/files/home/ubuntu/flutteruser/flutterapps/fluvi-balance-wave-defaults/test/features/dashboard/presentation/dashboard_avatar_target_liveness_test.dart: AVL persistent real CoreDashboard nonempty Avatar final-target liveness without Time scenario=persistent20cycles
00:53 +87: /data/data/com.termux/files/home/ubuntu/flutteruser/flutterapps/fluvi-balance-wave-defaults/test/features/dashboard/presentation/dashboard_avatar_target_liveness_test.dart: AVL persistent real CoreDashboard nonempty Avatar final-target liveness without Time scenario=persistent20cycles
00:53 +88: /data/data/com.termux/files/home/ubuntu/flutteruser/flutterapps/fluvi-balance-wave-defaults/test/features/dashboard/presentation/dashboard_avatar_target_liveness_test.dart: AVL persistent real CoreDashboard nonempty Avatar final-target liveness without Time scenario=persistent20cycles
00:53 +89: /data/data/com.termux/files/home/ubuntu/flutteruser/flutterapps/fluvi-balance-wave-defaults/test/features/dashboard/presentation/dashboard_avatar_target_liveness_test.dart: AVL persistent real CoreDashboard nonempty Avatar final-target liveness without Time scenario=persistent20cycles
00:53 +90: /data/data/com.termux/files/home/ubuntu/flutteruser/flutterapps/fluvi-balance-wave-defaults/test/features/dashboard/presentation/dashboard_avatar_target_liveness_test.dart: AVL persistent real CoreDashboard nonempty Avatar final-target liveness without Time scenario=persistent20cycles
00:53 +91: /data/data/com.termux/files/home/ubuntu/flutteruser/flutterapps/fluvi-balance-wave-defaults/test/features/dashboard/presentation/dashboard_avatar_target_liveness_test.dart: AVL persistent real CoreDashboard nonempty Avatar final-target liveness without Time scenario=persistent20cycles
00:53 +92: /data/data/com.termux/files/home/ubuntu/flutteruser/flutterapps/fluvi-balance-wave-defaults/test/features/dashboard/presentation/dashboard_avatar_target_liveness_test.dart: AVL persistent real CoreDashboard nonempty Avatar final-target liveness without Time scenario=persistent20cycles
00:53 +93: /data/data/com.termux/files/home/ubuntu/flutteruser/flutterapps/fluvi-balance-wave-defaults/test/features/dashboard/presentation/dashboard_avatar_target_liveness_test.dart: AVL persistent real CoreDashboard nonempty Avatar final-target liveness without Time scenario=persistent20cycles
00:53 +94: /data/data/com.termux/files/home/ubuntu/flutteruser/flutterapps/fluvi-balance-wave-defaults/test/features/dashboard/presentation/dashboard_avatar_target_liveness_test.dart: AVL persistent real CoreDashboard nonempty Avatar final-target liveness without Time scenario=persistent20cycles
00:53 +95: /data/data/com.termux/files/home/ubuntu/flutteruser/flutterapps/fluvi-balance-wave-defaults/test/features/dashboard/presentation/dashboard_avatar_target_liveness_test.dart: AVL persistent real CoreDashboard nonempty Avatar final-target liveness without Time scenario=persistent20cycles
00:53 +96: /data/data/com.termux/files/home/ubuntu/flutteruser/flutterapps/fluvi-balance-wave-defaults/test/features/dashboard/presentation/dashboard_avatar_target_liveness_test.dart: AVL persistent real CoreDashboard nonempty Avatar final-target liveness without Time scenario=persistent20cycles
00:53 +97: /data/data/com.termux/files/home/ubuntu/flutteruser/flutterapps/fluvi-balance-wave-defaults/test/features/dashboard/presentation/dashboard_avatar_target_liveness_test.dart: AVL persistent real CoreDashboard nonempty Avatar final-target liveness without Time scenario=persistent20cycles
00:53 +98: /data/data/com.termux/files/home/ubuntu/flutteruser/flutterapps/fluvi-balance-wave-defaults/test/features/dashboard/presentation/dashboard_avatar_target_liveness_test.dart: AVL persistent real CoreDashboard nonempty Avatar final-target liveness without Time scenario=persistent20cycles
00:53 +99: /data/data/com.termux/files/home/ubuntu/flutteruser/flutterapps/fluvi-balance-wave-defaults/test/features/dashboard/presentation/dashboard_avatar_target_liveness_test.dart: AVL persistent real CoreDashboard nonempty Avatar final-target liveness without Time scenario=persistent20cycles
00:53 +100: /data/data/com.termux/files/home/ubuntu/flutteruser/flutterapps/fluvi-balance-wave-defaults/test/features/dashboard/presentation/dashboard_avatar_target_liveness_test.dart: AVL persistent real CoreDashboard nonempty Avatar final-target liveness without Time scenario=persistent20cycles
00:53 +101: /data/data/com.termux/files/home/ubuntu/flutteruser/flutterapps/fluvi-balance-wave-defaults/test/features/dashboard/presentation/dashboard_avatar_target_liveness_test.dart: AVL persistent real CoreDashboard nonempty Avatar final-target liveness without Time scenario=persistent20cycles
00:53 +102: /data/data/com.termux/files/home/ubuntu/flutteruser/flutterapps/fluvi-balance-wave-defaults/test/features/dashboard/presentation/dashboard_avatar_target_liveness_test.dart: AVL persistent real CoreDashboard nonempty Avatar final-target liveness without Time scenario=persistent20cycles
00:53 +103: /data/data/com.termux/files/home/ubuntu/flutteruser/flutterapps/fluvi-balance-wave-defaults/test/features/dashboard/presentation/dashboard_avatar_target_liveness_test.dart: AVL persistent real CoreDashboard nonempty Avatar final-target liveness without Time scenario=persistent20cycles
00:53 +104: /data/data/com.termux/files/home/ubuntu/flutteruser/flutterapps/fluvi-balance-wave-defaults/test/features/dashboard/presentation/dashboard_avatar_target_liveness_test.dart: AVL persistent real CoreDashboard nonempty Avatar final-target liveness without Time scenario=persistent20cycles
00:53 +105: /data/data/com.termux/files/home/ubuntu/flutteruser/flutterapps/fluvi-balance-wave-defaults/test/features/dashboard/presentation/dashboard_avatar_target_liveness_test.dart: AVL persistent real CoreDashboard nonempty Avatar final-target liveness without Time scenario=persistent20cycles
00:53 +106: /data/data/com.termux/files/home/ubuntu/flutteruser/flutterapps/fluvi-balance-wave-defaults/test/features/dashboard/presentation/dashboard_avatar_target_liveness_test.dart: AVL persistent real CoreDashboard nonempty Avatar final-target liveness without Time scenario=persistent20cycles
00:53 +107: /data/data/com.termux/files/home/ubuntu/flutteruser/flutterapps/fluvi-balance-wave-defaults/test/features/dashboard/presentation/dashboard_avatar_target_liveness_test.dart: AVL persistent real CoreDashboard nonempty Avatar final-target liveness without Time scenario=persistent20cycles
00:53 +108: /data/data/com.termux/files/home/ubuntu/flutteruser/flutterapps/fluvi-balance-wave-defaults/test/features/dashboard/presentation/dashboard_avatar_target_liveness_test.dart: AVL persistent real CoreDashboard nonempty Avatar final-target liveness without Time scenario=persistent20cycles
00:53 +109: /data/data/com.termux/files/home/ubuntu/flutteruser/flutterapps/fluvi-balance-wave-defaults/test/features/dashboard/presentation/dashboard_avatar_target_liveness_test.dart: AVL persistent real CoreDashboard nonempty Avatar final-target liveness without Time scenario=persistent20cycles
00:53 +110: /data/data/com.termux/files/home/ubuntu/flutteruser/flutterapps/fluvi-balance-wave-defaults/test/features/dashboard/presentation/dashboard_avatar_target_liveness_test.dart: AVL persistent real CoreDashboard nonempty Avatar final-target liveness without Time scenario=persistent20cycles
00:53 +111: /data/data/com.termux/files/home/ubuntu/flutteruser/flutterapps/fluvi-balance-wave-defaults/test/features/dashboard/presentation/dashboard_avatar_target_liveness_test.dart: AVL persistent real CoreDashboard nonempty Avatar final-target liveness without Time scenario=persistent20cycles
00:53 +112: /data/data/com.termux/files/home/ubuntu/flutteruser/flutterapps/fluvi-balance-wave-defaults/test/features/dashboard/presentation/dashboard_avatar_target_liveness_test.dart: AVL persistent real CoreDashboard nonempty Avatar final-target liveness without Time scenario=persistent20cycles
00:53 +113: /data/data/com.termux/files/home/ubuntu/flutteruser/flutterapps/fluvi-balance-wave-defaults/test/features/dashboard/presentation/dashboard_avatar_target_liveness_test.dart: AVL persistent real CoreDashboard nonempty Avatar final-target liveness without Time scenario=persistent20cycles
00:53 +114: /data/data/com.termux/files/home/ubuntu/flutteruser/flutterapps/fluvi-balance-wave-defaults/test/features/dashboard/presentation/dashboard_avatar_target_liveness_test.dart: AVL persistent real CoreDashboard nonempty Avatar final-target liveness without Time scenario=persistent20cycles
00:53 +115: /data/data/com.termux/files/home/ubuntu/flutteruser/flutterapps/fluvi-balance-wave-defaults/test/features/dashboard/presentation/dashboard_avatar_target_liveness_test.dart: AVL persistent real CoreDashboard nonempty Avatar final-target liveness without Time scenario=persistent20cycles
00:53 +116: /data/data/com.termux/files/home/ubuntu/flutteruser/flutterapps/fluvi-balance-wave-defaults/test/features/dashboard/presentation/dashboard_avatar_target_liveness_test.dart: AVL persistent real CoreDashboard nonempty Avatar final-target liveness without Time scenario=persistent20cycles
00:53 +117: /data/data/com.termux/files/home/ubuntu/flutteruser/flutterapps/fluvi-balance-wave-defaults/test/features/dashboard/presentation/dashboard_avatar_target_liveness_test.dart: AVL persistent real CoreDashboard nonempty Avatar final-target liveness without Time scenario=persistent20cycles
00:53 +118: /data/data/com.termux/files/home/ubuntu/flutteruser/flutterapps/fluvi-balance-wave-defaults/test/features/dashboard/presentation/dashboard_avatar_target_liveness_test.dart: AVL persistent real CoreDashboard nonempty Avatar final-target liveness without Time scenario=persistent20cycles
00:53 +119: /data/data/com.termux/files/home/ubuntu/flutteruser/flutterapps/fluvi-balance-wave-defaults/test/features/dashboard/presentation/dashboard_avatar_target_liveness_test.dart: AVL persistent real CoreDashboard nonempty Avatar final-target liveness without Time scenario=persistent20cycles
00:53 +120: /data/data/com.termux/files/home/ubuntu/flutteruser/flutterapps/fluvi-balance-wave-defaults/test/features/dashboard/presentation/dashboard_avatar_target_liveness_test.dart: AVL persistent real CoreDashboard nonempty Avatar final-target liveness without Time scenario=persistent20cycles
00:53 +121: /data/data/com.termux/files/home/ubuntu/flutteruser/flutterapps/fluvi-balance-wave-defaults/test/features/dashboard/presentation/dashboard_avatar_target_liveness_test.dart: AVL persistent real CoreDashboard nonempty Avatar final-target liveness without Time scenario=persistent20cycles
00:53 +122: /data/data/com.termux/files/home/ubuntu/flutteruser/flutterapps/fluvi-balance-wave-defaults/test/features/dashboard/presentation/dashboard_avatar_target_liveness_test.dart: AVL persistent real CoreDashboard nonempty Avatar final-target liveness without Time scenario=persistent20cycles
00:53 +123: /data/data/com.termux/files/home/ubuntu/flutteruser/flutterapps/fluvi-balance-wave-defaults/test/features/dashboard/presentation/dashboard_avatar_target_liveness_test.dart: AVL persistent real CoreDashboard nonempty Avatar final-target liveness without Time scenario=persistent20cycles
00:53 +124: /data/data/com.termux/files/home/ubuntu/flutteruser/flutterapps/fluvi-balance-wave-defaults/test/features/dashboard/presentation/dashboard_avatar_target_liveness_test.dart: AVL persistent real CoreDashboard nonempty Avatar final-target liveness without Time scenario=persistent20cycles
00:53 +125: /data/data/com.termux/files/home/ubuntu/flutteruser/flutterapps/fluvi-balance-wave-defaults/test/features/dashboard/presentation/dashboard_avatar_target_liveness_test.dart: AVL persistent real CoreDashboard nonempty Avatar final-target liveness without Time scenario=persistent20cycles
00:53 +126: /data/data/com.termux/files/home/ubuntu/flutteruser/flutterapps/fluvi-balance-wave-defaults/test/features/dashboard/presentation/dashboard_avatar_target_liveness_test.dart: AVL persistent real CoreDashboard nonempty Avatar final-target liveness without Time scenario=persistent20cycles
00:53 +127: /data/data/com.termux/files/home/ubuntu/flutteruser/flutterapps/fluvi-balance-wave-defaults/test/features/dashboard/presentation/dashboard_avatar_target_liveness_test.dart: AVL persistent real CoreDashboard nonempty Avatar final-target liveness without Time scenario=persistent20cycles
00:53 +128: /data/data/com.termux/files/home/ubuntu/flutteruser/flutterapps/fluvi-balance-wave-defaults/test/features/dashboard/presentation/dashboard_avatar_target_liveness_test.dart: AVL persistent real CoreDashboard nonempty Avatar final-target liveness without Time scenario=persistent20cycles
00:53 +129: /data/data/com.termux/files/home/ubuntu/flutteruser/flutterapps/fluvi-balance-wave-defaults/test/features/dashboard/presentation/dashboard_avatar_target_liveness_test.dart: AVL persistent real CoreDashboard nonempty Avatar final-target liveness without Time scenario=persistent20cycles
00:53 +130: /data/data/com.termux/files/home/ubuntu/flutteruser/flutterapps/fluvi-balance-wave-defaults/test/features/dashboard/presentation/dashboard_avatar_target_liveness_test.dart: AVL persistent real CoreDashboard nonempty Avatar final-target liveness without Time scenario=persistent20cycles
00:54 +131: /data/data/com.termux/files/home/ubuntu/flutteruser/flutterapps/fluvi-balance-wave-defaults/test/features/dashboard/presentation/dashboard_avatar_target_liveness_test.dart: AVL persistent real CoreDashboard nonempty Avatar final-target liveness without Time scenario=persistent20cycles
00:54 +132: /data/data/com.termux/files/home/ubuntu/flutteruser/flutterapps/fluvi-balance-wave-defaults/test/features/dashboard/presentation/dashboard_avatar_target_liveness_test.dart: AVL persistent real CoreDashboard nonempty Avatar final-target liveness without Time scenario=persistent20cycles
00:54 +133: /data/data/com.termux/files/home/ubuntu/flutteruser/flutterapps/fluvi-balance-wave-defaults/test/features/dashboard/presentation/dashboard_avatar_target_liveness_test.dart: AVL persistent real CoreDashboard nonempty Avatar final-target liveness without Time scenario=persistent20cycles
00:54 +134: /data/data/com.termux/files/home/ubuntu/flutteruser/flutterapps/fluvi-balance-wave-defaults/test/features/dashboard/presentation/dashboard_avatar_target_liveness_test.dart: AVL persistent real CoreDashboard nonempty Avatar final-target liveness without Time scenario=persistent20cycles
00:54 +135: /data/data/com.termux/files/home/ubuntu/flutteruser/flutterapps/fluvi-balance-wave-defaults/test/features/dashboard/presentation/dashboard_avatar_target_liveness_test.dart: AVL persistent real CoreDashboard nonempty Avatar final-target liveness without Time scenario=persistent20cycles
00:54 +136: /data/data/com.termux/files/home/ubuntu/flutteruser/flutterapps/fluvi-balance-wave-defaults/test/features/dashboard/presentation/dashboard_avatar_target_liveness_test.dart: AVL persistent real CoreDashboard nonempty Avatar final-target liveness without Time scenario=persistent20cycles
00:54 +137: /data/data/com.termux/files/home/ubuntu/flutteruser/flutterapps/fluvi-balance-wave-defaults/test/features/dashboard/presentation/dashboard_avatar_target_liveness_test.dart: AVL persistent real CoreDashboard nonempty Avatar final-target liveness without Time scenario=persistent20cycles
00:54 +138: /data/data/com.termux/files/home/ubuntu/flutteruser/flutterapps/fluvi-balance-wave-defaults/test/features/dashboard/presentation/dashboard_avatar_target_liveness_test.dart: AVL persistent real CoreDashboard nonempty Avatar final-target liveness without Time scenario=persistent20cycles
Carousel fling: raw=2400.0px/s, effective=1584.0px/s, itemExtent=58.00, speed=27.31 items/s, band=max-5, maxStep=5, projected=100016, target=100008, delta=5
Carousel snap: stiffness=340.0, settle=1024ms
00:54 +139: /data/data/com.termux/files/home/ubuntu/flutteruser/flutterapps/fluvi-balance-wave-defaults/test/features/dashboard/presentation/dashboard_avatar_target_liveness_test.dart: AVL persistent real CoreDashboard nonempty Avatar final-target liveness without Time scenario=persistent20cycles
00:54 +140: /data/data/com.termux/files/home/ubuntu/flutteruser/flutterapps/fluvi-balance-wave-defaults/test/features/dashboard/presentation/dashboard_avatar_target_liveness_test.dart: AVL persistent real CoreDashboard nonempty Avatar final-target liveness without Time scenario=persistent20cycles
00:54 +141: /data/data/com.termux/files/home/ubuntu/flutteruser/flutterapps/fluvi-balance-wave-defaults/test/features/dashboard/presentation/dashboard_avatar_target_liveness_test.dart: AVL persistent real CoreDashboard nonempty Avatar final-target liveness without Time scenario=persistent20cycles
00:54 +142: /data/data/com.termux/files/home/ubuntu/flutteruser/flutterapps/fluvi-balance-wave-defaults/test/features/dashboard/presentation/dashboard_avatar_target_liveness_test.dart: AVL persistent real CoreDashboard nonempty Avatar final-target liveness without Time scenario=persistent20cycles
00:54 +143: /data/data/com.termux/files/home/ubuntu/flutteruser/flutterapps/fluvi-balance-wave-defaults/test/features/dashboard/presentation/dashboard_avatar_target_liveness_test.dart: AVL persistent real CoreDashboard nonempty Avatar final-target liveness without Time scenario=persistent20cycles
00:54 +144: /data/data/com.termux/files/home/ubuntu/flutteruser/flutterapps/fluvi-balance-wave-defaults/test/features/dashboard/presentation/dashboard_avatar_target_liveness_test.dart: AVL persistent real CoreDashboard nonempty Avatar final-target liveness without Time scenario=persistent20cycles
00:54 +145: /data/data/com.termux/files/home/ubuntu/flutteruser/flutterapps/fluvi-balance-wave-defaults/test/features/dashboard/presentation/dashboard_avatar_target_liveness_test.dart: AVL persistent real CoreDashboard nonempty Avatar final-target liveness without Time scenario=persistent20cycles
00:54 +146: /data/data/com.termux/files/home/ubuntu/flutteruser/flutterapps/fluvi-balance-wave-defaults/test/features/dashboard/presentation/dashboard_avatar_target_liveness_test.dart: AVL persistent real CoreDashboard nonempty Avatar final-target liveness without Time scenario=persistent20cycles
00:54 +147: /data/data/com.termux/files/home/ubuntu/flutteruser/flutterapps/fluvi-balance-wave-defaults/test/features/dashboard/presentation/dashboard_avatar_target_liveness_test.dart: AVL persistent real CoreDashboard nonempty Avatar final-target liveness without Time scenario=persistent20cycles
00:54 +148: /data/data/com.termux/files/home/ubuntu/flutteruser/flutterapps/fluvi-balance-wave-defaults/test/features/dashboard/presentation/dashboard_avatar_target_liveness_test.dart: AVL persistent real CoreDashboard nonempty Avatar final-target liveness without Time scenario=persistent20cycles
00:54 +149: /data/data/com.termux/files/home/ubuntu/flutteruser/flutterapps/fluvi-balance-wave-defaults/test/features/dashboard/presentation/dashboard_avatar_target_liveness_test.dart: AVL persistent real CoreDashboard nonempty Avatar final-target liveness without Time scenario=persistent20cycles
00:54 +150: /data/data/com.termux/files/home/ubuntu/flutteruser/flutterapps/fluvi-balance-wave-defaults/test/features/dashboard/presentation/dashboard_avatar_target_liveness_test.dart: AVL persistent real CoreDashboard nonempty Avatar final-target liveness without Time scenario=persistent20cycles
00:54 +151: /data/data/com.termux/files/home/ubuntu/flutteruser/flutterapps/fluvi-balance-wave-defaults/test/features/dashboard/presentation/dashboard_avatar_target_liveness_test.dart: AVL persistent real CoreDashboard nonempty Avatar final-target liveness without Time scenario=persistent20cycles
00:54 +152: /data/data/com.termux/files/home/ubuntu/flutteruser/flutterapps/fluvi-balance-wave-defaults/test/features/dashboard/presentation/dashboard_avatar_target_liveness_test.dart: AVL persistent real CoreDashboard nonempty Avatar final-target liveness without Time scenario=persistent20cycles
00:54 +153: /data/data/com.termux/files/home/ubuntu/flutteruser/flutterapps/fluvi-balance-wave-defaults/test/features/dashboard/presentation/dashboard_avatar_target_liveness_test.dart: AVL persistent real CoreDashboard nonempty Avatar final-target liveness without Time scenario=persistent20cycles
00:54 +154: /data/data/com.termux/files/home/ubuntu/flutteruser/flutterapps/fluvi-balance-wave-defaults/test/features/dashboard/presentation/dashboard_avatar_target_liveness_test.dart: AVL persistent real CoreDashboard nonempty Avatar final-target liveness without Time scenario=persistent20cycles
Carousel fling: raw=0.0px/s, effective=0.0px/s, itemExtent=58.00, speed=0.00 items/s, band=nearest, maxStep=0, projected=100008, target=100008, delta=0
Carousel fling: raw=0.0px/s, effective=0.0px/s, itemExtent=77.20, speed=0.00 items/s, band=nearest, maxStep=0, projected=100000, target=100000, delta=0
Carousel fling: raw=-2400.0px/s, effective=-1584.0px/s, itemExtent=58.00, speed=-27.31 items/s, band=max-5, maxStep=5, projected=99992, target=100000, delta=-5
Carousel snap: stiffness=340.0, settle=1024ms
00:57 +155: /data/data/com.termux/files/home/ubuntu/flutteruser/flutterapps/fluvi-balance-wave-defaults/test/features/dashboard/presentation/dashboard_avatar_target_liveness_test.dart: AVL persistent real CoreDashboard nonempty Avatar final-target liveness without Time scenario=persistent20cycles
Carousel fling: raw=0.0px/s, effective=0.0px/s, itemExtent=58.00, speed=0.00 items/s, band=nearest, maxStep=0, projected=100000, target=100000, delta=0
00:58 +156: /data/data/com.termux/files/home/ubuntu/flutteruser/flutterapps/fluvi-balance-wave-defaults/test/features/dashboard/presentation/dashboard_avatar_target_liveness_test.dart: AVL persistent real CoreDashboard nonempty Avatar final-target liveness without Time scenario=persistent20cycles
Carousel fling: raw=0.0px/s, effective=0.0px/s, itemExtent=77.20, speed=0.00 items/s, band=nearest, maxStep=0, projected=100000, target=100000, delta=0
Carousel fling: raw=2400.0px/s, effective=1584.0px/s, itemExtent=58.00, speed=27.31 items/s, band=max-5, maxStep=5, projected=100016, target=100008, delta=5
Carousel snap: stiffness=340.0, settle=1024ms
01:00 +157: /data/data/com.termux/files/home/ubuntu/flutteruser/flutterapps/fluvi-balance-wave-defaults/test/features/dashboard/presentation/dashboard_avatar_target_liveness_test.dart: AVL persistent real CoreDashboard nonempty Avatar final-target liveness without Time scenario=persistent20cycles
01:00 +158: /data/data/com.termux/files/home/ubuntu/flutteruser/flutterapps/fluvi-balance-wave-defaults/test/features/dashboard/presentation/dashboard_avatar_target_liveness_test.dart: AVL persistent real CoreDashboard nonempty Avatar final-target liveness without Time scenario=persistent20cycles
Carousel fling: raw=0.0px/s, effective=0.0px/s, itemExtent=58.00, speed=0.00 items/s, band=nearest, maxStep=0, projected=100008, target=100008, delta=0
Carousel fling: raw=0.0px/s, effective=0.0px/s, itemExtent=77.20, speed=0.00 items/s, band=nearest, maxStep=0, projected=100000, target=100000, delta=0
Carousel fling: raw=-2400.0px/s, effective=-1584.0px/s, itemExtent=58.00, speed=-27.31 items/s, band=max-5, maxStep=5, projected=99992, target=100000, delta=-5
Carousel snap: stiffness=340.0, settle=1024ms
Carousel fling: raw=0.0px/s, effective=0.0px/s, itemExtent=58.00, speed=0.00 items/s, band=nearest, maxStep=0, projected=100000, target=100000, delta=0
Carousel fling: raw=0.0px/s, effective=0.0px/s, itemExtent=77.20, speed=0.00 items/s, band=nearest, maxStep=0, projected=100000, target=100000, delta=0
Carousel fling: raw=2400.0px/s, effective=1584.0px/s, itemExtent=58.00, speed=27.31 items/s, band=max-5, maxStep=5, projected=100016, target=100008, delta=5
Carousel snap: stiffness=340.0, settle=1024ms
Carousel fling: raw=0.0px/s, effective=0.0px/s, itemExtent=58.00, speed=0.00 items/s, band=nearest, maxStep=0, projected=100008, target=100008, delta=0
Carousel fling: raw=0.0px/s, effective=0.0px/s, itemExtent=77.20, speed=0.00 items/s, band=nearest, maxStep=0, projected=100000, target=100000, delta=0
01:06 +158: /data/data/com.termux/files/home/ubuntu/flutteruser/flutterapps/fluvi-balance-wave-defaults/test/features/dashboard/runtime/dashboard_presentation_controller_test.dart: a SUM preview is retained before close and reopen synchronously recenters it
Carousel fling: raw=0.0px/s, effective=0.0px/s, itemExtent=77.20, speed=0.00 items/s, band=nearest, maxStep=0, projected=0, target=0, delta=0
Carousel fling: raw=0.0px/s, effective=0.0px/s, itemExtent=77.20, speed=0.00 items/s, band=nearest, maxStep=0, projected=5, target=5, delta=0
01:06 +158: /data/data/com.termux/files/home/ubuntu/flutteruser/flutterapps/fluvi-balance-wave-defaults/test/features/dashboard/presentation/dashboard_avatar_target_liveness_test.dart: AVL persistent real CoreDashboard nonempty Avatar final-target liveness without Time scenario=persistent20cycles
Carousel fling: raw=-2400.0px/s, effective=-1584.0px/s, itemExtent=58.00, speed=-27.31 items/s, band=max-5, maxStep=5, projected=99992, target=100000, delta=-5
Carousel snap: stiffness=340.0, settle=1024ms
01:06 +158: /data/data/com.termux/files/home/ubuntu/flutteruser/flutterapps/fluvi-balance-wave-defaults/test/features/dashboard/runtime/dashboard_presentation_controller_test.dart: a SUM preview is retained before close and reopen synchronously recenters it
Carousel fling: raw=0.0px/s, effective=0.0px/s, itemExtent=77.20, speed=0.00 items/s, band=nearest, maxStep=0, projected=1, target=1, delta=0
Carousel fling: raw=0.0px/s, effective=0.0px/s, itemExtent=77.20, speed=0.00 items/s, band=nearest, maxStep=0, projected=1, target=1, delta=0
Carousel fling: raw=0.0px/s, effective=0.0px/s, itemExtent=77.20, speed=0.00 items/s, band=nearest, maxStep=0, projected=1, target=1, delta=0
01:06 +159: /data/data/com.termux/files/home/ubuntu/flutteruser/flutterapps/fluvi-balance-wave-defaults/test/features/dashboard/presentation/dashboard_avatar_target_liveness_test.dart: AVL persistent real CoreDashboard nonempty Avatar final-target liveness without Time scenario=persistent20cycles
01:07 +159: /data/data/com.termux/files/home/ubuntu/flutteruser/flutterapps/fluvi-balance-wave-defaults/test/features/dashboard/runtime/dashboard_presentation_controller_test.dart: a settled SUM rail child reopens at that canonical retained year
Carousel fling: raw=0.0px/s, effective=0.0px/s, itemExtent=77.20, speed=0.00 items/s, band=nearest, maxStep=0, projected=0, target=0, delta=0
Carousel fling: raw=0.0px/s, effective=0.0px/s, itemExtent=77.20, speed=0.00 items/s, band=nearest, maxStep=0, projected=5, target=5, delta=0
Carousel fling: raw=0.0px/s, effective=0.0px/s, itemExtent=77.20, speed=0.00 items/s, band=nearest, maxStep=0, projected=1, target=1, delta=0
Carousel fling: raw=0.0px/s, effective=0.0px/s, itemExtent=77.20, speed=0.00 items/s, band=nearest, maxStep=0, projected=1, target=1, delta=0
Carousel fling: raw=0.0px/s, effective=0.0px/s, itemExtent=77.20, speed=0.00 items/s, band=nearest, maxStep=0, projected=1, target=1, delta=0
01:08 +160: /data/data/com.termux/files/home/ubuntu/flutteruser/flutterapps/fluvi-balance-wave-defaults/test/features/dashboard/presentation/dashboard_avatar_target_liveness_test.dart: AVL persistent real CoreDashboard nonempty Avatar final-target liveness without Time scenario=persistent20cycles
Carousel fling: raw=0.0px/s, effective=0.0px/s, itemExtent=58.00, speed=0.00 items/s, band=nearest, maxStep=0, projected=100000, target=100000, delta=0
Carousel fling: raw=0.0px/s, effective=0.0px/s, itemExtent=77.20, speed=0.00 items/s, band=nearest, maxStep=0, projected=100000, target=100000, delta=0
Carousel fling: raw=2400.0px/s, effective=1584.0px/s, itemExtent=58.00, speed=27.31 items/s, band=max-5, maxStep=5, projected=100016, target=100008, delta=5
Carousel snap: stiffness=340.0, settle=1024ms
01:09 +161: /data/data/com.termux/files/home/ubuntu/flutteruser/flutterapps/fluvi-balance-wave-defaults/test/features/dashboard/presentation/dashboard_avatar_target_liveness_test.dart: AVL persistent real CoreDashboard nonempty Avatar final-target liveness without Time scenario=persistent20cycles
01:09 +162: /data/data/com.termux/files/home/ubuntu/flutteruser/flutterapps/fluvi-balance-wave-defaults/test/features/dashboard/presentation/dashboard_avatar_target_liveness_test.dart: AVL persistent real CoreDashboard nonempty Avatar final-target liveness without Time scenario=persistent20cycles
01:09 +163: /data/data/com.termux/files/home/ubuntu/flutteruser/flutterapps/fluvi-balance-wave-defaults/test/features/dashboard/presentation/dashboard_avatar_target_liveness_test.dart: AVL persistent real CoreDashboard nonempty Avatar final-target liveness without Time scenario=persistent20cycles
01:09 +164: /data/data/com.termux/files/home/ubuntu/flutteruser/flutterapps/fluvi-balance-wave-defaults/test/features/dashboard/presentation/dashboard_avatar_target_liveness_test.dart: AVL persistent real CoreDashboard nonempty Avatar final-target liveness without Time scenario=persistent20cycles
01:09 +165: /data/data/com.termux/files/home/ubuntu/flutteruser/flutterapps/fluvi-balance-wave-defaults/test/features/dashboard/presentation/dashboard_avatar_target_liveness_test.dart: AVL persistent real CoreDashboard nonempty Avatar final-target liveness without Time scenario=persistent20cycles
01:10 +166: /data/data/com.termux/files/home/ubuntu/flutteruser/flutterapps/fluvi-balance-wave-defaults/test/features/dashboard/presentation/dashboard_avatar_target_liveness_test.dart: AVL persistent real CoreDashboard nonempty Avatar final-target liveness without Time scenario=persistent20cycles
Carousel fling: raw=0.0px/s, effective=0.0px/s, itemExtent=58.00, speed=0.00 items/s, band=nearest, maxStep=0, projected=100008, target=100008, delta=0
Carousel fling: raw=0.0px/s, effective=0.0px/s, itemExtent=77.20, speed=0.00 items/s, band=nearest, maxStep=0, projected=100000, target=100000, delta=0
01:10 +167: /data/data/com.termux/files/home/ubuntu/flutteruser/flutterapps/fluvi-balance-wave-defaults/test/features/dashboard/presentation/dashboard_avatar_target_liveness_test.dart: AVL persistent real CoreDashboard nonempty Avatar final-target liveness without Time scenario=persistent20cycles
Carousel fling: raw=-2400.0px/s, effective=-1584.0px/s, itemExtent=58.00, speed=-27.31 items/s, band=max-5, maxStep=5, projected=99992, target=100000, delta=-5
Carousel snap: stiffness=340.0, settle=1024ms
01:11 +168: /data/data/com.termux/files/home/ubuntu/flutteruser/flutterapps/fluvi-balance-wave-defaults/test/features/dashboard/presentation/dashboard_avatar_target_liveness_test.dart: AVL persistent real CoreDashboard nonempty Avatar final-target liveness without Time scenario=persistent20cycles
01:11 +169: /data/data/com.termux/files/home/ubuntu/flutteruser/flutterapps/fluvi-balance-wave-defaults/test/features/dashboard/presentation/dashboard_avatar_target_liveness_test.dart: AVL persistent real CoreDashboard nonempty Avatar final-target liveness without Time scenario=persistent20cycles
01:11 +170: /data/data/com.termux/files/home/ubuntu/flutteruser/flutterapps/fluvi-balance-wave-defaults/test/features/dashboard/presentation/dashboard_avatar_target_liveness_test.dart: AVL persistent real CoreDashboard nonempty Avatar final-target liveness without Time scenario=persistent20cycles
01:11 +171: /data/data/com.termux/files/home/ubuntu/flutteruser/flutterapps/fluvi-balance-wave-defaults/test/features/dashboard/presentation/dashboard_avatar_target_liveness_test.dart: AVL persistent real CoreDashboard nonempty Avatar final-target liveness without Time scenario=persistent20cycles
01:12 +172: /data/data/com.termux/files/home/ubuntu/flutteruser/flutterapps/fluvi-balance-wave-defaults/test/features/dashboard/presentation/dashboard_avatar_target_liveness_test.dart: AVL persistent real CoreDashboard nonempty Avatar final-target liveness without Time scenario=persistent20cycles
01:12 +173: /data/data/com.termux/files/home/ubuntu/flutteruser/flutterapps/fluvi-balance-wave-defaults/test/features/dashboard/presentation/dashboard_avatar_target_liveness_test.dart: AVL persistent real CoreDashboard nonempty Avatar final-target liveness without Time scenario=persistent20cycles
Carousel fling: raw=0.0px/s, effective=0.0px/s, itemExtent=58.00, speed=0.00 items/s, band=nearest, maxStep=0, projected=100000, target=100000, delta=0
Carousel fling: raw=0.0px/s, effective=0.0px/s, itemExtent=77.20, speed=0.00 items/s, band=nearest, maxStep=0, projected=100000, target=100000, delta=0
01:12 +174: /data/data/com.termux/files/home/ubuntu/flutteruser/flutterapps/fluvi-balance-wave-defaults/test/features/dashboard/presentation/dashboard_avatar_target_liveness_test.dart: AVL persistent real CoreDashboard nonempty Avatar final-target liveness without Time scenario=persistent20cycles
01:13 +175: /data/data/com.termux/files/home/ubuntu/flutteruser/flutterapps/fluvi-balance-wave-defaults/test/features/dashboard/presentation/dashboard_avatar_target_liveness_test.dart: AVL persistent real CoreDashboard nonempty Avatar final-target liveness without Time scenario=persistent20cycles
Carousel fling: raw=2400.0px/s, effective=1584.0px/s, itemExtent=58.00, speed=27.31 items/s, band=max-5, maxStep=5, projected=100016, target=100008, delta=5
Carousel snap: stiffness=340.0, settle=1024ms
01:13 +176: /data/data/com.termux/files/home/ubuntu/flutteruser/flutterapps/fluvi-balance-wave-defaults/test/features/dashboard/presentation/dashboard_avatar_target_liveness_test.dart: AVL persistent real CoreDashboard nonempty Avatar final-target liveness without Time scenario=persistent20cycles
01:13 +177: /data/data/com.termux/files/home/ubuntu/flutteruser/flutterapps/fluvi-balance-wave-defaults/test/features/dashboard/presentation/dashboard_avatar_target_liveness_test.dart: AVL persistent real CoreDashboard nonempty Avatar final-target liveness without Time scenario=persistent20cycles
Carousel fling: raw=0.0px/s, effective=0.0px/s, itemExtent=58.00, speed=0.00 items/s, band=nearest, maxStep=0, projected=100008, target=100008, delta=0
Carousel fling: raw=0.0px/s, effective=0.0px/s, itemExtent=77.20, speed=0.00 items/s, band=nearest, maxStep=0, projected=100000, target=100000, delta=0
Carousel fling: raw=-2400.0px/s, effective=-1584.0px/s, itemExtent=58.00, speed=-27.31 items/s, band=max-5, maxStep=5, projected=99992, target=100000, delta=-5
Carousel snap: stiffness=340.0, settle=1024ms
Carousel fling: raw=0.0px/s, effective=0.0px/s, itemExtent=58.00, speed=0.00 items/s, band=nearest, maxStep=0, projected=100000, target=100000, delta=0
Carousel fling: raw=0.0px/s, effective=0.0px/s, itemExtent=77.20, speed=0.00 items/s, band=nearest, maxStep=0, projected=100000, target=100000, delta=0
01:16 +178: /data/data/com.termux/files/home/ubuntu/flutteruser/flutterapps/fluvi-balance-wave-defaults/test/features/dashboard/presentation/dashboard_avatar_target_liveness_test.dart: AVL persistent real CoreDashboard nonempty Avatar final-target liveness without Time scenario=persistent20cycles
Carousel fling: raw=2400.0px/s, effective=1584.0px/s, itemExtent=58.00, speed=27.31 items/s, band=max-5, maxStep=5, projected=100016, target=100008, delta=5
Carousel snap: stiffness=340.0, settle=1024ms
Carousel fling: raw=0.0px/s, effective=0.0px/s, itemExtent=58.00, speed=0.00 items/s, band=nearest, maxStep=0, projected=100008, target=100008, delta=0
Carousel fling: raw=0.0px/s, effective=0.0px/s, itemExtent=77.20, speed=0.00 items/s, band=nearest, maxStep=0, projected=100000, target=100000, delta=0
Carousel fling: raw=-2400.0px/s, effective=-1584.0px/s, itemExtent=58.00, speed=-27.31 items/s, band=max-5, maxStep=5, projected=99992, target=100000, delta=-5
Carousel snap: stiffness=340.0, settle=1024ms
Carousel fling: raw=0.0px/s, effective=0.0px/s, itemExtent=58.00, speed=0.00 items/s, band=nearest, maxStep=0, projected=100000, target=100000, delta=0
Carousel fling: raw=0.0px/s, effective=0.0px/s, itemExtent=77.20, speed=0.00 items/s, band=nearest, maxStep=0, projected=100000, target=100000, delta=0
Carousel fling: raw=2400.0px/s, effective=1584.0px/s, itemExtent=58.00, speed=27.31 items/s, band=max-5, maxStep=5, projected=100016, target=100008, delta=5
Carousel snap: stiffness=340.0, settle=1024ms
Carousel fling: raw=0.0px/s, effective=0.0px/s, itemExtent=58.00, speed=0.00 items/s, band=nearest, maxStep=0, projected=100008, target=100008, delta=0
Carousel fling: raw=0.0px/s, effective=0.0px/s, itemExtent=77.20, speed=0.00 items/s, band=nearest, maxStep=0, projected=100000, target=100000, delta=0
Carousel fling: raw=-2400.0px/s, effective=-1584.0px/s, itemExtent=58.00, speed=-27.31 items/s, band=max-5, maxStep=5, projected=99992, target=100000, delta=-5
Carousel snap: stiffness=340.0, settle=1024ms
01:22 +179: /data/data/com.termux/files/home/ubuntu/flutteruser/flutterapps/fluvi-balance-wave-defaults/test/features/dashboard/presentation/dashboard_avatar_target_liveness_test.dart: AVL persistent real CoreDashboard nonempty Avatar final-target liveness without Time scenario=persistent20cycles
Carousel fling: raw=0.0px/s, effective=0.0px/s, itemExtent=58.00, speed=0.00 items/s, band=nearest, maxStep=0, projected=100000, target=100000, delta=0
Carousel fling: raw=0.0px/s, effective=0.0px/s, itemExtent=77.20, speed=0.00 items/s, band=nearest, maxStep=0, projected=100000, target=100000, delta=0
Carousel fling: raw=2400.0px/s, effective=1584.0px/s, itemExtent=58.00, speed=27.31 items/s, band=max-5, maxStep=5, projected=100016, target=100008, delta=5
Carousel snap: stiffness=340.0, settle=1024ms
01:24 +180: /data/data/com.termux/files/home/ubuntu/flutteruser/flutterapps/fluvi-balance-wave-defaults/test/features/dashboard/presentation/dashboard_avatar_target_liveness_test.dart: AVL persistent real CoreDashboard nonempty Avatar final-target liveness without Time scenario=persistent20cycles
Carousel fling: raw=0.0px/s, effective=0.0px/s, itemExtent=58.00, speed=0.00 items/s, band=nearest, maxStep=0, projected=100008, target=100008, delta=0
Carousel fling: raw=0.0px/s, effective=0.0px/s, itemExtent=77.20, speed=0.00 items/s, band=nearest, maxStep=0, projected=100000, target=100000, delta=0
01:26 +181: /data/data/com.termux/files/home/ubuntu/flutteruser/flutterapps/fluvi-balance-wave-defaults/test/features/dashboard/presentation/dashboard_avatar_target_liveness_test.dart: AVL persistent real CoreDashboard nonempty Avatar final-target liveness without Time scenario=persistent20cycles
Carousel fling: raw=-2400.0px/s, effective=-1584.0px/s, itemExtent=58.00, speed=-27.31 items/s, band=max-5, maxStep=5, projected=99992, target=100000, delta=-5
Carousel snap: stiffness=340.0, settle=1024ms
Carousel fling: raw=0.0px/s, effective=0.0px/s, itemExtent=58.00, speed=0.00 items/s, band=nearest, maxStep=0, projected=100000, target=100000, delta=0
01:27 +182: /data/data/com.termux/files/home/ubuntu/flutteruser/flutterapps/fluvi-balance-wave-defaults/test/features/dashboard/presentation/dashboard_avatar_target_liveness_test.dart: AVL persistent real CoreDashboard nonempty Avatar final-target liveness without Time scenario=persistent20cycles
Carousel fling: raw=0.0px/s, effective=0.0px/s, itemExtent=77.20, speed=0.00 items/s, band=nearest, maxStep=0, projected=100000, target=100000, delta=0
Carousel fling: raw=2400.0px/s, effective=1584.0px/s, itemExtent=58.00, speed=27.31 items/s, band=max-5, maxStep=5, projected=100016, target=100008, delta=5
Carousel snap: stiffness=340.0, settle=1024ms
01:29 +183: /data/data/com.termux/files/home/ubuntu/flutteruser/flutterapps/fluvi-balance-wave-defaults/test/features/dashboard/presentation/dashboard_avatar_target_liveness_test.dart: AVL persistent real CoreDashboard nonempty Avatar final-target liveness without Time scenario=persistent20cycles
Carousel fling: raw=0.0px/s, effective=0.0px/s, itemExtent=58.00, speed=0.00 items/s, band=nearest, maxStep=0, projected=100008, target=100008, delta=0
Carousel fling: raw=0.0px/s, effective=0.0px/s, itemExtent=77.20, speed=0.00 items/s, band=nearest, maxStep=0, projected=100000, target=100000, delta=0
Carousel fling: raw=-2400.0px/s, effective=-1584.0px/s, itemExtent=58.00, speed=-27.31 items/s, band=max-5, maxStep=5, projected=99992, target=100000, delta=-5
Carousel snap: stiffness=340.0, settle=1024ms
01:31 +184: /data/data/com.termux/files/home/ubuntu/flutteruser/flutterapps/fluvi-balance-wave-defaults/test/features/dashboard/presentation/dashboard_avatar_target_liveness_test.dart: AVL persistent real CoreDashboard nonempty Avatar final-target liveness without Time scenario=persistent20cycles
Carousel fling: raw=0.0px/s, effective=0.0px/s, itemExtent=58.00, speed=0.00 items/s, band=nearest, maxStep=0, projected=100000, target=100000, delta=0
Carousel fling: raw=0.0px/s, effective=0.0px/s, itemExtent=77.20, speed=0.00 items/s, band=nearest, maxStep=0, projected=100000, target=100000, delta=0
Carousel fling: raw=2400.0px/s, effective=1584.0px/s, itemExtent=58.00, speed=27.31 items/s, band=max-5, maxStep=5, projected=100016, target=100008, delta=5
Carousel snap: stiffness=340.0, settle=1024ms
01:32 +185: /data/data/com.termux/files/home/ubuntu/flutteruser/flutterapps/fluvi-balance-wave-defaults/test/features/dashboard/presentation/dashboard_avatar_target_liveness_test.dart: AVL persistent real CoreDashboard nonempty Avatar final-target liveness without Time scenario=persistent20cycles
Carousel fling: raw=0.0px/s, effective=0.0px/s, itemExtent=58.00, speed=0.00 items/s, band=nearest, maxStep=0, projected=100008, target=100008, delta=0
Carousel fling: raw=0.0px/s, effective=0.0px/s, itemExtent=77.20, speed=0.00 items/s, band=nearest, maxStep=0, projected=100000, target=100000, delta=0
Carousel fling: raw=-2400.0px/s, effective=-1584.0px/s, itemExtent=58.00, speed=-27.31 items/s, band=max-5, maxStep=5, projected=99992, target=100000, delta=-5
Carousel snap: stiffness=340.0, settle=1024ms
01:34 +186: /data/data/com.termux/files/home/ubuntu/flutteruser/flutterapps/fluvi-balance-wave-defaults/test/features/dashboard/presentation/dashboard_avatar_target_liveness_test.dart: AVL persistent real CoreDashboard nonempty Avatar final-target liveness without Time scenario=persistent20cycles
Carousel fling: raw=0.0px/s, effective=0.0px/s, itemExtent=58.00, speed=0.00 items/s, band=nearest, maxStep=0, projected=100000, target=100000, delta=0
Carousel fling: raw=0.0px/s, effective=0.0px/s, itemExtent=77.20, speed=0.00 items/s, band=nearest, maxStep=0, projected=100000, target=100000, delta=0
Carousel fling: raw=2400.0px/s, effective=1584.0px/s, itemExtent=58.00, speed=27.31 items/s, band=max-5, maxStep=5, projected=100016, target=100008, delta=5
Carousel snap: stiffness=340.0, settle=1024ms
01:36 +187: /data/data/com.termux/files/home/ubuntu/flutteruser/flutterapps/fluvi-balance-wave-defaults/test/features/dashboard/presentation/dashboard_avatar_target_liveness_test.dart: AVL persistent real CoreDashboard nonempty Avatar final-target liveness without Time scenario=persistent20cycles
Carousel fling: raw=0.0px/s, effective=0.0px/s, itemExtent=58.00, speed=0.00 items/s, band=nearest, maxStep=0, projected=100008, target=100008, delta=0
Carousel fling: raw=0.0px/s, effective=0.0px/s, itemExtent=77.20, speed=0.00 items/s, band=nearest, maxStep=0, projected=100000, target=100000, delta=0
Carousel fling: raw=-2400.0px/s, effective=-1584.0px/s, itemExtent=58.00, speed=-27.31 items/s, band=max-5, maxStep=5, projected=99992, target=100000, delta=-5
Carousel snap: stiffness=340.0, settle=1024ms
01:38 +188: /data/data/com.termux/files/home/ubuntu/flutteruser/flutterapps/fluvi-balance-wave-defaults/test/features/dashboard/presentation/dashboard_avatar_target_liveness_test.dart: AVL persistent real CoreDashboard nonempty Avatar final-target liveness without Time scenario=persistent20cycles
Carousel fling: raw=0.0px/s, effective=0.0px/s, itemExtent=58.00, speed=0.00 items/s, band=nearest, maxStep=0, projected=100000, target=100000, delta=0
Carousel fling: raw=0.0px/s, effective=0.0px/s, itemExtent=77.20, speed=0.00 items/s, band=nearest, maxStep=0, projected=100000, target=100000, delta=0
Carousel fling: raw=2400.0px/s, effective=1584.0px/s, itemExtent=58.00, speed=27.31 items/s, band=max-5, maxStep=5, projected=100016, target=100008, delta=5
Carousel snap: stiffness=340.0, settle=1024ms
01:39 +189: /data/data/com.termux/files/home/ubuntu/flutteruser/flutterapps/fluvi-balance-wave-defaults/test/features/dashboard/presentation/dashboard_avatar_target_liveness_test.dart: AVL persistent real CoreDashboard nonempty Avatar final-target liveness without Time scenario=persistent20cycles
Carousel fling: raw=0.0px/s, effective=0.0px/s, itemExtent=58.00, speed=0.00 items/s, band=nearest, maxStep=0, projected=100008, target=100008, delta=0
Carousel fling: raw=0.0px/s, effective=0.0px/s, itemExtent=77.20, speed=0.00 items/s, band=nearest, maxStep=0, projected=100000, target=100000, delta=0
Carousel fling: raw=-2400.0px/s, effective=-1584.0px/s, itemExtent=58.00, speed=-27.31 items/s, band=max-5, maxStep=5, projected=99992, target=100000, delta=-5
Carousel snap: stiffness=340.0, settle=1024ms
Carousel fling: raw=0.0px/s, effective=0.0px/s, itemExtent=58.00, speed=0.00 items/s, band=nearest, maxStep=0, projected=100000, target=100000, delta=0
Carousel fling: raw=0.0px/s, effective=0.0px/s, itemExtent=77.20, speed=0.00 items/s, band=nearest, maxStep=0, projected=100000, target=100000, delta=0
Carousel fling: raw=2400.0px/s, effective=1584.0px/s, itemExtent=58.00, speed=27.31 items/s, band=max-5, maxStep=5, projected=100016, target=100008, delta=5
Carousel snap: stiffness=340.0, settle=1024ms
Carousel fling: raw=0.0px/s, effective=0.0px/s, itemExtent=58.00, speed=0.00 items/s, band=nearest, maxStep=0, projected=100008, target=100008, delta=0
Carousel fling: raw=0.0px/s, effective=0.0px/s, itemExtent=77.20, speed=0.00 items/s, band=nearest, maxStep=0, projected=100000, target=100000, delta=0
Carousel fling: raw=-2400.0px/s, effective=-1584.0px/s, itemExtent=58.00, speed=-27.31 items/s, band=max-5, maxStep=5, projected=99992, target=100000, delta=-5
Carousel snap: stiffness=340.0, settle=1024ms
Carousel fling: raw=0.0px/s, effective=0.0px/s, itemExtent=58.00, speed=0.00 items/s, band=nearest, maxStep=0, projected=100000, target=100000, delta=0
Carousel fling: raw=0.0px/s, effective=0.0px/s, itemExtent=77.20, speed=0.00 items/s, band=nearest, maxStep=0, projected=100000, target=100000, delta=0
Carousel fling: raw=2400.0px/s, effective=1584.0px/s, itemExtent=58.00, speed=27.31 items/s, band=max-5, maxStep=5, projected=100016, target=100008, delta=5
Carousel snap: stiffness=340.0, settle=1024ms
01:49 +190: /data/data/com.termux/files/home/ubuntu/flutteruser/flutterapps/fluvi-balance-wave-defaults/test/features/dashboard/presentation/dashboard_avatar_target_liveness_test.dart: AVL persistent real CoreDashboard nonempty Avatar final-target liveness without Time scenario=persistent20cycles
Carousel fling: raw=0.0px/s, effective=0.0px/s, itemExtent=58.00, speed=0.00 items/s, band=nearest, maxStep=0, projected=100008, target=100008, delta=0
Carousel fling: raw=0.0px/s, effective=0.0px/s, itemExtent=77.20, speed=0.00 items/s, band=nearest, maxStep=0, projected=100000, target=100000, delta=0
Carousel fling: raw=-2400.0px/s, effective=-1584.0px/s, itemExtent=58.00, speed=-27.31 items/s, band=max-5, maxStep=5, projected=99992, target=100000, delta=-5
Carousel snap: stiffness=340.0, settle=1024ms
01:51 +191: /data/data/com.termux/files/home/ubuntu/flutteruser/flutterapps/fluvi-balance-wave-defaults/test/features/dashboard/presentation/dashboard_avatar_target_liveness_test.dart: AVL persistent real CoreDashboard nonempty Avatar final-target liveness without Time scenario=persistent20cycles
Carousel fling: raw=0.0px/s, effective=0.0px/s, itemExtent=58.00, speed=0.00 items/s, band=nearest, maxStep=0, projected=100000, target=100000, delta=0
Carousel fling: raw=0.0px/s, effective=0.0px/s, itemExtent=77.20, speed=0.00 items/s, band=nearest, maxStep=0, projected=100000, target=100000, delta=0
Carousel fling: raw=2400.0px/s, effective=1584.0px/s, itemExtent=58.00, speed=27.31 items/s, band=max-5, maxStep=5, projected=100016, target=100008, delta=5
Carousel snap: stiffness=340.0, settle=1024ms
01:52 +192: /data/data/com.termux/files/home/ubuntu/flutteruser/flutterapps/fluvi-balance-wave-defaults/test/features/dashboard/presentation/dashboard_avatar_target_liveness_test.dart: AVL persistent real CoreDashboard nonempty Avatar final-target liveness without Time scenario=persistent20cycles
Carousel fling: raw=0.0px/s, effective=0.0px/s, itemExtent=58.00, speed=0.00 items/s, band=nearest, maxStep=0, projected=100008, target=100008, delta=0
Carousel fling: raw=0.0px/s, effective=0.0px/s, itemExtent=77.20, speed=0.00 items/s, band=nearest, maxStep=0, projected=100000, target=100000, delta=0
01:54 +193: /data/data/com.termux/files/home/ubuntu/flutteruser/flutterapps/fluvi-balance-wave-defaults/test/features/dashboard/presentation/dashboard_avatar_target_liveness_test.dart: AVL persistent real CoreDashboard nonempty Avatar final-target liveness without Time scenario=persistent20cycles
Carousel fling: raw=-2400.0px/s, effective=-1584.0px/s, itemExtent=58.00, speed=-27.31 items/s, band=max-5, maxStep=5, projected=99992, target=100000, delta=-5
Carousel snap: stiffness=340.0, settle=1024ms
Carousel fling: raw=0.0px/s, effective=0.0px/s, itemExtent=58.00, speed=0.00 items/s, band=nearest, maxStep=0, projected=100000, target=100000, delta=0
Carousel fling: raw=0.0px/s, effective=0.0px/s, itemExtent=77.20, speed=0.00 items/s, band=nearest, maxStep=0, projected=100000, target=100000, delta=0
01:55 +194: /data/data/com.termux/files/home/ubuntu/flutteruser/flutterapps/fluvi-balance-wave-defaults/test/features/dashboard/presentation/dashboard_avatar_target_liveness_test.dart: AVL persistent real CoreDashboard nonempty Avatar final-target liveness without Time scenario=persistent20cycles
Carousel fling: raw=2400.0px/s, effective=1584.0px/s, itemExtent=58.00, speed=27.31 items/s, band=max-5, maxStep=5, projected=100016, target=100008, delta=5
Carousel snap: stiffness=340.0, settle=1024ms
01:57 +195: /data/data/com.termux/files/home/ubuntu/flutteruser/flutterapps/fluvi-balance-wave-defaults/test/features/dashboard/presentation/dashboard_avatar_target_liveness_test.dart: AVL persistent real CoreDashboard nonempty Avatar final-target liveness without Time scenario=persistent20cycles
Carousel fling: raw=0.0px/s, effective=0.0px/s, itemExtent=58.00, speed=0.00 items/s, band=nearest, maxStep=0, projected=100008, target=100008, delta=0
Carousel fling: raw=0.0px/s, effective=0.0px/s, itemExtent=77.20, speed=0.00 items/s, band=nearest, maxStep=0, projected=100000, target=100000, delta=0
Carousel fling: raw=-2400.0px/s, effective=-1584.0px/s, itemExtent=58.00, speed=-27.31 items/s, band=max-5, maxStep=5, projected=99992, target=100000, delta=-5
Carousel snap: stiffness=340.0, settle=1024ms
01:58 +196: /data/data/com.termux/files/home/ubuntu/flutteruser/flutterapps/fluvi-balance-wave-defaults/test/features/dashboard/presentation/dashboard_avatar_target_liveness_test.dart: AVL persistent real CoreDashboard nonempty Avatar final-target liveness without Time scenario=persistent20cycles
Carousel fling: raw=0.0px/s, effective=0.0px/s, itemExtent=58.00, speed=0.00 items/s, band=nearest, maxStep=0, projected=100000, target=100000, delta=0
Carousel fling: raw=0.0px/s, effective=0.0px/s, itemExtent=77.20, speed=0.00 items/s, band=nearest, maxStep=0, projected=100000, target=100000, delta=0
Carousel fling: raw=2400.0px/s, effective=1584.0px/s, itemExtent=58.00, speed=27.31 items/s, band=max-5, maxStep=5, projected=100016, target=100008, delta=5
Carousel snap: stiffness=340.0, settle=1024ms
02:00 +197: /data/data/com.termux/files/home/ubuntu/flutteruser/flutterapps/fluvi-balance-wave-defaults/test/features/dashboard/presentation/dashboard_avatar_target_liveness_test.dart: AVL persistent real CoreDashboard nonempty Avatar final-target liveness without Time scenario=persistent20cycles
Carousel fling: raw=0.0px/s, effective=0.0px/s, itemExtent=58.00, speed=0.00 items/s, band=nearest, maxStep=0, projected=100008, target=100008, delta=0
Carousel fling: raw=0.0px/s, effective=0.0px/s, itemExtent=77.20, speed=0.00 items/s, band=nearest, maxStep=0, projected=100000, target=100000, delta=0
Carousel fling: raw=-2400.0px/s, effective=-1584.0px/s, itemExtent=58.00, speed=-27.31 items/s, band=max-5, maxStep=5, projected=99992, target=100000, delta=-5
Carousel snap: stiffness=340.0, settle=1024ms
02:02 +198: /data/data/com.termux/files/home/ubuntu/flutteruser/flutterapps/fluvi-balance-wave-defaults/test/features/dashboard/presentation/dashboard_avatar_target_liveness_test.dart: AVL persistent real CoreDashboard nonempty Avatar final-target liveness without Time scenario=persistent20cycles
Carousel fling: raw=0.0px/s, effective=0.0px/s, itemExtent=58.00, speed=0.00 items/s, band=nearest, maxStep=0, projected=100000, target=100000, delta=0
Carousel fling: raw=0.0px/s, effective=0.0px/s, itemExtent=77.20, speed=0.00 items/s, band=nearest, maxStep=0, projected=100000, target=100000, delta=0
Carousel fling: raw=2400.0px/s, effective=1584.0px/s, itemExtent=58.00, speed=27.31 items/s, band=max-5, maxStep=5, projected=100016, target=100008, delta=5
Carousel snap: stiffness=340.0, settle=1024ms
Carousel fling: raw=0.0px/s, effective=0.0px/s, itemExtent=58.00, speed=0.00 items/s, band=nearest, maxStep=0, projected=100008, target=100008, delta=0
Carousel fling: raw=0.0px/s, effective=0.0px/s, itemExtent=77.20, speed=0.00 items/s, band=nearest, maxStep=0, projected=100000, target=100000, delta=0
02:04 +199: /data/data/com.termux/files/home/ubuntu/flutteruser/flutterapps/fluvi-balance-wave-defaults/test/features/dashboard/presentation/dashboard_avatar_target_liveness_test.dart: AVL persistent real CoreDashboard nonempty Avatar final-target liveness without Time scenario=persistent20cycles
Carousel fling: raw=-2400.0px/s, effective=-1584.0px/s, itemExtent=58.00, speed=-27.31 items/s, band=max-5, maxStep=5, projected=99992, target=100000, delta=-5
Carousel snap: stiffness=340.0, settle=1024ms
02:05 +200: /data/data/com.termux/files/home/ubuntu/flutteruser/flutterapps/fluvi-balance-wave-defaults/test/features/dashboard/presentation/dashboard_avatar_target_liveness_test.dart: AVL persistent real CoreDashboard nonempty Avatar final-target liveness without Time scenario=persistent20cycles
Carousel fling: raw=0.0px/s, effective=0.0px/s, itemExtent=58.00, speed=0.00 items/s, band=nearest, maxStep=0, projected=100000, target=100000, delta=0
Carousel fling: raw=0.0px/s, effective=0.0px/s, itemExtent=77.20, speed=0.00 items/s, band=nearest, maxStep=0, projected=100000, target=100000, delta=0
Carousel fling: raw=2400.0px/s, effective=1584.0px/s, itemExtent=58.00, speed=27.31 items/s, band=max-5, maxStep=5, projected=100016, target=100008, delta=5
Carousel snap: stiffness=340.0, settle=1024ms
02:07 +201: /data/data/com.termux/files/home/ubuntu/flutteruser/flutterapps/fluvi-balance-wave-defaults/test/features/dashboard/presentation/dashboard_avatar_target_liveness_test.dart: AVL persistent real CoreDashboard nonempty Avatar final-target liveness without Time scenario=persistent20cycles
Carousel fling: raw=0.0px/s, effective=0.0px/s, itemExtent=58.00, speed=0.00 items/s, band=nearest, maxStep=0, projected=100008, target=100008, delta=0
Carousel fling: raw=0.0px/s, effective=0.0px/s, itemExtent=77.20, speed=0.00 items/s, band=nearest, maxStep=0, projected=100000, target=100000, delta=0
Carousel fling: raw=-2400.0px/s, effective=-1584.0px/s, itemExtent=58.00, speed=-27.31 items/s, band=max-5, maxStep=5, projected=99992, target=100000, delta=-5
Carousel snap: stiffness=340.0, settle=1024ms
02:08 +202: /data/data/com.termux/files/home/ubuntu/flutteruser/flutterapps/fluvi-balance-wave-defaults/test/features/dashboard/presentation/dashboard_avatar_target_liveness_test.dart: AVL persistent real CoreDashboard nonempty Avatar final-target liveness without Time scenario=persistent20cycles
Carousel fling: raw=0.0px/s, effective=0.0px/s, itemExtent=58.00, speed=0.00 items/s, band=nearest, maxStep=0, projected=100000, target=100000, delta=0
Carousel fling: raw=0.0px/s, effective=0.0px/s, itemExtent=77.20, speed=0.00 items/s, band=nearest, maxStep=0, projected=100000, target=100000, delta=0
02:10 +203: /data/data/com.termux/files/home/ubuntu/flutteruser/flutterapps/fluvi-balance-wave-defaults/test/features/dashboard/presentation/dashboard_avatar_target_liveness_test.dart: AVL persistent real CoreDashboard nonempty Avatar final-target liveness without Time scenario=persistent20cycles
Carousel fling: raw=2400.0px/s, effective=1584.0px/s, itemExtent=58.00, speed=27.31 items/s, band=max-5, maxStep=5, projected=100016, target=100008, delta=5
Carousel snap: stiffness=340.0, settle=1024ms
02:11 +204: /data/data/com.termux/files/home/ubuntu/flutteruser/flutterapps/fluvi-balance-wave-defaults/test/features/dashboard/presentation/dashboard_avatar_target_liveness_test.dart: AVL persistent real CoreDashboard nonempty Avatar final-target liveness without Time scenario=persistent20cycles
Carousel fling: raw=0.0px/s, effective=0.0px/s, itemExtent=58.00, speed=0.00 items/s, band=nearest, maxStep=0, projected=100008, target=100008, delta=0
Carousel fling: raw=0.0px/s, effective=0.0px/s, itemExtent=77.20, speed=0.00 items/s, band=nearest, maxStep=0, projected=100000, target=100000, delta=0
Carousel fling: raw=-2400.0px/s, effective=-1584.0px/s, itemExtent=58.00, speed=-27.31 items/s, band=max-5, maxStep=5, projected=99992, target=100000, delta=-5
Carousel snap: stiffness=340.0, settle=1024ms
Carousel fling: raw=0.0px/s, effective=0.0px/s, itemExtent=58.00, speed=0.00 items/s, band=nearest, maxStep=0, projected=100000, target=100000, delta=0
Carousel fling: raw=0.0px/s, effective=0.0px/s, itemExtent=77.20, speed=0.00 items/s, band=nearest, maxStep=0, projected=100000, target=100000, delta=0
02:13 +205: /data/data/com.termux/files/home/ubuntu/flutteruser/flutterapps/fluvi-balance-wave-defaults/test/features/dashboard/presentation/dashboard_avatar_target_liveness_test.dart: AVL persistent real CoreDashboard nonempty Avatar final-target liveness without Time scenario=persistent20cycles
02:13 +206: /data/data/com.termux/files/home/ubuntu/flutteruser/flutterapps/fluvi-balance-wave-defaults/test/features/dashboard/application/dashboard_scene_window_rotation_test.dart: prepared-index publication cancels old-index scene work immediately
02:14 +207: /data/data/com.termux/files/home/ubuntu/flutteruser/flutterapps/fluvi-balance-wave-defaults/test/features/dashboard/presentation/dashboard_avatar_target_liveness_test.dart: AVL persistent real CoreDashboard nonempty Avatar final-target liveness without Time scenario=sparse
Carousel fling: raw=0.0px/s, effective=0.0px/s, itemExtent=58.00, speed=0.00 items/s, band=nearest, maxStep=0, projected=0, target=0, delta=0
02:16 +208: /data/data/com.termux/files/home/ubuntu/flutteruser/flutterapps/fluvi-balance-wave-defaults/test/features/dashboard/presentation/dashboard_avatar_target_liveness_test.dart: AVL persistent real CoreDashboard nonempty Avatar final-target liveness without Time scenario=sparse
Carousel fling: raw=0.0px/s, effective=0.0px/s, itemExtent=32.00, speed=0.00 items/s, band=nearest, maxStep=0, projected=0, target=0, delta=0
Carousel fling: raw=0.0px/s, effective=0.0px/s, itemExtent=77.20, speed=0.00 items/s, band=nearest, maxStep=0, projected=0, target=0, delta=0
Carousel fling: raw=0.0px/s, effective=0.0px/s, itemExtent=58.00, speed=0.00 items/s, band=nearest, maxStep=0, projected=100000, target=100000, delta=0
Carousel fling: raw=0.0px/s, effective=0.0px/s, itemExtent=32.00, speed=0.00 items/s, band=nearest, maxStep=0, projected=100000, target=100000, delta=0
Carousel fling: raw=0.0px/s, effective=0.0px/s, itemExtent=77.20, speed=0.00 items/s, band=nearest, maxStep=0, projected=100000, target=100000, delta=0
Carousel fling: raw=2400.0px/s, effective=1584.0px/s, itemExtent=58.00, speed=27.31 items/s, band=max-5, maxStep=5, projected=100016, target=100008, delta=5
Carousel snap: stiffness=340.0, settle=1024ms
02:17 +209: /data/data/com.termux/files/home/ubuntu/flutteruser/flutterapps/fluvi-balance-wave-defaults/test/features/dashboard/presentation/dashboard_avatar_target_liveness_test.dart: AVL persistent real CoreDashboard nonempty Avatar final-target liveness without Time scenario=sparse
Carousel fling: raw=0.0px/s, effective=0.0px/s, itemExtent=58.00, speed=0.00 items/s, band=nearest, maxStep=0, projected=100008, target=100008, delta=0
Carousel fling: raw=0.0px/s, effective=0.0px/s, itemExtent=77.20, speed=0.00 items/s, band=nearest, maxStep=0, projected=100000, target=100000, delta=0
Carousel fling: raw=-2400.0px/s, effective=-1584.0px/s, itemExtent=58.00, speed=-27.31 items/s, band=max-5, maxStep=5, projected=99992, target=100000, delta=-5
Carousel snap: stiffness=340.0, settle=1024ms
02:19 +210: /data/data/com.termux/files/home/ubuntu/flutteruser/flutterapps/fluvi-balance-wave-defaults/test/features/dashboard/presentation/dashboard_avatar_target_liveness_test.dart: AVL persistent real CoreDashboard nonempty Avatar final-target liveness without Time scenario=sparse
Carousel fling: raw=0.0px/s, effective=0.0px/s, itemExtent=58.00, speed=0.00 items/s, band=nearest, maxStep=0, projected=100000, target=100000, delta=0
Carousel fling: raw=0.0px/s, effective=0.0px/s, itemExtent=77.20, speed=0.00 items/s, band=nearest, maxStep=0, projected=100000, target=100000, delta=0
02:21 +211: /data/data/com.termux/files/home/ubuntu/flutteruser/flutterapps/fluvi-balance-wave-defaults/test/features/dashboard/presentation/dashboard_avatar_target_liveness_test.dart: AVL persistent real CoreDashboard nonempty Avatar final-target liveness without Time scenario=sparse
Carousel fling: raw=2400.0px/s, effective=1584.0px/s, itemExtent=58.00, speed=27.31 items/s, band=max-5, maxStep=5, projected=100016, target=100008, delta=5
Carousel snap: stiffness=340.0, settle=1024ms
Carousel fling: raw=0.0px/s, effective=0.0px/s, itemExtent=58.00, speed=0.00 items/s, band=nearest, maxStep=0, projected=100008, target=100008, delta=0
Carousel fling: raw=0.0px/s, effective=0.0px/s, itemExtent=77.20, speed=0.00 items/s, band=nearest, maxStep=0, projected=100000, target=100000, delta=0
02:22 +212: /data/data/com.termux/files/home/ubuntu/flutteruser/flutterapps/fluvi-balance-wave-defaults/test/features/dashboard/presentation/dashboard_avatar_target_liveness_test.dart: AVL persistent real CoreDashboard nonempty Avatar final-target liveness without Time scenario=sparse
Carousel fling: raw=-2400.0px/s, effective=-1584.0px/s, itemExtent=58.00, speed=-27.31 items/s, band=max-5, maxStep=5, projected=99992, target=100000, delta=-5
Carousel snap: stiffness=340.0, settle=1024ms
Carousel fling: raw=0.0px/s, effective=0.0px/s, itemExtent=58.00, speed=0.00 items/s, band=nearest, maxStep=0, projected=100000, target=100000, delta=0
Carousel fling: raw=0.0px/s, effective=0.0px/s, itemExtent=77.20, speed=0.00 items/s, band=nearest, maxStep=0, projected=100000, target=100000, delta=0
02:25 +213: /data/data/com.termux/files/home/ubuntu/flutteruser/flutterapps/fluvi-balance-wave-defaults/test/features/dashboard/application/dashboard_scene_window_rotation_test.dart: structural plane publication windows stay independent of rail sibling count
02:27 +214: /data/data/com.termux/files/home/ubuntu/flutteruser/flutterapps/fluvi-balance-wave-defaults/test/features/dashboard/presentation/dashboard_avatar_target_liveness_test.dart: AVL physical startup sequence 3 2 1 0 8 7 6 scenario=month
Carousel fling: raw=0.0px/s, effective=0.0px/s, itemExtent=58.00, speed=0.00 items/s, band=nearest, maxStep=0, projected=0, target=0, delta=0
Carousel fling: raw=0.0px/s, effective=0.0px/s, itemExtent=32.00, speed=0.00 items/s, band=nearest, maxStep=0, projected=0, target=0, delta=0
Carousel fling: raw=0.0px/s, effective=0.0px/s, itemExtent=77.20, speed=0.00 items/s, band=nearest, maxStep=0, projected=0, target=0, delta=0
Carousel fling: raw=0.0px/s, effective=0.0px/s, itemExtent=58.00, speed=0.00 items/s, band=nearest, maxStep=0, projected=100000, target=100000, delta=0
Carousel fling: raw=0.0px/s, effective=0.0px/s, itemExtent=32.00, speed=0.00 items/s, band=nearest, maxStep=0, projected=100000, target=100000, delta=0
Carousel fling: raw=0.0px/s, effective=0.0px/s, itemExtent=77.20, speed=0.00 items/s, band=nearest, maxStep=0, projected=100000, target=100000, delta=0
Carousel fling: raw=-0.0px/s, effective=-0.0px/s, itemExtent=58.00, speed=-0.00 items/s, band=nearest, maxStep=0, projected=100003, target=100003, delta=0
Carousel fling: raw=0.0px/s, effective=0.0px/s, itemExtent=77.20, speed=0.00 items/s, band=nearest, maxStep=0, projected=100000, target=100000, delta=0
02:29 +215: /data/data/com.termux/files/home/ubuntu/flutteruser/flutterapps/fluvi-balance-wave-defaults/test/features/dashboard/presentation/dashboard_avatar_target_liveness_test.dart: AVL physical startup sequence 3 2 1 0 8 7 6 scenario=month
Carousel fling: raw=-0.0px/s, effective=-0.0px/s, itemExtent=58.00, speed=-0.00 items/s, band=nearest, maxStep=0, projected=100002, target=100002, delta=0
Carousel fling: raw=0.0px/s, effective=0.0px/s, itemExtent=77.20, speed=0.00 items/s, band=nearest, maxStep=0, projected=100000, target=100000, delta=0
Carousel fling: raw=-0.0px/s, effective=-0.0px/s, itemExtent=58.00, speed=-0.00 items/s, band=nearest, maxStep=0, projected=100001, target=100001, delta=0
Carousel fling: raw=0.0px/s, effective=0.0px/s, itemExtent=77.20, speed=0.00 items/s, band=nearest, maxStep=0, projected=100000, target=100000, delta=0
02:30 +216: /data/data/com.termux/files/home/ubuntu/flutteruser/flutterapps/fluvi-balance-wave-defaults/test/features/dashboard/presentation/dashboard_avatar_target_liveness_test.dart: AVL physical startup sequence 3 2 1 0 8 7 6 scenario=month
Carousel fling: raw=-0.0px/s, effective=-0.0px/s, itemExtent=58.00, speed=-0.00 items/s, band=nearest, maxStep=0, projected=100000, target=100000, delta=0
Carousel fling: raw=0.0px/s, effective=0.0px/s, itemExtent=77.20, speed=0.00 items/s, band=nearest, maxStep=0, projected=100000, target=100000, delta=0
Carousel fling: raw=-0.0px/s, effective=-0.0px/s, itemExtent=58.00, speed=-0.00 items/s, band=nearest, maxStep=0, projected=99999, target=99999, delta=0
Carousel fling: raw=0.0px/s, effective=0.0px/s, itemExtent=77.20, speed=0.00 items/s, band=nearest, maxStep=0, projected=100000, target=100000, delta=0
Carousel fling: raw=-0.0px/s, effective=-0.0px/s, itemExtent=58.00, speed=-0.00 items/s, band=nearest, maxStep=0, projected=99998, target=99998, delta=0
Carousel fling: raw=0.0px/s, effective=0.0px/s, itemExtent=77.20, speed=0.00 items/s, band=nearest, maxStep=0, projected=100000, target=100000, delta=0
Carousel fling: raw=-0.0px/s, effective=-0.0px/s, itemExtent=58.00, speed=-0.00 items/s, band=nearest, maxStep=0, projected=99997, target=99997, delta=0
Carousel fling: raw=0.0px/s, effective=0.0px/s, itemExtent=77.20, speed=0.00 items/s, band=nearest, maxStep=0, projected=100000, target=100000, delta=0
02:33 +217: /data/data/com.termux/files/home/ubuntu/flutteruser/flutterapps/fluvi-balance-wave-defaults/test/features/dashboard/presentation/dashboard_avatar_target_liveness_test.dart: AVL physical startup sequence 3 2 1 0 8 7 6 scenario=monthTimeControl
02:34 +218: /data/data/com.termux/files/home/ubuntu/flutteruser/flutterapps/fluvi-balance-wave-defaults/test/features/dashboard/presentation/dashboard_avatar_target_liveness_test.dart: AVL physical startup sequence 3 2 1 0 8 7 6 scenario=monthTimeControl
02:34 +219: /data/data/com.termux/files/home/ubuntu/flutteruser/flutterapps/fluvi-balance-wave-defaults/test/features/dashboard/presentation/dashboard_avatar_target_liveness_test.dart: AVL physical startup sequence 3 2 1 0 8 7 6 scenario=monthTimeControl
02:34 +220: /data/data/com.termux/files/home/ubuntu/flutteruser/flutterapps/fluvi-balance-wave-defaults/test/features/dashboard/presentation/dashboard_avatar_target_liveness_test.dart: AVL physical startup sequence 3 2 1 0 8 7 6 scenario=monthTimeControl
02:34 +221: /data/data/com.termux/files/home/ubuntu/flutteruser/flutterapps/fluvi-balance-wave-defaults/test/features/dashboard/presentation/dashboard_avatar_target_liveness_test.dart: AVL physical startup sequence 3 2 1 0 8 7 6 scenario=monthTimeControl
02:34 +222: /data/data/com.termux/files/home/ubuntu/flutteruser/flutterapps/fluvi-balance-wave-defaults/test/features/dashboard/presentation/dashboard_avatar_target_liveness_test.dart: AVL physical startup sequence 3 2 1 0 8 7 6 scenario=monthTimeControl
Carousel fling: raw=0.0px/s, effective=0.0px/s, itemExtent=58.00, speed=0.00 items/s, band=nearest, maxStep=0, projected=0, target=0, delta=0
Carousel fling: raw=0.0px/s, effective=0.0px/s, itemExtent=32.00, speed=0.00 items/s, band=nearest, maxStep=0, projected=0, target=0, delta=0
Carousel fling: raw=0.0px/s, effective=0.0px/s, itemExtent=77.20, speed=0.00 items/s, band=nearest, maxStep=0, projected=0, target=0, delta=0
Carousel fling: raw=0.0px/s, effective=0.0px/s, itemExtent=58.00, speed=0.00 items/s, band=nearest, maxStep=0, projected=100000, target=100000, delta=0
Carousel fling: raw=0.0px/s, effective=0.0px/s, itemExtent=32.00, speed=0.00 items/s, band=nearest, maxStep=0, projected=100000, target=100000, delta=0
Carousel fling: raw=0.0px/s, effective=0.0px/s, itemExtent=77.20, speed=0.00 items/s, band=nearest, maxStep=0, projected=100000, target=100000, delta=0
Carousel fling: raw=-0.0px/s, effective=-0.0px/s, itemExtent=58.00, speed=-0.00 items/s, band=nearest, maxStep=0, projected=100003, target=100003, delta=0
Carousel fling: raw=0.0px/s, effective=0.0px/s, itemExtent=77.20, speed=0.00 items/s, band=nearest, maxStep=0, projected=100000, target=100000, delta=0
02:37 +223: /data/data/com.termux/files/home/ubuntu/flutteruser/flutterapps/fluvi-balance-wave-defaults/test/features/dashboard/presentation/dashboard_avatar_target_liveness_test.dart: AVL physical startup sequence 3 2 1 0 8 7 6 scenario=monthTimeControl
Carousel fling: raw=-0.0px/s, effective=-0.0px/s, itemExtent=58.00, speed=-0.00 items/s, band=nearest, maxStep=0, projected=100002, target=100002, delta=0
Carousel fling: raw=0.0px/s, effective=0.0px/s, itemExtent=77.20, speed=0.00 items/s, band=nearest, maxStep=0, projected=100000, target=100000, delta=0
Carousel fling: raw=-0.0px/s, effective=-0.0px/s, itemExtent=58.00, speed=-0.00 items/s, band=nearest, maxStep=0, projected=100001, target=100001, delta=0
Carousel fling: raw=0.0px/s, effective=0.0px/s, itemExtent=77.20, speed=0.00 items/s, band=nearest, maxStep=0, projected=100000, target=100000, delta=0
02:38 +224: /data/data/com.termux/files/home/ubuntu/flutteruser/flutterapps/fluvi-balance-wave-defaults/test/features/dashboard/presentation/dashboard_avatar_target_liveness_test.dart: AVL physical startup sequence 3 2 1 0 8 7 6 scenario=monthTimeControl
Carousel fling: raw=-0.0px/s, effective=-0.0px/s, itemExtent=58.00, speed=-0.00 items/s, band=nearest, maxStep=0, projected=100000, target=100000, delta=0
Carousel fling: raw=0.0px/s, effective=0.0px/s, itemExtent=77.20, speed=0.00 items/s, band=nearest, maxStep=0, projected=100000, target=100000, delta=0
Carousel fling: raw=-0.0px/s, effective=-0.0px/s, itemExtent=58.00, speed=-0.00 items/s, band=nearest, maxStep=0, projected=99999, target=99999, delta=0
Carousel fling: raw=0.0px/s, effective=0.0px/s, itemExtent=77.20, speed=0.00 items/s, band=nearest, maxStep=0, projected=100000, target=100000, delta=0
Carousel fling: raw=-0.0px/s, effective=-0.0px/s, itemExtent=58.00, speed=-0.00 items/s, band=nearest, maxStep=0, projected=99998, target=99998, delta=0
Carousel fling: raw=0.0px/s, effective=0.0px/s, itemExtent=77.20, speed=0.00 items/s, band=nearest, maxStep=0, projected=100000, target=100000, delta=0
Carousel fling: raw=-0.0px/s, effective=-0.0px/s, itemExtent=58.00, speed=-0.00 items/s, band=nearest, maxStep=0, projected=99997, target=99997, delta=0
Carousel fling: raw=0.0px/s, effective=0.0px/s, itemExtent=77.20, speed=0.00 items/s, band=nearest, maxStep=0, projected=100000, target=100000, delta=0
Carousel fling: raw=-0.0px/s, effective=-0.0px/s, itemExtent=58.00, speed=-0.00 items/s, band=nearest, maxStep=0, projected=99994, target=99994, delta=0
Carousel fling: raw=0.0px/s, effective=0.0px/s, itemExtent=77.20, speed=0.00 items/s, band=nearest, maxStep=0, projected=100000, target=100000, delta=0
Carousel fling: raw=-0.0px/s, effective=-0.0px/s, itemExtent=58.00, speed=-0.00 items/s, band=nearest, maxStep=0, projected=99993, target=99993, delta=0
Carousel fling: raw=0.0px/s, effective=0.0px/s, itemExtent=77.20, speed=0.00 items/s, band=nearest, maxStep=0, projected=100000, target=100000, delta=0
Carousel fling: raw=-0.0px/s, effective=-0.0px/s, itemExtent=58.00, speed=-0.00 items/s, band=nearest, maxStep=0, projected=99992, target=99992, delta=0
Carousel fling: raw=0.0px/s, effective=0.0px/s, itemExtent=77.20, speed=0.00 items/s, band=nearest, maxStep=0, projected=100000, target=100000, delta=0
Carousel fling: raw=-0.0px/s, effective=-0.0px/s, itemExtent=58.00, speed=-0.00 items/s, band=nearest, maxStep=0, projected=99991, target=99991, delta=0
Carousel fling: raw=0.0px/s, effective=0.0px/s, itemExtent=77.20, speed=0.00 items/s, band=nearest, maxStep=0, projected=100000, target=100000, delta=0
02:45 +225: /data/data/com.termux/files/home/ubuntu/flutteruser/flutterapps/fluvi-balance-wave-defaults/test/features/dashboard/presentation/dashboard_avatar_target_liveness_test.dart: AVL physical startup sequence 3 2 1 0 8 7 6 scenario=monthTimeControl
Carousel fling: raw=-0.0px/s, effective=-0.0px/s, itemExtent=58.00, speed=-0.00 items/s, band=nearest, maxStep=0, projected=99990, target=99990, delta=0
Carousel fling: raw=0.0px/s, effective=0.0px/s, itemExtent=77.20, speed=0.00 items/s, band=nearest, maxStep=0, projected=100000, target=100000, delta=0
Carousel fling: raw=-0.0px/s, effective=-0.0px/s, itemExtent=58.00, speed=-0.00 items/s, band=nearest, maxStep=0, projected=99989, target=99989, delta=0
Carousel fling: raw=0.0px/s, effective=0.0px/s, itemExtent=77.20, speed=0.00 items/s, band=nearest, maxStep=0, projected=100000, target=100000, delta=0
Carousel fling: raw=-0.0px/s, effective=-0.0px/s, itemExtent=58.00, speed=-0.00 items/s, band=nearest, maxStep=0, projected=99988, target=99988, delta=0
02:47 +226: /data/data/com.termux/files/home/ubuntu/flutteruser/flutterapps/fluvi-balance-wave-defaults/test/features/dashboard/presentation/dashboard_avatar_target_liveness_test.dart: AVL physical startup sequence 3 2 1 0 8 7 6 scenario=monthTimeControl
Carousel fling: raw=0.0px/s, effective=0.0px/s, itemExtent=77.20, speed=0.00 items/s, band=nearest, maxStep=0, projected=100000, target=100000, delta=0
02:48 +227: /data/data/com.termux/files/home/ubuntu/flutteruser/flutterapps/fluvi-balance-wave-defaults/test/features/dashboard/application/dashboard_core_query_application_test.dart: direction tap updates the live direction owner before held scene coverage commits
02:50 +228: /data/data/com.termux/files/home/ubuntu/flutteruser/flutterapps/fluvi-balance-wave-defaults/test/features/dashboard/presentation/dashboard_avatar_target_liveness_test.dart: AVL physical startup sequence 3 2 1 0 8 7 6 scenario=day
Carousel fling: raw=0.0px/s, effective=0.0px/s, itemExtent=58.00, speed=0.00 items/s, band=nearest, maxStep=0, projected=0, target=0, delta=0
Carousel fling: raw=0.0px/s, effective=0.0px/s, itemExtent=32.00, speed=0.00 items/s, band=nearest, maxStep=0, projected=0, target=0, delta=0
Carousel fling: raw=0.0px/s, effective=0.0px/s, itemExtent=77.20, speed=0.00 items/s, band=nearest, maxStep=0, projected=0, target=0, delta=0
Carousel fling: raw=0.0px/s, effective=0.0px/s, itemExtent=58.00, speed=0.00 items/s, band=nearest, maxStep=0, projected=100000, target=100000, delta=0
Carousel fling: raw=0.0px/s, effective=0.0px/s, itemExtent=32.00, speed=0.00 items/s, band=nearest, maxStep=0, projected=100000, target=100000, delta=0
Carousel fling: raw=0.0px/s, effective=0.0px/s, itemExtent=77.20, speed=0.00 items/s, band=nearest, maxStep=0, projected=100000, target=100000, delta=0
Carousel fling: raw=-0.0px/s, effective=-0.0px/s, itemExtent=58.00, speed=-0.00 items/s, band=nearest, maxStep=0, projected=100003, target=100003, delta=0
Carousel fling: raw=0.0px/s, effective=0.0px/s, itemExtent=77.20, speed=0.00 items/s, band=nearest, maxStep=0, projected=100000, target=100000, delta=0
02:53 +229: /data/data/com.termux/files/home/ubuntu/flutteruser/flutterapps/fluvi-balance-wave-defaults/test/features/dashboard/presentation/dashboard_avatar_target_liveness_test.dart: AVL physical startup sequence 3 2 1 0 8 7 6 scenario=day
Carousel fling: raw=-0.0px/s, effective=-0.0px/s, itemExtent=58.00, speed=-0.00 items/s, band=nearest, maxStep=0, projected=100002, target=100002, delta=0
Carousel fling: raw=0.0px/s, effective=0.0px/s, itemExtent=77.20, speed=0.00 items/s, band=nearest, maxStep=0, projected=100000, target=100000, delta=0
Carousel fling: raw=-0.0px/s, effective=-0.0px/s, itemExtent=58.00, speed=-0.00 items/s, band=nearest, maxStep=0, projected=100001, target=100001, delta=0
Carousel fling: raw=0.0px/s, effective=0.0px/s, itemExtent=77.20, speed=0.00 items/s, band=nearest, maxStep=0, projected=100000, target=100000, delta=0
Carousel fling: raw=-0.0px/s, effective=-0.0px/s, itemExtent=58.00, speed=-0.00 items/s, band=nearest, maxStep=0, projected=100000, target=100000, delta=0
Carousel fling: raw=0.0px/s, effective=0.0px/s, itemExtent=77.20, speed=0.00 items/s, band=nearest, maxStep=0, projected=100000, target=100000, delta=0
Carousel fling: raw=-0.0px/s, effective=-0.0px/s, itemExtent=58.00, speed=-0.00 items/s, band=nearest, maxStep=0, projected=99999, target=99999, delta=0
Carousel fling: raw=0.0px/s, effective=0.0px/s, itemExtent=77.20, speed=0.00 items/s, band=nearest, maxStep=0, projected=100000, target=100000, delta=0
02:57 +230: /data/data/com.termux/files/home/ubuntu/flutteruser/flutterapps/fluvi-balance-wave-defaults/test/features/dashboard/presentation/dashboard_avatar_target_liveness_test.dart: AVL physical startup sequence 3 2 1 0 8 7 6 scenario=day
Carousel fling: raw=-0.0px/s, effective=-0.0px/s, itemExtent=58.00, speed=-0.00 items/s, band=nearest, maxStep=0, projected=99998, target=99998, delta=0
Carousel fling: raw=0.0px/s, effective=0.0px/s, itemExtent=77.20, speed=0.00 items/s, band=nearest, maxStep=0, projected=100000, target=100000, delta=0
Carousel fling: raw=-0.0px/s, effective=-0.0px/s, itemExtent=58.00, speed=-0.00 items/s, band=nearest, maxStep=0, projected=99997, target=99997, delta=0
Carousel fling: raw=0.0px/s, effective=0.0px/s, itemExtent=77.20, speed=0.00 items/s, band=nearest, maxStep=0, projected=100000, target=100000, delta=0
02:59 +231: /data/data/com.termux/files/home/ubuntu/flutteruser/flutterapps/fluvi-balance-wave-defaults/test/features/dashboard/application/dashboard_core_query_application_test.dart: same applied composer draft closes without building another index
02:59 +232: /data/data/com.termux/files/home/ubuntu/flutteruser/flutterapps/fluvi-balance-wave-defaults/test/features/dashboard/presentation/dashboard_avatar_target_liveness_test.dart: AVL earlier target 1 paints before final physical target 8 exact binder miss
03:02 +233: /data/data/com.termux/files/home/ubuntu/flutteruser/flutterapps/fluvi-balance-wave-defaults/test/features/dashboard/presentation/dashboard_avatar_target_liveness_test.dart: AVL earlier target 1 paints before final physical target 8 exact binder miss
Carousel fling: raw=0.0px/s, effective=0.0px/s, itemExtent=58.00, speed=0.00 items/s, band=nearest, maxStep=0, projected=0, target=0, delta=0
Carousel fling: raw=0.0px/s, effective=0.0px/s, itemExtent=32.00, speed=0.00 items/s, band=nearest, maxStep=0, projected=0, target=0, delta=0
Carousel fling: raw=0.0px/s, effective=0.0px/s, itemExtent=77.20, speed=0.00 items/s, band=nearest, maxStep=0, projected=0, target=0, delta=0
Carousel fling: raw=0.0px/s, effective=0.0px/s, itemExtent=58.00, speed=0.00 items/s, band=nearest, maxStep=0, projected=100000, target=100000, delta=0
Carousel fling: raw=0.0px/s, effective=0.0px/s, itemExtent=32.00, speed=0.00 items/s, band=nearest, maxStep=0, projected=100000, target=100000, delta=0
Carousel fling: raw=0.0px/s, effective=0.0px/s, itemExtent=77.20, speed=0.00 items/s, band=nearest, maxStep=0, projected=100000, target=100000, delta=0
Carousel fling: raw=-0.0px/s, effective=-0.0px/s, itemExtent=58.00, speed=-0.00 items/s, band=nearest, maxStep=0, projected=99999, target=99999, delta=0
Carousel fling: raw=0.0px/s, effective=0.0px/s, itemExtent=77.20, speed=0.00 items/s, band=nearest, maxStep=0, projected=100000, target=100000, delta=0
03:04 +234: /data/data/com.termux/files/home/ubuntu/flutteruser/flutterapps/fluvi-balance-wave-defaults/test/features/dashboard/application/dashboard_core_query_application_test.dart: Query Apply publishes after its local critical window without waiting for full-bank warmup
03:05 +235: /data/data/com.termux/files/home/ubuntu/flutteruser/flutterapps/fluvi-balance-wave-defaults/test/features/dashboard/presentation/dashboard_avatar_target_liveness_test.dart: AVL retained painted target 1 yields to cold final 8 after real resource replacement
Carousel fling: raw=0.0px/s, effective=0.0px/s, itemExtent=58.00, speed=0.00 items/s, band=nearest, maxStep=0, projected=0, target=0, delta=0
Carousel fling: raw=0.0px/s, effective=0.0px/s, itemExtent=32.00, speed=0.00 items/s, band=nearest, maxStep=0, projected=0, target=0, delta=0
Carousel fling: raw=0.0px/s, effective=0.0px/s, itemExtent=77.20, speed=0.00 items/s, band=nearest, maxStep=0, projected=0, target=0, delta=0
Carousel fling: raw=0.0px/s, effective=0.0px/s, itemExtent=58.00, speed=0.00 items/s, band=nearest, maxStep=0, projected=100000, target=100000, delta=0
Carousel fling: raw=0.0px/s, effective=0.0px/s, itemExtent=32.00, speed=0.00 items/s, band=nearest, maxStep=0, projected=100000, target=100000, delta=0
Carousel fling: raw=0.0px/s, effective=0.0px/s, itemExtent=77.20, speed=0.00 items/s, band=nearest, maxStep=0, projected=100000, target=100000, delta=0
Carousel fling: raw=-0.0px/s, effective=-0.0px/s, itemExtent=58.00, speed=-0.00 items/s, band=nearest, maxStep=0, projected=100001, target=100001, delta=0
Carousel fling: raw=0.0px/s, effective=0.0px/s, itemExtent=77.20, speed=0.00 items/s, band=nearest, maxStep=0, projected=100000, target=100000, delta=0
Carousel fling: raw=-0.0px/s, effective=-0.0px/s, itemExtent=58.00, speed=-0.00 items/s, band=nearest, maxStep=0, projected=99999, target=99999, delta=0
Carousel fling: raw=0.0px/s, effective=0.0px/s, itemExtent=77.20, speed=0.00 items/s, band=nearest, maxStep=0, projected=100000, target=100000, delta=0
03:08 +236: /data/data/com.termux/files/home/ubuntu/flutteruser/flutterapps/fluvi-balance-wave-defaults/test/features/dashboard/presentation/dashboard_avatar_target_liveness_test.dart: AVL retained painted target 1 yields to cold final 8 after real resource replacement
03:08 +237: /data/data/com.termux/files/home/ubuntu/flutteruser/flutterapps/fluvi-balance-wave-defaults/test/features/dashboard/application/dashboard_core_query_application_test.dart: a 2025 category Query publishes through the symmetric backing window
03:11 +238: /data/data/com.termux/files/home/ubuntu/flutteruser/flutterapps/fluvi-balance-wave-defaults/test/features/dashboard/presentation/dashboard_avatar_target_liveness_test.dart: AVL real CoreDashboard correlates accepted target 3 phase-A and Budget fan-out
Carousel fling: raw=0.0px/s, effective=0.0px/s, itemExtent=58.00, speed=0.00 items/s, band=nearest, maxStep=0, projected=0, target=0, delta=0
Carousel fling: raw=0.0px/s, effective=0.0px/s, itemExtent=32.00, speed=0.00 items/s, band=nearest, maxStep=0, projected=0, target=0, delta=0
Carousel fling: raw=0.0px/s, effective=0.0px/s, itemExtent=77.20, speed=0.00 items/s, band=nearest, maxStep=0, projected=0, target=0, delta=0
Carousel fling: raw=0.0px/s, effective=0.0px/s, itemExtent=58.00, speed=0.00 items/s, band=nearest, maxStep=0, projected=100000, target=100000, delta=0
Carousel fling: raw=0.0px/s, effective=0.0px/s, itemExtent=32.00, speed=0.00 items/s, band=nearest, maxStep=0, projected=100000, target=100000, delta=0
Carousel fling: raw=0.0px/s, effective=0.0px/s, itemExtent=77.20, speed=0.00 items/s, band=nearest, maxStep=0, projected=100000, target=100000, delta=0
Carousel fling: raw=-0.0px/s, effective=-0.0px/s, itemExtent=58.00, speed=-0.00 items/s, band=nearest, maxStep=0, projected=100003, target=100003, delta=0
Carousel fling: raw=0.0px/s, effective=0.0px/s, itemExtent=77.20, speed=0.00 items/s, band=nearest, maxStep=0, projected=100000, target=100000, delta=0
03:13 +239: /data/data/com.termux/files/home/ubuntu/flutteruser/flutterapps/fluvi-balance-wave-defaults/test/features/dashboard/application/dashboard_core_query_application_test.dart: a zero-result restrictive Query is a valid publication
03:13 +240: /data/data/com.termux/files/home/ubuntu/flutteruser/flutterapps/fluvi-balance-wave-defaults/test/features/dashboard/presentation/dashboard_avatar_target_liveness_test.dart: RED: real CoreDashboard joins an exact Avatar target resource preparation to row-discovery work
Carousel fling: raw=0.0px/s, effective=0.0px/s, itemExtent=58.00, speed=0.00 items/s, band=nearest, maxStep=0, projected=0, target=0, delta=0
Carousel fling: raw=0.0px/s, effective=0.0px/s, itemExtent=32.00, speed=0.00 items/s, band=nearest, maxStep=0, projected=0, target=0, delta=0
Carousel fling: raw=0.0px/s, effective=0.0px/s, itemExtent=77.20, speed=0.00 items/s, band=nearest, maxStep=0, projected=0, target=0, delta=0
Carousel fling: raw=0.0px/s, effective=0.0px/s, itemExtent=58.00, speed=0.00 items/s, band=nearest, maxStep=0, projected=100000, target=100000, delta=0
Carousel fling: raw=0.0px/s, effective=0.0px/s, itemExtent=32.00, speed=0.00 items/s, band=nearest, maxStep=0, projected=100000, target=100000, delta=0
Carousel fling: raw=0.0px/s, effective=0.0px/s, itemExtent=77.20, speed=0.00 items/s, band=nearest, maxStep=0, projected=100000, target=100000, delta=0
Carousel fling: raw=-0.0px/s, effective=-0.0px/s, itemExtent=58.00, speed=-0.00 items/s, band=nearest, maxStep=0, projected=100001, target=100001, delta=0
Carousel fling: raw=0.0px/s, effective=0.0px/s, itemExtent=77.20, speed=0.00 items/s, band=nearest, maxStep=0, projected=100000, target=100000, delta=0
03:16 +241: /data/data/com.termux/files/home/ubuntu/flutteruser/flutterapps/fluvi-balance-wave-defaults/test/features/dashboard/presentation/dashboard_avatar_target_liveness_test.dart: RED: real CoreDashboard joins an exact Avatar target resource preparation to row-discovery work
03:16 +242: /data/data/com.termux/files/home/ubuntu/flutteruser/flutterapps/fluvi-balance-wave-defaults/test/features/dashboard/application/dashboard_core_query_application_test.dart: concurrent Apply intents share one Query index preparation
03:20 +243: /data/data/com.termux/files/home/ubuntu/flutteruser/flutterapps/fluvi-balance-wave-defaults/test/features/dashboard/application/dashboard_core_query_application_test.dart: draft preparation stays invisible and Apply consumes that exact index
03:20 +244: /data/data/com.termux/files/home/ubuntu/flutteruser/flutterapps/fluvi-balance-wave-defaults/test/features/dashboard/application/dashboard_core_query_application_test.dart: draft preparation stays invisible and Apply consumes that exact index
03:20 +245: /data/data/com.termux/files/home/ubuntu/flutteruser/flutterapps/fluvi-balance-wave-defaults/test/features/dashboard/application/dashboard_core_query_application_test.dart: draft preparation stays invisible and Apply consumes that exact index
03:20 +246: /data/data/com.termux/files/home/ubuntu/flutteruser/flutterapps/fluvi-balance-wave-defaults/test/features/dashboard/application/dashboard_core_query_application_test.dart: draft preparation stays invisible and Apply consumes that exact index
03:20 +247: /data/data/com.termux/files/home/ubuntu/flutteruser/flutterapps/fluvi-balance-wave-defaults/test/features/dashboard/application/dashboard_core_query_application_test.dart: draft preparation stays invisible and Apply consumes that exact index
03:20 +248: /data/data/com.termux/files/home/ubuntu/flutteruser/flutterapps/fluvi-balance-wave-defaults/test/features/dashboard/application/dashboard_core_query_application_test.dart: draft preparation stays invisible and Apply consumes that exact index
03:20 +249: /data/data/com.termux/files/home/ubuntu/flutteruser/flutterapps/fluvi-balance-wave-defaults/test/features/dashboard/application/dashboard_core_query_application_test.dart: draft preparation stays invisible and Apply consumes that exact index
03:20 +250: /data/data/com.termux/files/home/ubuntu/flutteruser/flutterapps/fluvi-balance-wave-defaults/test/features/dashboard/application/dashboard_core_query_application_test.dart: draft preparation stays invisible and Apply consumes that exact index
03:23 +251: /data/data/com.termux/files/home/ubuntu/flutteruser/flutterapps/fluvi-balance-wave-defaults/test/features/dashboard/application/dashboard_core_query_application_test.dart: draft preparation stays invisible and Apply consumes that exact index
03:23 +252: /data/data/com.termux/files/home/ubuntu/flutteruser/flutterapps/fluvi-balance-wave-defaults/test/features/dashboard/application/dashboard_core_query_application_test.dart: draft preparation stays invisible and Apply consumes that exact index
03:23 +253: /data/data/com.termux/files/home/ubuntu/flutteruser/flutterapps/fluvi-balance-wave-defaults/test/features/dashboard/application/dashboard_core_query_application_test.dart: draft preparation stays invisible and Apply consumes that exact index
03:24 +254: /data/data/com.termux/files/home/ubuntu/flutteruser/flutterapps/fluvi-balance-wave-defaults/test/features/dashboard/application/dashboard_core_query_application_test.dart: a staged Query candidate includes the current parent interaction domain before Apply
03:27 +255: /data/data/com.termux/files/home/ubuntu/flutteruser/flutterapps/fluvi-balance-wave-defaults/test/features/dashboard/application/dashboard_core_query_application_test.dart: a staged Query candidate includes the current parent interaction domain before Apply
03:27 +256: /data/data/com.termux/files/home/ubuntu/flutteruser/flutterapps/fluvi-balance-wave-defaults/test/features/dashboard/application/dashboard_core_query_application_test.dart: a staged Query candidate includes the current parent interaction domain before Apply
03:29 +257: /data/data/com.termux/files/home/ubuntu/flutteruser/flutterapps/fluvi-balance-wave-defaults/test/features/dashboard/application/dashboard_core_query_application_test.dart: Apply re-stages a ready candidate whose bounded retained bank was evicted
03:31 +258: /data/data/com.termux/files/home/ubuntu/flutteruser/flutterapps/fluvi-balance-wave-defaults/test/features/dashboard/application/dashboard_core_query_application_test.dart: Apply re-stages a ready candidate whose bounded retained bank was evicted
03:34 +259: /data/data/com.termux/files/home/ubuntu/flutteruser/flutterapps/fluvi-balance-wave-defaults/test/features/dashboard/application/dashboard_core_query_application_test.dart: discarding a ready draft candidate has no rollback publication
03:35 +260: /data/data/com.termux/files/home/ubuntu/flutteruser/flutterapps/fluvi-balance-wave-defaults/test/features/dashboard/application/dashboard_core_query_application_test.dart: discarding a ready draft candidate has no rollback publication
03:35 +261: /data/data/com.termux/files/home/ubuntu/flutteruser/flutterapps/fluvi-balance-wave-defaults/test/features/dashboard/application/dashboard_core_query_application_test.dart: discarding a ready draft candidate has no rollback publication
03:38 +262: /data/data/com.termux/files/home/ubuntu/flutteruser/flutterapps/fluvi-balance-wave-defaults/test/features/dashboard/application/dashboard_core_query_application_test.dart: closing and reopening an exact ready draft reuses its immutable index
03:39 +263: /data/data/com.termux/files/home/ubuntu/flutteruser/flutterapps/fluvi-balance-wave-defaults/test/features/dashboard/application/dashboard_core_query_application_test.dart: closing and reopening an exact ready draft reuses its immutable index
03:42 +264: /data/data/com.termux/files/home/ubuntu/flutteruser/flutterapps/fluvi-balance-wave-defaults/test/features/dashboard/query/presentation/query_menu_sheet_test.dart: opens the HTML query hierarchy and its category picker in one sheet
03:44 +265: /data/data/com.termux/files/home/ubuntu/flutteruser/flutterapps/fluvi-balance-wave-defaults/test/features/dashboard/application/dashboard_core_query_application_test.dart: an Expense draft keeps the active prepared year window after parent navigation
03:45 +266: /data/data/com.termux/files/home/ubuntu/flutteruser/flutterapps/fluvi-balance-wave-defaults/test/features/dashboard/application/dashboard_core_query_application_test.dart: an Expense draft keeps the active prepared year window after parent navigation
03:45 +267: /data/data/com.termux/files/home/ubuntu/flutteruser/flutterapps/fluvi-balance-wave-defaults/test/features/dashboard/application/dashboard_core_query_application_test.dart: an Expense draft keeps the active prepared year window after parent navigation
03:46 +268: /data/data/com.termux/files/home/ubuntu/flutteruser/flutterapps/fluvi-balance-wave-defaults/test/features/dashboard/application/dashboard_core_query_application_test.dart: an Expense draft keeps the active prepared year window after parent navigation
03:47 +269: /data/data/com.termux/files/home/ubuntu/flutteruser/flutterapps/fluvi-balance-wave-defaults/test/features/dashboard/application/dashboard_core_query_application_test.dart: a prewarmed category chip removes its Query without a tap-time build
03:50 +270: /data/data/com.termux/files/home/ubuntu/flutteruser/flutterapps/fluvi-balance-wave-defaults/test/features/dashboard/application/dashboard_core_query_application_test.dart: a prewarmed category chip removes its Query without a tap-time build
03:50 +271: /data/data/com.termux/files/home/ubuntu/flutteruser/flutterapps/fluvi-balance-wave-defaults/test/features/dashboard/application/dashboard_core_query_application_test.dart: a prewarmed category chip removes its Query without a tap-time build
03:50 +272: /data/data/com.termux/files/home/ubuntu/flutteruser/flutterapps/fluvi-balance-wave-defaults/test/features/dashboard/application/dashboard_core_query_application_test.dart: a prewarmed category chip removes its Query without a tap-time build
03:50 +273: /data/data/com.termux/files/home/ubuntu/flutteruser/flutterapps/fluvi-balance-wave-defaults/test/features/dashboard/application/dashboard_core_query_application_test.dart: a prewarmed category chip removes its Query without a tap-time build
03:50 +274: /data/data/com.termux/files/home/ubuntu/flutteruser/flutterapps/fluvi-balance-wave-defaults/test/features/dashboard/application/dashboard_core_query_application_test.dart: a prewarmed category chip removes its Query without a tap-time build
03:50 +275: /data/data/com.termux/files/home/ubuntu/flutteruser/flutterapps/fluvi-balance-wave-defaults/test/features/dashboard/application/dashboard_core_query_application_test.dart: a prewarmed category chip removes its Query without a tap-time build
03:54 +276: /data/data/com.termux/files/home/ubuntu/flutteruser/flutterapps/fluvi-balance-wave-defaults/test/features/dashboard/application/dashboard_core_query_application_test.dart: RED: a seven-target chip hotset defers clear-all before its Query index build
03:55 +277: /data/data/com.termux/files/home/ubuntu/flutteruser/flutterapps/fluvi-balance-wave-defaults/test/features/dashboard/application/dashboard_core_query_application_test.dart: RED: a seven-target chip hotset defers clear-all before its Query index build
03:55 +278: /data/data/com.termux/files/home/ubuntu/flutteruser/flutterapps/fluvi-balance-wave-defaults/test/features/dashboard/application/dashboard_core_query_application_test.dart: RED: a seven-target chip hotset defers clear-all before its Query index build
03:55 +279: /data/data/com.termux/files/home/ubuntu/flutteruser/flutterapps/fluvi-balance-wave-defaults/test/features/dashboard/application/dashboard_core_query_application_test.dart: RED: a seven-target chip hotset defers clear-all before its Query index build
03:55 +280: /data/data/com.termux/files/home/ubuntu/flutteruser/flutterapps/fluvi-balance-wave-defaults/test/features/dashboard/application/dashboard_core_query_application_test.dart: RED: a seven-target chip hotset defers clear-all before its Query index build
03:55 +281: /data/data/com.termux/files/home/ubuntu/flutteruser/flutterapps/fluvi-balance-wave-defaults/test/features/dashboard/application/dashboard_core_query_application_test.dart: RED: a seven-target chip hotset defers clear-all before its Query index build
03:55 +282: /data/data/com.termux/files/home/ubuntu/flutteruser/flutterapps/fluvi-balance-wave-defaults/test/features/dashboard/application/dashboard_core_query_application_test.dart: RED: a seven-target chip hotset defers clear-all before its Query index build
03:55 +283: /data/data/com.termux/files/home/ubuntu/flutteruser/flutterapps/fluvi-balance-wave-defaults/test/features/dashboard/application/dashboard_core_query_application_test.dart: RED: a seven-target chip hotset defers clear-all before its Query index build
03:55 +284: /data/data/com.termux/files/home/ubuntu/flutteruser/flutterapps/fluvi-balance-wave-defaults/test/features/dashboard/application/dashboard_core_query_application_test.dart: RED: a seven-target chip hotset defers clear-all before its Query index build
03:55 +285: /data/data/com.termux/files/home/ubuntu/flutteruser/flutterapps/fluvi-balance-wave-defaults/test/features/dashboard/application/dashboard_core_query_application_test.dart: RED: a seven-target chip hotset defers clear-all before its Query index build
03:55 +286: /data/data/com.termux/files/home/ubuntu/flutteruser/flutterapps/fluvi-balance-wave-defaults/test/features/dashboard/application/dashboard_core_query_application_test.dart: RED: a seven-target chip hotset defers clear-all before its Query index build
03:55 +287: /data/data/com.termux/files/home/ubuntu/flutteruser/flutterapps/fluvi-balance-wave-defaults/test/features/dashboard/application/dashboard_core_query_application_test.dart: RED: a seven-target chip hotset defers clear-all before its Query index build
03:56 +288: /data/data/com.termux/files/home/ubuntu/flutteruser/flutterapps/fluvi-balance-wave-defaults/test/features/dashboard/application/dashboard_core_query_application_test.dart: RED: a seven-target chip hotset defers clear-all before its Query index build
03:56 +289: /data/data/com.termux/files/home/ubuntu/flutteruser/flutterapps/fluvi-balance-wave-defaults/test/features/dashboard/application/dashboard_core_query_application_test.dart: RED: a seven-target chip hotset defers clear-all before its Query index build
03:56 +290: /data/data/com.termux/files/home/ubuntu/flutteruser/flutterapps/fluvi-balance-wave-defaults/test/features/dashboard/application/dashboard_core_query_application_test.dart: RED: a seven-target chip hotset defers clear-all before its Query index build
03:56 +291: /data/data/com.termux/files/home/ubuntu/flutteruser/flutterapps/fluvi-balance-wave-defaults/test/features/dashboard/application/dashboard_core_query_application_test.dart: RED: a seven-target chip hotset defers clear-all before its Query index build
03:56 +292: /data/data/com.termux/files/home/ubuntu/flutteruser/flutterapps/fluvi-balance-wave-defaults/test/features/dashboard/application/dashboard_core_query_application_test.dart: RED: a seven-target chip hotset defers clear-all before its Query index build
03:56 +293: /data/data/com.termux/files/home/ubuntu/flutteruser/flutterapps/fluvi-balance-wave-defaults/test/features/dashboard/application/dashboard_core_query_application_test.dart: RED: a seven-target chip hotset defers clear-all before its Query index build
03:56 +294: /data/data/com.termux/files/home/ubuntu/flutteruser/flutterapps/fluvi-balance-wave-defaults/test/features/dashboard/application/dashboard_core_query_application_test.dart: RED: a seven-target chip hotset defers clear-all before its Query index build
03:56 +295: /data/data/com.termux/files/home/ubuntu/flutteruser/flutterapps/fluvi-balance-wave-defaults/test/features/dashboard/application/dashboard_core_query_application_test.dart: RED: a seven-target chip hotset defers clear-all before its Query index build
04:00 +296: /data/data/com.termux/files/home/ubuntu/flutteruser/flutterapps/fluvi-balance-wave-defaults/test/features/dashboard/application/dashboard_core_query_application_test.dart: RED: a seven-target chip hotset defers clear-all before its Query index build
04:00 +297: /data/data/com.termux/files/home/ubuntu/flutteruser/flutterapps/fluvi-balance-wave-defaults/test/features/dashboard/application/dashboard_core_query_application_test.dart: RED: a seven-target chip hotset defers clear-all before its Query index build
04:01 +298: /data/data/com.termux/files/home/ubuntu/flutteruser/flutterapps/fluvi-balance-wave-defaults/test/features/dashboard/application/dashboard_core_query_application_test.dart: RED: a seven-target chip hotset defers clear-all before its Query index build
04:01 +299: /data/data/com.termux/files/home/ubuntu/flutteruser/flutterapps/fluvi-balance-wave-defaults/test/features/dashboard/application/dashboard_core_query_application_test.dart: RED: a seven-target chip hotset defers clear-all before its Query index build
04:01 +300: /data/data/com.termux/files/home/ubuntu/flutteruser/flutterapps/fluvi-balance-wave-defaults/test/features/dashboard/application/dashboard_core_query_application_test.dart: RED: a seven-target chip hotset defers clear-all before its Query index build
04:01 +301: /data/data/com.termux/files/home/ubuntu/flutteruser/flutterapps/fluvi-balance-wave-defaults/test/features/dashboard/application/dashboard_core_query_application_test.dart: RED: a seven-target chip hotset defers clear-all before its Query index build
04:01 +302: /data/data/com.termux/files/home/ubuntu/flutteruser/flutterapps/fluvi-balance-wave-defaults/test/features/dashboard/application/dashboard_core_query_application_test.dart: RED: a seven-target chip hotset defers clear-all before its Query index build
04:01 +303: /data/data/com.termux/files/home/ubuntu/flutteruser/flutterapps/fluvi-balance-wave-defaults/test/features/dashboard/application/dashboard_core_query_application_test.dart: RED: a seven-target chip hotset defers clear-all before its Query index build
04:01 +304: /data/data/com.termux/files/home/ubuntu/flutteruser/flutterapps/fluvi-balance-wave-defaults/test/features/dashboard/application/dashboard_core_query_application_test.dart: RED: a seven-target chip hotset defers clear-all before its Query index build
04:01 +305: /data/data/com.termux/files/home/ubuntu/flutteruser/flutterapps/fluvi-balance-wave-defaults/test/features/dashboard/application/dashboard_core_query_application_test.dart: RED: a seven-target chip hotset defers clear-all before its Query index build
04:01 +306: /data/data/com.termux/files/home/ubuntu/flutteruser/flutterapps/fluvi-balance-wave-defaults/test/features/dashboard/application/dashboard_core_query_application_test.dart: RED: a seven-target chip hotset defers clear-all before its Query index build
04:01 +307: /data/data/com.termux/files/home/ubuntu/flutteruser/flutterapps/fluvi-balance-wave-defaults/test/features/dashboard/application/dashboard_core_query_application_test.dart: RED: a seven-target chip hotset defers clear-all before its Query index build
04:01 +308: /data/data/com.termux/files/home/ubuntu/flutteruser/flutterapps/fluvi-balance-wave-defaults/test/features/dashboard/application/dashboard_core_query_application_test.dart: RED: a seven-target chip hotset defers clear-all before its Query index build
04:01 +309: /data/data/com.termux/files/home/ubuntu/flutteruser/flutterapps/fluvi-balance-wave-defaults/test/features/dashboard/application/dashboard_core_query_application_test.dart: RED: a seven-target chip hotset defers clear-all before its Query index build
04:01 +310: /data/data/com.termux/files/home/ubuntu/flutteruser/flutterapps/fluvi-balance-wave-defaults/test/features/dashboard/application/dashboard_core_query_application_test.dart: RED: a seven-target chip hotset defers clear-all before its Query index build
04:01 +311: /data/data/com.termux/files/home/ubuntu/flutteruser/flutterapps/fluvi-balance-wave-defaults/test/features/dashboard/application/dashboard_core_query_application_test.dart: RED: a seven-target chip hotset defers clear-all before its Query index build
04:01 +312: /data/data/com.termux/files/home/ubuntu/flutteruser/flutterapps/fluvi-balance-wave-defaults/test/features/dashboard/application/dashboard_core_query_application_test.dart: RED: a seven-target chip hotset defers clear-all before its Query index build
04:01 +313: /data/data/com.termux/files/home/ubuntu/flutteruser/flutterapps/fluvi-balance-wave-defaults/test/features/dashboard/application/dashboard_core_query_application_test.dart: RED: a seven-target chip hotset defers clear-all before its Query index build
04:01 +314: /data/data/com.termux/files/home/ubuntu/flutteruser/flutterapps/fluvi-balance-wave-defaults/test/features/dashboard/application/dashboard_core_query_application_test.dart: RED: a seven-target chip hotset defers clear-all before its Query index build
04:01 +315: /data/data/com.termux/files/home/ubuntu/flutteruser/flutterapps/fluvi-balance-wave-defaults/test/features/dashboard/application/dashboard_core_query_application_test.dart: RED: a seven-target chip hotset defers clear-all before its Query index build
04:01 +316: /data/data/com.termux/files/home/ubuntu/flutteruser/flutterapps/fluvi-balance-wave-defaults/test/features/dashboard/application/dashboard_core_query_application_test.dart: RED: a seven-target chip hotset defers clear-all before its Query index build
04:02 +317: /data/data/com.termux/files/home/ubuntu/flutteruser/flutterapps/fluvi-balance-wave-defaults/test/features/dashboard/application/dashboard_core_query_application_test.dart: RED: a seven-target chip hotset defers clear-all before its Query index build
04:02 +318: /data/data/com.termux/files/home/ubuntu/flutteruser/flutterapps/fluvi-balance-wave-defaults/test/features/dashboard/application/dashboard_core_query_application_test.dart: RED: a seven-target chip hotset defers clear-all before its Query index build
04:02 +319: /data/data/com.termux/files/home/ubuntu/flutteruser/flutterapps/fluvi-balance-wave-defaults/test/features/dashboard/application/dashboard_core_query_application_test.dart: RED: a seven-target chip hotset defers clear-all before its Query index build
04:02 +320: /data/data/com.termux/files/home/ubuntu/flutteruser/flutterapps/fluvi-balance-wave-defaults/test/features/dashboard/application/dashboard_core_query_application_test.dart: RED: a seven-target chip hotset defers clear-all before its Query index build
04:02 +321: /data/data/com.termux/files/home/ubuntu/flutteruser/flutterapps/fluvi-balance-wave-defaults/test/features/dashboard/application/dashboard_core_query_application_test.dart: RED: a seven-target chip hotset defers clear-all before its Query index build
04:02 +322: /data/data/com.termux/files/home/ubuntu/flutteruser/flutterapps/fluvi-balance-wave-defaults/test/features/dashboard/application/dashboard_core_query_application_test.dart: RED: a seven-target chip hotset defers clear-all before its Query index build
04:02 +323: /data/data/com.termux/files/home/ubuntu/flutteruser/flutterapps/fluvi-balance-wave-defaults/test/features/dashboard/application/dashboard_core_query_application_test.dart: RED: a seven-target chip hotset defers clear-all before its Query index build
04:02 +324: /data/data/com.termux/files/home/ubuntu/flutteruser/flutterapps/fluvi-balance-wave-defaults/test/features/dashboard/application/dashboard_core_query_application_test.dart: RED: a seven-target chip hotset defers clear-all before its Query index build
04:02 +325: /data/data/com.termux/files/home/ubuntu/flutteruser/flutterapps/fluvi-balance-wave-defaults/test/features/dashboard/application/dashboard_core_query_application_test.dart: RED: a seven-target chip hotset defers clear-all before its Query index build
04:02 +326: /data/data/com.termux/files/home/ubuntu/flutteruser/flutterapps/fluvi-balance-wave-defaults/test/features/dashboard/application/dashboard_core_query_application_test.dart: RED: a seven-target chip hotset defers clear-all before its Query index build
04:02 +327: /data/data/com.termux/files/home/ubuntu/flutteruser/flutterapps/fluvi-balance-wave-defaults/test/features/dashboard/application/dashboard_core_query_application_test.dart: RED: a seven-target chip hotset defers clear-all before its Query index build
04:02 +328: /data/data/com.termux/files/home/ubuntu/flutteruser/flutterapps/fluvi-balance-wave-defaults/test/features/dashboard/application/dashboard_core_query_application_test.dart: RED: a seven-target chip hotset defers clear-all before its Query index build
04:02 +329: /data/data/com.termux/files/home/ubuntu/flutteruser/flutterapps/fluvi-balance-wave-defaults/test/features/dashboard/application/dashboard_core_query_application_test.dart: RED: a seven-target chip hotset defers clear-all before its Query index build
04:02 +330: /data/data/com.termux/files/home/ubuntu/flutteruser/flutterapps/fluvi-balance-wave-defaults/test/features/dashboard/application/dashboard_core_query_application_test.dart: RED: a seven-target chip hotset defers clear-all before its Query index build
04:02 +331: /data/data/com.termux/files/home/ubuntu/flutteruser/flutterapps/fluvi-balance-wave-defaults/test/features/dashboard/application/dashboard_core_query_application_test.dart: RED: a seven-target chip hotset defers clear-all before its Query index build
04:02 +332: /data/data/com.termux/files/home/ubuntu/flutteruser/flutterapps/fluvi-balance-wave-defaults/test/features/dashboard/application/dashboard_core_query_application_test.dart: RED: a seven-target chip hotset defers clear-all before its Query index build
04:02 +333: /data/data/com.termux/files/home/ubuntu/flutteruser/flutterapps/fluvi-balance-wave-defaults/test/features/dashboard/application/dashboard_core_query_application_test.dart: RED: a seven-target chip hotset defers clear-all before its Query index build
04:02 +334: /data/data/com.termux/files/home/ubuntu/flutteruser/flutterapps/fluvi-balance-wave-defaults/test/features/dashboard/application/dashboard_core_query_application_test.dart: RED: a seven-target chip hotset defers clear-all before its Query index build
04:02 +335: /data/data/com.termux/files/home/ubuntu/flutteruser/flutterapps/fluvi-balance-wave-defaults/test/features/dashboard/application/dashboard_core_query_application_test.dart: RED: a seven-target chip hotset defers clear-all before its Query index build
04:02 +336: /data/data/com.termux/files/home/ubuntu/flutteruser/flutterapps/fluvi-balance-wave-defaults/test/features/dashboard/application/dashboard_core_query_application_test.dart: RED: a seven-target chip hotset defers clear-all before its Query index build
04:02 +337: /data/data/com.termux/files/home/ubuntu/flutteruser/flutterapps/fluvi-balance-wave-defaults/test/features/dashboard/application/dashboard_core_query_application_test.dart: RED: a seven-target chip hotset defers clear-all before its Query index build
04:02 +338: /data/data/com.termux/files/home/ubuntu/flutteruser/flutterapps/fluvi-balance-wave-defaults/test/features/dashboard/application/dashboard_core_query_application_test.dart: RED: a seven-target chip hotset defers clear-all before its Query index build
04:03 +339: /data/data/com.termux/files/home/ubuntu/flutteruser/flutterapps/fluvi-balance-wave-defaults/test/features/dashboard/application/dashboard_core_query_application_test.dart: RED: a seven-target chip hotset defers clear-all before its Query index build
04:03 +340: /data/data/com.termux/files/home/ubuntu/flutteruser/flutterapps/fluvi-balance-wave-defaults/test/features/dashboard/application/dashboard_core_query_application_test.dart: RED: a seven-target chip hotset defers clear-all before its Query index build
04:03 +341: /data/data/com.termux/files/home/ubuntu/flutteruser/flutterapps/fluvi-balance-wave-defaults/test/features/dashboard/application/dashboard_core_query_application_test.dart: RED: a seven-target chip hotset defers clear-all before its Query index build
04:03 +342: /data/data/com.termux/files/home/ubuntu/flutteruser/flutterapps/fluvi-balance-wave-defaults/test/features/dashboard/application/dashboard_core_query_application_test.dart: RED: a seven-target chip hotset defers clear-all before its Query index build
04:03 +343: /data/data/com.termux/files/home/ubuntu/flutteruser/flutterapps/fluvi-balance-wave-defaults/test/features/dashboard/application/dashboard_core_query_application_test.dart: RED: a seven-target chip hotset defers clear-all before its Query index build
04:03 +344: /data/data/com.termux/files/home/ubuntu/flutteruser/flutterapps/fluvi-balance-wave-defaults/test/features/dashboard/application/dashboard_core_query_application_test.dart: RED: a seven-target chip hotset defers clear-all before its Query index build
04:03 +345: /data/data/com.termux/files/home/ubuntu/flutteruser/flutterapps/fluvi-balance-wave-defaults/test/features/dashboard/application/dashboard_core_query_application_test.dart: RED: a seven-target chip hotset defers clear-all before its Query index build
04:03 +346: /data/data/com.termux/files/home/ubuntu/flutteruser/flutterapps/fluvi-balance-wave-defaults/test/features/dashboard/application/dashboard_core_query_application_test.dart: RED: a seven-target chip hotset defers clear-all before its Query index build
04:03 +347: /data/data/com.termux/files/home/ubuntu/flutteruser/flutterapps/fluvi-balance-wave-defaults/test/features/dashboard/application/dashboard_core_query_application_test.dart: RED: a seven-target chip hotset defers clear-all before its Query index build
04:13 +348: /data/data/com.termux/files/home/ubuntu/flutteruser/flutterapps/fluvi-balance-wave-defaults/test/features/dashboard/presentation/dashboard_visible_scene_continuity_test.dart: 2025 June remains drawable when real rail input cancels preparation
04:15 +349: /data/data/com.termux/files/home/ubuntu/flutteruser/flutterapps/fluvi-balance-wave-defaults/test/features/dashboard/application/dashboard_core_query_application_test.dart: a deferred clear-all candidate is foreground-admitted once and then reused
04:19 +350: /data/data/com.termux/files/home/ubuntu/flutteruser/flutterapps/fluvi-balance-wave-defaults/test/features/dashboard/application/dashboard_core_query_application_test.dart: a deferred clear-all candidate is foreground-admitted once and then reused
04:20 +351: /data/data/com.termux/files/home/ubuntu/flutteruser/flutterapps/fluvi-balance-wave-defaults/test/features/dashboard/application/dashboard_core_query_application_test.dart: five applied category chips retain every removal target plus clear-all
04:25 +352: /data/data/com.termux/files/home/ubuntu/flutteruser/flutterapps/fluvi-balance-wave-defaults/test/features/dashboard/application/dashboard_core_query_application_test.dart: five applied category chips retain every removal target plus clear-all
04:25 +353: /data/data/com.termux/files/home/ubuntu/flutteruser/flutterapps/fluvi-balance-wave-defaults/test/features/dashboard/application/dashboard_core_query_application_test.dart: five applied category chips retain every removal target plus clear-all
04:26 +354: /data/data/com.termux/files/home/ubuntu/flutteruser/flutterapps/fluvi-balance-wave-defaults/test/features/dashboard/application/dashboard_core_query_application_test.dart: five applied category chips retain every removal target plus clear-all
04:27 +355: /data/data/com.termux/files/home/ubuntu/flutteruser/flutterapps/fluvi-balance-wave-defaults/test/features/dashboard/application/dashboard_core_query_application_test.dart: five applied category chips retain every removal target plus clear-all
04:27 +356: /data/data/com.termux/files/home/ubuntu/flutteruser/flutterapps/fluvi-balance-wave-defaults/test/features/dashboard/application/dashboard_core_query_application_test.dart: five applied category chips retain every removal target plus clear-all
04:28 +357: /data/data/com.termux/files/home/ubuntu/flutteruser/flutterapps/fluvi-balance-wave-defaults/test/features/dashboard/application/dashboard_core_query_application_test.dart: five applied category chips retain every removal target plus clear-all
04:28 +358: /data/data/com.termux/files/home/ubuntu/flutteruser/flutterapps/fluvi-balance-wave-defaults/test/features/dashboard/application/dashboard_core_query_application_test.dart: five applied category chips retain every removal target plus clear-all
04:28 +359: /data/data/com.termux/files/home/ubuntu/flutteruser/flutterapps/fluvi-balance-wave-defaults/test/features/dashboard/application/dashboard_core_query_application_test.dart: five applied category chips retain every removal target plus clear-all
04:28 +360: /data/data/com.termux/files/home/ubuntu/flutteruser/flutterapps/fluvi-balance-wave-defaults/test/features/dashboard/application/dashboard_core_query_application_test.dart: five applied category chips retain every removal target plus clear-all
04:28 +361: /data/data/com.termux/files/home/ubuntu/flutteruser/flutterapps/fluvi-balance-wave-defaults/test/features/dashboard/application/dashboard_core_query_application_test.dart: five applied category chips retain every removal target plus clear-all
04:29 +362: /data/data/com.termux/files/home/ubuntu/flutteruser/flutterapps/fluvi-balance-wave-defaults/test/features/dashboard/application/dashboard_core_query_application_test.dart: five applied category chips retain every removal target plus clear-all
04:29 +363: /data/data/com.termux/files/home/ubuntu/flutteruser/flutterapps/fluvi-balance-wave-defaults/test/features/dashboard/application/dashboard_core_query_application_test.dart: five applied category chips retain every removal target plus clear-all
04:30 +364: /data/data/com.termux/files/home/ubuntu/flutteruser/flutterapps/fluvi-balance-wave-defaults/test/features/dashboard/application/dashboard_core_query_application_test.dart: five applied category chips retain every removal target plus clear-all
04:30 +365: /data/data/com.termux/files/home/ubuntu/flutteruser/flutterapps/fluvi-balance-wave-defaults/test/features/dashboard/application/dashboard_core_query_application_test.dart: five applied category chips retain every removal target plus clear-all
04:30 +366: /data/data/com.termux/files/home/ubuntu/flutteruser/flutterapps/fluvi-balance-wave-defaults/test/features/dashboard/application/dashboard_core_query_application_test.dart: five applied category chips retain every removal target plus clear-all
04:31 +367: /data/data/com.termux/files/home/ubuntu/flutteruser/flutterapps/fluvi-balance-wave-defaults/test/features/dashboard/application/dashboard_core_query_application_test.dart: five applied category chips retain every removal target plus clear-all
04:31 +368: /data/data/com.termux/files/home/ubuntu/flutteruser/flutterapps/fluvi-balance-wave-defaults/test/features/dashboard/application/dashboard_core_query_application_test.dart: five applied category chips retain every removal target plus clear-all
04:32 +369: /data/data/com.termux/files/home/ubuntu/flutteruser/flutterapps/fluvi-balance-wave-defaults/test/features/dashboard/application/dashboard_core_query_application_test.dart: five applied category chips retain every removal target plus clear-all
04:32 +370: /data/data/com.termux/files/home/ubuntu/flutteruser/flutterapps/fluvi-balance-wave-defaults/test/features/dashboard/application/dashboard_core_query_application_test.dart: five applied category chips retain every removal target plus clear-all
04:32 +371: /data/data/com.termux/files/home/ubuntu/flutteruser/flutterapps/fluvi-balance-wave-defaults/test/features/dashboard/application/dashboard_core_query_application_test.dart: five applied category chips retain every removal target plus clear-all
04:33 +372: /data/data/com.termux/files/home/ubuntu/flutteruser/flutterapps/fluvi-balance-wave-defaults/test/features/dashboard/application/dashboard_core_query_application_test.dart: five applied category chips retain every removal target plus clear-all
04:33 +373: /data/data/com.termux/files/home/ubuntu/flutteruser/flutterapps/fluvi-balance-wave-defaults/test/features/dashboard/application/dashboard_core_query_application_test.dart: five applied category chips retain every removal target plus clear-all
04:33 +374: /data/data/com.termux/files/home/ubuntu/flutteruser/flutterapps/fluvi-balance-wave-defaults/test/features/dashboard/application/dashboard_core_query_application_test.dart: five applied category chips retain every removal target plus clear-all
04:33 +375: /data/data/com.termux/files/home/ubuntu/flutteruser/flutterapps/fluvi-balance-wave-defaults/test/features/dashboard/application/dashboard_core_query_application_test.dart: five applied category chips retain every removal target plus clear-all
04:34 +376: /data/data/com.termux/files/home/ubuntu/flutteruser/flutterapps/fluvi-balance-wave-defaults/test/features/dashboard/application/dashboard_core_query_application_test.dart: five applied category chips retain every removal target plus clear-all
04:34 +377: /data/data/com.termux/files/home/ubuntu/flutteruser/flutterapps/fluvi-balance-wave-defaults/test/features/dashboard/application/dashboard_core_query_application_test.dart: five applied category chips retain every removal target plus clear-all
04:35 +378: /data/data/com.termux/files/home/ubuntu/flutteruser/flutterapps/fluvi-balance-wave-defaults/test/features/dashboard/application/dashboard_core_query_application_test.dart: five applied category chips retain every removal target plus clear-all
04:35 +379: /data/data/com.termux/files/home/ubuntu/flutteruser/flutterapps/fluvi-balance-wave-defaults/test/features/dashboard/application/dashboard_core_query_application_test.dart: five applied category chips retain every removal target plus clear-all
04:36 +380: /data/data/com.termux/files/home/ubuntu/flutteruser/flutterapps/fluvi-balance-wave-defaults/test/features/dashboard/application/dashboard_core_query_application_test.dart: five applied category chips retain every removal target plus clear-all
04:36 +381: /data/data/com.termux/files/home/ubuntu/flutteruser/flutterapps/fluvi-balance-wave-defaults/test/features/dashboard/application/dashboard_core_query_application_test.dart: five applied category chips retain every removal target plus clear-all
04:36 +382: /data/data/com.termux/files/home/ubuntu/flutteruser/flutterapps/fluvi-balance-wave-defaults/test/features/dashboard/application/dashboard_core_query_application_test.dart: five applied category chips retain every removal target plus clear-all
04:37 +383: /data/data/com.termux/files/home/ubuntu/flutteruser/flutterapps/fluvi-balance-wave-defaults/test/features/dashboard/application/dashboard_core_query_application_test.dart: five applied category chips retain every removal target plus clear-all
04:40 +384: /data/data/com.termux/files/home/ubuntu/flutteruser/flutterapps/fluvi-balance-wave-defaults/test/features/dashboard/presentation/dashboard_rebuild_isolation_test.dart: (setUpAll)
04:41 +384: /data/data/com.termux/files/home/ubuntu/flutteruser/flutterapps/fluvi-balance-wave-defaults/test/features/dashboard/application/dashboard_core_query_application_test.dart: an editor foreground candidate displaces a full applied chip hotset and activates
04:47 +384: /data/data/com.termux/files/home/ubuntu/flutteruser/flutterapps/fluvi-balance-wave-defaults/test/features/dashboard/presentation/dashboard_rebuild_isolation_test.dart: structural dashboard changes preserve the rail controller, position and physics
Carousel fling: raw=0.0px/s, effective=0.0px/s, itemExtent=32.00, speed=0.00 items/s, band=nearest, maxStep=0, projected=0, target=0, delta=0
Carousel fling: raw=0.0px/s, effective=0.0px/s, itemExtent=52.45, speed=0.00 items/s, band=nearest, maxStep=0, projected=0, target=0, delta=0
Carousel fling: raw=0.0px/s, effective=0.0px/s, itemExtent=32.00, speed=0.00 items/s, band=nearest, maxStep=0, projected=100000, target=100000, delta=0
Carousel fling: raw=0.0px/s, effective=0.0px/s, itemExtent=52.45, speed=0.00 items/s, band=nearest, maxStep=0, projected=100000, target=100000, delta=0
Carousel fling: raw=0.0px/s, effective=0.0px/s, itemExtent=52.45, speed=0.00 items/s, band=nearest, maxStep=0, projected=100000, target=100000, delta=0
Carousel fling: raw=0.0px/s, effective=0.0px/s, itemExtent=52.45, speed=0.00 items/s, band=nearest, maxStep=0, projected=100000, target=100000, delta=0
Carousel fling: raw=0.0px/s, effective=0.0px/s, itemExtent=52.45, speed=0.00 items/s, band=nearest, maxStep=0, projected=100000, target=100000, delta=0
Carousel fling: raw=0.0px/s, effective=0.0px/s, itemExtent=52.45, speed=0.00 items/s, band=nearest, maxStep=0, projected=100000, target=100000, delta=0
Carousel fling: raw=0.0px/s, effective=0.0px/s, itemExtent=52.45, speed=0.00 items/s, band=nearest, maxStep=0, projected=6, target=6, delta=0
Carousel fling: raw=0.0px/s, effective=0.0px/s, itemExtent=52.45, speed=0.00 items/s, band=nearest, maxStep=0, projected=11, target=11, delta=0
Carousel fling: raw=0.0px/s, effective=0.0px/s, itemExtent=52.45, speed=0.00 items/s, band=nearest, maxStep=0, projected=11, target=11, delta=0
Carousel fling: raw=0.0px/s, effective=0.0px/s, itemExtent=52.45, speed=0.00 items/s, band=nearest, maxStep=0, projected=11, target=11, delta=0
Carousel fling: raw=0.0px/s, effective=0.0px/s, itemExtent=52.45, speed=0.00 items/s, band=nearest, maxStep=0, projected=100000, target=100000, delta=0
Carousel fling: raw=0.0px/s, effective=0.0px/s, itemExtent=52.45, speed=0.00 items/s, band=nearest, maxStep=0, projected=100000, target=100000, delta=0
Carousel fling: raw=0.0px/s, effective=0.0px/s, itemExtent=52.45, speed=0.00 items/s, band=nearest, maxStep=0, projected=6, target=6, delta=0
Carousel fling: raw=0.0px/s, effective=0.0px/s, itemExtent=52.45, speed=0.00 items/s, band=nearest, maxStep=0, projected=11, target=11, delta=0
Carousel fling: raw=0.0px/s, effective=0.0px/s, itemExtent=52.45, speed=0.00 items/s, band=nearest, maxStep=0, projected=11, target=11, delta=0
Carousel fling: raw=0.0px/s, effective=0.0px/s, itemExtent=52.45, speed=0.00 items/s, band=nearest, maxStep=0, projected=11, target=11, delta=0
Carousel fling: raw=0.0px/s, effective=0.0px/s, itemExtent=52.45, speed=0.00 items/s, band=nearest, maxStep=0, projected=100000, target=100000, delta=0
Carousel fling: raw=0.0px/s, effective=0.0px/s, itemExtent=52.45, speed=0.00 items/s, band=nearest, maxStep=0, projected=100000, target=100000, delta=0
Carousel fling: raw=0.0px/s, effective=0.0px/s, itemExtent=52.45, speed=0.00 items/s, band=nearest, maxStep=0, projected=6, target=6, delta=0
Carousel fling: raw=0.0px/s, effective=0.0px/s, itemExtent=52.45, speed=0.00 items/s, band=nearest, maxStep=0, projected=11, target=11, delta=0
Carousel fling: raw=0.0px/s, effective=0.0px/s, itemExtent=52.45, speed=0.00 items/s, band=nearest, maxStep=0, projected=11, target=11, delta=0
Carousel fling: raw=0.0px/s, effective=0.0px/s, itemExtent=52.45, speed=0.00 items/s, band=nearest, maxStep=0, projected=11, target=11, delta=0
Carousel fling: raw=0.0px/s, effective=0.0px/s, itemExtent=52.45, speed=0.00 items/s, band=nearest, maxStep=0, projected=100000, target=100000, delta=0
04:56 +385: /data/data/com.termux/files/home/ubuntu/flutteruser/flutterapps/fluvi-balance-wave-defaults/test/features/dashboard/application/dashboard_core_query_application_test.dart: an editor foreground candidate displaces a full applied chip hotset and activates
05:03 +386: /data/data/com.termux/files/home/ubuntu/flutteruser/flutterapps/fluvi-balance-wave-defaults/test/features/dashboard/application/dashboard_core_query_application_test.dart: an editor foreground candidate displaces a full applied chip hotset and activates
05:03 +387: /data/data/com.termux/files/home/ubuntu/flutteruser/flutterapps/fluvi-balance-wave-defaults/test/features/dashboard/application/dashboard_core_query_application_test.dart: an editor foreground candidate displaces a full applied chip hotset and activates
05:03 +388: /data/data/com.termux/files/home/ubuntu/flutteruser/flutterapps/fluvi-balance-wave-defaults/test/features/dashboard/application/dashboard_core_query_application_test.dart: an editor foreground candidate displaces a full applied chip hotset and activates
05:03 +389: /data/data/com.termux/files/home/ubuntu/flutteruser/flutterapps/fluvi-balance-wave-defaults/test/features/dashboard/application/dashboard_core_query_application_test.dart: an editor foreground candidate displaces a full applied chip hotset and activates
05:03 +390: /data/data/com.termux/files/home/ubuntu/flutteruser/flutterapps/fluvi-balance-wave-defaults/test/features/dashboard/application/dashboard_core_query_application_test.dart: direction commit replaces the protected chip hotset before an Income editor stages
05:07 +391: /data/data/com.termux/files/home/ubuntu/flutteruser/flutterapps/fluvi-balance-wave-defaults/test/features/dashboard/application/dashboard_core_query_application_test.dart: direction commit replaces the protected chip hotset before an Income editor stages
05:07 +392: /data/data/com.termux/files/home/ubuntu/flutteruser/flutterapps/fluvi-balance-wave-defaults/test/features/dashboard/application/dashboard_core_query_application_test.dart: direction commit replaces the protected chip hotset before an Income editor stages
05:07 +393: /data/data/com.termux/files/home/ubuntu/flutteruser/flutterapps/fluvi-balance-wave-defaults/test/features/dashboard/application/dashboard_core_query_application_test.dart: direction commit replaces the protected chip hotset before an Income editor stages
05:11 +394: /data/data/com.termux/files/home/ubuntu/flutteruser/flutterapps/fluvi-balance-wave-defaults/test/features/dashboard/application/dashboard_core_query_application_test.dart: direction commit replaces the protected chip hotset before an Income editor stages
05:11 +395: /data/data/com.termux/files/home/ubuntu/flutteruser/flutterapps/fluvi-balance-wave-defaults/test/features/dashboard/application/dashboard_core_query_application_test.dart: direction commit replaces the protected chip hotset before an Income editor stages
05:11 +396: /data/data/com.termux/files/home/ubuntu/flutteruser/flutterapps/fluvi-balance-wave-defaults/test/features/dashboard/application/dashboard_core_query_application_test.dart: direction commit replaces the protected chip hotset before an Income editor stages
05:11 +397: /data/data/com.termux/files/home/ubuntu/flutteruser/flutterapps/fluvi-balance-wave-defaults/test/features/dashboard/application/dashboard_core_query_application_test.dart: direction commit replaces the protected chip hotset before an Income editor stages
05:11 +398: /data/data/com.termux/files/home/ubuntu/flutteruser/flutterapps/fluvi-balance-wave-defaults/test/features/dashboard/application/dashboard_core_query_application_test.dart: direction commit replaces the protected chip hotset before an Income editor stages
05:11 +399: /data/data/com.termux/files/home/ubuntu/flutteruser/flutterapps/fluvi-balance-wave-defaults/test/features/dashboard/application/dashboard_core_query_application_test.dart: direction commit replaces the protected chip hotset before an Income editor stages
05:11 +400: /data/data/com.termux/files/home/ubuntu/flutteruser/flutterapps/fluvi-balance-wave-defaults/test/features/dashboard/application/dashboard_core_query_application_test.dart: direction commit replaces the protected chip hotset before an Income editor stages
05:11 +401: /data/data/com.termux/files/home/ubuntu/flutteruser/flutterapps/fluvi-balance-wave-defaults/test/features/dashboard/application/dashboard_core_query_application_test.dart: direction commit replaces the protected chip hotset before an Income editor stages
05:11 +402: /data/data/com.termux/files/home/ubuntu/flutteruser/flutterapps/fluvi-balance-wave-defaults/test/features/dashboard/application/dashboard_core_query_application_test.dart: direction commit replaces the protected chip hotset before an Income editor stages
05:11 +403: /data/data/com.termux/files/home/ubuntu/flutteruser/flutterapps/fluvi-balance-wave-defaults/test/features/dashboard/application/dashboard_core_query_application_test.dart: direction commit replaces the protected chip hotset before an Income editor stages
05:12 +404: /data/data/com.termux/files/home/ubuntu/flutteruser/flutterapps/fluvi-balance-wave-defaults/test/features/dashboard/application/dashboard_core_query_application_test.dart: direction commit replaces the protected chip hotset before an Income editor stages
05:12 +405: /data/data/com.termux/files/home/ubuntu/flutteruser/flutterapps/fluvi-balance-wave-defaults/test/features/dashboard/application/dashboard_core_query_application_test.dart: direction commit replaces the protected chip hotset before an Income editor stages
05:12 +406: /data/data/com.termux/files/home/ubuntu/flutteruser/flutterapps/fluvi-balance-wave-defaults/test/features/dashboard/application/dashboard_core_query_application_test.dart: direction commit replaces the protected chip hotset before an Income editor stages
05:12 +407: /data/data/com.termux/files/home/ubuntu/flutteruser/flutterapps/fluvi-balance-wave-defaults/test/features/dashboard/application/dashboard_core_query_application_test.dart: direction commit replaces the protected chip hotset before an Income editor stages
05:12 +408: /data/data/com.termux/files/home/ubuntu/flutteruser/flutterapps/fluvi-balance-wave-defaults/test/features/dashboard/application/dashboard_core_query_application_test.dart: direction commit replaces the protected chip hotset before an Income editor stages
05:12 +409: /data/data/com.termux/files/home/ubuntu/flutteruser/flutterapps/fluvi-balance-wave-defaults/test/features/dashboard/application/dashboard_core_query_application_test.dart: direction commit replaces the protected chip hotset before an Income editor stages
05:12 +410: /data/data/com.termux/files/home/ubuntu/flutteruser/flutterapps/fluvi-balance-wave-defaults/test/features/dashboard/application/dashboard_core_query_application_test.dart: direction commit replaces the protected chip hotset before an Income editor stages
05:12 +411: /data/data/com.termux/files/home/ubuntu/flutteruser/flutterapps/fluvi-balance-wave-defaults/test/features/dashboard/application/dashboard_core_query_application_test.dart: direction commit replaces the protected chip hotset before an Income editor stages
05:12 +412: /data/data/com.termux/files/home/ubuntu/flutteruser/flutterapps/fluvi-balance-wave-defaults/test/features/dashboard/application/dashboard_core_query_application_test.dart: direction commit replaces the protected chip hotset before an Income editor stages
05:12 +413: /data/data/com.termux/files/home/ubuntu/flutteruser/flutterapps/fluvi-balance-wave-defaults/test/features/dashboard/application/dashboard_core_query_application_test.dart: direction commit replaces the protected chip hotset before an Income editor stages
05:12 +414: /data/data/com.termux/files/home/ubuntu/flutteruser/flutterapps/fluvi-balance-wave-defaults/test/features/dashboard/application/dashboard_core_query_application_test.dart: direction commit replaces the protected chip hotset before an Income editor stages
05:12 +415: /data/data/com.termux/files/home/ubuntu/flutteruser/flutterapps/fluvi-balance-wave-defaults/test/features/dashboard/application/dashboard_core_query_application_test.dart: direction commit replaces the protected chip hotset before an Income editor stages
05:12 +416: /data/data/com.termux/files/home/ubuntu/flutteruser/flutterapps/fluvi-balance-wave-defaults/test/features/dashboard/application/dashboard_core_query_application_test.dart: direction commit replaces the protected chip hotset before an Income editor stages
05:17 +417: /data/data/com.termux/files/home/ubuntu/flutteruser/flutterapps/fluvi-balance-wave-defaults/test/features/dashboard/application/dashboard_core_query_application_test.dart: direction commit replaces the protected chip hotset before an Income editor stages
05:17 +418: /data/data/com.termux/files/home/ubuntu/flutteruser/flutterapps/fluvi-balance-wave-defaults/test/features/dashboard/application/dashboard_core_query_application_test.dart: direction commit replaces the protected chip hotset before an Income editor stages
05:17 +419: /data/data/com.termux/files/home/ubuntu/flutteruser/flutterapps/fluvi-balance-wave-defaults/test/features/dashboard/application/dashboard_core_query_application_test.dart: direction commit replaces the protected chip hotset before an Income editor stages
05:17 +420: /data/data/com.termux/files/home/ubuntu/flutteruser/flutterapps/fluvi-balance-wave-defaults/test/features/dashboard/application/dashboard_core_query_application_test.dart: direction commit replaces the protected chip hotset before an Income editor stages
05:17 +421: /data/data/com.termux/files/home/ubuntu/flutteruser/flutterapps/fluvi-balance-wave-defaults/test/features/dashboard/application/dashboard_core_query_application_test.dart: direction commit replaces the protected chip hotset before an Income editor stages
05:17 +422: /data/data/com.termux/files/home/ubuntu/flutteruser/flutterapps/fluvi-balance-wave-defaults/test/features/dashboard/application/dashboard_core_query_application_test.dart: direction commit replaces the protected chip hotset before an Income editor stages
05:17 +423: /data/data/com.termux/files/home/ubuntu/flutteruser/flutterapps/fluvi-balance-wave-defaults/test/features/dashboard/application/dashboard_core_query_application_test.dart: direction commit replaces the protected chip hotset before an Income editor stages
05:17 +424: /data/data/com.termux/files/home/ubuntu/flutteruser/flutterapps/fluvi-balance-wave-defaults/test/features/dashboard/application/dashboard_core_query_application_test.dart: direction commit replaces the protected chip hotset before an Income editor stages
05:23 +425: /data/data/com.termux/files/home/ubuntu/flutteruser/flutterapps/fluvi-balance-wave-defaults/test/features/dashboard/application/dashboard_core_query_application_test.dart: direction commit replaces the protected chip hotset before an Income editor stages
05:23 +426: /data/data/com.termux/files/home/ubuntu/flutteruser/flutterapps/fluvi-balance-wave-defaults/test/features/dashboard/application/dashboard_core_query_application_test.dart: direction commit replaces the protected chip hotset before an Income editor stages
05:28 +427: /data/data/com.termux/files/home/ubuntu/flutteruser/flutterapps/fluvi-balance-wave-defaults/test/features/dashboard/application/dashboard_core_query_application_test.dart: Cancel restores the active direction chip-hotset protection without publication
05:33 +428: /data/data/com.termux/files/home/ubuntu/flutteruser/flutterapps/fluvi-balance-wave-defaults/test/features/dashboard/application/dashboard_core_query_application_test.dart: a prewarmed partner chip removes its Query without a tap-time build
05:40 +429: /data/data/com.termux/files/home/ubuntu/flutteruser/flutterapps/fluvi-balance-wave-defaults/test/features/dashboard/application/dashboard_core_query_application_test.dart: Query chip speculation waits for the explicit sheet-removal boundary
05:46 +430: /data/data/com.termux/files/home/ubuntu/flutteruser/flutterapps/fluvi-balance-wave-defaults/test/features/dashboard/application/dashboard_core_query_application_test.dart: direct prepared chip publication settles committed ready-ahead before speculation
05:53 +431: /data/data/com.termux/files/home/ubuntu/flutteruser/flutterapps/fluvi-balance-wave-defaults/test/features/dashboard/application/dashboard_core_query_application_test.dart: RED: each admitted Query-chip neighbour needs a fresh input-fair idle grant
05:58 +432: /data/data/com.termux/files/home/ubuntu/flutteruser/flutterapps/fluvi-balance-wave-defaults/test/features/dashboard/application/dashboard_core_query_application_test.dart: RED: disposing revokes a pending input-fair Query idle grant
06:01 +433: /data/data/com.termux/files/home/ubuntu/flutteruser/flutterapps/fluvi-balance-wave-defaults/test/features/dashboard/application/dashboard_core_query_application_test.dart: a capacity-rejected Summary hotset is deferred once per cache admission epoch
06:04 +434: /data/data/com.termux/files/home/ubuntu/flutteruser/flutterapps/fluvi-balance-wave-defaults/test/features/dashboard/application/dashboard_core_query_application_test.dart: direct prepared chip publication rejects a scene-owner warmup callback before ready-ahead settles
06:15 +435: /data/data/com.termux/files/home/ubuntu/flutteruser/flutterapps/fluvi-balance-wave-defaults/test/features/dashboard/application/dashboard_core_query_application_test.dart: a queued rail warmup callback fails closed after direct publication reservation
06:19 +436: /data/data/com.termux/files/home/ubuntu/flutteruser/flutterapps/fluvi-balance-wave-defaults/test/features/dashboard/application/dashboard_core_query_application_test.dart: a direct prepared miss holds scene-owner speculation behind exact ready-ahead
06:25 +437: /data/data/com.termux/files/home/ubuntu/flutteruser/flutterapps/fluvi-balance-wave-defaults/test/features/dashboard/application/dashboard_core_query_application_test.dart: a zero-page direct publication binds and releases readiness without a page read
06:29 +438: /data/data/com.termux/files/home/ubuntu/flutteruser/flutterapps/fluvi-balance-wave-defaults/test/features/dashboard/application/dashboard_core_query_application_test.dart: a multi-page direct publication settles exact ready-ahead before speculation
06:40 +439: /data/data/com.termux/files/home/ubuntu/flutteruser/flutterapps/fluvi-balance-wave-defaults/test/features/dashboard/application/dashboard_core_query_application_test.dart: a one-page direct publication settles its reservation without a repository read
06:47 +440: /data/data/com.termux/files/home/ubuntu/flutteruser/flutterapps/fluvi-balance-wave-defaults/test/features/dashboard/application/dashboard_core_query_application_test.dart: a structurally superseded publication cannot release newer readiness reservation
06:51 +441: /data/data/com.termux/files/home/ubuntu/flutteruser/flutterapps/fluvi-balance-wave-defaults/test/features/dashboard/application/dashboard_core_query_application_test.dart: a publication activation failure releases only its own reservation
06:55 +442: /data/data/com.termux/files/home/ubuntu/flutteruser/flutterapps/fluvi-balance-wave-defaults/test/features/dashboard/application/dashboard_core_query_application_test.dart: foreground chip Apply promotes a matching in-flight hotset acquisition
07:01 +443: /data/data/com.termux/files/home/ubuntu/flutteruser/flutterapps/fluvi-balance-wave-defaults/test/features/dashboard/application/dashboard_core_query_application_test.dart: foreground chip Apply adopts an exact hotset candidate already scene-preparing
07:07 +444: /data/data/com.termux/files/home/ubuntu/flutteruser/flutterapps/fluvi-balance-wave-defaults/test/features/dashboard/application/dashboard_core_query_application_test.dart: a different foreground chip target still supersedes hotset work
07:13 +445: /data/data/com.termux/files/home/ubuntu/flutteruser/flutterapps/fluvi-balance-wave-defaults/test/features/dashboard/application/dashboard_core_query_application_test.dart: a promoted hotset continuation cannot publish after a newer chip target
07:19 +446: /data/data/com.termux/files/home/ubuntu/flutteruser/flutterapps/fluvi-balance-wave-defaults/test/features/dashboard/application/dashboard_core_query_application_test.dart: rapid distinct chip removals acquire each exact target at most once
07:25 +447: /data/data/com.termux/files/home/ubuntu/flutteruser/flutterapps/fluvi-balance-wave-defaults/test/features/dashboard/application/dashboard_core_query_application_test.dart: raw pointer intent pauses direct-chip speculation before formal vertical drag
07:31 +448: /data/data/com.termux/files/home/ubuntu/flutteruser/flutterapps/fluvi-balance-wave-defaults/test/features/dashboard/application/dashboard_core_query_application_test.dart: pointer release resumes an exact deferred page and live ready-ahead while vertical interaction remains active
07:38 +449: /data/data/com.termux/files/home/ubuntu/flutteruser/flutterapps/fluvi-balance-wave-defaults/test/features/dashboard/application/dashboard_core_query_application_test.dart: motion idle resumes deferred presentation and live ready-ahead while vertical interaction remains active
07:45 +450: /data/data/com.termux/files/home/ubuntu/flutteruser/flutterapps/fluvi-balance-wave-defaults/test/features/dashboard/application/dashboard_core_query_application_test.dart: RED: structural motion idle without vertical input uses the full ready-ahead drain after a deferred page
07:52 +451: /data/data/com.termux/files/home/ubuntu/flutteruser/flutterapps/fluvi-balance-wave-defaults/test/features/dashboard/application/dashboard_core_query_application_test.dart: RED: decorative summary text motion does not strand committed ready-ahead
07:58 +452: /data/data/com.termux/files/home/ubuntu/flutteruser/flutterapps/fluvi-balance-wave-defaults/test/features/dashboard/application/dashboard_core_query_application_test.dart: an aborted accepted Apply releases the route-sensitive speculative boundary
07:59 +453: /data/data/com.termux/files/home/ubuntu/flutteruser/flutterapps/fluvi-balance-wave-defaults/test/features/dashboard/application/dashboard_core_query_application_test.dart: income and expense applied queries remain independent across selection
08:02 +454: All tests passed!
