   Woah! You appear to be trying to run flutter as root.
   We strongly recommend running the flutter tool without superuser privileges.
  /
📎
+10: /data/data/com.termux/files/home/ubuntu/flutteruser/flutterapps/fluvi-e8-milestone-time-window-avatar-first-load-codex-20260909/test/features/dashboard/presentation/budget_category_avatar_rail_test.dart: a distribution route uses the existing rail preview for every cyclic crossing
Carousel fling: raw=0.0px/s, effective=0.0px/s, itemExtent=58.00, speed=0.00 items/s, band=nearest, maxStep=0, projected=0, target=0, delta=0
Carousel fling: raw=0.0px/s, effective=0.0px/s, itemExtent=58.00, speed=0.00 items/s, band=nearest, maxStep=0, projected=100000, target=100000, delta=0
Carousel fling: raw=0.0px/s, effective=0.0px/s, itemExtent=58.00, speed=0.00 items/s, band=nearest, maxStep=0, projected=99997, target=99997, delta=0
Carousel fling: raw=0.0px/s, effective=0.0px/s, itemExtent=58.00, speed=0.00 items/s, band=nearest, maxStep=0, projected=100000, target=100000, delta=0
+11: /data/data/com.termux/files/home/ubuntu/flutteruser/flutterapps/fluvi-e8-milestone-time-window-avatar-first-load-codex-20260909/test/features/dashboard/presentation/budget_category_avatar_rail_test.dart: RED BUDGET LIMIT TARGET IDENTITY: a visually centred Avatar cannot start an edit for a stale presentation target
Carousel fling: raw=0.0px/s, effective=0.0px/s, itemExtent=58.00, speed=0.00 items/s, band=nearest, maxStep=0, projected=0, target=0, delta=0
Carousel fling: raw=0.0px/s, effective=0.0px/s, itemExtent=58.00, speed=0.00 items/s, band=nearest, maxStep=0, projected=100000, target=100000, delta=0
Carousel fling: raw=0.0px/s, effective=0.0px/s, itemExtent=58.00, speed=0.00 items/s, band=nearest, maxStep=0, projected=100001, target=100001, delta=0
+14: /data/data/com.termux/files/home/ubuntu/flutteruser/flutterapps/fluvi-e8-milestone-time-window-avatar-first-load-codex-20260909/test/features/dashboard/presentation/budget_category_avatar_rail_test.dart: RED BUDGET LIMIT TARGET IDENTITY: a visually centred Avatar cannot start an edit for a stale presentation target
Carousel fling: raw=0.0px/s, effective=0.0px/s, itemExtent=58.00, speed=0.00 items/s, band=nearest, maxStep=0, projected=100001, target=100001, delta=0
+15: /data/data/com.termux/files/home/ubuntu/flutteruser/flutterapps/fluvi-e8-milestone-time-window-avatar-first-load-codex-20260909/test/features/dashboard/presentation/budget_category_avatar_rail_test.dart: RED BUDGET LIMIT TARGET IDENTITY: a visually centred Avatar cannot start an edit for a stale presentation target
Carousel fling: raw=0.0px/s, effective=0.0px/s, itemExtent=58.00, speed=0.00 items/s, band=nearest, maxStep=0, projected=100001, target=100001, delta=0
+16: /data/data/com.termux/files/home/ubuntu/flutteruser/flutterapps/fluvi-e8-milestone-time-window-avatar-first-load-codex-20260909/test/features/dashboard/presentation/budget_category_avatar_rail_test.dart: Budget limit chrome remains visible and target-coherent through a selected Avatar edit
Carousel fling: raw=0.0px/s, effective=0.0px/s, itemExtent=58.00, speed=0.00 items/s, band=nearest, maxStep=0, projected=0, target=0, delta=0
Carousel fling: raw=0.0px/s, effective=0.0px/s, itemExtent=58.00, speed=0.00 items/s, band=nearest, maxStep=0, projected=100000, target=100000, delta=0
Carousel fling: raw=0.0px/s, effective=0.0px/s, itemExtent=58.00, speed=0.00 items/s, band=nearest, maxStep=0, projected=100000, target=100000, delta=0
Carousel fling: raw=0.0px/s, effective=0.0px/s, itemExtent=58.00, speed=0.00 items/s, band=nearest, maxStep=0, projected=100000, target=100000, delta=0
+17: /data/data/com.termux/files/home/ubuntu/flutteruser/flutterapps/fluvi-e8-milestone-time-window-avatar-first-load-codex-20260909/test/features/dashboard/presentation/budget_category_avatar_rail_test.dart: RED REENTRANT-AVATAR: background hotset readiness never absorbs direct input
Carousel fling: raw=0.0px/s, effective=0.0px/s, itemExtent=58.00, speed=0.00 items/s, band=nearest, maxStep=0, projected=0, target=0, delta=0
Carousel fling: raw=0.0px/s, effective=0.0px/s, itemExtent=58.00, speed=0.00 items/s, band=nearest, maxStep=0, projected=100000, target=100000, delta=0
Carousel fling: raw=-0.0px/s, effective=-0.0px/s, itemExtent=58.00, speed=-0.00 items/s, band=nearest, maxStep=0, projected=100002, target=100002, delta=0
Carousel snap: stiffness=175.0, settle=1088ms
Carousel fling: raw=0.0px/s, effective=0.0px/s, itemExtent=58.00, speed=0.00 items/s, band=nearest, maxStep=0, projected=100002, target=100002, delta=0
Carousel fling: raw=-0.0px/s, effective=-0.0px/s, itemExtent=58.00, speed=-0.00 items/s, band=nearest, maxStep=0, projected=100000, target=100000, delta=0
Carousel snap: stiffness=175.0, settle=1088ms
Carousel fling: raw=0.0px/s, effective=0.0px/s, itemExtent=58.00, speed=0.00 items/s, band=nearest, maxStep=0, projected=100000, target=100000, delta=0
Carousel fling: raw=-0.0px/s, effective=-0.0px/s, itemExtent=58.00, speed=-0.00 items/s, band=nearest, maxStep=0, projected=100002, target=100002, delta=0
Carousel snap: stiffness=175.0, settle=1088ms
Carousel fling: raw=0.0px/s, effective=0.0px/s, itemExtent=58.00, speed=0.00 items/s, band=nearest, maxStep=0, projected=100002, target=100002, delta=0
Carousel fling: raw=-0.0px/s, effective=-0.0px/s, itemExtent=58.00, speed=-0.00 items/s, band=nearest, maxStep=0, projected=100000, target=100000, delta=0
Carousel snap: stiffness=175.0, settle=1088ms
Carousel fling: raw=0.0px/s, effective=0.0px/s, itemExtent=58.00, speed=0.00 items/s, band=nearest, maxStep=0, projected=100000, target=100000, delta=0
Carousel fling: raw=-0.0px/s, effective=-0.0px/s, itemExtent=58.00, speed=-0.00 items/s, band=nearest, maxStep=0, projected=100002, target=100002, delta=0
Carousel snap: stiffness=175.0, settle=1088ms
+19: /data/data/com.termux/files/home/ubuntu/flutteruser/flutterapps/fluvi-e8-milestone-time-window-avatar-first-load-codex-20260909/test/features/dashboard/presentation/budget_category_avatar_rail_test.dart: RED REENTRANT-AVATAR: background hotset readiness never absorbs direct input
Carousel fling: raw=0.0px/s, effective=0.0px/s, itemExtent=58.00, speed=0.00 items/s, band=nearest, maxStep=0, projected=100002, target=100002, delta=0
Carousel fling: raw=-0.0px/s, effective=-0.0px/s, itemExtent=58.00, speed=-0.00 items/s, band=nearest, maxStep=0, projected=100000, target=100000, delta=0
Carousel snap: stiffness=175.0, settle=1088ms
Carousel fling: raw=0.0px/s, effective=0.0px/s, itemExtent=58.00, speed=0.00 items/s, band=nearest, maxStep=0, projected=100000, target=100000, delta=0
Carousel fling: raw=-0.0px/s, effective=-0.0px/s, itemExtent=58.00, speed=-0.00 items/s, band=nearest, maxStep=0, projected=100002, target=100002, delta=0
Carousel snap: stiffness=175.0, settle=1088ms
Carousel fling: raw=0.0px/s, effective=0.0px/s, itemExtent=58.00, speed=0.00 items/s, band=nearest, maxStep=0, projected=100002, target=100002, delta=0
Carousel fling: raw=-0.0px/s, effective=-0.0px/s, itemExtent=58.00, speed=-0.00 items/s, band=nearest, maxStep=0, projected=100000, target=100000, delta=0
Carousel snap: stiffness=175.0, settle=1088ms
Carousel fling: raw=0.0px/s, effective=0.0px/s, itemExtent=58.00, speed=0.00 items/s, band=nearest, maxStep=0, projected=100000, target=100000, delta=0
Carousel fling: raw=-0.0px/s, effective=-0.0px/s, itemExtent=58.00, speed=-0.00 items/s, band=nearest, maxStep=0, projected=100002, target=100002, delta=0
Carousel snap: stiffness=175.0, settle=1088ms
Carousel fling: raw=0.0px/s, effective=0.0px/s, itemExtent=58.00, speed=0.00 items/s, band=nearest, maxStep=0, projected=100002, target=100002, delta=0
Carousel fling: raw=-0.0px/s, effective=-0.0px/s, itemExtent=58.00, speed=-0.00 items/s, band=nearest, maxStep=0, projected=100000, target=100000, delta=0
Carousel snap: stiffness=175.0, settle=1088ms
Carousel fling: raw=0.0px/s, effective=0.0px/s, itemExtent=58.00, speed=0.00 items/s, band=nearest, maxStep=0, projected=100000, target=100000, delta=0
Carousel fling: raw=-0.0px/s, effective=-0.0px/s, itemExtent=58.00, speed=-0.00 items/s, band=nearest, maxStep=0, projected=100002, target=100002, delta=0
Carousel snap: stiffness=175.0, settle=1088ms
Carousel fling: raw=0.0px/s, effective=0.0px/s, itemExtent=58.00, speed=0.00 items/s, band=nearest, maxStep=0, projected=100002, target=100002, delta=0
Carousel fling: raw=-0.0px/s, effective=-0.0px/s, itemExtent=58.00, speed=-0.00 items/s, band=nearest, maxStep=0, projected=100000, target=100000, delta=0
Carousel snap: stiffness=175.0, settle=1088ms
Carousel fling: raw=0.0px/s, effective=0.0px/s, itemExtent=58.00, speed=0.00 items/s, band=nearest, maxStep=0, projected=100000, target=100000, delta=0
Carousel fling: raw=-0.0px/s, effective=-0.0px/s, itemExtent=58.00, speed=-0.00 items/s, band=nearest, maxStep=0, projected=100002, target=100002, delta=0
Carousel snap: stiffness=175.0, settle=1088ms
Carousel fling: raw=0.0px/s, effective=0.0px/s, itemExtent=58.00, speed=0.00 items/s, band=nearest, maxStep=0, projected=100002, target=100002, delta=0
Carousel fling: raw=-0.0px/s, effective=-0.0px/s, itemExtent=58.00, speed=-0.00 items/s, band=nearest, maxStep=0, projected=100000, target=100000, delta=0
Carousel snap: stiffness=175.0, settle=1088ms
+22: /data/data/com.termux/files/home/ubuntu/flutteruser/flutterapps/fluvi-e8-milestone-time-window-avatar-first-load-codex-20260909/test/features/dashboard/presentation/budget_category_avatar_rail_test.dart: RED REENTRANT-AVATAR: background hotset readiness never absorbs direct input
Carousel fling: raw=0.0px/s, effective=0.0px/s, itemExtent=58.00, speed=0.00 items/s, band=nearest, maxStep=0, projected=100000, target=100000, delta=0
Carousel fling: raw=-0.0px/s, effective=-0.0px/s, itemExtent=58.00, speed=-0.00 items/s, band=nearest, maxStep=0, projected=100002, target=100002, delta=0
Carousel snap: stiffness=175.0, settle=1088ms
Carousel fling: raw=0.0px/s, effective=0.0px/s, itemExtent=58.00, speed=0.00 items/s, band=nearest, maxStep=0, projected=100002, target=100002, delta=0
Carousel fling: raw=-0.0px/s, effective=-0.0px/s, itemExtent=58.00, speed=-0.00 items/s, band=nearest, maxStep=0, projected=100000, target=100000, delta=0
Carousel snap: stiffness=175.0, settle=1088ms
Carousel fling: raw=0.0px/s, effective=0.0px/s, itemExtent=58.00, speed=0.00 items/s, band=nearest, maxStep=0, projected=100000, target=100000, delta=0
Carousel fling: raw=-0.0px/s, effective=-0.0px/s, itemExtent=58.00, speed=-0.00 items/s, band=nearest, maxStep=0, projected=100002, target=100002, delta=0
Carousel snap: stiffness=175.0, settle=1088ms
Carousel fling: raw=0.0px/s, effective=0.0px/s, itemExtent=58.00, speed=0.00 items/s, band=nearest, maxStep=0, projected=100002, target=100002, delta=0
Carousel fling: raw=-0.0px/s, effective=-0.0px/s, itemExtent=58.00, speed=-0.00 items/s, band=nearest, maxStep=0, projected=100000, target=100000, delta=0
Carousel snap: stiffness=175.0, settle=1088ms
Carousel fling: raw=0.0px/s, effective=0.0px/s, itemExtent=58.00, speed=0.00 items/s, band=nearest, maxStep=0, projected=100000, target=100000, delta=0
Carousel fling: raw=-0.0px/s, effective=-0.0px/s, itemExtent=58.00, speed=-0.00 items/s, band=nearest, maxStep=0, projected=100002, target=100002, delta=0
Carousel snap: stiffness=175.0, settle=1088ms
Carousel fling: raw=0.0px/s, effective=0.0px/s, itemExtent=58.00, speed=0.00 items/s, band=nearest, maxStep=0, projected=100002, target=100002, delta=0
Carousel fling: raw=-0.0px/s, effective=-0.0px/s, itemExtent=58.00, speed=-0.00 items/s, band=nearest, maxStep=0, projected=100000, target=100000, delta=0
Carousel snap: stiffness=175.0, settle=1088ms
Carousel fling: raw=0.0px/s, effective=0.0px/s, itemExtent=58.00, speed=0.00 items/s, band=nearest, maxStep=0, projected=100000, target=100000, delta=0
+23: /data/data/com.termux/files/home/ubuntu/flutteruser/flutterapps/fluvi-e8-milestone-time-window-avatar-first-load-codex-20260909/test/features/dashboard/presentation/budget_category_avatar_rail_test.dart: RED: real Avatar ballistic motion does not lock direct Summary input
Carousel fling: raw=0.0px/s, effective=0.0px/s, itemExtent=58.00, speed=0.00 items/s, band=nearest, maxStep=0, projected=0, target=0, delta=0
Carousel fling: raw=0.0px/s, effective=0.0px/s, itemExtent=59.00, speed=0.00 items/s, band=nearest, maxStep=0, projected=0, target=0, delta=0
Carousel fling: raw=0.0px/s, effective=0.0px/s, itemExtent=59.00, speed=0.00 items/s, band=nearest, maxStep=0, projected=0, target=0, delta=0
Carousel fling: raw=0.0px/s, effective=0.0px/s, itemExtent=59.00, speed=0.00 items/s, band=nearest, maxStep=0, projected=0, target=0, delta=0
Carousel fling: raw=0.0px/s, effective=0.0px/s, itemExtent=58.00, speed=0.00 items/s, band=nearest, maxStep=0, projected=100000, target=100000, delta=0
Carousel fling: raw=0.0px/s, effective=0.0px/s, itemExtent=59.00, speed=0.00 items/s, band=nearest, maxStep=0, projected=100000, target=100000, delta=0
Carousel fling: raw=0.0px/s, effective=0.0px/s, itemExtent=59.00, speed=0.00 items/s, band=nearest, maxStep=0, projected=100000, target=100000, delta=0
Carousel fling: raw=0.0px/s, effective=0.0px/s, itemExtent=59.00, speed=0.00 items/s, band=nearest, maxStep=0, projected=100000, target=100000, delta=0
+24: /data/data/com.termux/files/home/ubuntu/flutteruser/flutterapps/fluvi-e8-milestone-time-window-avatar-first-load-codex-20260909/test/features/dashboard/presentation/budget_category_avatar_rail_test.dart: RED: real Avatar ballistic motion does not lock direct Summary input
Carousel fling: raw=2600.0px/s, effective=1716.0px/s, itemExtent=58.00, speed=29.59 items/s, band=max-5, maxStep=5, projected=100023, target=100014, delta=5
Carousel snap: stiffness=340.0, settle=1024ms
Carousel fling: raw=-2500.0px/s, effective=-1650.0px/s, itemExtent=59.00, speed=-27.97 items/s, band=max-5, maxStep=5, projected=99984, target=99993, delta=-5
Carousel snap: stiffness=340.0, settle=1008ms
Carousel fling: raw=-0.0px/s, effective=-0.0px/s, itemExtent=58.00, speed=-0.00 items/s, band=nearest, maxStep=0, projected=100007, target=100007, delta=0
Carousel snap: stiffness=175.0, settle=1040ms
Carousel fling: raw=0.0px/s, effective=0.0px/s, itemExtent=59.00, speed=0.00 items/s, band=nearest, maxStep=0, projected=99993, target=99993, delta=0
Carousel fling: raw=0.0px/s, effective=0.0px/s, itemExtent=58.00, speed=0.00 items/s, band=nearest, maxStep=0, projected=100007, target=100007, delta=0
+25: /data/data/com.termux/files/home/ubuntu/flutteruser/flutterapps/fluvi-e8-milestone-time-window-avatar-first-load-codex-20260909/test/features/dashboard/presentation/budget_category_avatar_rail_test.dart: RG-G2: Avatar raw pointer preempts maintenance before the carousel starts a semantic crossing
Carousel fling: raw=0.0px/s, effective=0.0px/s, itemExtent=58.00, speed=0.00 items/s, band=nearest, maxStep=0, projected=0, target=0, delta=0
Carousel fling: raw=0.0px/s, effective=0.0px/s, itemExtent=58.00, speed=0.00 items/s, band=nearest, maxStep=0, projected=100000, target=100000, delta=0
Carousel fling: raw=-0.0px/s, effective=-0.0px/s, itemExtent=58.00, speed=-0.00 items/s, band=nearest, maxStep=0, projected=100000, target=100000, delta=0
+26: /data/data/com.termux/files/home/ubuntu/flutteruser/flutterapps/fluvi-e8-milestone-time-window-avatar-first-load-codex-20260909/test/features/dashboard/presentation/budget_category_avatar_rail_test.dart: a user fling keeps preview live and still reports its final settled target
Carousel fling: raw=0.0px/s, effective=0.0px/s, itemExtent=58.00, speed=0.00 items/s, band=nearest, maxStep=0, projected=0, target=0, delta=0
Carousel fling: raw=0.0px/s, effective=0.0px/s, itemExtent=58.00, speed=0.00 items/s, band=nearest, maxStep=0, projected=100000, target=100000, delta=0
Carousel fling: raw=2200.0px/s, effective=1452.0px/s, itemExtent=58.00, speed=25.03 items/s, band=max-5, maxStep=5, projected=100016, target=100008, delta=5
Carousel snap: stiffness=340.0, settle=1008ms
Carousel fling: raw=0.0px/s, effective=0.0px/s, itemExtent=58.00, speed=0.00 items/s, band=nearest, maxStep=0, projected=100008, target=100008, delta=0
+27: /data/data/com.termux/files/home/ubuntu/flutteruser/flutterapps/fluvi-e8-milestone-time-window-avatar-first-load-codex-20260909/test/features/dashboard/presentation/budget_category_avatar_rail_test.dart: POST-DF1 DIAG: a ballistic Avatar crossing records typed accepted publication before settle
Carousel fling: raw=0.0px/s, effective=0.0px/s, itemExtent=58.00, speed=0.00 items/s, band=nearest, maxStep=0, projected=0, target=0, delta=0
Carousel fling: raw=0.0px/s, effective=0.0px/s, itemExtent=58.00, speed=0.00 items/s, band=nearest, maxStep=0, projected=100000, target=100000, delta=0
Carousel fling: raw=2600.0px/s, effective=1716.0px/s, itemExtent=58.00, speed=29.59 items/s, band=max-5, maxStep=5, projected=100022, target=100012, delta=5
Carousel snap: stiffness=340.0, settle=1024ms
Carousel fling: raw=0.0px/s, effective=0.0px/s, itemExtent=58.00, speed=0.00 items/s, band=nearest, maxStep=0, projected=100012, target=100012, delta=0
+28: /data/data/com.termux/files/home/ubuntu/flutteruser/flutterapps/fluvi-e8-milestone-time-window-avatar-first-load-codex-20260909/test/features/dashboard/presentation/budget_category_avatar_rail_test.dart: E8M: an Avatar admission exception retains bounded typed source evidence
Carousel fling: raw=0.0px/s, effective=0.0px/s, itemExtent=58.00, speed=0.00 items/s, band=nearest, maxStep=0, projected=0, target=0, delta=0
Carousel fling: raw=0.0px/s, effective=0.0px/s, itemExtent=58.00, speed=0.00 items/s, band=nearest, maxStep=0, projected=100000, target=100000, delta=0
Carousel fling: raw=2200.0px/s, effective=1452.0px/s, itemExtent=58.00, speed=25.03 items/s, band=max-5, maxStep=5, projected=100016, target=100008, delta=5
Carousel snap: stiffness=340.0, settle=1008ms
+29: /data/data/com.termux/files/home/ubuntu/flutteruser/flutterapps/fluvi-e8-milestone-time-window-avatar-first-load-codex-20260909/test/features/dashboard/presentation/budget_category_avatar_rail_test.dart: Avatar flight marks a terminal paint as pending and reconciles a late exact Phase-A paint
Carousel fling: raw=0.0px/s, effective=0.0px/s, itemExtent=58.00, speed=0.00 items/s, band=nearest, maxStep=0, projected=0, target=0, delta=0
Carousel fling: raw=0.0px/s, effective=0.0px/s, itemExtent=58.00, speed=0.00 items/s, band=nearest, maxStep=0, projected=100000, target=100000, delta=0
Carousel fling: raw=2600.0px/s, effective=1716.0px/s, itemExtent=58.00, speed=29.59 items/s, band=max-5, maxStep=5, projected=100022, target=100012, delta=5
Carousel snap: stiffness=340.0, settle=1024ms
Carousel fling: raw=0.0px/s, effective=0.0px/s, itemExtent=58.00, speed=0.00 items/s, band=nearest, maxStep=0, projected=100012, target=100012, delta=0
+30: /data/data/com.termux/files/home/ubuntu/flutteruser/flutterapps/fluvi-e8-milestone-time-window-avatar-first-load-codex-20260909/test/features/dashboard/presentation/budget_category_avatar_rail_test.dart: RED FPA: first Avatar target records the bounded pointer-to-exact-paint pipeline
Carousel fling: raw=0.0px/s, effective=0.0px/s, itemExtent=58.00, speed=0.00 items/s, band=nearest, maxStep=0, projected=0, target=0, delta=0
Carousel fling: raw=0.0px/s, effective=0.0px/s, itemExtent=58.00, speed=0.00 items/s, band=nearest, maxStep=0, projected=100000, target=100000, delta=0
Carousel fling: raw=-0.0px/s, effective=-0.0px/s, itemExtent=58.00, speed=-0.00 items/s, band=nearest, maxStep=0, projected=100001, target=100001, delta=0
Carousel snap: stiffness=175.0, settle=1008ms
+31: /data/data/com.termux/files/home/ubuntu/flutteruser/flutterapps/fluvi-e8-milestone-time-window-avatar-first-load-codex-20260909/test/features/dashboard/presentation/budget_category_avatar_rail_test.dart: RED: a retained exact Avatar paint is accounted when a same-target preview is accepted
Carousel fling: raw=0.0px/s, effective=0.0px/s, itemExtent=58.00, speed=0.00 items/s, band=nearest, maxStep=0, projected=0, target=0, delta=0
Carousel fling: raw=0.0px/s, effective=0.0px/s, itemExtent=58.00, speed=0.00 items/s, band=nearest, maxStep=0, projected=100000, target=100000, delta=0
+32: /data/data/com.termux/files/home/ubuntu/flutteruser/flutterapps/fluvi-e8-milestone-time-window-avatar-first-load-codex-20260909/test/features/dashboard/presentation/budget_category_avatar_rail_test.dart: RED: a retained exact Avatar paint is accounted when a same-target preview is accepted
Carousel fling: raw=2599.9px/s, effective=1716.0px/s, itemExtent=58.00, speed=29.59 items/s, band=max-5, maxStep=5, projected=100018, target=100008, delta=5
Carousel snap: stiffness=340.0, settle=1024ms
+34: /data/data/com.termux/files/home/ubuntu/flutteruser/flutterapps/fluvi-e8-milestone-time-window-avatar-first-load-codex-20260909/test/features/dashboard/presentation/budget_category_avatar_rail_test.dart: RED POST-df1: Avatar settle cannot become the first visible publication while its exact paint is pending
Carousel fling: raw=0.0px/s, effective=0.0px/s, itemExtent=58.00, speed=0.00 items/s, band=nearest, maxStep=0, projected=0, target=0, delta=0
Carousel fling: raw=0.0px/s, effective=0.0px/s, itemExtent=58.00, speed=0.00 items/s, band=nearest, maxStep=0, projected=100000, target=100000, delta=0
+35: /data/data/com.termux/files/home/ubuntu/flutteruser/flutterapps/fluvi-e8-milestone-time-window-avatar-first-load-codex-20260909/test/features/dashboard/presentation/budget_category_avatar_rail_test.dart: RED POST-df1: Avatar settle cannot become the first visible publication while its exact paint is pending
Carousel fling: raw=2600.0px/s, effective=1716.0px/s, itemExtent=58.00, speed=29.59 items/s, band=max-5, maxStep=5, projected=100022, target=100012, delta=5
Carousel snap: stiffness=340.0, settle=1024ms
+42: /data/data/com.termux/files/home/ubuntu/flutteruser/flutterapps/fluvi-e8-milestone-time-window-avatar-first-load-codex-20260909/test/features/dashboard/presentation/budget_category_avatar_rail_test.dart: RED POST-df1: Avatar settle cannot become the first visible publication while its exact paint is pending
Carousel fling: raw=0.0px/s, effective=0.0px/s, itemExtent=58.00, speed=0.00 items/s, band=nearest, maxStep=0, projected=100012, target=100012, delta=0
+43: /data/data/com.termux/files/home/ubuntu/flutteruser/flutterapps/fluvi-e8-milestone-time-window-avatar-first-load-codex-20260909/test/features/dashboard/presentation/budget_category_avatar_rail_test.dart: POST-DF1 RED: twenty Avatar next-frame re-entries retain direct live publication
Carousel fling: raw=0.0px/s, effective=0.0px/s, itemExtent=58.00, speed=0.00 items/s, band=nearest, maxStep=0, projected=0, target=0, delta=0
Carousel fling: raw=0.0px/s, effective=0.0px/s, itemExtent=58.00, speed=0.00 items/s, band=nearest, maxStep=0, projected=100000, target=100000, delta=0
Carousel fling: raw=2600.0px/s, effective=1716.0px/s, itemExtent=58.00, speed=29.59 items/s, band=max-5, maxStep=5, projected=100022, target=100012, delta=5
Carousel snap: stiffness=340.0, settle=1024ms
Carousel fling: raw=-0.0px/s, effective=-0.0px/s, itemExtent=58.00, speed=-0.00 items/s, band=nearest, maxStep=0, projected=100011, target=100011, delta=0
Carousel snap: stiffness=175.0, settle=1120ms
Carousel fling: raw=-2600.0px/s, effective=-1716.0px/s, itemExtent=58.00, speed=-29.59 items/s, band=max-5, maxStep=5, projected=99989, target=99998, delta=-5
Carousel snap: stiffness=340.0, settle=1024ms
Carousel fling: raw=-0.0px/s, effective=-0.0px/s, itemExtent=58.00, speed=-0.00 items/s, band=nearest, maxStep=0, projected=100007, target=100007, delta=0
Carousel snap: stiffness=175.0, settle=1024ms
Carousel fling: raw=2600.0px/s, effective=1716.0px/s, itemExtent=58.00, speed=29.59 items/s, band=max-5, maxStep=5, projected=100029, target=100019, delta=5
Carousel snap: stiffness=340.0, settle=1008ms
Carousel fling: raw=-0.0px/s, effective=-0.0px/s, itemExtent=58.00, speed=-0.00 items/s, band=nearest, maxStep=0, projected=100018, target=100018, delta=0
Carousel snap: stiffness=175.0, settle=1040ms
Carousel fling: raw=-2600.0px/s, effective=-1716.0px/s, itemExtent=58.00, speed=-29.59 items/s, band=max-5, maxStep=5, projected=99996, target=100006, delta=-5
Carousel snap: stiffness=340.0, settle=1024ms
Carousel fling: raw=-0.0px/s, effective=-0.0px/s, itemExtent=58.00, speed=-0.00 items/s, band=nearest, maxStep=0, projected=100015, target=100015, delta=0
Carousel snap: stiffness=175.0, settle=1088ms
Carousel fling: raw=2600.0px/s, effective=1716.0px/s, itemExtent=58.00, speed=29.59 items/s, band=max-5, maxStep=5, projected=100037, target=100027, delta=5
Carousel snap: stiffness=340.0, settle=1024ms
Carousel fling: raw=-0.0px/s, effective=-0.0px/s, itemExtent=58.00, speed=-0.00 items/s, band=nearest, maxStep=0, projected=100026, target=100026, delta=0
Carousel snap: stiffness=175.0, settle=1072ms
Carousel fling: raw=-2600.0px/s, effective=-1716.0px/s, itemExtent=58.00, speed=-29.59 items/s, band=max-5, maxStep=5, projected=100004, target=100014, delta=-5
Carousel snap: stiffness=340.0, settle=1008ms
Carousel fling: raw=-0.0px/s, effective=-0.0px/s, itemExtent=58.00, speed=-0.00 items/s, band=nearest, maxStep=0, projected=100022, target=100022, delta=0
Carousel snap: stiffness=175.0, settle=1104ms
Carousel fling: raw=2600.0px/s, effective=1716.0px/s, itemExtent=58.00, speed=29.59 items/s, band=max-5, maxStep=5, projected=100044, target=100035, delta=5
Carousel snap: stiffness=340.0, settle=1024ms
Carousel fling: raw=-0.0px/s, effective=-0.0px/s, itemExtent=58.00, speed=-0.00 items/s, band=nearest, maxStep=0, projected=100033, target=100033, delta=0
Carousel snap: stiffness=175.0, settle=1120ms
Carousel fling: raw=-2600.0px/s, effective=-1716.0px/s, itemExtent=58.00, speed=-29.59 items/s, band=max-5, maxStep=5, projected=100011, target=100021, delta=-5
Carousel snap: stiffness=340.0, settle=1024ms
Carousel fling: raw=-0.0px/s, effective=-0.0px/s, itemExtent=58.00, speed=-0.00 items/s, band=nearest, maxStep=0, projected=100030, target=100030, delta=0
Carousel snap: stiffness=175.0, settle=976ms
Carousel fling: raw=2600.0px/s, effective=1716.0px/s, itemExtent=58.00, speed=29.59 items/s, band=max-5, maxStep=5, projected=100052, target=100042, delta=5
Carousel snap: stiffness=340.0, settle=1024ms
Carousel fling: raw=-0.0px/s, effective=-0.0px/s, itemExtent=58.00, speed=-0.00 items/s, band=nearest, maxStep=0, projected=100041, target=100041, delta=0
Carousel snap: stiffness=175.0, settle=912ms
Carousel fling: raw=-2600.0px/s, effective=-1716.0px/s, itemExtent=58.00, speed=-29.59 items/s, band=max-5, maxStep=5, projected=100019, target=100029, delta=-5
Carousel snap: stiffness=340.0, settle=1008ms
Carousel fling: raw=-0.0px/s, effective=-0.0px/s, itemExtent=58.00, speed=-0.00 items/s, band=nearest, maxStep=0, projected=100037, target=100037, delta=0
Carousel snap: stiffness=175.0, settle=1152ms
Carousel fling: raw=2600.0px/s, effective=1716.0px/s, itemExtent=58.00, speed=29.59 items/s, band=max-5, maxStep=5, projected=100060, target=100050, delta=5
Carousel snap: stiffness=340.0, settle=1024ms
Carousel fling: raw=-0.0px/s, effective=-0.0px/s, itemExtent=58.00, speed=-0.00 items/s, band=nearest, maxStep=0, projected=100049, target=100049, delta=0
Carousel snap: stiffness=175.0, settle=1136ms
Carousel fling: raw=-2600.0px/s, effective=-1716.0px/s, itemExtent=58.00, speed=-29.59 items/s, band=max-5, maxStep=5, projected=100027, target=100036, delta=-5
Carousel snap: stiffness=340.0, settle=1024ms
Carousel fling: raw=-0.0px/s, effective=-0.0px/s, itemExtent=58.00, speed=-0.00 items/s, band=nearest, maxStep=0, projected=100045, target=100045, delta=0
Carousel snap: stiffness=175.0, settle=960ms
Carousel fling: raw=2600.0px/s, effective=1716.0px/s, itemExtent=58.00, speed=29.59 items/s, band=max-5, maxStep=5, projected=100067, target=100057, delta=5
Carousel snap: stiffness=340.0, settle=1008ms
+44: /data/data/com.termux/files/home/ubuntu/flutteruser/flutterapps/fluvi-e8-milestone-time-window-avatar-first-load-codex-20260909/test/features/dashboard/presentation/budget_category_avatar_rail_test.dart: POST-DF1 RED: twenty Avatar next-frame re-entries retain direct live publication
Carousel fling: raw=-0.0px/s, effective=-0.0px/s, itemExtent=58.00, speed=-0.00 items/s, band=nearest, maxStep=0, projected=100056, target=100056, delta=0
Carousel snap: stiffness=175.0, settle=992ms
Carousel fling: raw=-2600.0px/s, effective=-1716.0px/s, itemExtent=58.00, speed=-29.59 items/s, band=max-5, maxStep=5, projected=100034, target=100044, delta=-5
Carousel snap: stiffness=340.0, settle=1024ms
Carousel fling: raw=-0.0px/s, effective=-0.0px/s, itemExtent=58.00, speed=-0.00 items/s, band=nearest, maxStep=0, projected=100053, target=100053, delta=0
Carousel snap: stiffness=175.0, settle=1104ms
+45: /data/data/com.termux/files/home/ubuntu/flutteruser/flutterapps/fluvi-e8-milestone-time-window-avatar-first-load-codex-20260909/test/features/dashboard/presentation/budget_category_avatar_rail_test.dart: POST-DF1 RED: twenty Avatar next-frame re-entries retain direct live publication
Carousel fling: raw=2600.0px/s, effective=1716.0px/s, itemExtent=58.00, speed=29.59 items/s, band=max-5, maxStep=5, projected=100075, target=100065, delta=5
Carousel snap: stiffness=340.0, settle=1024ms
Carousel fling: raw=-0.0px/s, effective=-0.0px/s, itemExtent=58.00, speed=-0.00 items/s, band=nearest, maxStep=0, projected=100064, target=100064, delta=0
Carousel snap: stiffness=175.0, settle=1088ms
Carousel fling: raw=-2600.0px/s, effective=-1716.0px/s, itemExtent=58.00, speed=-29.59 items/s, band=max-5, maxStep=5, projected=100042, target=100051, delta=-5
Carousel snap: stiffness=340.0, settle=1024ms
Carousel fling: raw=-0.0px/s, effective=-0.0px/s, itemExtent=58.00, speed=-0.00 items/s, band=nearest, maxStep=0, projected=100060, target=100060, delta=0
Carousel snap: stiffness=175.0, settle=1072ms
+46: /data/data/com.termux/files/home/ubuntu/flutteruser/flutterapps/fluvi-e8-milestone-time-window-avatar-first-load-codex-20260909/test/features/dashboard/presentation/budget_category_avatar_rail_test.dart: POST-DF1 RED: twenty Avatar next-frame re-entries retain direct live publication
Carousel fling: raw=2600.0px/s, effective=1716.0px/s, itemExtent=58.00, speed=29.59 items/s, band=max-5, maxStep=5, projected=100082, target=100072, delta=5
Carousel snap: stiffness=340.0, settle=1008ms
+47: /data/data/com.termux/files/home/ubuntu/flutteruser/flutterapps/fluvi-e8-milestone-time-window-avatar-first-load-codex-20260909/test/features/dashboard/presentation/budget_category_avatar_rail_test.dart: POST-DF1 RED: twenty Avatar next-frame re-entries retain direct live publication
Carousel fling: raw=-0.0px/s, effective=-0.0px/s, itemExtent=58.00, speed=-0.00 items/s, band=nearest, maxStep=0, projected=100071, target=100071, delta=0
Carousel snap: stiffness=175.0, settle=1088ms
Carousel fling: raw=-2600.0px/s, effective=-1716.0px/s, itemExtent=58.00, speed=-29.59 items/s, band=max-5, maxStep=5, projected=100049, target=100059, delta=-5
Carousel snap: stiffness=340.0, settle=1024ms
Carousel fling: raw=-0.0px/s, effective=-0.0px/s, itemExtent=58.00, speed=-0.00 items/s, band=nearest, maxStep=0, projected=100068, target=100068, delta=0
Carousel snap: stiffness=175.0, settle=1024ms
Carousel fling: raw=2600.0px/s, effective=1716.0px/s, itemExtent=58.00, speed=29.59 items/s, band=max-5, maxStep=5, projected=100090, target=100080, delta=5
Carousel snap: stiffness=340.0, settle=1024ms
Carousel fling: raw=-0.0px/s, effective=-0.0px/s, itemExtent=58.00, speed=-0.00 items/s, band=nearest, maxStep=0, projected=100079, target=100079, delta=0
Carousel snap: stiffness=175.0, settle=1008ms
Carousel fling: raw=-2600.0px/s, effective=-1716.0px/s, itemExtent=58.00, speed=-29.59 items/s, band=max-5, maxStep=5, projected=100057, target=100067, delta=-5
Carousel snap: stiffness=340.0, settle=1008ms
Carousel fling: raw=-0.0px/s, effective=-0.0px/s, itemExtent=58.00, speed=-0.00 items/s, band=nearest, maxStep=0, projected=100075, target=100075, delta=0
Carousel snap: stiffness=175.0, settle=1136ms
+48: /data/data/com.termux/files/home/ubuntu/flutteruser/flutterapps/fluvi-e8-milestone-time-window-avatar-first-load-codex-20260909/test/features/dashboard/presentation/budget_category_avatar_rail_test.dart: a direct avatar tap commits only after its programmatic settle
Carousel fling: raw=0.0px/s, effective=0.0px/s, itemExtent=58.00, speed=0.00 items/s, band=nearest, maxStep=0, projected=0, target=0, delta=0
Carousel fling: raw=0.0px/s, effective=0.0px/s, itemExtent=58.00, speed=0.00 items/s, band=nearest, maxStep=0, projected=100000, target=100000, delta=0
Carousel fling: raw=0.0px/s, effective=0.0px/s, itemExtent=58.00, speed=0.00 items/s, band=nearest, maxStep=0, projected=100001, target=100001, delta=0
+49: /data/data/com.termux/files/home/ubuntu/flutteruser/flutterapps/fluvi-e8-milestone-time-window-avatar-first-load-codex-20260909/test/features/dashboard/presentation/budget_category_avatar_rail_test.dart: an explicit pie command retains its one existing committed handoff
Carousel fling: raw=0.0px/s, effective=0.0px/s, itemExtent=58.00, speed=0.00 items/s, band=nearest, maxStep=0, projected=0, target=0, delta=0
Carousel fling: raw=0.0px/s, effective=0.0px/s, itemExtent=58.00, speed=0.00 items/s, band=nearest, maxStep=0, projected=100000, target=100000, delta=0
Carousel fling: raw=0.0px/s, effective=0.0px/s, itemExtent=58.00, speed=0.00 items/s, band=nearest, maxStep=0, projected=100001, target=100001, delta=0
+59: /data/data/com.termux/files/home/ubuntu/flutteruser/flutterapps/fluvi-e8-milestone-time-window-avatar-first-load-codex-20260909/test/features/dashboard/presentation/budget_category_avatar_rail_test.dart: a stationary long press keeps the presentation rail bound before release or persistence
Carousel fling: raw=0.0px/s, effective=0.0px/s, itemExtent=58.00, speed=0.00 items/s, band=nearest, maxStep=0, projected=0, target=0, delta=0
Carousel fling: raw=0.0px/s, effective=0.0px/s, itemExtent=58.00, speed=0.00 items/s, band=nearest, maxStep=0, projected=100000, target=100000, delta=0
+60: /data/data/com.termux/files/home/ubuntu/flutteruser/flutterapps/fluvi-e8-milestone-time-window-avatar-first-load-codex-20260909/test/features/dashboard/presentation/budget_category_avatar_rail_test.dart: a stationary long press keeps the presentation rail bound before release or persistence
Carousel fling: raw=0.0px/s, effective=0.0px/s, itemExtent=58.00, speed=0.00 items/s, band=nearest, maxStep=0, projected=100000, target=100000, delta=0
+61: /data/data/com.termux/files/home/ubuntu/flutteruser/flutterapps/fluvi-e8-milestone-time-window-avatar-first-load-codex-20260909/test/features/dashboard/presentation/budget_category_avatar_rail_test.dart: the outer visible selected shell starts press feedback on the first pointer down
Carousel fling: raw=0.0px/s, effective=0.0px/s, itemExtent=58.00, speed=0.00 items/s, band=nearest, maxStep=0, projected=0, target=0, delta=0
Carousel fling: raw=0.0px/s, effective=0.0px/s, itemExtent=58.00, speed=0.00 items/s, band=nearest, maxStep=0, projected=100000, target=100000, delta=0
Carousel fling: raw=0.0px/s, effective=0.0px/s, itemExtent=58.00, speed=0.00 items/s, band=nearest, maxStep=0, projected=100000, target=100000, delta=0
+62: /data/data/com.termux/files/home/ubuntu/flutteruser/flutterapps/fluvi-e8-milestone-time-window-avatar-first-load-codex-20260909/test/features/dashboard/presentation/budget_category_avatar_rail_test.dart: a horizontal drag from the expanded selected surface remains carousel-owned
Carousel fling: raw=0.0px/s, effective=0.0px/s, itemExtent=58.00, speed=0.00 items/s, band=nearest, maxStep=0, projected=0, target=0, delta=0
Carousel fling: raw=0.0px/s, effective=0.0px/s, itemExtent=58.00, speed=0.00 items/s, band=nearest, maxStep=0, projected=100000, target=100000, delta=0
Carousel fling: raw=2200.0px/s, effective=1452.0px/s, itemExtent=58.00, speed=25.03 items/s, band=max-5, maxStep=5, projected=100019, target=100012, delta=5
Carousel snap: stiffness=340.0, settle=1024ms
Carousel fling: raw=0.0px/s, effective=0.0px/s, itemExtent=58.00, speed=0.00 items/s, band=nearest, maxStep=0, projected=100012, target=100012, delta=0
+63: /data/data/com.termux/files/home/ubuntu/flutteruser/flutterapps/fluvi-e8-milestone-time-window-avatar-first-load-codex-20260909/test/features/dashboard/presentation/budget_category_avatar_rail_test.dart: aggregate target is first and uses prepared source artwork
Carousel fling: raw=0.0px/s, effective=0.0px/s, itemExtent=58.00, speed=0.00 items/s, band=nearest, maxStep=0, projected=0, target=0, delta=0
Carousel fling: raw=0.0px/s, effective=0.0px/s, itemExtent=58.00, speed=0.00 items/s, band=nearest, maxStep=0, projected=100000, target=100000, delta=0
+64: /data/data/com.termux/files/home/ubuntu/flutteruser/flutterapps/fluvi-e8-milestone-time-window-avatar-first-load-codex-20260909/test/features/dashboard/presentation/budget_category_avatar_rail_test.dart: zero real categories still leaves the aggregate target
Carousel fling: raw=0.0px/s, effective=0.0px/s, itemExtent=58.00, speed=0.00 items/s, band=nearest, maxStep=0, projected=0, target=0, delta=0
Carousel fling: raw=0.0px/s, effective=0.0px/s, itemExtent=58.00, speed=0.00 items/s, band=nearest, maxStep=0, projected=100000, target=100000, delta=0
+65: /data/data/com.termux/files/home/ubuntu/flutteruser/flutterapps/fluvi-e8-milestone-time-window-avatar-first-load-codex-20260909/test/features/dashboard/presentation/budget_category_avatar_rail_test.dart: income aggregate uses the exact prepared banknote artwork
Carousel fling: raw=0.0px/s, effective=0.0px/s, itemExtent=58.00, speed=0.00 items/s, band=nearest, maxStep=0, projected=0, target=0, delta=0
Carousel fling: raw=0.0px/s, effective=0.0px/s, itemExtent=58.00, speed=0.00 items/s, band=nearest, maxStep=0, projected=100000, target=100000, delta=0
+66: /data/data/com.termux/files/home/ubuntu/flutteruser/flutterapps/fluvi-e8-milestone-time-window-avatar-first-load-codex-20260909/test/features/dashboard/presentation/budget_category_avatar_rail_test.dart: tap centers a category through shared carousel motion
Carousel fling: raw=0.0px/s, effective=0.0px/s, itemExtent=58.00, speed=0.00 items/s, band=nearest, maxStep=0, projected=0, target=0, delta=0
Carousel fling: raw=0.0px/s, effective=0.0px/s, itemExtent=58.00, speed=0.00 items/s, band=nearest, maxStep=0, projected=100000, target=100000, delta=0
Carousel fling: raw=0.0px/s, effective=0.0px/s, itemExtent=58.00, speed=0.00 items/s, band=nearest, maxStep=0, projected=100001, target=100001, delta=0
+67: /data/data/com.termux/files/home/ubuntu/flutteruser/flutterapps/fluvi-e8-milestone-time-window-avatar-first-load-codex-20260909/test/features/dashboard/presentation/budget_category_avatar_rail_test.dart: an unavailable selected limit paints no selection shell
Carousel fling: raw=0.0px/s, effective=0.0px/s, itemExtent=58.00, speed=0.00 items/s, band=nearest, maxStep=0, projected=0, target=0, delta=0
Carousel fling: raw=0.0px/s, effective=0.0px/s, itemExtent=58.00, speed=0.00 items/s, band=nearest, maxStep=0, projected=100000, target=100000, delta=0
Carousel fling: raw=2200.0px/s, effective=1452.0px/s, itemExtent=58.00, speed=25.03 items/s, band=max-5, maxStep=5, projected=100019, target=100012, delta=5
Carousel snap: stiffness=340.0, settle=1024ms
Carousel fling: raw=0.0px/s, effective=0.0px/s, itemExtent=58.00, speed=0.00 items/s, band=nearest, maxStep=0, projected=100012, target=100012, delta=0
+68: /data/data/com.termux/files/home/ubuntu/flutteruser/flutterapps/fluvi-e8-milestone-time-window-avatar-first-load-codex-20260909/test/features/dashboard/presentation/budget_category_avatar_rail_test.dart: RG-G1: selected Avatar accepts the first long press through a transient Header projection gap
Carousel fling: raw=0.0px/s, effective=0.0px/s, itemExtent=58.00, speed=0.00 items/s, band=nearest, maxStep=0, projected=0, target=0, delta=0
Carousel fling: raw=0.0px/s, effective=0.0px/s, itemExtent=58.00, speed=0.00 items/s, band=nearest, maxStep=0, projected=100000, target=100000, delta=0
Carousel fling: raw=0.0px/s, effective=0.0px/s, itemExtent=58.00, speed=0.00 items/s, band=nearest, maxStep=0, projected=100000, target=100000, delta=0
Carousel fling: raw=0.0px/s, effective=0.0px/s, itemExtent=58.00, speed=0.00 items/s, band=nearest, maxStep=0, projected=100000, target=100000, delta=0
+69: /data/data/com.termux/files/home/ubuntu/flutteruser/flutterapps/fluvi-e8-milestone-time-window-avatar-first-load-codex-20260909/test/features/dashboard/presentation/budget_category_avatar_rail_test.dart: RG-G1: an active Avatar draft survives a same-target prepared-frame gap and releases its newest value
Carousel fling: raw=0.0px/s, effective=0.0px/s, itemExtent=58.00, speed=0.00 items/s, band=nearest, maxStep=0, projected=0, target=0, delta=0
Carousel fling: raw=0.0px/s, effective=0.0px/s, itemExtent=58.00, speed=0.00 items/s, band=nearest, maxStep=0, projected=100000, target=100000, delta=0
Carousel fling: raw=0.0px/s, effective=0.0px/s, itemExtent=58.00, speed=0.00 items/s, band=nearest, maxStep=0, projected=100000, target=100000, delta=0
+73: /data/data/com.termux/files/home/ubuntu/flutteruser/flutterapps/fluvi-e8-milestone-time-window-avatar-first-load-codex-20260909/test/features/dashboard/presentation/budget_category_avatar_rail_test.dart: FPA: the production Avatar rail correlates Budget progress build and paint with its current target
Carousel fling: raw=0.0px/s, effective=0.0px/s, itemExtent=58.00, speed=0.00 items/s, band=nearest, maxStep=0, projected=0, target=0, delta=0
Carousel fling: raw=0.0px/s, effective=0.0px/s, itemExtent=58.00, speed=0.00 items/s, band=nearest, maxStep=0, projected=100000, target=100000, delta=0
+74: /data/data/com.termux/files/home/ubuntu/flutteruser/flutterapps/fluvi-e8-milestone-time-window-avatar-first-load-codex-20260909/test/features/dashboard/presentation/budget_category_avatar_rail_test.dart: FPA: two successive production Avatar targets receive distinct current Budget progress paint acknowledgements
Carousel fling: raw=0.0px/s, effective=0.0px/s, itemExtent=58.00, speed=0.00 items/s, band=nearest, maxStep=0, projected=0, target=0, delta=0
Carousel fling: raw=0.0px/s, effective=0.0px/s, itemExtent=58.00, speed=0.00 items/s, band=nearest, maxStep=0, projected=100000, target=100000, delta=0
Carousel fling: raw=0.0px/s, effective=0.0px/s, itemExtent=58.00, speed=0.00 items/s, band=nearest, maxStep=0, projected=100001, target=100001, delta=0
+109: /data/data/com.termux/files/home/ubuntu/flutteruser/flutterapps/fluvi-e8-milestone-time-window-avatar-first-load-codex-20260909/test/features/dashboard/presentation/core_dashboard_geometry_golden_test.dart: balance expanded core geometry matches golden
Carousel fling: raw=0.0px/s, effective=0.0px/s, itemExtent=77.20, speed=0.00 items/s, band=nearest, maxStep=0, projected=0, target=0, delta=0
+109: /data/data/com.termux/files/home/ubuntu/flutteruser/flutterapps/fluvi-e8-milestone-time-window-avatar-first-load-codex-20260909/test/features/dashboard/presentation/core_dashboard_mode_navigation_test.dart: header mode navigation preserves shared dashboard and LogBox owners without runtime reads
Carousel fling: raw=0.0px/s, effective=0.0px/s, itemExtent=77.20, speed=0.00 items/s, band=nearest, maxStep=0, projected=0, target=0, delta=0
+109: /data/data/com.termux/files/home/ubuntu/flutteruser/flutterapps/fluvi-e8-milestone-time-window-avatar-first-load-codex-20260909/test/features/dashboard/presentation/core_dashboard_geometry_golden_test.dart: balance expanded core geometry matches golden
Carousel fling: raw=0.0px/s, effective=0.0px/s, itemExtent=77.20, speed=0.00 items/s, band=nearest, maxStep=0, projected=100000, target=100000, delta=0
+109: /data/data/com.termux/files/home/ubuntu/flutteruser/flutterapps/fluvi-e8-milestone-time-window-avatar-first-load-codex-20260909/test/features/dashboard/presentation/core_dashboard_mode_navigation_test.dart: header mode navigation preserves shared dashboard and LogBox owners without runtime reads
Carousel fling: raw=0.0px/s, effective=0.0px/s, itemExtent=77.20, speed=0.00 items/s, band=nearest, maxStep=0, projected=100000, target=100000, delta=0
+109: /data/data/com.termux/files/home/ubuntu/flutteruser/flutterapps/fluvi-e8-milestone-time-window-avatar-first-load-codex-20260909/test/features/dashboard/presentation/core_dashboard_geometry_golden_test.dart: balance expanded core geometry matches golden
══╡ EXCEPTION CAUGHT BY FLUTTER TEST FRAMEWORK ╞════════════════════════════════════════════════════
The following assertion was thrown while running async test code:
Golden "../../../goldens/core_dashboard_expanded.png": Pixel test failed, 6.44%, 23653px diff
detected.
Failure feedback can be found at
/data/data/com.termux/files/home/ubuntu/flutteruser/flutterapps/fluvi-e8-milestone-time-window-avatar-first-load-codex-20260909/test/features/dashboard/presentation/failures

When the exception was thrown, this was the stack:
#0      LocalFileComparator.compare (package:flutter_test/src/_goldens_io.dart:108:5)
<asynchronous suspension>
#1      MatchesGoldenFile.matchAsync.<anonymous closure> (package:flutter_test/src/_matchers_io.dart:124:32)
<asynchronous suspension>
<asynchronous suspension>
#3      _expect.<anonymous closure> (package:matcher/src/expect/expect.dart:153:17)
<asynchronous suspension>
<asynchronous suspension>
#5      expectLater.<anonymous closure> (package:flutter_test/src/widget_tester.dart:508:19)
<asynchronous suspension>
#6      main.<anonymous closure> (file:///data/data/com.termux/files/home/ubuntu/flutteruser/flutterapps/fluvi-e8-milestone-time-window-avatar-first-load-codex-20260909/test/features/dashboard/presentation/core_dashboard_geometry_golden_test.dart:22:7)
<asynchronous suspension>
#7      testWidgets.<anonymous closure>.<anonymous closure> (package:flutter_test/src/widget_tester.dart:192:15)
<asynchronous suspension>
#8      TestWidgetsFlutterBinding._runTestBody (package:flutter_test/src/binding.dart:1682:5)
<asynchronous suspension>
<asynchronous suspension>
(elided 3 frames from dart:async and package:stack_trace)

The exception was caught asynchronously.
════════════════════════════════════════════════════════════════════════════════════════════════════
+109 -1: /data/data/com.termux/files/home/ubuntu/flutteruser/flutterapps/fluvi-e8-milestone-time-window-avatar-first-load-codex-20260909/test/features/dashboard/presentation/core_dashboard_geometry_golden_test.dart: balance expanded core geometry matches golden [E]
  Test failed. See exception logs above.
  The test description was: balance expanded core geometry matches golden
  
+109 -1: /data/data/com.termux/files/home/ubuntu/flutteruser/flutterapps/fluvi-e8-milestone-time-window-avatar-first-load-codex-20260909/test/features/dashboard/presentation/core_dashboard_mode_navigation_test.dart: header mode navigation preserves shared dashboard and LogBox owners without runtime reads
Carousel fling: raw=0.0px/s, effective=0.0px/s, itemExtent=58.00, speed=0.00 items/s, band=nearest, maxStep=0, projected=0, target=0, delta=0
Carousel fling: raw=0.0px/s, effective=0.0px/s, itemExtent=58.00, speed=0.00 items/s, band=nearest, maxStep=0, projected=100000, target=100000, delta=0
Carousel fling: raw=0.0px/s, effective=0.0px/s, itemExtent=58.00, speed=0.00 items/s, band=nearest, maxStep=0, projected=0, target=0, delta=0
Carousel fling: raw=0.0px/s, effective=0.0px/s, itemExtent=58.00, speed=0.00 items/s, band=nearest, maxStep=0, projected=100000, target=100000, delta=0
Carousel fling: raw=0.0px/s, effective=0.0px/s, itemExtent=58.00, speed=0.00 items/s, band=nearest, maxStep=0, projected=0, target=0, delta=0
Carousel fling: raw=0.0px/s, effective=0.0px/s, itemExtent=58.00, speed=0.00 items/s, band=nearest, maxStep=0, projected=100000, target=100000, delta=0
+109 -1: /data/data/com.termux/files/home/ubuntu/flutteruser/flutterapps/fluvi-e8-milestone-time-window-avatar-first-load-codex-20260909/test/features/dashboard/presentation/core_dashboard_geometry_golden_test.dart: balance collapsed Ledger geometry matches golden
Carousel fling: raw=0.0px/s, effective=0.0px/s, itemExtent=77.20, speed=0.00 items/s, band=nearest, maxStep=0, projected=0, target=0, delta=0
+109 -1: /data/data/com.termux/files/home/ubuntu/flutteruser/flutterapps/fluvi-e8-milestone-time-window-avatar-first-load-codex-20260909/test/features/dashboard/presentation/core_dashboard_mode_navigation_test.dart: header mode navigation preserves shared dashboard and LogBox owners without runtime reads
Carousel fling: raw=0.0px/s, effective=0.0px/s, itemExtent=58.00, speed=0.00 items/s, band=nearest, maxStep=0, projected=0, target=0, delta=0
Carousel fling: raw=0.0px/s, effective=0.0px/s, itemExtent=58.00, speed=0.00 items/s, band=nearest, maxStep=0, projected=100000, target=100000, delta=0
+109 -1: /data/data/com.termux/files/home/ubuntu/flutteruser/flutterapps/fluvi-e8-milestone-time-window-avatar-first-load-codex-20260909/test/features/dashboard/presentation/core_dashboard_geometry_golden_test.dart: balance collapsed Ledger geometry matches golden
Carousel fling: raw=0.0px/s, effective=0.0px/s, itemExtent=77.20, speed=0.00 items/s, band=nearest, maxStep=0, projected=100000, target=100000, delta=0
+109 -1: /data/data/com.termux/files/home/ubuntu/flutteruser/flutterapps/fluvi-e8-milestone-time-window-avatar-first-load-codex-20260909/test/features/dashboard/presentation/core_dashboard_mode_navigation_test.dart: header mode navigation preserves shared dashboard and LogBox owners without runtime reads
Carousel fling: raw=0.0px/s, effective=0.0px/s, itemExtent=58.00, speed=0.00 items/s, band=nearest, maxStep=0, projected=0, target=0, delta=0
Carousel fling: raw=0.0px/s, effective=0.0px/s, itemExtent=58.00, speed=0.00 items/s, band=nearest, maxStep=0, projected=100000, target=100000, delta=0
Carousel fling: raw=0.0px/s, effective=0.0px/s, itemExtent=58.00, speed=0.00 items/s, band=nearest, maxStep=0, projected=0, target=0, delta=0
Carousel fling: raw=0.0px/s, effective=0.0px/s, itemExtent=58.00, speed=0.00 items/s, band=nearest, maxStep=0, projected=100000, target=100000, delta=0
+109 -1: /data/data/com.termux/files/home/ubuntu/flutteruser/flutterapps/fluvi-e8-milestone-time-window-avatar-first-load-codex-20260909/test/features/dashboard/presentation/core_dashboard_geometry_golden_test.dart: balance collapsed Ledger geometry matches golden
══╡ EXCEPTION CAUGHT BY FLUTTER TEST FRAMEWORK ╞════════════════════════════════════════════════════
The following assertion was thrown while running async test code:
Golden "../../../goldens/core_dashboard_collapsed.png": Pixel test failed, 7.56%, 27789px diff
detected.
Failure feedback can be found at
/data/data/com.termux/files/home/ubuntu/flutteruser/flutterapps/fluvi-e8-milestone-time-window-avatar-first-load-codex-20260909/test/features/dashboard/presentation/failures

When the exception was thrown, this was the stack:
#0      LocalFileComparator.compare (package:flutter_test/src/_goldens_io.dart:108:5)
<asynchronous suspension>
#1      MatchesGoldenFile.matchAsync.<anonymous closure> (package:flutter_test/src/_matchers_io.dart:124:32)
<asynchronous suspension>
<asynchronous suspension>
#3      _expect.<anonymous closure> (package:matcher/src/expect/expect.dart:153:17)
<asynchronous suspension>
<asynchronous suspension>
#5      expectLater.<anonymous closure> (package:flutter_test/src/widget_tester.dart:508:19)
<asynchronous suspension>
#6      main.<anonymous closure> (file:///data/data/com.termux/files/home/ubuntu/flutteruser/flutterapps/fluvi-e8-milestone-time-window-avatar-first-load-codex-20260909/test/features/dashboard/presentation/core_dashboard_geometry_golden_test.dart:38:7)
<asynchronous suspension>
#7      testWidgets.<anonymous closure>.<anonymous closure> (package:flutter_test/src/widget_tester.dart:192:15)
<asynchronous suspension>
#8      TestWidgetsFlutterBinding._runTestBody (package:flutter_test/src/binding.dart:1682:5)
<asynchronous suspension>
<asynchronous suspension>
(elided 3 frames from dart:async and package:stack_trace)

The exception was caught asynchronously.
════════════════════════════════════════════════════════════════════════════════════════════════════
+109 -2: /data/data/com.termux/files/home/ubuntu/flutteruser/flutterapps/fluvi-e8-milestone-time-window-avatar-first-load-codex-20260909/test/features/dashboard/presentation/core_dashboard_geometry_golden_test.dart: balance collapsed Ledger geometry matches golden [E]
  Test failed. See exception logs above.
  The test description was: balance collapsed Ledger geometry matches golden
  
+109 -2: /data/data/com.termux/files/home/ubuntu/flutteruser/flutterapps/fluvi-e8-milestone-time-window-avatar-first-load-codex-20260909/test/features/dashboard/presentation/core_dashboard_mode_navigation_test.dart: header mode navigation preserves shared dashboard and LogBox owners without runtime reads
Carousel fling: raw=0.0px/s, effective=0.0px/s, itemExtent=58.00, speed=0.00 items/s, band=nearest, maxStep=0, projected=0, target=0, delta=0
Carousel fling: raw=0.0px/s, effective=0.0px/s, itemExtent=58.00, speed=0.00 items/s, band=nearest, maxStep=0, projected=100000, target=100000, delta=0
Carousel fling: raw=0.0px/s, effective=0.0px/s, itemExtent=58.00, speed=0.00 items/s, band=nearest, maxStep=0, projected=0, target=0, delta=0
Carousel fling: raw=0.0px/s, effective=0.0px/s, itemExtent=58.00, speed=0.00 items/s, band=nearest, maxStep=0, projected=100000, target=100000, delta=0
Carousel fling: raw=0.0px/s, effective=0.0px/s, itemExtent=58.00, speed=0.00 items/s, band=nearest, maxStep=0, projected=0, target=0, delta=0
Carousel fling: raw=0.0px/s, effective=0.0px/s, itemExtent=58.00, speed=0.00 items/s, band=nearest, maxStep=0, projected=100000, target=100000, delta=0
Carousel fling: raw=0.0px/s, effective=0.0px/s, itemExtent=58.00, speed=0.00 items/s, band=nearest, maxStep=0, projected=0, target=0, delta=0
Carousel fling: raw=0.0px/s, effective=0.0px/s, itemExtent=58.00, speed=0.00 items/s, band=nearest, maxStep=0, projected=100000, target=100000, delta=0
+110 -2: /data/data/com.termux/files/home/ubuntu/flutteruser/flutterapps/fluvi-e8-milestone-time-window-avatar-first-load-codex-20260909/test/features/dashboard/presentation/core_dashboard_geometry_golden_test.dart: budget expanded core geometry matches golden
Carousel fling: raw=0.0px/s, effective=0.0px/s, itemExtent=58.00, speed=0.00 items/s, band=nearest, maxStep=0, projected=0, target=0, delta=0
Carousel fling: raw=0.0px/s, effective=0.0px/s, itemExtent=77.20, speed=0.00 items/s, band=nearest, maxStep=0, projected=0, target=0, delta=0
Carousel fling: raw=0.0px/s, effective=0.0px/s, itemExtent=58.00, speed=0.00 items/s, band=nearest, maxStep=0, projected=100000, target=100000, delta=0
Carousel fling: raw=0.0px/s, effective=0.0px/s, itemExtent=77.20, speed=0.00 items/s, band=nearest, maxStep=0, projected=100000, target=100000, delta=0
+110 -2: /data/data/com.termux/files/home/ubuntu/flutteruser/flutterapps/fluvi-e8-milestone-time-window-avatar-first-load-codex-20260909/test/features/dashboard/presentation/core_dashboard_mode_navigation_test.dart: unaccepted horizontal input is inert and mode replacement has no trailing frames
Carousel fling: raw=0.0px/s, effective=0.0px/s, itemExtent=77.20, speed=0.00 items/s, band=nearest, maxStep=0, projected=0, target=0, delta=0
+110 -2: /data/data/com.termux/files/home/ubuntu/flutteruser/flutterapps/fluvi-e8-milestone-time-window-avatar-first-load-codex-20260909/test/features/dashboard/presentation/core_dashboard_geometry_golden_test.dart: budget expanded core geometry matches golden
══╡ EXCEPTION CAUGHT BY FLUTTER TEST FRAMEWORK ╞════════════════════════════════════════════════════
The following assertion was thrown while running async test code:
Golden "../../../goldens/core_dashboard_budget_expanded.png": Pixel test failed, 8.42%, 30936px diff
detected.
Failure feedback can be found at
/data/data/com.termux/files/home/ubuntu/flutteruser/flutterapps/fluvi-e8-milestone-time-window-avatar-first-load-codex-20260909/test/features/dashboard/presentation/failures

When the exception was thrown, this was the stack:
#0      LocalFileComparator.compare (package:flutter_test/src/_goldens_io.dart:108:5)
<asynchronous suspension>
#1      MatchesGoldenFile.matchAsync.<anonymous closure> (package:flutter_test/src/_matchers_io.dart:124:32)
<asynchronous suspension>
<asynchronous suspension>
#3      _expect.<anonymous closure> (package:matcher/src/expect/expect.dart:153:17)
<asynchronous suspension>
<asynchronous suspension>
#5      expectLater.<anonymous closure> (package:flutter_test/src/widget_tester.dart:508:19)
<asynchronous suspension>
#6      main.<anonymous closure> (file:///data/data/com.termux/files/home/ubuntu/flutteruser/flutterapps/fluvi-e8-milestone-time-window-avatar-first-load-codex-20260909/test/features/dashboard/presentation/core_dashboard_geometry_golden_test.dart:22:7)
<asynchronous suspension>
#7      testWidgets.<anonymous closure>.<anonymous closure> (package:flutter_test/src/widget_tester.dart:192:15)
<asynchronous suspension>
#8      TestWidgetsFlutterBinding._runTestBody (package:flutter_test/src/binding.dart:1682:5)
<asynchronous suspension>
<asynchronous suspension>
(elided 3 frames from dart:async and package:stack_trace)

The exception was caught asynchronously.
════════════════════════════════════════════════════════════════════════════════════════════════════
+110 -3: /data/data/com.termux/files/home/ubuntu/flutteruser/flutterapps/fluvi-e8-milestone-time-window-avatar-first-load-codex-20260909/test/features/dashboard/presentation/core_dashboard_geometry_golden_test.dart: budget expanded core geometry matches golden [E]
  Test failed. See exception logs above.
  The test description was: budget expanded core geometry matches golden
  
+110 -3: /data/data/com.termux/files/home/ubuntu/flutteruser/flutterapps/fluvi-e8-milestone-time-window-avatar-first-load-codex-20260909/test/features/dashboard/presentation/core_dashboard_mode_navigation_test.dart: unaccepted horizontal input is inert and mode replacement has no trailing frames
Carousel fling: raw=0.0px/s, effective=0.0px/s, itemExtent=77.20, speed=0.00 items/s, band=nearest, maxStep=0, projected=100000, target=100000, delta=0
Carousel fling: raw=0.0px/s, effective=0.0px/s, itemExtent=58.00, speed=0.00 items/s, band=nearest, maxStep=0, projected=0, target=0, delta=0
Carousel fling: raw=0.0px/s, effective=0.0px/s, itemExtent=58.00, speed=0.00 items/s, band=nearest, maxStep=0, projected=100000, target=100000, delta=0
+111 -3: /data/data/com.termux/files/home/ubuntu/flutteruser/flutterapps/fluvi-e8-milestone-time-window-avatar-first-load-codex-20260909/test/features/dashboard/presentation/core_dashboard_geometry_golden_test.dart: budget collapsed Ledger geometry matches golden
Carousel fling: raw=0.0px/s, effective=0.0px/s, itemExtent=58.00, speed=0.00 items/s, band=nearest, maxStep=0, projected=0, target=0, delta=0
Carousel fling: raw=0.0px/s, effective=0.0px/s, itemExtent=77.20, speed=0.00 items/s, band=nearest, maxStep=0, projected=0, target=0, delta=0
Carousel fling: raw=0.0px/s, effective=0.0px/s, itemExtent=58.00, speed=0.00 items/s, band=nearest, maxStep=0, projected=100000, target=100000, delta=0
Carousel fling: raw=0.0px/s, effective=0.0px/s, itemExtent=77.20, speed=0.00 items/s, band=nearest, maxStep=0, projected=100000, target=100000, delta=0
+111 -3: /data/data/com.termux/files/home/ubuntu/flutteruser/flutterapps/fluvi-e8-milestone-time-window-avatar-first-load-codex-20260909/test/features/dashboard/presentation/core_dashboard_mode_navigation_test.dart: vertical header expansion remains independent from runtime core-mode navigation
Carousel fling: raw=0.0px/s, effective=0.0px/s, itemExtent=77.20, speed=0.00 items/s, band=nearest, maxStep=0, projected=0, target=0, delta=0
Carousel fling: raw=0.0px/s, effective=0.0px/s, itemExtent=77.20, speed=0.00 items/s, band=nearest, maxStep=0, projected=100000, target=100000, delta=0
+111 -3: /data/data/com.termux/files/home/ubuntu/flutteruser/flutterapps/fluvi-e8-milestone-time-window-avatar-first-load-codex-20260909/test/features/dashboard/presentation/core_dashboard_geometry_golden_test.dart: budget collapsed Ledger geometry matches golden
Carousel fling: raw=0.0px/s, effective=0.0px/s, itemExtent=58.00, speed=0.00 items/s, band=nearest, maxStep=0, projected=100000, target=100000, delta=0
+111 -3: /data/data/com.termux/files/home/ubuntu/flutteruser/flutterapps/fluvi-e8-milestone-time-window-avatar-first-load-codex-20260909/test/features/dashboard/presentation/core_dashboard_mode_navigation_test.dart: vertical header expansion remains independent from runtime core-mode navigation
Carousel fling: raw=0.0px/s, effective=0.0px/s, itemExtent=58.00, speed=0.00 items/s, band=nearest, maxStep=0, projected=0, target=0, delta=0
Carousel fling: raw=0.0px/s, effective=0.0px/s, itemExtent=58.00, speed=0.00 items/s, band=nearest, maxStep=0, projected=100000, target=100000, delta=0
+112 -3: /data/data/com.termux/files/home/ubuntu/flutteruser/flutterapps/fluvi-e8-milestone-time-window-avatar-first-load-codex-20260909/test/features/dashboard/presentation/core_dashboard_geometry_golden_test.dart: budget collapsed Ledger geometry matches golden
══╡ EXCEPTION CAUGHT BY FLUTTER TEST FRAMEWORK ╞════════════════════════════════════════════════════
The following assertion was thrown while running async test code:
Golden "../../../goldens/core_dashboard_budget_collapsed.png": Pixel test failed, 9.37%, 34436px
diff detected.
Failure feedback can be found at
/data/data/com.termux/files/home/ubuntu/flutteruser/flutterapps/fluvi-e8-milestone-time-window-avatar-first-load-codex-20260909/test/features/dashboard/presentation/failures

When the exception was thrown, this was the stack:
#0      LocalFileComparator.compare (package:flutter_test/src/_goldens_io.dart:108:5)
<asynchronous suspension>
#1      MatchesGoldenFile.matchAsync.<anonymous closure> (package:flutter_test/src/_matchers_io.dart:124:32)
<asynchronous suspension>
<asynchronous suspension>
#3      _expect.<anonymous closure> (package:matcher/src/expect/expect.dart:153:17)
<asynchronous suspension>
<asynchronous suspension>
#5      expectLater.<anonymous closure> (package:flutter_test/src/widget_tester.dart:508:19)
<asynchronous suspension>
#6      main.<anonymous closure> (file:///data/data/com.termux/files/home/ubuntu/flutteruser/flutterapps/fluvi-e8-milestone-time-window-avatar-first-load-codex-20260909/test/features/dashboard/presentation/core_dashboard_geometry_golden_test.dart:38:7)
<asynchronous suspension>
#7      testWidgets.<anonymous closure>.<anonymous closure> (package:flutter_test/src/widget_tester.dart:192:15)
<asynchronous suspension>
#8      TestWidgetsFlutterBinding._runTestBody (package:flutter_test/src/binding.dart:1682:5)
<asynchronous suspension>
<asynchronous suspension>
(elided 3 frames from dart:async and package:stack_trace)

The exception was caught asynchronously.
════════════════════════════════════════════════════════════════════════════════════════════════════
+112 -4: /data/data/com.termux/files/home/ubuntu/flutteruser/flutterapps/fluvi-e8-milestone-time-window-avatar-first-load-codex-20260909/test/features/dashboard/presentation/core_dashboard_geometry_golden_test.dart: budget collapsed Ledger geometry matches golden [E]
  Test failed. See exception logs above.
  The test description was: budget collapsed Ledger geometry matches golden
  
+112 -4: /data/data/com.termux/files/home/ubuntu/flutteruser/flutterapps/fluvi-e8-milestone-time-window-avatar-first-load-codex-20260909/test/features/dashboard/presentation/core_dashboard_mode_navigation_test.dart: Budget card1 rail consumes the root category inventory without runtime reads or a core-mode gesture
Carousel fling: raw=0.0px/s, effective=0.0px/s, itemExtent=58.00, speed=0.00 items/s, band=nearest, maxStep=0, projected=0, target=0, delta=0
Carousel fling: raw=0.0px/s, effective=0.0px/s, itemExtent=77.20, speed=0.00 items/s, band=nearest, maxStep=0, projected=0, target=0, delta=0
Carousel fling: raw=0.0px/s, effective=0.0px/s, itemExtent=58.00, speed=0.00 items/s, band=nearest, maxStep=0, projected=100000, target=100000, delta=0
Carousel fling: raw=0.0px/s, effective=0.0px/s, itemExtent=77.20, speed=0.00 items/s, band=nearest, maxStep=0, projected=100000, target=100000, delta=0
+112 -4: /data/data/com.termux/files/home/ubuntu/flutteruser/flutterapps/fluvi-e8-milestone-time-window-avatar-first-load-codex-20260909/test/features/dashboard/presentation/core_dashboard_geometry_golden_test.dart: mind expanded core geometry matches golden
Carousel fling: raw=0.0px/s, effective=0.0px/s, itemExtent=77.20, speed=0.00 items/s, band=nearest, maxStep=0, projected=0, target=0, delta=0
+112 -4: /data/data/com.termux/files/home/ubuntu/flutteruser/flutterapps/fluvi-e8-milestone-time-window-avatar-first-load-codex-20260909/test/features/dashboard/presentation/core_dashboard_mode_navigation_test.dart: Budget card1 rail consumes the root category inventory without runtime reads or a core-mode gesture
Carousel fling: raw=2200.0px/s, effective=1452.0px/s, itemExtent=58.00, speed=25.03 items/s, band=max-5, maxStep=5, projected=100019, target=100012, delta=5
Carousel snap: stiffness=340.0, settle=1024ms
+112 -4: /data/data/com.termux/files/home/ubuntu/flutteruser/flutterapps/fluvi-e8-milestone-time-window-avatar-first-load-codex-20260909/test/features/dashboard/presentation/core_dashboard_geometry_golden_test.dart: mind expanded core geometry matches golden
Carousel fling: raw=0.0px/s, effective=0.0px/s, itemExtent=77.20, speed=0.00 items/s, band=nearest, maxStep=0, projected=100000, target=100000, delta=0
+112 -4: /data/data/com.termux/files/home/ubuntu/flutteruser/flutterapps/fluvi-e8-milestone-time-window-avatar-first-load-codex-20260909/test/features/dashboard/presentation/core_dashboard_mode_navigation_test.dart: Budget card1 rail consumes the root category inventory without runtime reads or a core-mode gesture
Carousel fling: raw=0.0px/s, effective=0.0px/s, itemExtent=58.00, speed=0.00 items/s, band=nearest, maxStep=0, projected=100012, target=100012, delta=0
+112 -4: /data/data/com.termux/files/home/ubuntu/flutteruser/flutterapps/fluvi-e8-milestone-time-window-avatar-first-load-codex-20260909/test/features/dashboard/presentation/core_dashboard_geometry_golden_test.dart: mind expanded core geometry matches golden
══╡ EXCEPTION CAUGHT BY FLUTTER TEST FRAMEWORK ╞════════════════════════════════════════════════════
The following assertion was thrown while running async test code:
Golden "../../../goldens/core_dashboard_mind_expanded.png": Pixel test failed, 25.95%, 95385px diff
detected.
Failure feedback can be found at
/data/data/com.termux/files/home/ubuntu/flutteruser/flutterapps/fluvi-e8-milestone-time-window-avatar-first-load-codex-20260909/test/features/dashboard/presentation/failures

When the exception was thrown, this was the stack:
#0      LocalFileComparator.compare (package:flutter_test/src/_goldens_io.dart:108:5)
<asynchronous suspension>
#1      MatchesGoldenFile.matchAsync.<anonymous closure> (package:flutter_test/src/_matchers_io.dart:124:32)
<asynchronous suspension>
<asynchronous suspension>
#3      _expect.<anonymous closure> (package:matcher/src/expect/expect.dart:153:17)
<asynchronous suspension>
<asynchronous suspension>
#5      expectLater.<anonymous closure> (package:flutter_test/src/widget_tester.dart:508:19)
<asynchronous suspension>
#6      main.<anonymous closure> (file:///data/data/com.termux/files/home/ubuntu/flutteruser/flutterapps/fluvi-e8-milestone-time-window-avatar-first-load-codex-20260909/test/features/dashboard/presentation/core_dashboard_geometry_golden_test.dart:22:7)
<asynchronous suspension>
#7      testWidgets.<anonymous closure>.<anonymous closure> (package:flutter_test/src/widget_tester.dart:192:15)
<asynchronous suspension>
#8      TestWidgetsFlutterBinding._runTestBody (package:flutter_test/src/binding.dart:1682:5)
<asynchronous suspension>
<asynchronous suspension>
(elided 3 frames from dart:async and package:stack_trace)

The exception was caught asynchronously.
════════════════════════════════════════════════════════════════════════════════════════════════════
+112 -5: /data/data/com.termux/files/home/ubuntu/flutteruser/flutterapps/fluvi-e8-milestone-time-window-avatar-first-load-codex-20260909/test/features/dashboard/presentation/core_dashboard_geometry_golden_test.dart: mind expanded core geometry matches golden [E]
  Test failed. See exception logs above.
  The test description was: mind expanded core geometry matches golden
  
+113 -5: /data/data/com.termux/files/home/ubuntu/flutteruser/flutterapps/fluvi-e8-milestone-time-window-avatar-first-load-codex-20260909/test/features/dashboard/presentation/core_dashboard_geometry_golden_test.dart: mind collapsed Ledger geometry matches golden
Carousel fling: raw=0.0px/s, effective=0.0px/s, itemExtent=77.20, speed=0.00 items/s, band=nearest, maxStep=0, projected=0, target=0, delta=0
Carousel fling: raw=0.0px/s, effective=0.0px/s, itemExtent=77.20, speed=0.00 items/s, band=nearest, maxStep=0, projected=100000, target=100000, delta=0
══╡ EXCEPTION CAUGHT BY FLUTTER TEST FRAMEWORK ╞════════════════════════════════════════════════════
The following assertion was thrown while running async test code:
Golden "../../../goldens/core_dashboard_mind_collapsed.png": Pixel test failed, 7.56%, 27789px diff
detected.
Failure feedback can be found at
/data/data/com.termux/files/home/ubuntu/flutteruser/flutterapps/fluvi-e8-milestone-time-window-avatar-first-load-codex-20260909/test/features/dashboard/presentation/failures

When the exception was thrown, this was the stack:
#0      LocalFileComparator.compare (package:flutter_test/src/_goldens_io.dart:108:5)
<asynchronous suspension>
#1      MatchesGoldenFile.matchAsync.<anonymous closure> (package:flutter_test/src/_matchers_io.dart:124:32)
<asynchronous suspension>
<asynchronous suspension>
#3      _expect.<anonymous closure> (package:matcher/src/expect/expect.dart:153:17)
<asynchronous suspension>
<asynchronous suspension>
#5      expectLater.<anonymous closure> (package:flutter_test/src/widget_tester.dart:508:19)
<asynchronous suspension>
#6      main.<anonymous closure> (file:///data/data/com.termux/files/home/ubuntu/flutteruser/flutterapps/fluvi-e8-milestone-time-window-avatar-first-load-codex-20260909/test/features/dashboard/presentation/core_dashboard_geometry_golden_test.dart:38:7)
<asynchronous suspension>
#7      testWidgets.<anonymous closure>.<anonymous closure> (package:flutter_test/src/widget_tester.dart:192:15)
<asynchronous suspension>
#8      TestWidgetsFlutterBinding._runTestBody (package:flutter_test/src/binding.dart:1682:5)
<asynchronous suspension>
<asynchronous suspension>
(elided 3 frames from dart:async and package:stack_trace)

The exception was caught asynchronously.
════════════════════════════════════════════════════════════════════════════════════════════════════
+113 -6: /data/data/com.termux/files/home/ubuntu/flutteruser/flutterapps/fluvi-e8-milestone-time-window-avatar-first-load-codex-20260909/test/features/dashboard/presentation/core_dashboard_geometry_golden_test.dart: mind collapsed Ledger geometry matches golden [E]
  Test failed. See exception logs above.
  The test description was: mind collapsed Ledger geometry matches golden
  
+116 -6: /data/data/com.termux/files/home/ubuntu/flutteruser/flutterapps/fluvi-e8-milestone-time-window-avatar-first-load-codex-20260909/test/features/dashboard/presentation/core_dashboard_test.dart: app shell renders the selected BNB-03 dashboard navigation
Carousel fling: raw=0.0px/s, effective=0.0px/s, itemExtent=77.20, speed=0.00 items/s, band=nearest, maxStep=0, projected=0, target=0, delta=0
+125 -6: /data/data/com.termux/files/home/ubuntu/flutteruser/flutterapps/fluvi-e8-milestone-time-window-avatar-first-load-codex-20260909/test/features/dashboard/presentation/core_dashboard_test.dart: app shell renders the selected BNB-03 dashboard navigation
Carousel fling: raw=0.0px/s, effective=0.0px/s, itemExtent=77.20, speed=0.00 items/s, band=nearest, maxStep=0, projected=100000, target=100000, delta=0
+129 -6: /data/data/com.termux/files/home/ubuntu/flutteruser/flutterapps/fluvi-e8-milestone-time-window-avatar-first-load-codex-20260909/test/features/dashboard/presentation/core_dashboard_test.dart: RED: app shell lets the LogBox viewport reach the physical bottom behind navigation
Carousel fling: raw=0.0px/s, effective=0.0px/s, itemExtent=77.20, speed=0.00 items/s, band=nearest, maxStep=0, projected=0, target=0, delta=0
Carousel fling: raw=0.0px/s, effective=0.0px/s, itemExtent=77.20, speed=0.00 items/s, band=nearest, maxStep=0, projected=100000, target=100000, delta=0
+134 -6: /data/data/com.termux/files/home/ubuntu/flutteruser/flutterapps/fluvi-e8-milestone-time-window-avatar-first-load-codex-20260909/test/features/dashboard/presentation/core_dashboard_test.dart: one CoreDashboard renders balance
Carousel fling: raw=0.0px/s, effective=0.0px/s, itemExtent=77.20, speed=0.00 items/s, band=nearest, maxStep=0, projected=0, target=0, delta=0
Carousel fling: raw=0.0px/s, effective=0.0px/s, itemExtent=77.20, speed=0.00 items/s, band=nearest, maxStep=0, projected=100000, target=100000, delta=0
+135 -6: /data/data/com.termux/files/home/ubuntu/flutteruser/flutterapps/fluvi-e8-milestone-time-window-avatar-first-load-codex-20260909/test/features/dashboard/presentation/core_dashboard_test.dart: one CoreDashboard renders budget
Carousel fling: raw=0.0px/s, effective=0.0px/s, itemExtent=58.00, speed=0.00 items/s, band=nearest, maxStep=0, projected=0, target=0, delta=0
Carousel fling: raw=0.0px/s, effective=0.0px/s, itemExtent=77.20, speed=0.00 items/s, band=nearest, maxStep=0, projected=0, target=0, delta=0
Carousel fling: raw=0.0px/s, effective=0.0px/s, itemExtent=58.00, speed=0.00 items/s, band=nearest, maxStep=0, projected=100000, target=100000, delta=0
Carousel fling: raw=0.0px/s, effective=0.0px/s, itemExtent=77.20, speed=0.00 items/s, band=nearest, maxStep=0, projected=100000, target=100000, delta=0
+149 -6: /data/data/com.termux/files/home/ubuntu/flutteruser/flutterapps/fluvi-e8-milestone-time-window-avatar-first-load-codex-20260909/test/features/dashboard/presentation/core_dashboard_test.dart: one CoreDashboard renders mind
Carousel fling: raw=0.0px/s, effective=0.0px/s, itemExtent=77.20, speed=0.00 items/s, band=nearest, maxStep=0, projected=0, target=0, delta=0
Carousel fling: raw=0.0px/s, effective=0.0px/s, itemExtent=77.20, speed=0.00 items/s, band=nearest, maxStep=0, projected=100000, target=100000, delta=0
+150 -6: /data/data/com.termux/files/home/ubuntu/flutteruser/flutterapps/fluvi-e8-milestone-time-window-avatar-first-load-codex-20260909/test/features/dashboard/presentation/core_dashboard_test.dart: RG-G5: Mind represents a genuinely unavailable canonical domain explicitly
Carousel fling: raw=0.0px/s, effective=0.0px/s, itemExtent=77.20, speed=0.00 items/s, band=nearest, maxStep=0, projected=0, target=0, delta=0
Carousel fling: raw=0.0px/s, effective=0.0px/s, itemExtent=77.20, speed=0.00 items/s, band=nearest, maxStep=0, projected=100000, target=100000, delta=0
+153 -6: /data/data/com.termux/files/home/ubuntu/flutteruser/flutterapps/fluvi-e8-milestone-time-window-avatar-first-load-codex-20260909/test/features/dashboard/presentation/core_dashboard_test.dart: Mind mounts the shared range when the applied Query facet loader becomes ready
Carousel fling: raw=0.0px/s, effective=0.0px/s, itemExtent=77.20, speed=0.00 items/s, band=nearest, maxStep=0, projected=0, target=0, delta=0
Carousel fling: raw=0.0px/s, effective=0.0px/s, itemExtent=77.20, speed=0.00 items/s, band=nearest, maxStep=0, projected=100000, target=100000, delta=0
+159 -6: /data/data/com.termux/files/home/ubuntu/flutteruser/flutterapps/fluvi-e8-milestone-time-window-avatar-first-load-codex-20260909/test/features/dashboard/presentation/core_dashboard_test.dart: MR-02: Mind renders an explicit retryable terminal range failure
Carousel fling: raw=0.0px/s, effective=0.0px/s, itemExtent=77.20, speed=0.00 items/s, band=nearest, maxStep=0, projected=0, target=0, delta=0
Carousel fling: raw=0.0px/s, effective=0.0px/s, itemExtent=77.20, speed=0.00 items/s, band=nearest, maxStep=0, projected=100000, target=100000, delta=0
+160 -7: /data/data/com.termux/files/home/ubuntu/flutteruser/flutterapps/fluvi-e8-milestone-time-window-avatar-first-load-codex-20260909/test/features/dashboard/presentation/dashboard_header_classic_reference_parity_test.dart: classic Header reference lane RED restores the eight historical shader IDs without an ABI revert [E]
  Expected: <14>
    Actual: <18>
  
  package:matcher                                                                                expect
  package:flutter_test/src/widget_tester.dart 473:18                                             expect
  test/features/dashboard/presentation/dashboard_header_classic_reference_parity_test.dart 20:9  main.<fn>.<fn>
  
+162 -7: /data/data/com.termux/files/home/ubuntu/flutteruser/flutterapps/fluvi-e8-milestone-time-window-avatar-first-load-codex-20260909/test/features/dashboard/presentation/core_dashboard_test.dart: Mind to Budget replays one new visible Budget epoch without an Avatar selection
Carousel fling: raw=0.0px/s, effective=0.0px/s, itemExtent=77.20, speed=0.00 items/s, band=nearest, maxStep=0, projected=0, target=0, delta=0
Carousel fling: raw=0.0px/s, effective=0.0px/s, itemExtent=77.20, speed=0.00 items/s, band=nearest, maxStep=0, projected=100000, target=100000, delta=0
Carousel fling: raw=0.0px/s, effective=0.0px/s, itemExtent=58.00, speed=0.00 items/s, band=nearest, maxStep=0, projected=0, target=0, delta=0
Carousel fling: raw=0.0px/s, effective=0.0px/s, itemExtent=58.00, speed=0.00 items/s, band=nearest, maxStep=0, projected=100000, target=100000, delta=0
Carousel fling: raw=0.0px/s, effective=0.0px/s, itemExtent=58.00, speed=0.00 items/s, band=nearest, maxStep=0, projected=0, target=0, delta=0
Carousel fling: raw=0.0px/s, effective=0.0px/s, itemExtent=58.00, speed=0.00 items/s, band=nearest, maxStep=0, projected=100000, target=100000, delta=0
+163 -7: /data/data/com.termux/files/home/ubuntu/flutteruser/flutterapps/fluvi-e8-milestone-time-window-avatar-first-load-codex-20260909/test/features/dashboard/presentation/core_dashboard_test.dart: keeps the SummaryPill amount while rendering Ledger count and SearchPill
Carousel fling: raw=0.0px/s, effective=0.0px/s, itemExtent=58.00, speed=0.00 items/s, band=nearest, maxStep=0, projected=0, target=0, delta=0
Carousel fling: raw=0.0px/s, effective=0.0px/s, itemExtent=77.20, speed=0.00 items/s, band=nearest, maxStep=0, projected=0, target=0, delta=0
+165 -7: /data/data/com.termux/files/home/ubuntu/flutteruser/flutterapps/fluvi-e8-milestone-time-window-avatar-first-load-codex-20260909/test/features/dashboard/presentation/core_dashboard_test.dart: keeps the SummaryPill amount while rendering Ledger count and SearchPill
Carousel fling: raw=0.0px/s, effective=0.0px/s, itemExtent=58.00, speed=0.00 items/s, band=nearest, maxStep=0, projected=100000, target=100000, delta=0
Carousel fling: raw=0.0px/s, effective=0.0px/s, itemExtent=77.20, speed=0.00 items/s, band=nearest, maxStep=0, projected=100000, target=100000, delta=0
+168 -7: /data/data/com.termux/files/home/ubuntu/flutteruser/flutterapps/fluvi-e8-milestone-time-window-avatar-first-load-codex-20260909/test/features/dashboard/presentation/core_dashboard_test.dart: keeps the SummaryPill amount while rendering Ledger count and SearchPill
Carousel fling: raw=0.0px/s, effective=0.0px/s, itemExtent=58.00, speed=0.00 items/s, band=nearest, maxStep=0, projected=100000, target=100000, delta=0
+177 -8: /data/data/com.termux/files/home/ubuntu/flutteruser/flutterapps/fluvi-e8-milestone-time-window-avatar-first-load-codex-20260909/test/features/dashboard/presentation/core_dashboard_test.dart: experimental SummaryPill variants transfer the physical rail footprint to Budget Card2
Carousel fling: raw=0.0px/s, effective=0.0px/s, itemExtent=58.00, speed=0.00 items/s, band=nearest, maxStep=0, projected=0, target=0, delta=0
+177 -8: /data/data/com.termux/files/home/ubuntu/flutteruser/flutterapps/fluvi-e8-milestone-time-window-avatar-first-load-codex-20260909/test/features/dashboard/presentation/dashboard_header_deep_drift_test.dart: Deep Drift production contract uses one per-fragment three-by-five cubic field after ripple displacement [E]
  RangeError (end): Invalid value: Not in inclusive range 20045..76037: -1
  dart:core                                                                          _StringBase.substring
  test/features/dashboard/presentation/dashboard_header_deep_drift_test.dart 346:34  main.<fn>.<fn>
  
+177 -8: /data/data/com.termux/files/home/ubuntu/flutteruser/flutterapps/fluvi-e8-milestone-time-window-avatar-first-load-codex-20260909/test/features/dashboard/presentation/core_dashboard_test.dart: experimental SummaryPill variants transfer the physical rail footprint to Budget Card2
Carousel fling: raw=0.0px/s, effective=0.0px/s, itemExtent=77.20, speed=0.00 items/s, band=nearest, maxStep=0, projected=0, target=0, delta=0
+177 -9: /data/data/com.termux/files/home/ubuntu/flutteruser/flutterapps/fluvi-e8-milestone-time-window-avatar-first-load-codex-20260909/test/features/dashboard/presentation/dashboard_header_deep_drift_test.dart: Deep Drift production contract uses an advected continuous carrier field so rotation is not the primary material grammar [E]
  RangeError (end): Invalid value: Not in inclusive range 20045..76037: -1
  dart:core                                                                          _StringBase.substring
  test/features/dashboard/presentation/dashboard_header_deep_drift_test.dart 369:34  main.<fn>.<fn>
  
+177 -10: /data/data/com.termux/files/home/ubuntu/flutteruser/flutterapps/fluvi-e8-milestone-time-window-avatar-first-load-codex-20260909/test/features/dashboard/presentation/dashboard_header_deep_drift_test.dart: Deep Drift production contract accumulates weighted depth before deriving one material colour [E]
  RangeError (end): Invalid value: Not in inclusive range 20045..76037: -1
  dart:core                                                                          _StringBase.substring
  test/features/dashboard/presentation/dashboard_header_deep_drift_test.dart 389:34  main.<fn>.<fn>
  
+178 -10: /data/data/com.termux/files/home/ubuntu/flutteruser/flutterapps/fluvi-e8-milestone-time-window-avatar-first-load-codex-20260909/test/features/dashboard/presentation/core_dashboard_test.dart: experimental SummaryPill variants transfer the physical rail footprint to Budget Card2
Carousel fling: raw=0.0px/s, effective=0.0px/s, itemExtent=58.00, speed=0.00 items/s, band=nearest, maxStep=0, projected=100000, target=100000, delta=0
Carousel fling: raw=0.0px/s, effective=0.0px/s, itemExtent=77.20, speed=0.00 items/s, band=nearest, maxStep=0, projected=100000, target=100000, delta=0
Carousel fling: raw=0.0px/s, effective=0.0px/s, itemExtent=59.00, speed=0.00 items/s, band=nearest, maxStep=0, projected=0, target=0, delta=0
Carousel fling: raw=0.0px/s, effective=0.0px/s, itemExtent=59.00, speed=0.00 items/s, band=nearest, maxStep=0, projected=0, target=0, delta=0
Carousel fling: raw=0.0px/s, effective=0.0px/s, itemExtent=59.00, speed=0.00 items/s, band=nearest, maxStep=0, projected=0, target=0, delta=0
Carousel fling: raw=0.0px/s, effective=0.0px/s, itemExtent=59.00, speed=0.00 items/s, band=nearest, maxStep=0, projected=100000, target=100000, delta=0
Carousel fling: raw=0.0px/s, effective=0.0px/s, itemExtent=59.00, speed=0.00 items/s, band=nearest, maxStep=0, projected=100000, target=100000, delta=0
Carousel fling: raw=0.0px/s, effective=0.0px/s, itemExtent=59.00, speed=0.00 items/s, band=nearest, maxStep=0, projected=100000, target=100000, delta=0
+196 -10: /data/data/com.termux/files/home/ubuntu/flutteruser/flutterapps/fluvi-e8-milestone-time-window-avatar-first-load-codex-20260909/test/features/dashboard/presentation/core_dashboard_test.dart: switching away from an active segmented Summary releases its shared motion lane
Carousel fling: raw=0.0px/s, effective=0.0px/s, itemExtent=58.00, speed=0.00 items/s, band=nearest, maxStep=0, projected=0, target=0, delta=0
Carousel fling: raw=0.0px/s, effective=0.0px/s, itemExtent=77.20, speed=0.00 items/s, band=nearest, maxStep=0, projected=0, target=0, delta=0
Carousel fling: raw=0.0px/s, effective=0.0px/s, itemExtent=58.00, speed=0.00 items/s, band=nearest, maxStep=0, projected=100000, target=100000, delta=0
Carousel fling: raw=0.0px/s, effective=0.0px/s, itemExtent=77.20, speed=0.00 items/s, band=nearest, maxStep=0, projected=100000, target=100000, delta=0
Carousel fling: raw=0.0px/s, effective=0.0px/s, itemExtent=59.00, speed=0.00 items/s, band=nearest, maxStep=0, projected=0, target=0, delta=0
Carousel fling: raw=0.0px/s, effective=0.0px/s, itemExtent=59.00, speed=0.00 items/s, band=nearest, maxStep=0, projected=0, target=0, delta=0
Carousel fling: raw=0.0px/s, effective=0.0px/s, itemExtent=59.00, speed=0.00 items/s, band=nearest, maxStep=0, projected=0, target=0, delta=0
Carousel fling: raw=0.0px/s, effective=0.0px/s, itemExtent=59.00, speed=0.00 items/s, band=nearest, maxStep=0, projected=100000, target=100000, delta=0
Carousel fling: raw=0.0px/s, effective=0.0px/s, itemExtent=59.00, speed=0.00 items/s, band=nearest, maxStep=0, projected=100000, target=100000, delta=0
Carousel fling: raw=0.0px/s, effective=0.0px/s, itemExtent=59.00, speed=0.00 items/s, band=nearest, maxStep=0, projected=100000, target=100000, delta=0
Carousel fling: raw=0.0px/s, effective=0.0px/s, itemExtent=77.20, speed=0.00 items/s, band=nearest, maxStep=0, projected=0, target=0, delta=0
Carousel fling: raw=0.0px/s, effective=0.0px/s, itemExtent=77.20, speed=0.00 items/s, band=nearest, maxStep=0, projected=100000, target=100000, delta=0
+202 -10: /data/data/com.termux/files/home/ubuntu/flutteruser/flutterapps/fluvi-e8-milestone-time-window-avatar-first-load-codex-20260909/test/features/dashboard/presentation/core_dashboard_test.dart: RED production Summary: an immediate second Day swipe keeps exclusive selector ownership
Carousel fling: raw=0.0px/s, effective=0.0px/s, itemExtent=77.20, speed=0.00 items/s, band=nearest, maxStep=0, projected=0, target=0, delta=0
Carousel fling: raw=0.0px/s, effective=0.0px/s, itemExtent=77.20, speed=0.00 items/s, band=nearest, maxStep=0, projected=100000, target=100000, delta=0
Carousel fling: raw=0.0px/s, effective=0.0px/s, itemExtent=59.00, speed=0.00 items/s, band=nearest, maxStep=0, projected=0, target=0, delta=0
Carousel fling: raw=0.0px/s, effective=0.0px/s, itemExtent=59.00, speed=0.00 items/s, band=nearest, maxStep=0, projected=0, target=0, delta=0
Carousel fling: raw=0.0px/s, effective=0.0px/s, itemExtent=59.00, speed=0.00 items/s, band=nearest, maxStep=0, projected=0, target=0, delta=0
Carousel fling: raw=0.0px/s, effective=0.0px/s, itemExtent=59.00, speed=0.00 items/s, band=nearest, maxStep=0, projected=0, target=0, delta=0
Carousel fling: raw=0.0px/s, effective=0.0px/s, itemExtent=59.00, speed=0.00 items/s, band=nearest, maxStep=0, projected=100000, target=100000, delta=0
Carousel fling: raw=0.0px/s, effective=0.0px/s, itemExtent=59.00, speed=0.00 items/s, band=nearest, maxStep=0, projected=100000, target=100000, delta=0
Carousel fling: raw=0.0px/s, effective=0.0px/s, itemExtent=59.00, speed=0.00 items/s, band=nearest, maxStep=0, projected=100000, target=100000, delta=0
Carousel fling: raw=0.0px/s, effective=0.0px/s, itemExtent=59.00, speed=0.00 items/s, band=nearest, maxStep=0, projected=100000, target=100000, delta=0
Carousel fling: raw=-0.0px/s, effective=-0.0px/s, itemExtent=59.00, speed=-0.00 items/s, band=nearest, maxStep=0, projected=100000, target=100000, delta=0
Carousel fling: raw=-0.0px/s, effective=-0.0px/s, itemExtent=59.00, speed=-0.00 items/s, band=nearest, maxStep=0, projected=100000, target=100000, delta=0
+207 -10: /data/data/com.termux/files/home/ubuntu/flutteruser/flutterapps/fluvi-e8-milestone-time-window-avatar-first-load-codex-20260909/test/features/dashboard/presentation/core_dashboard_test.dart: production Summary: Day interaction ownership has no repeat-swipe cooldown matrix
Carousel fling: raw=0.0px/s, effective=0.0px/s, itemExtent=77.20, speed=0.00 items/s, band=nearest, maxStep=0, projected=0, target=0, delta=0
Carousel fling: raw=0.0px/s, effective=0.0px/s, itemExtent=77.20, speed=0.00 items/s, band=nearest, maxStep=0, projected=100000, target=100000, delta=0
Carousel fling: raw=0.0px/s, effective=0.0px/s, itemExtent=59.00, speed=0.00 items/s, band=nearest, maxStep=0, projected=0, target=0, delta=0
Carousel fling: raw=0.0px/s, effective=0.0px/s, itemExtent=59.00, speed=0.00 items/s, band=nearest, maxStep=0, projected=0, target=0, delta=0
Carousel fling: raw=0.0px/s, effective=0.0px/s, itemExtent=59.00, speed=0.00 items/s, band=nearest, maxStep=0, projected=0, target=0, delta=0
Carousel fling: raw=0.0px/s, effective=0.0px/s, itemExtent=59.00, speed=0.00 items/s, band=nearest, maxStep=0, projected=0, target=0, delta=0
Carousel fling: raw=0.0px/s, effective=0.0px/s, itemExtent=59.00, speed=0.00 items/s, band=nearest, maxStep=0, projected=100000, target=100000, delta=0
Carousel fling: raw=0.0px/s, effective=0.0px/s, itemExtent=59.00, speed=0.00 items/s, band=nearest, maxStep=0, projected=100000, target=100000, delta=0
Carousel fling: raw=0.0px/s, effective=0.0px/s, itemExtent=59.00, speed=0.00 items/s, band=nearest, maxStep=0, projected=100000, target=100000, delta=0
Carousel fling: raw=0.0px/s, effective=0.0px/s, itemExtent=59.00, speed=0.00 items/s, band=nearest, maxStep=0, projected=100000, target=100000, delta=0
Carousel fling: raw=-0.0px/s, effective=-0.0px/s, itemExtent=59.00, speed=-0.00 items/s, band=nearest, maxStep=0, projected=100000, target=100000, delta=0
Carousel fling: raw=-0.0px/s, effective=-0.0px/s, itemExtent=59.00, speed=-0.00 items/s, band=nearest, maxStep=0, projected=100000, target=100000, delta=0
Carousel fling: raw=-0.0px/s, effective=-0.0px/s, itemExtent=59.00, speed=-0.00 items/s, band=nearest, maxStep=0, projected=100000, target=100000, delta=0
Carousel fling: raw=-0.0px/s, effective=-0.0px/s, itemExtent=59.00, speed=-0.00 items/s, band=nearest, maxStep=0, projected=100000, target=100000, delta=0
Carousel fling: raw=-0.0px/s, effective=-0.0px/s, itemExtent=59.00, speed=-0.00 items/s, band=nearest, maxStep=0, projected=100000, target=100000, delta=0
Carousel fling: raw=-0.0px/s, effective=-0.0px/s, itemExtent=59.00, speed=-0.00 items/s, band=nearest, maxStep=0, projected=100000, target=100000, delta=0
Carousel fling: raw=-0.0px/s, effective=-0.0px/s, itemExtent=59.00, speed=-0.00 items/s, band=nearest, maxStep=0, projected=100000, target=100000, delta=0
Carousel fling: raw=-0.0px/s, effective=-0.0px/s, itemExtent=59.00, speed=-0.00 items/s, band=nearest, maxStep=0, projected=100000, target=100000, delta=0
Carousel fling: raw=-0.0px/s, effective=-0.0px/s, itemExtent=59.00, speed=-0.00 items/s, band=nearest, maxStep=0, projected=100000, target=100000, delta=0
Carousel fling: raw=-0.0px/s, effective=-0.0px/s, itemExtent=59.00, speed=-0.00 items/s, band=nearest, maxStep=0, projected=100000, target=100000, delta=0
Carousel fling: raw=-0.0px/s, effective=-0.0px/s, itemExtent=59.00, speed=-0.00 items/s, band=nearest, maxStep=0, projected=100000, target=100000, delta=0
Carousel fling: raw=-0.0px/s, effective=-0.0px/s, itemExtent=59.00, speed=-0.00 items/s, band=nearest, maxStep=0, projected=100000, target=100000, delta=0
Carousel fling: raw=-0.0px/s, effective=-0.0px/s, itemExtent=59.00, speed=-0.00 items/s, band=nearest, maxStep=0, projected=100000, target=100000, delta=0
Carousel fling: raw=-0.0px/s, effective=-0.0px/s, itemExtent=59.00, speed=-0.00 items/s, band=nearest, maxStep=0, projected=100000, target=100000, delta=0
Carousel fling: raw=-0.0px/s, effective=-0.0px/s, itemExtent=59.00, speed=-0.00 items/s, band=nearest, maxStep=0, projected=100000, target=100000, delta=0
+209 -10: /data/data/com.termux/files/home/ubuntu/flutteruser/flutterapps/fluvi-e8-milestone-time-window-avatar-first-load-codex-20260909/test/features/dashboard/presentation/core_dashboard_test.dart: production Summary: Day interaction ownership has no repeat-swipe cooldown matrix
Carousel fling: raw=-0.0px/s, effective=-0.0px/s, itemExtent=59.00, speed=-0.00 items/s, band=nearest, maxStep=0, projected=100000, target=100000, delta=0
+210 -10: /data/data/com.termux/files/home/ubuntu/flutteruser/flutterapps/fluvi-e8-milestone-time-window-avatar-first-load-codex-20260909/test/features/dashboard/presentation/core_dashboard_test.dart: production Summary: genuine unassigned background still owns Header collapse
Carousel fling: raw=0.0px/s, effective=0.0px/s, itemExtent=77.20, speed=0.00 items/s, band=nearest, maxStep=0, projected=0, target=0, delta=0
Carousel fling: raw=0.0px/s, effective=0.0px/s, itemExtent=77.20, speed=0.00 items/s, band=nearest, maxStep=0, projected=100000, target=100000, delta=0
Carousel fling: raw=0.0px/s, effective=0.0px/s, itemExtent=59.00, speed=0.00 items/s, band=nearest, maxStep=0, projected=0, target=0, delta=0
Carousel fling: raw=0.0px/s, effective=0.0px/s, itemExtent=59.00, speed=0.00 items/s, band=nearest, maxStep=0, projected=0, target=0, delta=0
Carousel fling: raw=0.0px/s, effective=0.0px/s, itemExtent=59.00, speed=0.00 items/s, band=nearest, maxStep=0, projected=0, target=0, delta=0
Carousel fling: raw=0.0px/s, effective=0.0px/s, itemExtent=59.00, speed=0.00 items/s, band=nearest, maxStep=0, projected=0, target=0, delta=0
Carousel fling: raw=0.0px/s, effective=0.0px/s, itemExtent=59.00, speed=0.00 items/s, band=nearest, maxStep=0, projected=100000, target=100000, delta=0
Carousel fling: raw=0.0px/s, effective=0.0px/s, itemExtent=59.00, speed=0.00 items/s, band=nearest, maxStep=0, projected=100000, target=100000, delta=0
Carousel fling: raw=0.0px/s, effective=0.0px/s, itemExtent=59.00, speed=0.00 items/s, band=nearest, maxStep=0, projected=100000, target=100000, delta=0
Carousel fling: raw=0.0px/s, effective=0.0px/s, itemExtent=59.00, speed=0.00 items/s, band=nearest, maxStep=0, projected=100000, target=100000, delta=0
+215 -10: /data/data/com.termux/files/home/ubuntu/flutteruser/flutterapps/fluvi-e8-milestone-time-window-avatar-first-load-codex-20260909/test/features/dashboard/presentation/core_dashboard_test.dart: production Budget Avatar rail receives Core-confirmed paint metadata only as diagnostics
Carousel fling: raw=0.0px/s, effective=0.0px/s, itemExtent=58.00, speed=0.00 items/s, band=nearest, maxStep=0, projected=0, target=0, delta=0
Carousel fling: raw=0.0px/s, effective=0.0px/s, itemExtent=77.20, speed=0.00 items/s, band=nearest, maxStep=0, projected=0, target=0, delta=0
Carousel fling: raw=0.0px/s, effective=0.0px/s, itemExtent=58.00, speed=0.00 items/s, band=nearest, maxStep=0, projected=100000, target=100000, delta=0
Carousel fling: raw=0.0px/s, effective=0.0px/s, itemExtent=77.20, speed=0.00 items/s, band=nearest, maxStep=0, projected=100000, target=100000, delta=0
+216 -10: /data/data/com.termux/files/home/ubuntu/flutteruser/flutterapps/fluvi-e8-milestone-time-window-avatar-first-load-codex-20260909/test/features/dashboard/presentation/core_dashboard_test.dart: Budget starts in the accepted Split composition with its one Card2 shell
Carousel fling: raw=0.0px/s, effective=0.0px/s, itemExtent=58.00, speed=0.00 items/s, band=nearest, maxStep=0, projected=0, target=0, delta=0
Carousel fling: raw=0.0px/s, effective=0.0px/s, itemExtent=77.20, speed=0.00 items/s, band=nearest, maxStep=0, projected=0, target=0, delta=0
Carousel fling: raw=0.0px/s, effective=0.0px/s, itemExtent=58.00, speed=0.00 items/s, band=nearest, maxStep=0, projected=100000, target=100000, delta=0
Carousel fling: raw=0.0px/s, effective=0.0px/s, itemExtent=77.20, speed=0.00 items/s, band=nearest, maxStep=0, projected=100000, target=100000, delta=0
+217 -10: /data/data/com.termux/files/home/ubuntu/flutteruser/flutterapps/fluvi-e8-milestone-time-window-avatar-first-load-codex-20260909/test/features/dashboard/presentation/dashboard_header_material_transport_distribution_test.dart: Header seamless material transport distribution RED distribution baseline: freeFlow
DashboardHeaderEffectId.freeFlow static=entropy=0.981 max=0.019 p=0.114/0.290/0.502/0.714/0.886 outer=0.086/0.087 central=0.827 mid=0.241 bins=64 animated=entropy=0.950 max=0.025 p=0.137/0.290/0.510/0.694/0.843 outer=0.064/0.042 central=0.895 mid=0.245 bins=57 derivative=dU=0.000/0.000/1.743 zeroRun=4 folds=0 middle=middleRun=0.252
+218 -10: /data/data/com.termux/files/home/ubuntu/flutteruser/flutterapps/fluvi-e8-milestone-time-window-avatar-first-load-codex-20260909/test/features/dashboard/presentation/core_dashboard_test.dart: HOME layer diagnostics records the full Dashboard paint-order boundary during collapse
Carousel fling: raw=0.0px/s, effective=0.0px/s, itemExtent=58.00, speed=0.00 items/s, band=nearest, maxStep=0, projected=0, target=0, delta=0
Carousel fling: raw=0.0px/s, effective=0.0px/s, itemExtent=77.20, speed=0.00 items/s, band=nearest, maxStep=0, projected=0, target=0, delta=0
Carousel fling: raw=0.0px/s, effective=0.0px/s, itemExtent=58.00, speed=0.00 items/s, band=nearest, maxStep=0, projected=100000, target=100000, delta=0
Carousel fling: raw=0.0px/s, effective=0.0px/s, itemExtent=77.20, speed=0.00 items/s, band=nearest, maxStep=0, projected=100000, target=100000, delta=0
Carousel fling: raw=0.0px/s, effective=0.0px/s, itemExtent=58.00, speed=0.00 items/s, band=nearest, maxStep=0, projected=100000, target=100000, delta=0
+219 -10: /data/data/com.termux/files/home/ubuntu/flutteruser/flutterapps/fluvi-e8-milestone-time-window-avatar-first-load-codex-20260909/test/features/dashboard/presentation/core_dashboard_test.dart: G4 forensic proxy drives the real Partner Rhythm through every Dashboard collapse frame
Carousel fling: raw=0.0px/s, effective=0.0px/s, itemExtent=58.00, speed=0.00 items/s, band=nearest, maxStep=0, projected=0, target=0, delta=0
Carousel fling: raw=0.0px/s, effective=0.0px/s, itemExtent=77.20, speed=0.00 items/s, band=nearest, maxStep=0, projected=0, target=0, delta=0
Carousel fling: raw=0.0px/s, effective=0.0px/s, itemExtent=58.00, speed=0.00 items/s, band=nearest, maxStep=0, projected=100000, target=100000, delta=0
Carousel fling: raw=0.0px/s, effective=0.0px/s, itemExtent=77.20, speed=0.00 items/s, band=nearest, maxStep=0, projected=100000, target=100000, delta=0
Carousel fling: raw=0.0px/s, effective=0.0px/s, itemExtent=58.00, speed=0.00 items/s, band=nearest, maxStep=0, projected=100000, target=100000, delta=0
+219 -10: /data/data/com.termux/files/home/ubuntu/flutteruser/flutterapps/fluvi-e8-milestone-time-window-avatar-first-load-codex-20260909/test/features/dashboard/presentation/dashboard_header_material_transport_distribution_test.dart: Header seamless material transport distribution RED distribution baseline: chaoticAdvection
DashboardHeaderEffectId.chaoticAdvection static=entropy=0.981 max=0.019 p=0.114/0.290/0.502/0.714/0.886 outer=0.086/0.087 central=0.827 mid=0.241 bins=64 animated=entropy=0.949 max=0.030 p=0.137/0.302/0.498/0.702/0.843 outer=0.066/0.041 central=0.893 mid=0.244 bins=57 derivative=dU=0.000/0.000/1.743 zeroRun=5 folds=0 middle=middleRun=0.245
+220 -10: /data/data/com.termux/files/home/ubuntu/flutteruser/flutterapps/fluvi-e8-milestone-time-window-avatar-first-load-codex-20260909/test/features/dashboard/presentation/core_dashboard_test.dart: G4 forensic proxy drives the real Partner Rhythm through every Dashboard collapse frame
Carousel fling: raw=0.0px/s, effective=0.0px/s, itemExtent=58.00, speed=0.00 items/s, band=nearest, maxStep=0, projected=100000, target=100000, delta=0
Carousel fling: raw=0.0px/s, effective=0.0px/s, itemExtent=58.00, speed=0.00 items/s, band=nearest, maxStep=0, projected=100000, target=100000, delta=0
Carousel fling: raw=0.0px/s, effective=0.0px/s, itemExtent=58.00, speed=0.00 items/s, band=nearest, maxStep=0, projected=100000, target=100000, delta=0
+220 -10: /data/data/com.termux/files/home/ubuntu/flutteruser/flutterapps/fluvi-e8-milestone-time-window-avatar-first-load-codex-20260909/test/features/dashboard/presentation/dashboard_header_material_transport_distribution_test.dart: Header seamless material transport distribution RED distribution baseline: elasticSpace
DashboardHeaderEffectId.elasticSpace static=entropy=0.981 max=0.019 p=0.114/0.290/0.502/0.714/0.886 outer=0.086/0.087 central=0.827 mid=0.241 bins=64 animated=entropy=0.950 max=0.025 p=0.141/0.298/0.514/0.694/0.851 outer=0.060/0.050 central=0.889 mid=0.254 bins=57 derivative=dU=0.000/0.000/1.743 zeroRun=13 folds=6 middle=middleRun=0.245
+221 -10: /data/data/com.termux/files/home/ubuntu/flutteruser/flutterapps/fluvi-e8-milestone-time-window-avatar-first-load-codex-20260909/test/features/dashboard/presentation/core_dashboard_test.dart: G4 forensic proxy drives the real Partner Rhythm through every Dashboard collapse frame
Carousel fling: raw=0.0px/s, effective=0.0px/s, itemExtent=58.00, speed=0.00 items/s, band=nearest, maxStep=0, projected=100000, target=100000, delta=0
Carousel fling: raw=0.0px/s, effective=0.0px/s, itemExtent=58.00, speed=0.00 items/s, band=nearest, maxStep=0, projected=100000, target=100000, delta=0
Carousel fling: raw=0.0px/s, effective=0.0px/s, itemExtent=58.00, speed=0.00 items/s, band=nearest, maxStep=0, projected=100000, target=100000, delta=0
+221 -10: /data/data/com.termux/files/home/ubuntu/flutteruser/flutterapps/fluvi-e8-milestone-time-window-avatar-first-load-codex-20260909/test/features/dashboard/presentation/dashboard_header_material_transport_distribution_test.dart: Header seamless material transport distribution RED distribution baseline: braidedCurrent
DashboardHeaderEffectId.braidedCurrent static=entropy=0.981 max=0.019 p=0.114/0.290/0.502/0.714/0.886 outer=0.086/0.087 central=0.827 mid=0.241 bins=64 animated=entropy=0.950 max=0.025 p=0.137/0.298/0.510/0.698/0.843 outer=0.063/0.045 central=0.892 mid=0.240 bins=57 derivative=dU=0.000/0.000/1.743 zeroRun=10 folds=0 middle=middleRun=0.231
+222 -10: /data/data/com.termux/files/home/ubuntu/flutteruser/flutterapps/fluvi-e8-milestone-time-window-avatar-first-load-codex-20260909/test/features/dashboard/presentation/core_dashboard_test.dart: G4 forensic proxy drives the real Partner Rhythm through every Dashboard collapse frame
Carousel fling: raw=0.0px/s, effective=0.0px/s, itemExtent=58.00, speed=0.00 items/s, band=nearest, maxStep=0, projected=100000, target=100000, delta=0
Carousel fling: raw=0.0px/s, effective=0.0px/s, itemExtent=58.00, speed=0.00 items/s, band=nearest, maxStep=0, projected=100000, target=100000, delta=0
Carousel fling: raw=0.0px/s, effective=0.0px/s, itemExtent=58.00, speed=0.00 items/s, band=nearest, maxStep=0, projected=100000, target=100000, delta=0
Carousel fling: raw=0.0px/s, effective=0.0px/s, itemExtent=58.00, speed=0.00 items/s, band=nearest, maxStep=0, projected=100000, target=100000, delta=0
+222 -10: /data/data/com.termux/files/home/ubuntu/flutteruser/flutterapps/fluvi-e8-milestone-time-window-avatar-first-load-codex-20260909/test/features/dashboard/presentation/dashboard_header_material_transport_distribution_test.dart: Header seamless material transport distribution RED distribution baseline: volumetricCurrent
DashboardHeaderEffectId.volumetricCurrent static=entropy=0.981 max=0.019 p=0.114/0.290/0.502/0.714/0.886 outer=0.086/0.087 central=0.827 mid=0.241 bins=64 animated=entropy=0.949 max=0.026 p=0.141/0.294/0.506/0.694/0.843 outer=0.061/0.043 central=0.896 mid=0.242 bins=57 derivative=dU=0.000/0.000/1.743 zeroRun=6 folds=2 middle=middleRun=0.243
+223 -10: /data/data/com.termux/files/home/ubuntu/flutteruser/flutterapps/fluvi-e8-milestone-time-window-avatar-first-load-codex-20260909/test/features/dashboard/presentation/core_dashboard_test.dart: G4 forensic proxy drives the real Partner Rhythm through every Dashboard collapse frame
Carousel fling: raw=0.0px/s, effective=0.0px/s, itemExtent=58.00, speed=0.00 items/s, band=nearest, maxStep=0, projected=100000, target=100000, delta=0
Carousel fling: raw=0.0px/s, effective=0.0px/s, itemExtent=58.00, speed=0.00 items/s, band=nearest, maxStep=0, projected=100000, target=100000, delta=0
Carousel fling: raw=0.0px/s, effective=0.0px/s, itemExtent=58.00, speed=0.00 items/s, band=nearest, maxStep=0, projected=100000, target=100000, delta=0
+223 -10: /data/data/com.termux/files/home/ubuntu/flutteruser/flutterapps/fluvi-e8-milestone-time-window-avatar-first-load-codex-20260909/test/features/dashboard/presentation/dashboard_header_material_transport_distribution_test.dart: Header seamless material transport distribution RED full-domain non-rigid participation: freeFlow
DashboardHeaderEffectId.freeFlow moved=0.831 mean=0.028 residual=0.037
+224 -10: /data/data/com.termux/files/home/ubuntu/flutteruser/flutterapps/fluvi-e8-milestone-time-window-avatar-first-load-codex-20260909/test/features/dashboard/presentation/core_dashboard_test.dart: G4 forensic proxy drives the real Partner Rhythm through every Dashboard collapse frame
Carousel fling: raw=0.0px/s, effective=0.0px/s, itemExtent=58.00, speed=0.00 items/s, band=nearest, maxStep=0, projected=100000, target=100000, delta=0
Carousel fling: raw=0.0px/s, effective=0.0px/s, itemExtent=58.00, speed=0.00 items/s, band=nearest, maxStep=0, projected=100000, target=100000, delta=0
Carousel fling: raw=0.0px/s, effective=0.0px/s, itemExtent=58.00, speed=0.00 items/s, band=nearest, maxStep=0, projected=100000, target=100000, delta=0
Carousel fling: raw=0.0px/s, effective=0.0px/s, itemExtent=58.00, speed=0.00 items/s, band=nearest, maxStep=0, projected=100000, target=100000, delta=0
Carousel fling: raw=0.0px/s, effective=0.0px/s, itemExtent=58.00, speed=0.00 items/s, band=nearest, maxStep=0, projected=100000, target=100000, delta=0
Carousel fling: raw=0.0px/s, effective=0.0px/s, itemExtent=58.00, speed=0.00 items/s, band=nearest, maxStep=0, projected=100000, target=100000, delta=0
+224 -10: /data/data/com.termux/files/home/ubuntu/flutteruser/flutterapps/fluvi-e8-milestone-time-window-avatar-first-load-codex-20260909/test/features/dashboard/presentation/dashboard_header_material_transport_distribution_test.dart: Header seamless material transport distribution RED full-domain non-rigid participation: chaoticAdvection
DashboardHeaderEffectId.chaoticAdvection moved=0.835 mean=0.028 residual=0.038
+225 -10: /data/data/com.termux/files/home/ubuntu/flutteruser/flutterapps/fluvi-e8-milestone-time-window-avatar-first-load-codex-20260909/test/features/dashboard/presentation/core_dashboard_test.dart: G4 forensic proxy drives the real Partner Rhythm through every Dashboard collapse frame
Carousel fling: raw=0.0px/s, effective=0.0px/s, itemExtent=58.00, speed=0.00 items/s, band=nearest, maxStep=0, projected=100000, target=100000, delta=0
Carousel fling: raw=0.0px/s, effective=0.0px/s, itemExtent=58.00, speed=0.00 items/s, band=nearest, maxStep=0, projected=100000, target=100000, delta=0
+225 -10: /data/data/com.termux/files/home/ubuntu/flutteruser/flutterapps/fluvi-e8-milestone-time-window-avatar-first-load-codex-20260909/test/features/dashboard/presentation/dashboard_header_material_transport_distribution_test.dart: Header seamless material transport distribution RED full-domain non-rigid participation: elasticSpace
DashboardHeaderEffectId.elasticSpace moved=0.908 mean=0.051 residual=0.063
+226 -10: /data/data/com.termux/files/home/ubuntu/flutteruser/flutterapps/fluvi-e8-milestone-time-window-avatar-first-load-codex-20260909/test/features/dashboard/presentation/core_dashboard_test.dart: G4 forensic proxy drives the real Partner Rhythm through every Dashboard collapse frame
Carousel fling: raw=0.0px/s, effective=0.0px/s, itemExtent=58.00, speed=0.00 items/s, band=nearest, maxStep=0, projected=100000, target=100000, delta=0
Carousel fling: raw=0.0px/s, effective=0.0px/s, itemExtent=58.00, speed=0.00 items/s, band=nearest, maxStep=0, projected=100000, target=100000, delta=0
Carousel fling: raw=0.0px/s, effective=0.0px/s, itemExtent=58.00, speed=0.00 items/s, band=nearest, maxStep=0, projected=100000, target=100000, delta=0
+226 -10: /data/data/com.termux/files/home/ubuntu/flutteruser/flutterapps/fluvi-e8-milestone-time-window-avatar-first-load-codex-20260909/test/features/dashboard/presentation/dashboard_header_material_transport_distribution_test.dart: Header seamless material transport distribution RED full-domain non-rigid participation: braidedCurrent
DashboardHeaderEffectId.braidedCurrent moved=0.863 mean=0.039 residual=0.049
+227 -10: /data/data/com.termux/files/home/ubuntu/flutteruser/flutterapps/fluvi-e8-milestone-time-window-avatar-first-load-codex-20260909/test/features/dashboard/presentation/core_dashboard_test.dart: G4 forensic proxy drives the real Partner Rhythm through every Dashboard collapse frame
Carousel fling: raw=0.0px/s, effective=0.0px/s, itemExtent=58.00, speed=0.00 items/s, band=nearest, maxStep=0, projected=100000, target=100000, delta=0
Carousel fling: raw=0.0px/s, effective=0.0px/s, itemExtent=58.00, speed=0.00 items/s, band=nearest, maxStep=0, projected=100000, target=100000, delta=0
Carousel fling: raw=0.0px/s, effective=0.0px/s, itemExtent=58.00, speed=0.00 items/s, band=nearest, maxStep=0, projected=100000, target=100000, delta=0
Carousel fling: raw=0.0px/s, effective=0.0px/s, itemExtent=58.00, speed=0.00 items/s, band=nearest, maxStep=0, projected=100000, target=100000, delta=0
+227 -10: /data/data/com.termux/files/home/ubuntu/flutteruser/flutterapps/fluvi-e8-milestone-time-window-avatar-first-load-codex-20260909/test/features/dashboard/presentation/dashboard_header_material_transport_distribution_test.dart: Header seamless material transport distribution RED full-domain non-rigid participation: volumetricCurrent
DashboardHeaderEffectId.volumetricCurrent moved=0.843 mean=0.032 residual=0.041
+228 -10: /data/data/com.termux/files/home/ubuntu/flutteruser/flutterapps/fluvi-e8-milestone-time-window-avatar-first-load-codex-20260909/test/features/dashboard/presentation/core_dashboard_test.dart: G4 forensic proxy drives the real Partner Rhythm through every Dashboard collapse frame
Carousel fling: raw=0.0px/s, effective=0.0px/s, itemExtent=58.00, speed=0.00 items/s, band=nearest, maxStep=0, projected=100000, target=100000, delta=0
Carousel fling: raw=0.0px/s, effective=0.0px/s, itemExtent=58.00, speed=0.00 items/s, band=nearest, maxStep=0, projected=100000, target=100000, delta=0
Carousel fling: raw=0.0px/s, effective=0.0px/s, itemExtent=58.00, speed=0.00 items/s, band=nearest, maxStep=0, projected=100000, target=100000, delta=0
Carousel fling: raw=0.0px/s, effective=0.0px/s, itemExtent=58.00, speed=0.00 items/s, band=nearest, maxStep=0, projected=100000, target=100000, delta=0
Carousel fling: raw=0.0px/s, effective=0.0px/s, itemExtent=58.00, speed=0.00 items/s, band=nearest, maxStep=0, projected=100000, target=100000, delta=0
Carousel fling: raw=0.0px/s, effective=0.0px/s, itemExtent=58.00, speed=0.00 items/s, band=nearest, maxStep=0, projected=100000, target=100000, delta=0
Carousel fling: raw=0.0px/s, effective=0.0px/s, itemExtent=58.00, speed=0.00 items/s, band=nearest, maxStep=0, projected=100000, target=100000, delta=0
Carousel fling: raw=0.0px/s, effective=0.0px/s, itemExtent=58.00, speed=0.00 items/s, band=nearest, maxStep=0, projected=100000, target=100000, delta=0
Carousel fling: raw=0.0px/s, effective=0.0px/s, itemExtent=58.00, speed=0.00 items/s, band=nearest, maxStep=0, projected=100000, target=100000, delta=0
Carousel fling: raw=0.0px/s, effective=0.0px/s, itemExtent=58.00, speed=0.00 items/s, band=nearest, maxStep=0, projected=100000, target=100000, delta=0
Carousel fling: raw=0.0px/s, effective=0.0px/s, itemExtent=58.00, speed=0.00 items/s, band=nearest, maxStep=0, projected=100000, target=100000, delta=0
Carousel fling: raw=0.0px/s, effective=0.0px/s, itemExtent=58.00, speed=0.00 items/s, band=nearest, maxStep=0, projected=100000, target=100000, delta=0
Carousel fling: raw=0.0px/s, effective=0.0px/s, itemExtent=58.00, speed=0.00 items/s, band=nearest, maxStep=0, projected=100000, target=100000, delta=0
+229 -10: /data/data/com.termux/files/home/ubuntu/flutteruser/flutterapps/fluvi-e8-milestone-time-window-avatar-first-load-codex-20260909/test/features/dashboard/presentation/core_dashboard_test.dart: G4 forensic proxy drives the real Partner Rhythm through every Dashboard collapse frame
Carousel fling: raw=0.0px/s, effective=0.0px/s, itemExtent=58.00, speed=0.00 items/s, band=nearest, maxStep=0, projected=100000, target=100000, delta=0
Carousel fling: raw=0.0px/s, effective=0.0px/s, itemExtent=58.00, speed=0.00 items/s, band=nearest, maxStep=0, projected=100000, target=100000, delta=0
Carousel fling: raw=0.0px/s, effective=0.0px/s, itemExtent=58.00, speed=0.00 items/s, band=nearest, maxStep=0, projected=100000, target=100000, delta=0
+229 -10: /data/data/com.termux/files/home/ubuntu/flutteruser/flutterapps/fluvi-e8-milestone-time-window-avatar-first-load-codex-20260909/test/features/dashboard/presentation/dashboard_header_material_transport_distribution_test.dart: Header seamless material transport distribution RED constant-colour optics have no narrow seam ridge: freeFlow
DashboardHeaderEffectId.freeFlow optical=peak=0.000 p95=0.000 coverage=0.000 narrow=0.000
+230 -10: /data/data/com.termux/files/home/ubuntu/flutteruser/flutterapps/fluvi-e8-milestone-time-window-avatar-first-load-codex-20260909/test/features/dashboard/presentation/core_dashboard_test.dart: G4 forensic proxy drives the real Partner Rhythm through every Dashboard collapse frame
Carousel fling: raw=0.0px/s, effective=0.0px/s, itemExtent=58.00, speed=0.00 items/s, band=nearest, maxStep=0, projected=100000, target=100000, delta=0
Carousel fling: raw=0.0px/s, effective=0.0px/s, itemExtent=58.00, speed=0.00 items/s, band=nearest, maxStep=0, projected=100000, target=100000, delta=0
Carousel fling: raw=0.0px/s, effective=0.0px/s, itemExtent=58.00, speed=0.00 items/s, band=nearest, maxStep=0, projected=100000, target=100000, delta=0
Carousel fling: raw=0.0px/s, effective=0.0px/s, itemExtent=58.00, speed=0.00 items/s, band=nearest, maxStep=0, projected=100000, target=100000, delta=0
Carousel fling: raw=0.0px/s, effective=0.0px/s, itemExtent=58.00, speed=0.00 items/s, band=nearest, maxStep=0, projected=100000, target=100000, delta=0
+230 -10: /data/data/com.termux/files/home/ubuntu/flutteruser/flutterapps/fluvi-e8-milestone-time-window-avatar-first-load-codex-20260909/test/features/dashboard/presentation/dashboard_header_material_transport_distribution_test.dart: Header seamless material transport distribution RED constant-colour optics have no narrow seam ridge: chaoticAdvection
DashboardHeaderEffectId.chaoticAdvection optical=peak=0.000 p95=0.000 coverage=0.000 narrow=0.000
+231 -10: /data/data/com.termux/files/home/ubuntu/flutteruser/flutterapps/fluvi-e8-milestone-time-window-avatar-first-load-codex-20260909/test/features/dashboard/presentation/core_dashboard_test.dart: G4 forensic proxy drives the real Partner Rhythm through every Dashboard collapse frame
Carousel fling: raw=0.0px/s, effective=0.0px/s, itemExtent=58.00, speed=0.00 items/s, band=nearest, maxStep=0, projected=100000, target=100000, delta=0
Carousel fling: raw=0.0px/s, effective=0.0px/s, itemExtent=58.00, speed=0.00 items/s, band=nearest, maxStep=0, projected=100000, target=100000, delta=0
Carousel fling: raw=0.0px/s, effective=0.0px/s, itemExtent=58.00, speed=0.00 items/s, band=nearest, maxStep=0, projected=100000, target=100000, delta=0
Carousel fling: raw=0.0px/s, effective=0.0px/s, itemExtent=58.00, speed=0.00 items/s, band=nearest, maxStep=0, projected=100000, target=100000, delta=0
+231 -10: /data/data/com.termux/files/home/ubuntu/flutteruser/flutterapps/fluvi-e8-milestone-time-window-avatar-first-load-codex-20260909/test/features/dashboard/presentation/dashboard_header_material_transport_distribution_test.dart: Header seamless material transport distribution RED constant-colour optics have no narrow seam ridge: elasticSpace
DashboardHeaderEffectId.elasticSpace optical=peak=0.000 p95=0.000 coverage=0.000 narrow=0.000
+232 -10: /data/data/com.termux/files/home/ubuntu/flutteruser/flutterapps/fluvi-e8-milestone-time-window-avatar-first-load-codex-20260909/test/features/dashboard/presentation/core_dashboard_test.dart: G4 forensic proxy drives the real Partner Rhythm through every Dashboard collapse frame
Carousel fling: raw=0.0px/s, effective=0.0px/s, itemExtent=58.00, speed=0.00 items/s, band=nearest, maxStep=0, projected=100000, target=100000, delta=0
Carousel fling: raw=0.0px/s, effective=0.0px/s, itemExtent=58.00, speed=0.00 items/s, band=nearest, maxStep=0, projected=100000, target=100000, delta=0
Carousel fling: raw=0.0px/s, effective=0.0px/s, itemExtent=58.00, speed=0.00 items/s, band=nearest, maxStep=0, projected=100000, target=100000, delta=0
Carousel fling: raw=0.0px/s, effective=0.0px/s, itemExtent=58.00, speed=0.00 items/s, band=nearest, maxStep=0, projected=100000, target=100000, delta=0
+232 -10: /data/data/com.termux/files/home/ubuntu/flutteruser/flutterapps/fluvi-e8-milestone-time-window-avatar-first-load-codex-20260909/test/features/dashboard/presentation/dashboard_header_material_transport_distribution_test.dart: Header seamless material transport distribution RED constant-colour optics have no narrow seam ridge: braidedCurrent
DashboardHeaderEffectId.braidedCurrent optical=peak=0.000 p95=0.000 coverage=0.000 narrow=0.000
+233 -10: /data/data/com.termux/files/home/ubuntu/flutteruser/flutterapps/fluvi-e8-milestone-time-window-avatar-first-load-codex-20260909/test/features/dashboard/presentation/core_dashboard_test.dart: G4 forensic proxy drives the real Partner Rhythm through every Dashboard collapse frame
Carousel fling: raw=0.0px/s, effective=0.0px/s, itemExtent=58.00, speed=0.00 items/s, band=nearest, maxStep=0, projected=100000, target=100000, delta=0
Carousel fling: raw=0.0px/s, effective=0.0px/s, itemExtent=58.00, speed=0.00 items/s, band=nearest, maxStep=0, projected=100000, target=100000, delta=0
Carousel fling: raw=0.0px/s, effective=0.0px/s, itemExtent=58.00, speed=0.00 items/s, band=nearest, maxStep=0, projected=100000, target=100000, delta=0
Carousel fling: raw=0.0px/s, effective=0.0px/s, itemExtent=58.00, speed=0.00 items/s, band=nearest, maxStep=0, projected=100000, target=100000, delta=0
+233 -10: /data/data/com.termux/files/home/ubuntu/flutteruser/flutterapps/fluvi-e8-milestone-time-window-avatar-first-load-codex-20260909/test/features/dashboard/presentation/dashboard_header_material_transport_distribution_test.dart: Header seamless material transport distribution RED constant-colour optics have no narrow seam ridge: volumetricCurrent
DashboardHeaderEffectId.volumetricCurrent optical=peak=0.000 p95=0.000 coverage=0.000 narrow=0.000
+234 -10: /data/data/com.termux/files/home/ubuntu/flutteruser/flutterapps/fluvi-e8-milestone-time-window-avatar-first-load-codex-20260909/test/features/dashboard/presentation/core_dashboard_test.dart: G4 forensic proxy drives the real Partner Rhythm through every Dashboard collapse frame
Carousel fling: raw=0.0px/s, effective=0.0px/s, itemExtent=58.00, speed=0.00 items/s, band=nearest, maxStep=0, projected=100000, target=100000, delta=0
Carousel fling: raw=0.0px/s, effective=0.0px/s, itemExtent=58.00, speed=0.00 items/s, band=nearest, maxStep=0, projected=100000, target=100000, delta=0
Carousel fling: raw=0.0px/s, effective=0.0px/s, itemExtent=58.00, speed=0.00 items/s, band=nearest, maxStep=0, projected=100000, target=100000, delta=0
Carousel fling: raw=0.0px/s, effective=0.0px/s, itemExtent=58.00, speed=0.00 items/s, band=nearest, maxStep=0, projected=100000, target=100000, delta=0
Carousel fling: raw=0.0px/s, effective=0.0px/s, itemExtent=58.00, speed=0.00 items/s, band=nearest, maxStep=0, projected=100000, target=100000, delta=0
Carousel fling: raw=0.0px/s, effective=0.0px/s, itemExtent=58.00, speed=0.00 items/s, band=nearest, maxStep=0, projected=100000, target=100000, delta=0
Carousel fling: raw=0.0px/s, effective=0.0px/s, itemExtent=58.00, speed=0.00 items/s, band=nearest, maxStep=0, projected=100000, target=100000, delta=0
Carousel fling: raw=0.0px/s, effective=0.0px/s, itemExtent=58.00, speed=0.00 items/s, band=nearest, maxStep=0, projected=100000, target=100000, delta=0
Carousel fling: raw=0.0px/s, effective=0.0px/s, itemExtent=58.00, speed=0.00 items/s, band=nearest, maxStep=0, projected=100000, target=100000, delta=0
+235 -10: /data/data/com.termux/files/home/ubuntu/flutteruser/flutterapps/fluvi-e8-milestone-time-window-avatar-first-load-codex-20260909/test/features/dashboard/presentation/core_dashboard_test.dart: G4 forensic proxy drives the real Partner Rhythm through every Dashboard collapse frame
Carousel fling: raw=0.0px/s, effective=0.0px/s, itemExtent=58.00, speed=0.00 items/s, band=nearest, maxStep=0, projected=100000, target=100000, delta=0
Carousel fling: raw=0.0px/s, effective=0.0px/s, itemExtent=58.00, speed=0.00 items/s, band=nearest, maxStep=0, projected=100000, target=100000, delta=0
Carousel fling: raw=0.0px/s, effective=0.0px/s, itemExtent=58.00, speed=0.00 items/s, band=nearest, maxStep=0, projected=100000, target=100000, delta=0
Carousel fling: raw=0.0px/s, effective=0.0px/s, itemExtent=58.00, speed=0.00 items/s, band=nearest, maxStep=0, projected=100000, target=100000, delta=0
Carousel fling: raw=0.0px/s, effective=0.0px/s, itemExtent=58.00, speed=0.00 items/s, band=nearest, maxStep=0, projected=100000, target=100000, delta=0
Carousel fling: raw=0.0px/s, effective=0.0px/s, itemExtent=58.00, speed=0.00 items/s, band=nearest, maxStep=0, projected=100000, target=100000, delta=0
Carousel fling: raw=0.0px/s, effective=0.0px/s, itemExtent=58.00, speed=0.00 items/s, band=nearest, maxStep=0, projected=100000, target=100000, delta=0
Carousel fling: raw=0.0px/s, effective=0.0px/s, itemExtent=58.00, speed=0.00 items/s, band=nearest, maxStep=0, projected=100000, target=100000, delta=0
Carousel fling: raw=0.0px/s, effective=0.0px/s, itemExtent=58.00, speed=0.00 items/s, band=nearest, maxStep=0, projected=100000, target=100000, delta=0
Carousel fling: raw=0.0px/s, effective=0.0px/s, itemExtent=58.00, speed=0.00 items/s, band=nearest, maxStep=0, projected=100000, target=100000, delta=0
Carousel fling: raw=0.0px/s, effective=0.0px/s, itemExtent=58.00, speed=0.00 items/s, band=nearest, maxStep=0, projected=100000, target=100000, delta=0
+236 -10: /data/data/com.termux/files/home/ubuntu/flutteruser/flutterapps/fluvi-e8-milestone-time-window-avatar-first-load-codex-20260909/test/features/dashboard/presentation/core_dashboard_test.dart: G4 forensic proxy drives the real Partner Rhythm through every Dashboard collapse frame
Carousel fling: raw=0.0px/s, effective=0.0px/s, itemExtent=58.00, speed=0.00 items/s, band=nearest, maxStep=0, projected=100000, target=100000, delta=0
+237 -10: /data/data/com.termux/files/home/ubuntu/flutteruser/flutterapps/fluvi-e8-milestone-time-window-avatar-first-load-codex-20260909/test/features/dashboard/presentation/core_dashboard_test.dart: Segmented keeps balance content above the Ledger boundary without a physical rail
Carousel fling: raw=0.0px/s, effective=0.0px/s, itemExtent=77.20, speed=0.00 items/s, band=nearest, maxStep=0, projected=0, target=0, delta=0
Carousel fling: raw=0.0px/s, effective=0.0px/s, itemExtent=77.20, speed=0.00 items/s, band=nearest, maxStep=0, projected=100000, target=100000, delta=0
Carousel fling: raw=0.0px/s, effective=0.0px/s, itemExtent=59.00, speed=0.00 items/s, band=nearest, maxStep=0, projected=0, target=0, delta=0
Carousel fling: raw=0.0px/s, effective=0.0px/s, itemExtent=59.00, speed=0.00 items/s, band=nearest, maxStep=0, projected=0, target=0, delta=0
Carousel fling: raw=0.0px/s, effective=0.0px/s, itemExtent=59.00, speed=0.00 items/s, band=nearest, maxStep=0, projected=0, target=0, delta=0
Carousel fling: raw=0.0px/s, effective=0.0px/s, itemExtent=59.00, speed=0.00 items/s, band=nearest, maxStep=0, projected=100000, target=100000, delta=0
Carousel fling: raw=0.0px/s, effective=0.0px/s, itemExtent=59.00, speed=0.00 items/s, band=nearest, maxStep=0, projected=100000, target=100000, delta=0
Carousel fling: raw=0.0px/s, effective=0.0px/s, itemExtent=59.00, speed=0.00 items/s, band=nearest, maxStep=0, projected=100000, target=100000, delta=0
+238 -10: /data/data/com.termux/files/home/ubuntu/flutteruser/flutterapps/fluvi-e8-milestone-time-window-avatar-first-load-codex-20260909/test/features/dashboard/presentation/core_dashboard_test.dart: Segmented keeps budget content above the Ledger boundary without a physical rail
Carousel fling: raw=0.0px/s, effective=0.0px/s, itemExtent=58.00, speed=0.00 items/s, band=nearest, maxStep=0, projected=0, target=0, delta=0
Carousel fling: raw=0.0px/s, effective=0.0px/s, itemExtent=77.20, speed=0.00 items/s, band=nearest, maxStep=0, projected=0, target=0, delta=0
Carousel fling: raw=0.0px/s, effective=0.0px/s, itemExtent=58.00, speed=0.00 items/s, band=nearest, maxStep=0, projected=100000, target=100000, delta=0
Carousel fling: raw=0.0px/s, effective=0.0px/s, itemExtent=77.20, speed=0.00 items/s, band=nearest, maxStep=0, projected=100000, target=100000, delta=0
Carousel fling: raw=0.0px/s, effective=0.0px/s, itemExtent=59.00, speed=0.00 items/s, band=nearest, maxStep=0, projected=0, target=0, delta=0
Carousel fling: raw=0.0px/s, effective=0.0px/s, itemExtent=59.00, speed=0.00 items/s, band=nearest, maxStep=0, projected=0, target=0, delta=0
Carousel fling: raw=0.0px/s, effective=0.0px/s, itemExtent=59.00, speed=0.00 items/s, band=nearest, maxStep=0, projected=0, target=0, delta=0
Carousel fling: raw=0.0px/s, effective=0.0px/s, itemExtent=59.00, speed=0.00 items/s, band=nearest, maxStep=0, projected=100000, target=100000, delta=0
Carousel fling: raw=0.0px/s, effective=0.0px/s, itemExtent=59.00, speed=0.00 items/s, band=nearest, maxStep=0, projected=100000, target=100000, delta=0
Carousel fling: raw=0.0px/s, effective=0.0px/s, itemExtent=59.00, speed=0.00 items/s, band=nearest, maxStep=0, projected=100000, target=100000, delta=0
+239 -10: /data/data/com.termux/files/home/ubuntu/flutteruser/flutterapps/fluvi-e8-milestone-time-window-avatar-first-load-codex-20260909/test/features/dashboard/presentation/core_dashboard_test.dart: Segmented keeps mind content above the Ledger boundary without a physical rail
Carousel fling: raw=0.0px/s, effective=0.0px/s, itemExtent=77.20, speed=0.00 items/s, band=nearest, maxStep=0, projected=0, target=0, delta=0
Carousel fling: raw=0.0px/s, effective=0.0px/s, itemExtent=77.20, speed=0.00 items/s, band=nearest, maxStep=0, projected=100000, target=100000, delta=0
Carousel fling: raw=0.0px/s, effective=0.0px/s, itemExtent=59.00, speed=0.00 items/s, band=nearest, maxStep=0, projected=0, target=0, delta=0
Carousel fling: raw=0.0px/s, effective=0.0px/s, itemExtent=59.00, speed=0.00 items/s, band=nearest, maxStep=0, projected=0, target=0, delta=0
Carousel fling: raw=0.0px/s, effective=0.0px/s, itemExtent=59.00, speed=0.00 items/s, band=nearest, maxStep=0, projected=0, target=0, delta=0
Carousel fling: raw=0.0px/s, effective=0.0px/s, itemExtent=59.00, speed=0.00 items/s, band=nearest, maxStep=0, projected=100000, target=100000, delta=0
Carousel fling: raw=0.0px/s, effective=0.0px/s, itemExtent=59.00, speed=0.00 items/s, band=nearest, maxStep=0, projected=100000, target=100000, delta=0
Carousel fling: raw=0.0px/s, effective=0.0px/s, itemExtent=59.00, speed=0.00 items/s, band=nearest, maxStep=0, projected=100000, target=100000, delta=0
+241 -10: /data/data/com.termux/files/home/ubuntu/flutteruser/flutterapps/fluvi-e8-milestone-time-window-avatar-first-load-codex-20260909/test/features/dashboard/presentation/core_dashboard_test.dart: keeps the native dashboard content at its reference origin
Carousel fling: raw=0.0px/s, effective=0.0px/s, itemExtent=77.20, speed=0.00 items/s, band=nearest, maxStep=0, projected=0, target=0, delta=0
Carousel fling: raw=0.0px/s, effective=0.0px/s, itemExtent=77.20, speed=0.00 items/s, band=nearest, maxStep=0, projected=100000, target=100000, delta=0
+242 -10: /data/data/com.termux/files/home/ubuntu/flutteruser/flutterapps/fluvi-e8-milestone-time-window-avatar-first-load-codex-20260909/test/features/dashboard/presentation/core_dashboard_test.dart: expanded header gestures do not cover action or Summary interactions
Carousel fling: raw=0.0px/s, effective=0.0px/s, itemExtent=77.20, speed=0.00 items/s, band=nearest, maxStep=0, projected=0, target=0, delta=0
Carousel fling: raw=0.0px/s, effective=0.0px/s, itemExtent=77.20, speed=0.00 items/s, band=nearest, maxStep=0, projected=100000, target=100000, delta=0
Carousel fling: raw=0.0px/s, effective=0.0px/s, itemExtent=77.20, speed=0.00 items/s, band=nearest, maxStep=0, projected=100000, target=100000, delta=0
Carousel fling: raw=0.0px/s, effective=0.0px/s, itemExtent=77.20, speed=0.00 items/s, band=nearest, maxStep=0, projected=100000, target=100000, delta=0
+243 -10: /data/data/com.termux/files/home/ubuntu/flutteruser/flutterapps/fluvi-e8-milestone-time-window-avatar-first-load-codex-20260909/test/features/dashboard/presentation/core_dashboard_test.dart: shared gestures map only to their owning controllers
Carousel fling: raw=0.0px/s, effective=0.0px/s, itemExtent=77.20, speed=0.00 items/s, band=nearest, maxStep=0, projected=0, target=0, delta=0
Carousel fling: raw=0.0px/s, effective=0.0px/s, itemExtent=77.20, speed=0.00 items/s, band=nearest, maxStep=0, projected=100000, target=100000, delta=0
Carousel fling: raw=0.0px/s, effective=0.0px/s, itemExtent=77.20, speed=0.00 items/s, band=nearest, maxStep=0, projected=100000, target=100000, delta=0
Carousel fling: raw=-0.0px/s, effective=-0.0px/s, itemExtent=77.20, speed=-0.00 items/s, band=nearest, maxStep=0, projected=100002, target=100002, delta=0
Carousel snap: stiffness=175.0, settle=976ms
+244 -10: /data/data/com.termux/files/home/ubuntu/flutteruser/flutterapps/fluvi-e8-milestone-time-window-avatar-first-load-codex-20260909/test/features/dashboard/presentation/core_dashboard_test.dart: RG-G3: a Summary pointer immediately takes over a live time-rail ballistic
Carousel fling: raw=0.0px/s, effective=0.0px/s, itemExtent=77.20, speed=0.00 items/s, band=nearest, maxStep=0, projected=0, target=0, delta=0
Carousel fling: raw=0.0px/s, effective=0.0px/s, itemExtent=77.20, speed=0.00 items/s, band=nearest, maxStep=0, projected=100000, target=100000, delta=0
Carousel fling: raw=0.0px/s, effective=0.0px/s, itemExtent=77.20, speed=0.00 items/s, band=nearest, maxStep=0, projected=100000, target=100000, delta=0
Carousel fling: raw=2400.0px/s, effective=1584.0px/s, itemExtent=77.20, speed=20.52 items/s, band=max-4, maxStep=4, projected=100014, target=100008, delta=4
Carousel snap: stiffness=340.0, settle=1024ms
Carousel fling: raw=0.0px/s, effective=0.0px/s, itemExtent=77.20, speed=0.00 items/s, band=nearest, maxStep=0, projected=100000, target=100000, delta=0
Carousel fling: raw=2400.0px/s, effective=1584.0px/s, itemExtent=77.20, speed=20.52 items/s, band=max-4, maxStep=4, projected=100014, target=100008, delta=4
Carousel snap: stiffness=340.0, settle=1024ms
Carousel fling: raw=0.0px/s, effective=0.0px/s, itemExtent=77.20, speed=0.00 items/s, band=nearest, maxStep=0, projected=100000, target=100000, delta=0
Carousel fling: raw=2400.0px/s, effective=1584.0px/s, itemExtent=77.20, speed=20.52 items/s, band=max-4, maxStep=4, projected=100014, target=100008, delta=4
Carousel snap: stiffness=340.0, settle=1024ms
+245 -10: /data/data/com.termux/files/home/ubuntu/flutteruser/flutterapps/fluvi-e8-milestone-time-window-avatar-first-load-codex-20260909/test/features/dashboard/presentation/core_dashboard_test.dart: RG-G3: a Summary pointer immediately takes over a live time-rail ballistic
Carousel fling: raw=0.0px/s, effective=0.0px/s, itemExtent=77.20, speed=0.00 items/s, band=nearest, maxStep=0, projected=100000, target=100000, delta=0
Carousel fling: raw=2400.0px/s, effective=1584.0px/s, itemExtent=77.20, speed=20.52 items/s, band=max-4, maxStep=4, projected=100014, target=100008, delta=4
Carousel snap: stiffness=340.0, settle=1024ms
Carousel fling: raw=0.0px/s, effective=0.0px/s, itemExtent=77.20, speed=0.00 items/s, band=nearest, maxStep=0, projected=100000, target=100000, delta=0
Carousel fling: raw=2400.0px/s, effective=1584.0px/s, itemExtent=77.20, speed=20.52 items/s, band=max-4, maxStep=4, projected=100014, target=100008, delta=4
Carousel snap: stiffness=340.0, settle=1024ms
Carousel fling: raw=0.0px/s, effective=0.0px/s, itemExtent=77.20, speed=0.00 items/s, band=nearest, maxStep=0, projected=100008, target=100008, delta=0
+246 -10: /data/data/com.termux/files/home/ubuntu/flutteruser/flutterapps/fluvi-e8-milestone-time-window-avatar-first-load-codex-20260909/test/features/dashboard/presentation/core_dashboard_test.dart: TM diagnostics records the semantic settle that ends a time-rail flight
Carousel fling: raw=0.0px/s, effective=0.0px/s, itemExtent=77.20, speed=0.00 items/s, band=nearest, maxStep=0, projected=0, target=0, delta=0
Carousel fling: raw=0.0px/s, effective=0.0px/s, itemExtent=77.20, speed=0.00 items/s, band=nearest, maxStep=0, projected=100000, target=100000, delta=0
Carousel fling: raw=0.0px/s, effective=0.0px/s, itemExtent=77.20, speed=0.00 items/s, band=nearest, maxStep=0, projected=100000, target=100000, delta=0
Carousel fling: raw=2400.0px/s, effective=1584.0px/s, itemExtent=77.20, speed=20.52 items/s, band=max-4, maxStep=4, projected=100014, target=100008, delta=4
Carousel snap: stiffness=340.0, settle=1024ms
Carousel fling: raw=0.0px/s, effective=0.0px/s, itemExtent=77.20, speed=0.00 items/s, band=nearest, maxStep=0, projected=100008, target=100008, delta=0
+247 -10: /data/data/com.termux/files/home/ubuntu/flutteruser/flutterapps/fluvi-e8-milestone-time-window-avatar-first-load-codex-20260909/test/features/dashboard/presentation/core_dashboard_test.dart: time rail settles after a terminal non-scrolling Hold handoff
Carousel fling: raw=0.0px/s, effective=0.0px/s, itemExtent=77.20, speed=0.00 items/s, band=nearest, maxStep=0, projected=0, target=0, delta=0
Carousel fling: raw=0.0px/s, effective=0.0px/s, itemExtent=77.20, speed=0.00 items/s, band=nearest, maxStep=0, projected=100000, target=100000, delta=0
Carousel fling: raw=0.0px/s, effective=0.0px/s, itemExtent=77.20, speed=0.00 items/s, band=nearest, maxStep=0, projected=100000, target=100000, delta=0
Carousel fling: raw=0.0px/s, effective=0.0px/s, itemExtent=77.20, speed=0.00 items/s, band=nearest, maxStep=0, projected=100000, target=100000, delta=0
+248 -10: /data/data/com.termux/files/home/ubuntu/flutteruser/flutterapps/fluvi-e8-milestone-time-window-avatar-first-load-codex-20260909/test/features/dashboard/presentation/core_dashboard_test.dart: time rail forwards ScrollEnd to the current motion command without a frame
Carousel fling: raw=0.0px/s, effective=0.0px/s, itemExtent=77.20, speed=0.00 items/s, band=nearest, maxStep=0, projected=0, target=0, delta=0
Carousel fling: raw=0.0px/s, effective=0.0px/s, itemExtent=77.20, speed=0.00 items/s, band=nearest, maxStep=0, projected=100000, target=100000, delta=0
Carousel fling: raw=0.0px/s, effective=0.0px/s, itemExtent=77.20, speed=0.00 items/s, band=nearest, maxStep=0, projected=100000, target=100000, delta=0
+250 -10: /data/data/com.termux/files/home/ubuntu/flutteruser/flutterapps/fluvi-e8-milestone-time-window-avatar-first-load-codex-20260909/test/features/dashboard/presentation/core_dashboard_test.dart: split header lower card reveals from behind the upper card
Carousel fling: raw=0.0px/s, effective=0.0px/s, itemExtent=77.20, speed=0.00 items/s, band=nearest, maxStep=0, projected=0, target=0, delta=0
Carousel fling: raw=0.0px/s, effective=0.0px/s, itemExtent=77.20, speed=0.00 items/s, band=nearest, maxStep=0, projected=100000, target=100000, delta=0
+251 -10: /data/data/com.termux/files/home/ubuntu/flutteruser/flutterapps/fluvi-e8-milestone-time-window-avatar-first-load-codex-20260909/test/features/dashboard/presentation/core_dashboard_test.dart: split header indicators slide with the lower card
Carousel fling: raw=0.0px/s, effective=0.0px/s, itemExtent=77.20, speed=0.00 items/s, band=nearest, maxStep=0, projected=0, target=0, delta=0
Carousel fling: raw=0.0px/s, effective=0.0px/s, itemExtent=77.20, speed=0.00 items/s, band=nearest, maxStep=0, projected=100000, target=100000, delta=0
+252 -10: /data/data/com.termux/files/home/ubuntu/flutteruser/flutterapps/fluvi-e8-milestone-time-window-avatar-first-load-codex-20260909/test/features/dashboard/presentation/core_dashboard_test.dart: maps a normalized half-scale collapse drag to the controller endpoint
Carousel fling: raw=0.0px/s, effective=0.0px/s, itemExtent=39.40, speed=0.00 items/s, band=nearest, maxStep=0, projected=0, target=0, delta=0
Carousel fling: raw=0.0px/s, effective=0.0px/s, itemExtent=39.40, speed=0.00 items/s, band=nearest, maxStep=0, projected=100000, target=100000, delta=0
+295 -10: /data/data/com.termux/files/home/ubuntu/flutteruser/flutterapps/fluvi-e8-milestone-time-window-avatar-first-load-codex-20260909/test/features/dashboard/presentation/dashboard_header_palette_transport_test.dart: continuous Header palette transport contract DashboardHeaderEffectId.dualTide retains broad Cool palette support
DashboardHeaderEffectId.dualTide paletteSupport=bins=32 p05=0.090 p95=0.918 left=0.003 right=0.001
+296 -10: /data/data/com.termux/files/home/ubuntu/flutteruser/flutterapps/fluvi-e8-milestone-time-window-avatar-first-load-codex-20260909/test/features/dashboard/presentation/dashboard_header_palette_transport_test.dart: continuous Header palette transport contract DashboardHeaderEffectId.deepDrift retains broad Cool palette support
DashboardHeaderEffectId.deepDrift paletteSupport=bins=32 p05=0.113 p95=0.883 left=0.002 right=0.001
+346 -10: /data/data/com.termux/files/home/ubuntu/flutteruser/flutterapps/fluvi-e8-milestone-time-window-avatar-first-load-codex-20260909/test/features/dashboard/presentation/dashboard_header_space_fabric_temporal_test.dart: Space Fabric real-ticker perceptual motion contract RED gravitationalFabric advances through the real ticker and changes a perceptible raster area
══╡ EXCEPTION CAUGHT BY FLUTTER TEST FRAMEWORK ╞════════════════════════════════════════════════════
The following TestFailure was thrown running a test:
Expected: empty
  Actual: ['5s changed area < 0.4']
DashboardHeaderEffectId.gravitationalFabric perceptual timeline:
1s=meanPerChannel=1.2830854506644633 changedPixelFraction=0.26668043792604834
3s=meanPerChannel=2.1628193210769124 changedPixelFraction=0.4267196860152861
5s=meanPerChannel=1.8820534669145494 changedPixelFraction=0.3979291468704813

When the exception was thrown, this was the stack:
#4      main.<anonymous closure>.<anonymous closure> (file:///data/data/com.termux/files/home/ubuntu/flutteruser/flutterapps/fluvi-e8-milestone-time-window-avatar-first-load-codex-20260909/test/features/dashboard/presentation/dashboard_header_space_fabric_temporal_test.dart:118:11)
<asynchronous suspension>
#5      testWidgets.<anonymous closure>.<anonymous closure> (package:flutter_test/src/widget_tester.dart:192:15)
<asynchronous suspension>
#6      TestWidgetsFlutterBinding._runTestBody (package:flutter_test/src/binding.dart:1682:5)
<asynchronous suspension>
<asynchronous suspension>
(elided one frame from package:stack_trace)

This was caught by the test expectation on the following line:
  file:///data/data/com.termux/files/home/ubuntu/flutteruser/flutterapps/fluvi-e8-milestone-time-window-avatar-first-load-codex-20260909/test/features/dashboard/presentation/dashboard_header_space_fabric_temporal_test.dart line 118
The test description was:
  RED gravitationalFabric advances through the real ticker and changes a perceptible raster area
════════════════════════════════════════════════════════════════════════════════════════════════════
+346 -11: /data/data/com.termux/files/home/ubuntu/flutteruser/flutterapps/fluvi-e8-milestone-time-window-avatar-first-load-codex-20260909/test/features/dashboard/presentation/dashboard_header_space_fabric_temporal_test.dart: Space Fabric real-ticker perceptual motion contract RED gravitationalFabric advances through the real ticker and changes a perceptible raster area [E]
  Test failed. See exception logs above.
  The test description was: RED gravitationalFabric advances through the real ticker and changes a perceptible raster area
  
+356 -11: /data/data/com.termux/files/home/ubuntu/flutteruser/flutterapps/fluvi-e8-milestone-time-window-avatar-first-load-codex-20260909/test/features/dashboard/presentation/dashboard_header_space_fabric_temporal_test.dart: Space Fabric real-ticker perceptual motion contract RED breathingMetric advances through the real ticker and changes a perceptible raster area
══╡ EXCEPTION CAUGHT BY SCHEDULER LIBRARY ╞═════════════════════════════════════════════════════════
The following message was thrown:
An animation is still running even after the widget tree was disposed.

There was one transient callback left. The stack trace for when it was registered is as follows:
── callback 28 ──
#2      SchedulerBinding.scheduleFrameCallback (package:flutter/src/scheduler/binding.dart:617:49)
#3      Ticker.scheduleTick (package:flutter/src/scheduler/ticker.dart:298:46)
#4      Ticker.start (package:flutter/src/scheduler/ticker.dart:200:7)
#5      DashboardHeaderVisualController._syncTicker (package:fluvi/features/dashboard/presentation/core_modes/dashboard_header_visual_engine.dart:2776:15)
#6      new DashboardHeaderVisualController (package:fluvi/features/dashboard/presentation/core_modes/dashboard_header_visual_engine.dart:2243:5)
#7      _renderRealTickerTimeline (file:///data/data/com.termux/files/home/ubuntu/flutteruser/flutterapps/fluvi-e8-milestone-time-window-avatar-first-load-codex-20260909/test/features/dashboard/presentation/dashboard_header_space_fabric_temporal_test.dart:227:22)
#8      main.<anonymous closure>.<anonymous closure> (file:///data/data/com.termux/files/home/ubuntu/flutteruser/flutterapps/fluvi-e8-milestone-time-window-avatar-first-load-codex-20260909/test/features/dashboard/presentation/dashboard_header_space_fabric_temporal_test.dart:56:34)
#9      testWidgets.<anonymous closure>.<anonymous closure> (package:flutter_test/src/widget_tester.dart:192:29)
<asynchronous suspension>
#10     TestWidgetsFlutterBinding._runTestBody (package:flutter_test/src/binding.dart:1682:5)
<asynchronous suspension>
<asynchronous suspension>
(elided 3 frames from class _FrameCallbackEntry and package:stack_trace)
════════════════════════════════════════════════════════════════════════════════════════════════════
+356 -12: /data/data/com.termux/files/home/ubuntu/flutteruser/flutterapps/fluvi-e8-milestone-time-window-avatar-first-load-codex-20260909/test/features/dashboard/presentation/dashboard_header_space_fabric_temporal_test.dart: Space Fabric real-ticker perceptual motion contract RED breathingMetric advances through the real ticker and changes a perceptible raster area [E]
  Test failed. See exception logs above.
  The test description was: RED breathingMetric advances through the real ticker and changes a perceptible raster area
  
+370 -12: /data/data/com.termux/files/home/ubuntu/flutteruser/flutterapps/fluvi-e8-milestone-time-window-avatar-first-load-codex-20260909/test/features/dashboard/presentation/dashboard_header_space_fabric_temporal_test.dart: Space Fabric real-ticker perceptual motion contract RED tidalCurvature advances through the real ticker and changes a perceptible raster area
══╡ EXCEPTION CAUGHT BY SCHEDULER LIBRARY ╞═════════════════════════════════════════════════════════
The following message was thrown:
An animation is still running even after the widget tree was disposed.

There was one transient callback left. The stack trace for when it was registered is as follows:
── callback 44 ──
#2      SchedulerBinding.scheduleFrameCallback (package:flutter/src/scheduler/binding.dart:617:49)
#3      Ticker.scheduleTick (package:flutter/src/scheduler/ticker.dart:298:46)
#4      Ticker.start (package:flutter/src/scheduler/ticker.dart:200:7)
#5      DashboardHeaderVisualController._syncTicker (package:fluvi/features/dashboard/presentation/core_modes/dashboard_header_visual_engine.dart:2776:15)
#6      new DashboardHeaderVisualController (package:fluvi/features/dashboard/presentation/core_modes/dashboard_header_visual_engine.dart:2243:5)
#7      _renderRealTickerTimeline (file:///data/data/com.termux/files/home/ubuntu/flutteruser/flutterapps/fluvi-e8-milestone-time-window-avatar-first-load-codex-20260909/test/features/dashboard/presentation/dashboard_header_space_fabric_temporal_test.dart:227:22)
#8      main.<anonymous closure>.<anonymous closure> (file:///data/data/com.termux/files/home/ubuntu/flutteruser/flutterapps/fluvi-e8-milestone-time-window-avatar-first-load-codex-20260909/test/features/dashboard/presentation/dashboard_header_space_fabric_temporal_test.dart:56:34)
#9      testWidgets.<anonymous closure>.<anonymous closure> (package:flutter_test/src/widget_tester.dart:192:29)
<asynchronous suspension>
#10     TestWidgetsFlutterBinding._runTestBody (package:flutter_test/src/binding.dart:1682:5)
<asynchronous suspension>
<asynchronous suspension>
(elided 3 frames from class _FrameCallbackEntry and package:stack_trace)
════════════════════════════════════════════════════════════════════════════════════════════════════
+370 -13: /data/data/com.termux/files/home/ubuntu/flutteruser/flutterapps/fluvi-e8-milestone-time-window-avatar-first-load-codex-20260909/test/features/dashboard/presentation/dashboard_header_space_fabric_temporal_test.dart: Space Fabric real-ticker perceptual motion contract RED tidalCurvature advances through the real ticker and changes a perceptible raster area [E]
  Test failed. See exception logs above.
  The test description was: RED tidalCurvature advances through the real ticker and changes a perceptible raster area
  
+437 -13: /data/data/com.termux/files/home/ubuntu/flutteruser/flutterapps/fluvi-e8-milestone-time-window-avatar-first-load-codex-20260909/test/features/dashboard/presentation/dashboard_header_space_fabric_temporal_test.dart: Space Fabric real-ticker perceptual motion contract RED metricBloom remains visually frozen at speed zero
══╡ EXCEPTION CAUGHT BY SCHEDULER LIBRARY ╞═════════════════════════════════════════════════════════
The following message was thrown:
An animation is still running even after the widget tree was disposed.

There was one transient callback left. The stack trace for when it was registered is as follows:
── callback 60 ──
#2      SchedulerBinding.scheduleFrameCallback (package:flutter/src/scheduler/binding.dart:617:49)
#3      Ticker.scheduleTick (package:flutter/src/scheduler/ticker.dart:298:46)
#4      Ticker.start (package:flutter/src/scheduler/ticker.dart:200:7)
#5      DashboardHeaderVisualController._syncTicker (package:fluvi/features/dashboard/presentation/core_modes/dashboard_header_visual_engine.dart:2776:15)
#6      new DashboardHeaderVisualController (package:fluvi/features/dashboard/presentation/core_modes/dashboard_header_visual_engine.dart:2243:5)
#7      _renderRealTickerTimeline (file:///data/data/com.termux/files/home/ubuntu/flutteruser/flutterapps/fluvi-e8-milestone-time-window-avatar-first-load-codex-20260909/test/features/dashboard/presentation/dashboard_header_space_fabric_temporal_test.dart:227:22)
#8      main.<anonymous closure>.<anonymous closure> (file:///data/data/com.termux/files/home/ubuntu/flutteruser/flutterapps/fluvi-e8-milestone-time-window-avatar-first-load-codex-20260909/test/features/dashboard/presentation/dashboard_header_space_fabric_temporal_test.dart:56:34)
#9      testWidgets.<anonymous closure>.<anonymous closure> (package:flutter_test/src/widget_tester.dart:192:29)
<asynchronous suspension>
#10     TestWidgetsFlutterBinding._runTestBody (package:flutter_test/src/binding.dart:1682:5)
<asynchronous suspension>
<asynchronous suspension>
(elided 3 frames from class _FrameCallbackEntry and package:stack_trace)
════════════════════════════════════════════════════════════════════════════════════════════════════
+437 -14: /data/data/com.termux/files/home/ubuntu/flutteruser/flutterapps/fluvi-e8-milestone-time-window-avatar-first-load-codex-20260909/test/features/dashboard/presentation/dashboard_header_space_fabric_temporal_test.dart: Space Fabric real-ticker perceptual motion contract RED metricBloom remains visually frozen at speed zero [E]
  Test failed. See exception logs above.
  The test description was: RED metricBloom remains visually frozen at speed zero
  
+445 -14: /data/data/com.termux/files/home/ubuntu/flutteruser/flutterapps/fluvi-e8-milestone-time-window-avatar-first-load-codex-20260909/test/features/dashboard/presentation/dashboard_header_space_fabric_temporal_test.dart: Space Fabric real-ticker perceptual motion contract RED gravitationalFabric remains visually frozen at speed zero
══╡ EXCEPTION CAUGHT BY SCHEDULER LIBRARY ╞═════════════════════════════════════════════════════════
The following message was thrown:
An animation is still running even after the widget tree was disposed.

There was one transient callback left. The stack trace for when it was registered is as follows:
── callback 76 ──
#2      SchedulerBinding.scheduleFrameCallback (package:flutter/src/scheduler/binding.dart:617:49)
#3      Ticker.scheduleTick (package:flutter/src/scheduler/ticker.dart:298:46)
#4      Ticker.start (package:flutter/src/scheduler/ticker.dart:200:7)
#5      DashboardHeaderVisualController._syncTicker (package:fluvi/features/dashboard/presentation/core_modes/dashboard_header_visual_engine.dart:2776:15)
#6      new DashboardHeaderVisualController (package:fluvi/features/dashboard/presentation/core_modes/dashboard_header_visual_engine.dart:2243:5)
#7      _renderRealTickerTimeline (file:///data/data/com.termux/files/home/ubuntu/flutteruser/flutterapps/fluvi-e8-milestone-time-window-avatar-first-load-codex-20260909/test/features/dashboard/presentation/dashboard_header_space_fabric_temporal_test.dart:227:22)
#8      main.<anonymous closure>.<anonymous closure> (file:///data/data/com.termux/files/home/ubuntu/flutteruser/flutterapps/fluvi-e8-milestone-time-window-avatar-first-load-codex-20260909/test/features/dashboard/presentation/dashboard_header_space_fabric_temporal_test.dart:56:34)
#9      testWidgets.<anonymous closure>.<anonymous closure> (package:flutter_test/src/widget_tester.dart:192:29)
<asynchronous suspension>
#10     TestWidgetsFlutterBinding._runTestBody (package:flutter_test/src/binding.dart:1682:5)
<asynchronous suspension>
<asynchronous suspension>
(elided 3 frames from class _FrameCallbackEntry and package:stack_trace)
════════════════════════════════════════════════════════════════════════════════════════════════════
+445 -15: /data/data/com.termux/files/home/ubuntu/flutteruser/flutterapps/fluvi-e8-milestone-time-window-avatar-first-load-codex-20260909/test/features/dashboard/presentation/dashboard_header_space_fabric_temporal_test.dart: Space Fabric real-ticker perceptual motion contract RED gravitationalFabric remains visually frozen at speed zero [E]
  Test failed. See exception logs above.
  The test description was: RED gravitationalFabric remains visually frozen at speed zero
  
+447 -15: /data/data/com.termux/files/home/ubuntu/flutteruser/flutterapps/fluvi-e8-milestone-time-window-avatar-first-load-codex-20260909/test/features/dashboard/presentation/dashboard_header_space_fabric_temporal_test.dart: Space Fabric real-ticker perceptual motion contract RED breathingMetric remains visually frozen at speed zero
══╡ EXCEPTION CAUGHT BY SCHEDULER LIBRARY ╞═════════════════════════════════════════════════════════
The following message was thrown:
An animation is still running even after the widget tree was disposed.

There was one transient callback left. The stack trace for when it was registered is as follows:
── callback 92 ──
#2      SchedulerBinding.scheduleFrameCallback (package:flutter/src/scheduler/binding.dart:617:49)
#3      Ticker.scheduleTick (package:flutter/src/scheduler/ticker.dart:298:46)
#4      Ticker.start (package:flutter/src/scheduler/ticker.dart:200:7)
#5      DashboardHeaderVisualController._syncTicker (package:fluvi/features/dashboard/presentation/core_modes/dashboard_header_visual_engine.dart:2776:15)
#6      new DashboardHeaderVisualController (package:fluvi/features/dashboard/presentation/core_modes/dashboard_header_visual_engine.dart:2243:5)
#7      _renderRealTickerTimeline (file:///data/data/com.termux/files/home/ubuntu/flutteruser/flutterapps/fluvi-e8-milestone-time-window-avatar-first-load-codex-20260909/test/features/dashboard/presentation/dashboard_header_space_fabric_temporal_test.dart:227:22)
#8      main.<anonymous closure>.<anonymous closure> (file:///data/data/com.termux/files/home/ubuntu/flutteruser/flutterapps/fluvi-e8-milestone-time-window-avatar-first-load-codex-20260909/test/features/dashboard/presentation/dashboard_header_space_fabric_temporal_test.dart:56:34)
#9      testWidgets.<anonymous closure>.<anonymous closure> (package:flutter_test/src/widget_tester.dart:192:29)
<asynchronous suspension>
#10     TestWidgetsFlutterBinding._runTestBody (package:flutter_test/src/binding.dart:1682:5)
<asynchronous suspension>
<asynchronous suspension>
(elided 3 frames from class _FrameCallbackEntry and package:stack_trace)
════════════════════════════════════════════════════════════════════════════════════════════════════
+447 -16: /data/data/com.termux/files/home/ubuntu/flutteruser/flutterapps/fluvi-e8-milestone-time-window-avatar-first-load-codex-20260909/test/features/dashboard/presentation/dashboard_header_space_fabric_temporal_test.dart: Space Fabric real-ticker perceptual motion contract RED breathingMetric remains visually frozen at speed zero [E]
  Test failed. See exception logs above.
  The test description was: RED breathingMetric remains visually frozen at speed zero
  
+450 -16: /data/data/com.termux/files/home/ubuntu/flutteruser/flutterapps/fluvi-e8-milestone-time-window-avatar-first-load-codex-20260909/test/features/dashboard/presentation/dashboard_logbox_query_preview_paint_test.dart: POST-DF1 RED LIVE-AVATAR: a ballistic production rail crossing paints matching Budget and LogBox state before settle
Carousel fling: raw=0.0px/s, effective=0.0px/s, itemExtent=58.00, speed=0.00 items/s, band=nearest, maxStep=0, projected=0, target=0, delta=0
Carousel fling: raw=0.0px/s, effective=0.0px/s, itemExtent=58.00, speed=0.00 items/s, band=nearest, maxStep=0, projected=100000, target=100000, delta=0
Carousel fling: raw=2599.9px/s, effective=1716.0px/s, itemExtent=58.00, speed=29.59 items/s, band=max-5, maxStep=5, projected=100019, target=100009, delta=5
Carousel snap: stiffness=340.0, settle=1024ms
Carousel fling: raw=0.0px/s, effective=0.0px/s, itemExtent=58.00, speed=0.00 items/s, band=nearest, maxStep=0, projected=100009, target=100009, delta=0
+452 -16: /data/data/com.termux/files/home/ubuntu/flutteruser/flutterapps/fluvi-e8-milestone-time-window-avatar-first-load-codex-20260909/test/features/dashboard/presentation/dashboard_header_space_fabric_temporal_test.dart: Space Fabric real-ticker perceptual motion contract RED tidalCurvature remains visually frozen at speed zero
══╡ EXCEPTION CAUGHT BY SCHEDULER LIBRARY ╞═════════════════════════════════════════════════════════
The following message was thrown:
An animation is still running even after the widget tree was disposed.

There was one transient callback left. The stack trace for when it was registered is as follows:
── callback 108 ──
#2      SchedulerBinding.scheduleFrameCallback (package:flutter/src/scheduler/binding.dart:617:49)
#3      Ticker.scheduleTick (package:flutter/src/scheduler/ticker.dart:298:46)
#4      Ticker.start (package:flutter/src/scheduler/ticker.dart:200:7)
#5      DashboardHeaderVisualController._syncTicker (package:fluvi/features/dashboard/presentation/core_modes/dashboard_header_visual_engine.dart:2776:15)
#6      new DashboardHeaderVisualController (package:fluvi/features/dashboard/presentation/core_modes/dashboard_header_visual_engine.dart:2243:5)
#7      _renderRealTickerTimeline (file:///data/data/com.termux/files/home/ubuntu/flutteruser/flutterapps/fluvi-e8-milestone-time-window-avatar-first-load-codex-20260909/test/features/dashboard/presentation/dashboard_header_space_fabric_temporal_test.dart:227:22)
#8      main.<anonymous closure>.<anonymous closure> (file:///data/data/com.termux/files/home/ubuntu/flutteruser/flutterapps/fluvi-e8-milestone-time-window-avatar-first-load-codex-20260909/test/features/dashboard/presentation/dashboard_header_space_fabric_temporal_test.dart:56:34)
#9      testWidgets.<anonymous closure>.<anonymous closure> (package:flutter_test/src/widget_tester.dart:192:29)
<asynchronous suspension>
#10     TestWidgetsFlutterBinding._runTestBody (package:flutter_test/src/binding.dart:1682:5)
<asynchronous suspension>
<asynchronous suspension>
(elided 3 frames from class _FrameCallbackEntry and package:stack_trace)
════════════════════════════════════════════════════════════════════════════════════════════════════
+452 -17: /data/data/com.termux/files/home/ubuntu/flutteruser/flutterapps/fluvi-e8-milestone-time-window-avatar-first-load-codex-20260909/test/features/dashboard/presentation/dashboard_header_space_fabric_temporal_test.dart: Space Fabric real-ticker perceptual motion contract RED tidalCurvature remains visually frozen at speed zero [E]
  Test failed. See exception logs above.
  The test description was: RED tidalCurvature remains visually frozen at speed zero
  
+454 -17: /data/data/com.termux/files/home/ubuntu/flutteruser/flutterapps/fluvi-e8-milestone-time-window-avatar-first-load-codex-20260909/test/features/dashboard/presentation/dashboard_header_space_fabric_temporal_test.dart: Space Fabric real-ticker perceptual motion contract speed changes ticker-owned phase rate without changing the initial Space Fabric geometry
══╡ EXCEPTION CAUGHT BY SCHEDULER LIBRARY ╞═════════════════════════════════════════════════════════
The following message was thrown:
An animation is still running even after the widget tree was disposed.

There was one transient callback left. The stack trace for when it was registered is as follows:
── callback 136 ──
#2      SchedulerBinding.scheduleFrameCallback (package:flutter/src/scheduler/binding.dart:617:49)
#3      Ticker.scheduleTick (package:flutter/src/scheduler/ticker.dart:298:46)
#4      Ticker.start (package:flutter/src/scheduler/ticker.dart:200:7)
#5      DashboardHeaderVisualController._syncTicker (package:fluvi/features/dashboard/presentation/core_modes/dashboard_header_visual_engine.dart:2776:15)
#6      new DashboardHeaderVisualController (package:fluvi/features/dashboard/presentation/core_modes/dashboard_header_visual_engine.dart:2243:5)
#7      _renderRealTickerTimeline (file:///data/data/com.termux/files/home/ubuntu/flutteruser/flutterapps/fluvi-e8-milestone-time-window-avatar-first-load-codex-20260909/test/features/dashboard/presentation/dashboard_header_space_fabric_temporal_test.dart:227:22)
#8      main.<anonymous closure>.<anonymous closure> (file:///data/data/com.termux/files/home/ubuntu/flutteruser/flutterapps/fluvi-e8-milestone-time-window-avatar-first-load-codex-20260909/test/features/dashboard/presentation/dashboard_header_space_fabric_temporal_test.dart:56:34)
#9      testWidgets.<anonymous closure>.<anonymous closure> (package:flutter_test/src/widget_tester.dart:192:29)
<asynchronous suspension>
#10     TestWidgetsFlutterBinding._runTestBody (package:flutter_test/src/binding.dart:1682:5)
<asynchronous suspension>
<asynchronous suspension>
(elided 3 frames from class _FrameCallbackEntry and package:stack_trace)
════════════════════════════════════════════════════════════════════════════════════════════════════
+454 -18: /data/data/com.termux/files/home/ubuntu/flutteruser/flutterapps/fluvi-e8-milestone-time-window-avatar-first-load-codex-20260909/test/features/dashboard/presentation/dashboard_header_space_fabric_temporal_test.dart: Space Fabric real-ticker perceptual motion contract speed changes ticker-owned phase rate without changing the initial Space Fabric geometry [E]
  Test failed. See exception logs above.
  The test description was: speed changes ticker-owned phase rate without changing the initial Space Fabric geometry
  
+456 -18: /data/data/com.termux/files/home/ubuntu/flutteruser/flutterapps/fluvi-e8-milestone-time-window-avatar-first-load-codex-20260909/test/features/dashboard/presentation/dashboard_logbox_stable_render_surface_test.dart: empty and populated frames keep one render surface identity
══╡ EXCEPTION CAUGHT BY FLUTTER TEST FRAMEWORK ╞════════════════════════════════════════════════════
The following StateError was thrown running a test:
Bad state: Too many elements

When the exception was thrown, this was the stack:
#0      Iterable.single (dart:core/iterable.dart:696:24)
#1      WidgetController.state (package:flutter_test/src/controller.dart:927:42)
#2      main.<anonymous closure> (file:///data/data/com.termux/files/home/ubuntu/flutteruser/flutterapps/fluvi-e8-milestone-time-window-avatar-first-load-codex-20260909/test/features/dashboard/presentation/dashboard_logbox_stable_render_surface_test.dart:87:36)
<asynchronous suspension>
#3      testWidgets.<anonymous closure>.<anonymous closure> (package:flutter_test/src/widget_tester.dart:192:15)
<asynchronous suspension>
#4      TestWidgetsFlutterBinding._runTestBody (package:flutter_test/src/binding.dart:1682:5)
<asynchronous suspension>
<asynchronous suspension>
(elided one frame from package:stack_trace)

The test description was:
  empty and populated frames keep one render surface identity
════════════════════════════════════════════════════════════════════════════════════════════════════
+456 -19: /data/data/com.termux/files/home/ubuntu/flutteruser/flutterapps/fluvi-e8-milestone-time-window-avatar-first-load-codex-20260909/test/features/dashboard/presentation/dashboard_logbox_stable_render_surface_test.dart: empty and populated frames keep one render surface identity [E]
  Test failed. See exception logs above.
  The test description was: empty and populated frames keep one render surface identity
  
+506 -19: /data/data/com.termux/files/home/ubuntu/flutteruser/flutterapps/fluvi-e8-milestone-time-window-avatar-first-load-codex-20260909/test/features/dashboard/presentation/dashboard_rebuild_isolation_test.dart: structural dashboard changes preserve the rail controller, position and physics
Carousel fling: raw=0.0px/s, effective=0.0px/s, itemExtent=52.45, speed=0.00 items/s, band=nearest, maxStep=0, projected=0, target=0, delta=0
Carousel fling: raw=0.0px/s, effective=0.0px/s, itemExtent=52.45, speed=0.00 items/s, band=nearest, maxStep=0, projected=100000, target=100000, delta=0
Carousel fling: raw=0.0px/s, effective=0.0px/s, itemExtent=52.45, speed=0.00 items/s, band=nearest, maxStep=0, projected=100000, target=100000, delta=0
Carousel fling: raw=0.0px/s, effective=0.0px/s, itemExtent=52.45, speed=0.00 items/s, band=nearest, maxStep=0, projected=100000, target=100000, delta=0
Carousel fling: raw=0.0px/s, effective=0.0px/s, itemExtent=52.45, speed=0.00 items/s, band=nearest, maxStep=0, projected=100000, target=100000, delta=0
Carousel fling: raw=0.0px/s, effective=0.0px/s, itemExtent=52.45, speed=0.00 items/s, band=nearest, maxStep=0, projected=100000, target=100000, delta=0
Carousel fling: raw=0.0px/s, effective=0.0px/s, itemExtent=52.45, speed=0.00 items/s, band=nearest, maxStep=0, projected=6, target=6, delta=0
Carousel fling: raw=0.0px/s, effective=0.0px/s, itemExtent=52.45, speed=0.00 items/s, band=nearest, maxStep=0, projected=11, target=11, delta=0
Carousel fling: raw=0.0px/s, effective=0.0px/s, itemExtent=52.45, speed=0.00 items/s, band=nearest, maxStep=0, projected=11, target=11, delta=0
Carousel fling: raw=0.0px/s, effective=0.0px/s, itemExtent=52.45, speed=0.00 items/s, band=nearest, maxStep=0, projected=11, target=11, delta=0
Carousel fling: raw=0.0px/s, effective=0.0px/s, itemExtent=52.45, speed=0.00 items/s, band=nearest, maxStep=0, projected=100000, target=100000, delta=0
Carousel fling: raw=0.0px/s, effective=0.0px/s, itemExtent=52.45, speed=0.00 items/s, band=nearest, maxStep=0, projected=100000, target=100000, delta=0
Carousel fling: raw=0.0px/s, effective=0.0px/s, itemExtent=52.45, speed=0.00 items/s, band=nearest, maxStep=0, projected=6, target=6, delta=0
Carousel fling: raw=0.0px/s, effective=0.0px/s, itemExtent=52.45, speed=0.00 items/s, band=nearest, maxStep=0, projected=11, target=11, delta=0
Carousel fling: raw=0.0px/s, effective=0.0px/s, itemExtent=52.45, speed=0.00 items/s, band=nearest, maxStep=0, projected=11, target=11, delta=0
Carousel fling: raw=0.0px/s, effective=0.0px/s, itemExtent=52.45, speed=0.00 items/s, band=nearest, maxStep=0, projected=11, target=11, delta=0
Carousel fling: raw=0.0px/s, effective=0.0px/s, itemExtent=52.45, speed=0.00 items/s, band=nearest, maxStep=0, projected=100000, target=100000, delta=0
Carousel fling: raw=0.0px/s, effective=0.0px/s, itemExtent=52.45, speed=0.00 items/s, band=nearest, maxStep=0, projected=100000, target=100000, delta=0
Carousel fling: raw=0.0px/s, effective=0.0px/s, itemExtent=52.45, speed=0.00 items/s, band=nearest, maxStep=0, projected=6, target=6, delta=0
Carousel fling: raw=0.0px/s, effective=0.0px/s, itemExtent=52.45, speed=0.00 items/s, band=nearest, maxStep=0, projected=11, target=11, delta=0
Carousel fling: raw=0.0px/s, effective=0.0px/s, itemExtent=52.45, speed=0.00 items/s, band=nearest, maxStep=0, projected=11, target=11, delta=0
Carousel fling: raw=0.0px/s, effective=0.0px/s, itemExtent=52.45, speed=0.00 items/s, band=nearest, maxStep=0, projected=11, target=11, delta=0
Carousel fling: raw=0.0px/s, effective=0.0px/s, itemExtent=52.45, speed=0.00 items/s, band=nearest, maxStep=0, projected=100000, target=100000, delta=0
+546 -19: /data/data/com.termux/files/home/ubuntu/flutteruser/flutterapps/fluvi-e8-milestone-time-window-avatar-first-load-codex-20260909/test/features/dashboard/presentation/summary_pill_experiments_widget_test.dart: segmented Summary ports the selected reference material
Carousel fling: raw=0.0px/s, effective=0.0px/s, itemExtent=59.00, speed=0.00 items/s, band=nearest, maxStep=0, projected=0, target=0, delta=0
Carousel fling: raw=0.0px/s, effective=0.0px/s, itemExtent=59.00, speed=0.00 items/s, band=nearest, maxStep=0, projected=0, target=0, delta=0
Carousel fling: raw=0.0px/s, effective=0.0px/s, itemExtent=59.00, speed=0.00 items/s, band=nearest, maxStep=0, projected=0, target=0, delta=0
Carousel fling: raw=0.0px/s, effective=0.0px/s, itemExtent=59.00, speed=0.00 items/s, band=nearest, maxStep=0, projected=100000, target=100000, delta=0
Carousel fling: raw=0.0px/s, effective=0.0px/s, itemExtent=59.00, speed=0.00 items/s, band=nearest, maxStep=0, projected=100000, target=100000, delta=0
Carousel fling: raw=0.0px/s, effective=0.0px/s, itemExtent=59.00, speed=0.00 items/s, band=nearest, maxStep=0, projected=100000, target=100000, delta=0
+547 -19: /data/data/com.termux/files/home/ubuntu/flutteruser/flutterapps/fluvi-e8-milestone-time-window-avatar-first-load-codex-20260909/test/features/dashboard/presentation/summary_pill_experiments_widget_test.dart: Summary background owns tap reset while selector Rects stay excluded
Carousel fling: raw=0.0px/s, effective=0.0px/s, itemExtent=59.00, speed=0.00 items/s, band=nearest, maxStep=0, projected=0, target=0, delta=0
Carousel fling: raw=0.0px/s, effective=0.0px/s, itemExtent=59.00, speed=0.00 items/s, band=nearest, maxStep=0, projected=0, target=0, delta=0
Carousel fling: raw=0.0px/s, effective=0.0px/s, itemExtent=59.00, speed=0.00 items/s, band=nearest, maxStep=0, projected=0, target=0, delta=0
Carousel fling: raw=0.0px/s, effective=0.0px/s, itemExtent=59.00, speed=0.00 items/s, band=nearest, maxStep=0, projected=100000, target=100000, delta=0
Carousel fling: raw=0.0px/s, effective=0.0px/s, itemExtent=59.00, speed=0.00 items/s, band=nearest, maxStep=0, projected=100000, target=100000, delta=0
Carousel fling: raw=0.0px/s, effective=0.0px/s, itemExtent=59.00, speed=0.00 items/s, band=nearest, maxStep=0, projected=100000, target=100000, delta=0
Carousel fling: raw=0.0px/s, effective=0.0px/s, itemExtent=59.00, speed=0.00 items/s, band=nearest, maxStep=0, projected=100000, target=100000, delta=0
Carousel fling: raw=0.0px/s, effective=0.0px/s, itemExtent=59.00, speed=0.00 items/s, band=nearest, maxStep=0, projected=100000, target=100000, delta=0
+548 -19: /data/data/com.termux/files/home/ubuntu/flutteruser/flutterapps/fluvi-e8-milestone-time-window-avatar-first-load-codex-20260909/test/features/dashboard/presentation/summary_pill_experiments_widget_test.dart: Summary background vertical drag does not become a reset tap
Carousel fling: raw=0.0px/s, effective=0.0px/s, itemExtent=59.00, speed=0.00 items/s, band=nearest, maxStep=0, projected=0, target=0, delta=0
Carousel fling: raw=0.0px/s, effective=0.0px/s, itemExtent=59.00, speed=0.00 items/s, band=nearest, maxStep=0, projected=0, target=0, delta=0
Carousel fling: raw=0.0px/s, effective=0.0px/s, itemExtent=59.00, speed=0.00 items/s, band=nearest, maxStep=0, projected=0, target=0, delta=0
Carousel fling: raw=0.0px/s, effective=0.0px/s, itemExtent=59.00, speed=0.00 items/s, band=nearest, maxStep=0, projected=100000, target=100000, delta=0
Carousel fling: raw=0.0px/s, effective=0.0px/s, itemExtent=59.00, speed=0.00 items/s, band=nearest, maxStep=0, projected=100000, target=100000, delta=0
Carousel fling: raw=0.0px/s, effective=0.0px/s, itemExtent=59.00, speed=0.00 items/s, band=nearest, maxStep=0, projected=100000, target=100000, delta=0
+549 -19: /data/data/com.termux/files/home/ubuntu/flutteruser/flutterapps/fluvi-e8-milestone-time-window-avatar-first-load-codex-20260909/test/features/dashboard/presentation/summary_pill_experiments_widget_test.dart: RED repeat-day swipe: the separator-side day interaction cell owns a new pointer instead of Header collapse
Carousel fling: raw=0.0px/s, effective=0.0px/s, itemExtent=59.00, speed=0.00 items/s, band=nearest, maxStep=0, projected=0, target=0, delta=0
Carousel fling: raw=0.0px/s, effective=0.0px/s, itemExtent=59.00, speed=0.00 items/s, band=nearest, maxStep=0, projected=0, target=0, delta=0
Carousel fling: raw=0.0px/s, effective=0.0px/s, itemExtent=59.00, speed=0.00 items/s, band=nearest, maxStep=0, projected=0, target=0, delta=0
Carousel fling: raw=0.0px/s, effective=0.0px/s, itemExtent=59.00, speed=0.00 items/s, band=nearest, maxStep=0, projected=0, target=0, delta=0
Carousel fling: raw=0.0px/s, effective=0.0px/s, itemExtent=59.00, speed=0.00 items/s, band=nearest, maxStep=0, projected=100000, target=100000, delta=0
Carousel fling: raw=0.0px/s, effective=0.0px/s, itemExtent=59.00, speed=0.00 items/s, band=nearest, maxStep=0, projected=100000, target=100000, delta=0
Carousel fling: raw=0.0px/s, effective=0.0px/s, itemExtent=59.00, speed=0.00 items/s, band=nearest, maxStep=0, projected=100000, target=100000, delta=0
Carousel fling: raw=0.0px/s, effective=0.0px/s, itemExtent=59.00, speed=0.00 items/s, band=nearest, maxStep=0, projected=100000, target=100000, delta=0
Carousel fling: raw=-0.0px/s, effective=-0.0px/s, itemExtent=59.00, speed=-0.00 items/s, band=nearest, maxStep=0, projected=100000, target=100000, delta=0
+550 -19: /data/data/com.termux/files/home/ubuntu/flutteruser/flutterapps/fluvi-e8-milestone-time-window-avatar-first-load-codex-20260909/test/features/dashboard/presentation/summary_pill_experiments_widget_test.dart: mirrored Summary keeps reset behind its mirrored selector Rects
Carousel fling: raw=0.0px/s, effective=0.0px/s, itemExtent=59.00, speed=0.00 items/s, band=nearest, maxStep=0, projected=0, target=0, delta=0
Carousel fling: raw=0.0px/s, effective=0.0px/s, itemExtent=59.00, speed=0.00 items/s, band=nearest, maxStep=0, projected=0, target=0, delta=0
Carousel fling: raw=0.0px/s, effective=0.0px/s, itemExtent=59.00, speed=0.00 items/s, band=nearest, maxStep=0, projected=0, target=0, delta=0
Carousel fling: raw=0.0px/s, effective=0.0px/s, itemExtent=59.00, speed=0.00 items/s, band=nearest, maxStep=0, projected=100000, target=100000, delta=0
Carousel fling: raw=0.0px/s, effective=0.0px/s, itemExtent=59.00, speed=0.00 items/s, band=nearest, maxStep=0, projected=100000, target=100000, delta=0
Carousel fling: raw=0.0px/s, effective=0.0px/s, itemExtent=59.00, speed=0.00 items/s, band=nearest, maxStep=0, projected=100000, target=100000, delta=0
Carousel fling: raw=0.0px/s, effective=0.0px/s, itemExtent=59.00, speed=0.00 items/s, band=nearest, maxStep=0, projected=100000, target=100000, delta=0
Carousel fling: raw=0.0px/s, effective=0.0px/s, itemExtent=59.00, speed=0.00 items/s, band=nearest, maxStep=0, projected=100000, target=100000, delta=0
+551 -19: /data/data/com.termux/files/home/ubuntu/flutteruser/flutterapps/fluvi-e8-milestone-time-window-avatar-first-load-codex-20260909/test/features/dashboard/presentation/summary_pill_experiments_widget_test.dart: segmented shell resolves the global SummaryPill family
Carousel fling: raw=0.0px/s, effective=0.0px/s, itemExtent=59.00, speed=0.00 items/s, band=nearest, maxStep=0, projected=0, target=0, delta=0
Carousel fling: raw=0.0px/s, effective=0.0px/s, itemExtent=59.00, speed=0.00 items/s, band=nearest, maxStep=0, projected=0, target=0, delta=0
Carousel fling: raw=0.0px/s, effective=0.0px/s, itemExtent=59.00, speed=0.00 items/s, band=nearest, maxStep=0, projected=0, target=0, delta=0
Carousel fling: raw=0.0px/s, effective=0.0px/s, itemExtent=59.00, speed=0.00 items/s, band=nearest, maxStep=0, projected=100000, target=100000, delta=0
Carousel fling: raw=0.0px/s, effective=0.0px/s, itemExtent=59.00, speed=0.00 items/s, band=nearest, maxStep=0, projected=100000, target=100000, delta=0
Carousel fling: raw=0.0px/s, effective=0.0px/s, itemExtent=59.00, speed=0.00 items/s, band=nearest, maxStep=0, projected=100000, target=100000, delta=0
+552 -19: /data/data/com.termux/files/home/ubuntu/flutteruser/flutterapps/fluvi-e8-milestone-time-window-avatar-first-load-codex-20260909/test/features/dashboard/presentation/summary_pill_experiments_widget_test.dart: segmented tracks expose only the active hierarchy depth
Carousel fling: raw=0.0px/s, effective=0.0px/s, itemExtent=59.00, speed=0.00 items/s, band=nearest, maxStep=0, projected=0, target=0, delta=0
Carousel fling: raw=0.0px/s, effective=0.0px/s, itemExtent=59.00, speed=0.00 items/s, band=nearest, maxStep=0, projected=0, target=0, delta=0
Carousel fling: raw=0.0px/s, effective=0.0px/s, itemExtent=59.00, speed=0.00 items/s, band=nearest, maxStep=0, projected=0, target=0, delta=0
Carousel fling: raw=0.0px/s, effective=0.0px/s, itemExtent=59.00, speed=0.00 items/s, band=nearest, maxStep=0, projected=100000, target=100000, delta=0
Carousel fling: raw=0.0px/s, effective=0.0px/s, itemExtent=59.00, speed=0.00 items/s, band=nearest, maxStep=0, projected=100000, target=100000, delta=0
Carousel fling: raw=0.0px/s, effective=0.0px/s, itemExtent=59.00, speed=0.00 items/s, band=nearest, maxStep=0, projected=100000, target=100000, delta=0
Carousel fling: raw=0.0px/s, effective=0.0px/s, itemExtent=59.00, speed=0.00 items/s, band=nearest, maxStep=0, projected=100001, target=100001, delta=0
Carousel fling: raw=0.0px/s, effective=0.0px/s, itemExtent=59.00, speed=0.00 items/s, band=nearest, maxStep=0, projected=0, target=0, delta=0
Carousel fling: raw=0.0px/s, effective=0.0px/s, itemExtent=59.00, speed=0.00 items/s, band=nearest, maxStep=0, projected=100000, target=100000, delta=0
+553 -19: /data/data/com.termux/files/home/ubuntu/flutteruser/flutterapps/fluvi-e8-milestone-time-window-avatar-first-load-codex-20260909/test/features/dashboard/presentation/summary_pill_experiments_widget_test.dart: segmented hierarchy values defer visually to the amount
Carousel fling: raw=0.0px/s, effective=0.0px/s, itemExtent=59.00, speed=0.00 items/s, band=nearest, maxStep=0, projected=0, target=0, delta=0
Carousel fling: raw=0.0px/s, effective=0.0px/s, itemExtent=59.00, speed=0.00 items/s, band=nearest, maxStep=0, projected=0, target=0, delta=0
Carousel fling: raw=0.0px/s, effective=0.0px/s, itemExtent=59.00, speed=0.00 items/s, band=nearest, maxStep=0, projected=0, target=0, delta=0
Carousel fling: raw=0.0px/s, effective=0.0px/s, itemExtent=59.00, speed=0.00 items/s, band=nearest, maxStep=0, projected=100000, target=100000, delta=0
Carousel fling: raw=0.0px/s, effective=0.0px/s, itemExtent=59.00, speed=0.00 items/s, band=nearest, maxStep=0, projected=100000, target=100000, delta=0
Carousel fling: raw=0.0px/s, effective=0.0px/s, itemExtent=59.00, speed=0.00 items/s, band=nearest, maxStep=0, projected=100000, target=100000, delta=0
+554 -19: /data/data/com.termux/files/home/ubuntu/flutteruser/flutterapps/fluvi-e8-milestone-time-window-avatar-first-load-codex-20260909/test/features/dashboard/presentation/summary_pill_experiments_widget_test.dart: one hierarchy fling applies absolute carousel offsets to its original day
Carousel fling: raw=0.0px/s, effective=0.0px/s, itemExtent=59.00, speed=0.00 items/s, band=nearest, maxStep=0, projected=0, target=0, delta=0
Carousel fling: raw=0.0px/s, effective=0.0px/s, itemExtent=59.00, speed=0.00 items/s, band=nearest, maxStep=0, projected=0, target=0, delta=0
Carousel fling: raw=0.0px/s, effective=0.0px/s, itemExtent=59.00, speed=0.00 items/s, band=nearest, maxStep=0, projected=0, target=0, delta=0
Carousel fling: raw=0.0px/s, effective=0.0px/s, itemExtent=59.00, speed=0.00 items/s, band=nearest, maxStep=0, projected=0, target=0, delta=0
Carousel fling: raw=0.0px/s, effective=0.0px/s, itemExtent=59.00, speed=0.00 items/s, band=nearest, maxStep=0, projected=100000, target=100000, delta=0
Carousel fling: raw=0.0px/s, effective=0.0px/s, itemExtent=59.00, speed=0.00 items/s, band=nearest, maxStep=0, projected=100000, target=100000, delta=0
Carousel fling: raw=0.0px/s, effective=0.0px/s, itemExtent=59.00, speed=0.00 items/s, band=nearest, maxStep=0, projected=100000, target=100000, delta=0
Carousel fling: raw=0.0px/s, effective=0.0px/s, itemExtent=59.00, speed=0.00 items/s, band=nearest, maxStep=0, projected=100000, target=100000, delta=0
Carousel fling: raw=1800.0px/s, effective=1188.0px/s, itemExtent=59.00, speed=20.14 items/s, band=max-4, maxStep=4, projected=100014, target=100008, delta=4
Carousel snap: stiffness=340.0, settle=1008ms
Carousel fling: raw=0.0px/s, effective=0.0px/s, itemExtent=59.00, speed=0.00 items/s, band=nearest, maxStep=0, projected=100008, target=100008, delta=0
Carousel fling: raw=0.0px/s, effective=0.0px/s, itemExtent=59.00, speed=0.00 items/s, band=nearest, maxStep=0, projected=100000, target=100000, delta=0
+555 -19: /data/data/com.termux/files/home/ubuntu/flutteruser/flutterapps/fluvi-e8-milestone-time-window-avatar-first-load-codex-20260909/test/features/dashboard/presentation/summary_pill_experiments_widget_test.dart: time hierarchy keeps transient ticks visual and emits one latest settle candidate
Carousel fling: raw=0.0px/s, effective=0.0px/s, itemExtent=59.00, speed=0.00 items/s, band=nearest, maxStep=0, projected=0, target=0, delta=0
Carousel fling: raw=0.0px/s, effective=0.0px/s, itemExtent=59.00, speed=0.00 items/s, band=nearest, maxStep=0, projected=0, target=0, delta=0
Carousel fling: raw=0.0px/s, effective=0.0px/s, itemExtent=59.00, speed=0.00 items/s, band=nearest, maxStep=0, projected=0, target=0, delta=0
Carousel fling: raw=0.0px/s, effective=0.0px/s, itemExtent=59.00, speed=0.00 items/s, band=nearest, maxStep=0, projected=0, target=0, delta=0
Carousel fling: raw=0.0px/s, effective=0.0px/s, itemExtent=59.00, speed=0.00 items/s, band=nearest, maxStep=0, projected=100000, target=100000, delta=0
Carousel fling: raw=0.0px/s, effective=0.0px/s, itemExtent=59.00, speed=0.00 items/s, band=nearest, maxStep=0, projected=100000, target=100000, delta=0
Carousel fling: raw=0.0px/s, effective=0.0px/s, itemExtent=59.00, speed=0.00 items/s, band=nearest, maxStep=0, projected=100000, target=100000, delta=0
Carousel fling: raw=0.0px/s, effective=0.0px/s, itemExtent=59.00, speed=0.00 items/s, band=nearest, maxStep=0, projected=100000, target=100000, delta=0
Carousel fling: raw=1800.0px/s, effective=1188.0px/s, itemExtent=59.00, speed=20.14 items/s, band=max-4, maxStep=4, projected=100014, target=100008, delta=4
Carousel snap: stiffness=340.0, settle=1008ms
Carousel fling: raw=0.0px/s, effective=0.0px/s, itemExtent=59.00, speed=0.00 items/s, band=nearest, maxStep=0, projected=100008, target=100008, delta=0
Carousel fling: raw=0.0px/s, effective=0.0px/s, itemExtent=59.00, speed=0.00 items/s, band=nearest, maxStep=0, projected=100000, target=100000, delta=0
+556 -19: /data/data/com.termux/files/home/ubuntu/flutteruser/flutterapps/fluvi-e8-milestone-time-window-avatar-first-load-codex-20260909/test/features/dashboard/presentation/summary_pill_experiments_widget_test.dart: RED REENTRANT-TIME: returning to the gesture origin emits a reverse tick and settles there
Carousel fling: raw=0.0px/s, effective=0.0px/s, itemExtent=59.00, speed=0.00 items/s, band=nearest, maxStep=0, projected=0, target=0, delta=0
Carousel fling: raw=0.0px/s, effective=0.0px/s, itemExtent=59.00, speed=0.00 items/s, band=nearest, maxStep=0, projected=0, target=0, delta=0
Carousel fling: raw=0.0px/s, effective=0.0px/s, itemExtent=59.00, speed=0.00 items/s, band=nearest, maxStep=0, projected=0, target=0, delta=0
Carousel fling: raw=0.0px/s, effective=0.0px/s, itemExtent=59.00, speed=0.00 items/s, band=nearest, maxStep=0, projected=0, target=0, delta=0
Carousel fling: raw=0.0px/s, effective=0.0px/s, itemExtent=59.00, speed=0.00 items/s, band=nearest, maxStep=0, projected=100000, target=100000, delta=0
Carousel fling: raw=0.0px/s, effective=0.0px/s, itemExtent=59.00, speed=0.00 items/s, band=nearest, maxStep=0, projected=100000, target=100000, delta=0
Carousel fling: raw=0.0px/s, effective=0.0px/s, itemExtent=59.00, speed=0.00 items/s, band=nearest, maxStep=0, projected=100000, target=100000, delta=0
Carousel fling: raw=0.0px/s, effective=0.0px/s, itemExtent=59.00, speed=0.00 items/s, band=nearest, maxStep=0, projected=100000, target=100000, delta=0
Carousel fling: raw=-0.0px/s, effective=-0.0px/s, itemExtent=59.00, speed=-0.00 items/s, band=nearest, maxStep=0, projected=100000, target=100000, delta=0
Carousel snap: stiffness=175.0, settle=1104ms
Carousel fling: raw=0.0px/s, effective=0.0px/s, itemExtent=59.00, speed=0.00 items/s, band=nearest, maxStep=0, projected=100000, target=100000, delta=0
Carousel fling: raw=0.0px/s, effective=0.0px/s, itemExtent=59.00, speed=0.00 items/s, band=nearest, maxStep=0, projected=100000, target=100000, delta=0
Carousel fling: raw=-0.0px/s, effective=-0.0px/s, itemExtent=59.00, speed=-0.00 items/s, band=nearest, maxStep=0, projected=99999, target=99999, delta=0
Carousel snap: stiffness=175.0, settle=800ms
Carousel fling: raw=0.0px/s, effective=0.0px/s, itemExtent=59.00, speed=0.00 items/s, band=nearest, maxStep=0, projected=99999, target=99999, delta=0
Carousel fling: raw=0.0px/s, effective=0.0px/s, itemExtent=59.00, speed=0.00 items/s, band=nearest, maxStep=0, projected=100000, target=100000, delta=0
+557 -19: /data/data/com.termux/files/home/ubuntu/flutteruser/flutterapps/fluvi-e8-milestone-time-window-avatar-first-load-codex-20260909/test/features/dashboard/presentation/summary_pill_experiments_widget_test.dart: POST-DF1 RED: a new Segmented pointer invalidates an active ballistic settle before its first move
Carousel fling: raw=0.0px/s, effective=0.0px/s, itemExtent=59.00, speed=0.00 items/s, band=nearest, maxStep=0, projected=0, target=0, delta=0
Carousel fling: raw=0.0px/s, effective=0.0px/s, itemExtent=59.00, speed=0.00 items/s, band=nearest, maxStep=0, projected=0, target=0, delta=0
Carousel fling: raw=0.0px/s, effective=0.0px/s, itemExtent=59.00, speed=0.00 items/s, band=nearest, maxStep=0, projected=0, target=0, delta=0
Carousel fling: raw=0.0px/s, effective=0.0px/s, itemExtent=59.00, speed=0.00 items/s, band=nearest, maxStep=0, projected=0, target=0, delta=0
Carousel fling: raw=0.0px/s, effective=0.0px/s, itemExtent=59.00, speed=0.00 items/s, band=nearest, maxStep=0, projected=100000, target=100000, delta=0
Carousel fling: raw=0.0px/s, effective=0.0px/s, itemExtent=59.00, speed=0.00 items/s, band=nearest, maxStep=0, projected=100000, target=100000, delta=0
Carousel fling: raw=0.0px/s, effective=0.0px/s, itemExtent=59.00, speed=0.00 items/s, band=nearest, maxStep=0, projected=100000, target=100000, delta=0
Carousel fling: raw=0.0px/s, effective=0.0px/s, itemExtent=59.00, speed=0.00 items/s, band=nearest, maxStep=0, projected=100000, target=100000, delta=0
Carousel fling: raw=-2600.0px/s, effective=-1716.0px/s, itemExtent=59.00, speed=-29.08 items/s, band=max-5, maxStep=5, projected=99979, target=99988, delta=-5
Carousel snap: stiffness=340.0, settle=1024ms
Carousel fling: raw=-0.0px/s, effective=-0.0px/s, itemExtent=59.00, speed=-0.00 items/s, band=nearest, maxStep=0, projected=99993, target=99993, delta=0
Carousel snap: stiffness=175.0, settle=1104ms
Carousel fling: raw=0.0px/s, effective=0.0px/s, itemExtent=59.00, speed=0.00 items/s, band=nearest, maxStep=0, projected=99993, target=99993, delta=0
+558 -19: /data/data/com.termux/files/home/ubuntu/flutteruser/flutterapps/fluvi-e8-milestone-time-window-avatar-first-load-codex-20260909/test/features/dashboard/presentation/summary_pill_experiments_widget_test.dart: POST-DF1 RED: twenty Segmented next-frame re-entries accept every replacement pointer
Carousel fling: raw=0.0px/s, effective=0.0px/s, itemExtent=59.00, speed=0.00 items/s, band=nearest, maxStep=0, projected=0, target=0, delta=0
Carousel fling: raw=0.0px/s, effective=0.0px/s, itemExtent=59.00, speed=0.00 items/s, band=nearest, maxStep=0, projected=0, target=0, delta=0
Carousel fling: raw=0.0px/s, effective=0.0px/s, itemExtent=59.00, speed=0.00 items/s, band=nearest, maxStep=0, projected=0, target=0, delta=0
Carousel fling: raw=0.0px/s, effective=0.0px/s, itemExtent=59.00, speed=0.00 items/s, band=nearest, maxStep=0, projected=0, target=0, delta=0
Carousel fling: raw=0.0px/s, effective=0.0px/s, itemExtent=59.00, speed=0.00 items/s, band=nearest, maxStep=0, projected=100000, target=100000, delta=0
Carousel fling: raw=0.0px/s, effective=0.0px/s, itemExtent=59.00, speed=0.00 items/s, band=nearest, maxStep=0, projected=100000, target=100000, delta=0
Carousel fling: raw=0.0px/s, effective=0.0px/s, itemExtent=59.00, speed=0.00 items/s, band=nearest, maxStep=0, projected=100000, target=100000, delta=0
Carousel fling: raw=0.0px/s, effective=0.0px/s, itemExtent=59.00, speed=0.00 items/s, band=nearest, maxStep=0, projected=100000, target=100000, delta=0
Carousel fling: raw=-2600.0px/s, effective=-1716.0px/s, itemExtent=59.00, speed=-29.08 items/s, band=max-5, maxStep=5, projected=99979, target=99988, delta=-5
Carousel snap: stiffness=340.0, settle=1024ms
Carousel fling: raw=-0.0px/s, effective=-0.0px/s, itemExtent=59.00, speed=-0.00 items/s, band=nearest, maxStep=0, projected=99997, target=99997, delta=0
Carousel snap: stiffness=175.0, settle=1104ms
Carousel fling: raw=2600.0px/s, effective=1716.0px/s, itemExtent=59.00, speed=29.08 items/s, band=max-5, maxStep=5, projected=100018, target=100008, delta=5
Carousel snap: stiffness=340.0, settle=1008ms
Carousel fling: raw=-0.0px/s, effective=-0.0px/s, itemExtent=59.00, speed=-0.00 items/s, band=nearest, maxStep=0, projected=100007, target=100007, delta=0
Carousel snap: stiffness=175.0, settle=1072ms
Carousel fling: raw=-2600.0px/s, effective=-1716.0px/s, itemExtent=59.00, speed=-29.08 items/s, band=max-5, maxStep=5, projected=99986, target=99995, delta=-5
Carousel snap: stiffness=340.0, settle=1024ms
Carousel fling: raw=-0.0px/s, effective=-0.0px/s, itemExtent=59.00, speed=-0.00 items/s, band=nearest, maxStep=0, projected=100003, target=100003, delta=0
Carousel snap: stiffness=175.0, settle=1152ms
Carousel fling: raw=2600.0px/s, effective=1716.0px/s, itemExtent=59.00, speed=29.08 items/s, band=max-5, maxStep=5, projected=100025, target=100015, delta=5
Carousel snap: stiffness=340.0, settle=1024ms
Carousel fling: raw=-0.0px/s, effective=-0.0px/s, itemExtent=59.00, speed=-0.00 items/s, band=nearest, maxStep=0, projected=100014, target=100014, delta=0
Carousel snap: stiffness=175.0, settle=1136ms
Carousel fling: raw=-2600.0px/s, effective=-1716.0px/s, itemExtent=59.00, speed=-29.08 items/s, band=max-5, maxStep=5, projected=99992, target=100002, delta=-5
Carousel snap: stiffness=340.0, settle=1024ms
Carousel fling: raw=-0.0px/s, effective=-0.0px/s, itemExtent=59.00, speed=-0.00 items/s, band=nearest, maxStep=0, projected=100010, target=100010, delta=0
Carousel snap: stiffness=175.0, settle=1088ms
Carousel fling: raw=2600.0px/s, effective=1716.0px/s, itemExtent=59.00, speed=29.08 items/s, band=max-5, maxStep=5, projected=100031, target=100022, delta=5
Carousel snap: stiffness=340.0, settle=1024ms
Carousel fling: raw=-0.0px/s, effective=-0.0px/s, itemExtent=59.00, speed=-0.00 items/s, band=nearest, maxStep=0, projected=100020, target=100020, delta=0
Carousel snap: stiffness=175.0, settle=1104ms
Carousel fling: raw=-2600.0px/s, effective=-1716.0px/s, itemExtent=59.00, speed=-29.08 items/s, band=max-5, maxStep=5, projected=99999, target=100009, delta=-5
Carousel snap: stiffness=340.0, settle=1008ms
Carousel fling: raw=-0.0px/s, effective=-0.0px/s, itemExtent=59.00, speed=-0.00 items/s, band=nearest, maxStep=0, projected=100017, target=100017, delta=0
Carousel snap: stiffness=175.0, settle=880ms
Carousel fling: raw=2600.0px/s, effective=1716.0px/s, itemExtent=59.00, speed=29.08 items/s, band=max-5, maxStep=5, projected=100038, target=100029, delta=5
Carousel snap: stiffness=340.0, settle=1024ms
Carousel fling: raw=-0.0px/s, effective=-0.0px/s, itemExtent=59.00, speed=-0.00 items/s, band=nearest, maxStep=0, projected=100027, target=100027, delta=0
Carousel snap: stiffness=175.0, settle=1008ms
Carousel fling: raw=-2600.0px/s, effective=-1716.0px/s, itemExtent=59.00, speed=-29.08 items/s, band=max-5, maxStep=5, projected=100006, target=100015, delta=-5
Carousel snap: stiffness=340.0, settle=1024ms
Carousel fling: raw=-0.0px/s, effective=-0.0px/s, itemExtent=59.00, speed=-0.00 items/s, band=nearest, maxStep=0, projected=100024, target=100024, delta=0
Carousel snap: stiffness=175.0, settle=1040ms
Carousel fling: raw=2600.0px/s, effective=1716.0px/s, itemExtent=59.00, speed=29.08 items/s, band=max-5, maxStep=5, projected=100045, target=100036, delta=5
Carousel snap: stiffness=340.0, settle=1024ms
+558 -19: /data/data/com.termux/files/home/ubuntu/flutteruser/flutterapps/fluvi-e8-milestone-time-window-avatar-first-load-codex-20260909/test/features/dashboard/presentation/dashboard_rail_density_trace_test.dart: month-day scripted matrix isolates density amount and mixed children
RAIL_TRACE {"scenario":"month_day_0_vs_2","left":{"repetitions":30,"drag_end_velocity":-2032.8611936300701,"ballistic_input_velocity":2199.9966122376336,"logical_delta":7,"pixel_distance":540.4000000003725,"apply_p50_micros":3139,"apply_p95_micros":6727,"apply_p99_micros":7901,"first_apply_micros":5946,"tenth_apply_micros":2697,"selector_p95_micros":1700,"equality_p95_micros":859,"notifier_p95_micros":6345,"log_bind_p95_micros":2297,"visible_slot_paint_p95":0,"activity_interrupt_count":0,"metric_change_count":0},"right":{"repetitions":30,"drag_end_velocity":-2032.8611936300701,"ballistic_input_velocity":2199.9966122376336,"logical_delta":7,"pixel_distance":540.3999999994412,"apply_p50_micros":11779,"apply_p95_micros":21621,"apply_p99_micros":24246,"first_apply_micros":12922,"tenth_apply_micros":11559,"selector_p95_micros":1516,"equality_p95_micros":527,"notifier_p95_micros":21379,"log_bind_p95_micros":2770,"visible_slot_paint_p95":12,"activity_interrupt_count":0,"metric_change_count":0}}
RAIL_TRACE {"scenario":"month_day_0_vs_9_bounded","left":{"repetitions":30,"drag_end_velocity":-2032.8611936300701,"ballistic_input_velocity":2199.9966122376336,"logical_delta":7,"pixel_distance":540.4000000003725,"apply_p50_micros":3139,"apply_p95_micros":6727,"apply_p99_micros":7901,"first_apply_micros":5946,"tenth_apply_micros":2697,"selector_p95_micros":1700,"equality_p95_micros":859,"notifier_p95_micros":6345,"log_bind_p95_micros":2297,"visible_slot_paint_p95":0,"activity_interrupt_count":0,"metric_change_count":0},"right":{"repetitions":30,"drag_end_velocity":-2032.8611936300701,"ballistic_input_velocity":2199.9966122376336,"logical_delta":7,"pixel_distance":540.3999999994412,"apply_p50_micros":15843,"apply_p95_micros":29413,"apply_p99_micros":42128,"first_apply_micros":26003,"tenth_apply_micros":13398,"selector_p95_micros":1243,"equality_p95_micros":1216,"notifier_p95_micros":29112,"log_bind_p95_micros":2442,"visible_slot_paint_p95":12,"activity_interrupt_count":0,"metric_change_count":0}}
RAIL_TRACE {"scenario":"month_day_2_vs_large_amount_2","left":{"repetitions":30,"drag_end_velocity":-2032.8611936300701,"ballistic_input_velocity":2199.9966122376336,"logical_delta":7,"pixel_distance":540.3999999994412,"apply_p50_micros":11779,"apply_p95_micros":21621,"apply_p99_micros":24246,"first_apply_micros":12922,"tenth_apply_micros":11559,"selector_p95_micros":1516,"equality_p95_micros":527,"notifier_p95_micros":21379,"log_bind_p95_micros":2770,"visible_slot_paint_p95":12,"activity_interrupt_count":0,"metric_change_count":0},"right":{"repetitions":30,"drag_end_velocity":-2032.8611936300701,"ballistic_input_velocity":2199.9966122376336,"logical_delta":7,"pixel_distance":540.3999999994412,"apply_p50_micros":8022,"apply_p95_micros":12291,"apply_p99_micros":12969,"first_apply_micros":6449,"tenth_apply_micros":7918,"selector_p95_micros":748,"equality_p95_micros":1099,"notifier_p95_micros":12096,"log_bind_p95_micros":2440,"visible_slot_paint_p95":12,"activity_interrupt_count":0,"metric_change_count":0}}
RAIL_TRACE {"scenario":"month_day_mixed_vs_populated","left":{"repetitions":30,"drag_end_velocity":-2032.8611936300701,"ballistic_input_velocity":2199.9966122376336,"logical_delta":7,"pixel_distance":540.3999999994412,"apply_p50_micros":12445,"apply_p95_micros":20323,"apply_p99_micros":25521,"first_apply_micros":8889,"tenth_apply_micros":20323,"selector_p95_micros":655,"equality_p95_micros":308,"notifier_p95_micros":19960,"log_bind_p95_micros":2316,"visible_slot_paint_p95":10,"activity_interrupt_count":0,"metric_change_count":0},"right":{"repetitions":30,"drag_end_velocity":-2032.8611936300701,"ballistic_input_velocity":2199.9966122376336,"logical_delta":7,"pixel_distance":540.3999999994412,"apply_p50_micros":15843,"apply_p95_micros":29413,"apply_p99_micros":42128,"first_apply_micros":26003,"tenth_apply_micros":13398,"selector_p95_micros":1243,"equality_p95_micros":1216,"notifier_p95_micros":29112,"log_bind_p95_micros":2442,"visible_slot_paint_p95":12,"activity_interrupt_count":0,"metric_change_count":0}}
+558 -19: /data/data/com.termux/files/home/ubuntu/flutteruser/flutterapps/fluvi-e8-milestone-time-window-avatar-first-load-codex-20260909/test/features/dashboard/presentation/summary_pill_experiments_widget_test.dart: POST-DF1 RED: twenty Segmented next-frame re-entries accept every replacement pointer
Carousel fling: raw=-0.0px/s, effective=-0.0px/s, itemExtent=59.00, speed=-0.00 items/s, band=nearest, maxStep=0, projected=100034, target=100034, delta=0
Carousel snap: stiffness=175.0, settle=992ms
+559 -19: /data/data/com.termux/files/home/ubuntu/flutteruser/flutterapps/fluvi-e8-milestone-time-window-avatar-first-load-codex-20260909/test/features/dashboard/presentation/summary_pill_experiments_widget_test.dart: POST-DF1 RED: twenty Segmented next-frame re-entries accept every replacement pointer
Carousel fling: raw=-2600.0px/s, effective=-1716.0px/s, itemExtent=59.00, speed=-29.08 items/s, band=max-5, maxStep=5, projected=100013, target=100022, delta=-5
Carousel snap: stiffness=340.0, settle=1024ms
Carousel fling: raw=-0.0px/s, effective=-0.0px/s, itemExtent=59.00, speed=-0.00 items/s, band=nearest, maxStep=0, projected=100031, target=100031, delta=0
Carousel snap: stiffness=175.0, settle=1120ms
Carousel fling: raw=2600.0px/s, effective=1716.0px/s, itemExtent=59.00, speed=29.08 items/s, band=max-5, maxStep=5, projected=100052, target=100042, delta=5
Carousel snap: stiffness=340.0, settle=1008ms
Carousel fling: raw=-0.0px/s, effective=-0.0px/s, itemExtent=59.00, speed=-0.00 items/s, band=nearest, maxStep=0, projected=100041, target=100041, delta=0
Carousel snap: stiffness=175.0, settle=1104ms
Carousel fling: raw=-2600.0px/s, effective=-1716.0px/s, itemExtent=59.00, speed=-29.08 items/s, band=max-5, maxStep=5, projected=100019, target=100029, delta=-5
Carousel snap: stiffness=340.0, settle=1024ms
Carousel fling: raw=-0.0px/s, effective=-0.0px/s, itemExtent=59.00, speed=-0.00 items/s, band=nearest, maxStep=0, projected=100037, target=100037, delta=0
Carousel snap: stiffness=175.0, settle=1120ms
Carousel fling: raw=2600.0px/s, effective=1716.0px/s, itemExtent=59.00, speed=29.08 items/s, band=max-5, maxStep=5, projected=100059, target=100049, delta=5
Carousel snap: stiffness=340.0, settle=1024ms
Carousel fling: raw=-0.0px/s, effective=-0.0px/s, itemExtent=59.00, speed=-0.00 items/s, band=nearest, maxStep=0, projected=100047, target=100047, delta=0
Carousel snap: stiffness=175.0, settle=1136ms
Carousel fling: raw=-2600.0px/s, effective=-1716.0px/s, itemExtent=59.00, speed=-29.08 items/s, band=max-5, maxStep=5, projected=100026, target=100036, delta=-5
Carousel snap: stiffness=340.0, settle=1024ms
Carousel fling: raw=-0.0px/s, effective=-0.0px/s, itemExtent=59.00, speed=-0.00 items/s, band=nearest, maxStep=0, projected=100044, target=100044, delta=0
Carousel snap: stiffness=175.0, settle=1024ms
Carousel fling: raw=2600.0px/s, effective=1716.0px/s, itemExtent=59.00, speed=29.08 items/s, band=max-5, maxStep=5, projected=100065, target=100056, delta=5
Carousel snap: stiffness=340.0, settle=1024ms
Carousel fling: raw=-0.0px/s, effective=-0.0px/s, itemExtent=59.00, speed=-0.00 items/s, band=nearest, maxStep=0, projected=100054, target=100054, delta=0
Carousel snap: stiffness=175.0, settle=1072ms
Carousel fling: raw=-2600.0px/s, effective=-1716.0px/s, itemExtent=59.00, speed=-29.08 items/s, band=max-5, maxStep=5, projected=100033, target=100043, delta=-5
Carousel snap: stiffness=340.0, settle=1008ms
Carousel fling: raw=-0.0px/s, effective=-0.0px/s, itemExtent=59.00, speed=-0.00 items/s, band=nearest, maxStep=0, projected=100051, target=100051, delta=0
Carousel snap: stiffness=175.0, settle=944ms
Carousel fling: raw=2600.0px/s, effective=1716.0px/s, itemExtent=59.00, speed=29.08 items/s, band=max-5, maxStep=5, projected=100072, target=100063, delta=5
Carousel snap: stiffness=340.0, settle=1024ms
Carousel fling: raw=-0.0px/s, effective=-0.0px/s, itemExtent=59.00, speed=-0.00 items/s, band=nearest, maxStep=0, projected=100061, target=100061, delta=0
Carousel snap: stiffness=175.0, settle=800ms
Carousel fling: raw=-2600.0px/s, effective=-1716.0px/s, itemExtent=59.00, speed=-29.08 items/s, band=max-5, maxStep=5, projected=100040, target=100049, delta=-5
Carousel snap: stiffness=340.0, settle=1024ms
Carousel fling: raw=-0.0px/s, effective=-0.0px/s, itemExtent=59.00, speed=-0.00 items/s, band=nearest, maxStep=0, projected=100058, target=100058, delta=0
Carousel snap: stiffness=175.0, settle=1088ms
Carousel fling: raw=2600.0px/s, effective=1716.0px/s, itemExtent=59.00, speed=29.08 items/s, band=max-5, maxStep=5, projected=100079, target=100069, delta=5
Carousel snap: stiffness=340.0, settle=1008ms
Carousel fling: raw=-0.0px/s, effective=-0.0px/s, itemExtent=59.00, speed=-0.00 items/s, band=nearest, maxStep=0, projected=100068, target=100068, delta=0
Carousel snap: stiffness=175.0, settle=1056ms
+560 -19: /data/data/com.termux/files/home/ubuntu/flutteruser/flutterapps/fluvi-e8-milestone-time-window-avatar-first-load-codex-20260909/test/features/dashboard/presentation/summary_pill_experiments_widget_test.dart: POST-DF1 RED: an emitted but unaccepted Segmented target cannot own release settlement
Carousel fling: raw=0.0px/s, effective=0.0px/s, itemExtent=59.00, speed=0.00 items/s, band=nearest, maxStep=0, projected=0, target=0, delta=0
Carousel fling: raw=0.0px/s, effective=0.0px/s, itemExtent=59.00, speed=0.00 items/s, band=nearest, maxStep=0, projected=0, target=0, delta=0
Carousel fling: raw=0.0px/s, effective=0.0px/s, itemExtent=59.00, speed=0.00 items/s, band=nearest, maxStep=0, projected=0, target=0, delta=0
Carousel fling: raw=0.0px/s, effective=0.0px/s, itemExtent=59.00, speed=0.00 items/s, band=nearest, maxStep=0, projected=0, target=0, delta=0
Carousel fling: raw=0.0px/s, effective=0.0px/s, itemExtent=59.00, speed=0.00 items/s, band=nearest, maxStep=0, projected=100000, target=100000, delta=0
Carousel fling: raw=0.0px/s, effective=0.0px/s, itemExtent=59.00, speed=0.00 items/s, band=nearest, maxStep=0, projected=100000, target=100000, delta=0
Carousel fling: raw=0.0px/s, effective=0.0px/s, itemExtent=59.00, speed=0.00 items/s, band=nearest, maxStep=0, projected=100000, target=100000, delta=0
Carousel fling: raw=0.0px/s, effective=0.0px/s, itemExtent=59.00, speed=0.00 items/s, band=nearest, maxStep=0, projected=100000, target=100000, delta=0
Carousel fling: raw=-0.0px/s, effective=-0.0px/s, itemExtent=59.00, speed=-0.00 items/s, band=nearest, maxStep=0, projected=99999, target=99999, delta=0
Carousel snap: stiffness=175.0, settle=800ms
Carousel fling: raw=0.0px/s, effective=0.0px/s, itemExtent=59.00, speed=0.00 items/s, band=nearest, maxStep=0, projected=99999, target=99999, delta=0
+561 -19: /data/data/com.termux/files/home/ubuntu/flutteruser/flutterapps/fluvi-e8-milestone-time-window-avatar-first-load-codex-20260909/test/features/dashboard/presentation/summary_pill_experiments_widget_test.dart: physical Segmented field flings publish only their own coordinate
Carousel fling: raw=0.0px/s, effective=0.0px/s, itemExtent=59.00, speed=0.00 items/s, band=nearest, maxStep=0, projected=0, target=0, delta=0
Carousel fling: raw=0.0px/s, effective=0.0px/s, itemExtent=59.00, speed=0.00 items/s, band=nearest, maxStep=0, projected=0, target=0, delta=0
Carousel fling: raw=0.0px/s, effective=0.0px/s, itemExtent=59.00, speed=0.00 items/s, band=nearest, maxStep=0, projected=0, target=0, delta=0
Carousel fling: raw=0.0px/s, effective=0.0px/s, itemExtent=59.00, speed=0.00 items/s, band=nearest, maxStep=0, projected=0, target=0, delta=0
Carousel fling: raw=0.0px/s, effective=0.0px/s, itemExtent=59.00, speed=0.00 items/s, band=nearest, maxStep=0, projected=100000, target=100000, delta=0
Carousel fling: raw=0.0px/s, effective=0.0px/s, itemExtent=59.00, speed=0.00 items/s, band=nearest, maxStep=0, projected=100000, target=100000, delta=0
Carousel fling: raw=0.0px/s, effective=0.0px/s, itemExtent=59.00, speed=0.00 items/s, band=nearest, maxStep=0, projected=100000, target=100000, delta=0
Carousel fling: raw=0.0px/s, effective=0.0px/s, itemExtent=59.00, speed=0.00 items/s, band=nearest, maxStep=0, projected=100000, target=100000, delta=0
Carousel fling: raw=1500.0px/s, effective=990.0px/s, itemExtent=59.00, speed=16.78 items/s, band=max-4, maxStep=4, projected=100010, target=100006, delta=4
Carousel snap: stiffness=340.0, settle=1008ms
Carousel fling: raw=0.0px/s, effective=0.0px/s, itemExtent=59.00, speed=0.00 items/s, band=nearest, maxStep=0, projected=100006, target=100006, delta=0
Carousel fling: raw=0.0px/s, effective=0.0px/s, itemExtent=59.00, speed=0.00 items/s, band=nearest, maxStep=0, projected=100000, target=100000, delta=0
Carousel fling: raw=1500.0px/s, effective=990.0px/s, itemExtent=59.00, speed=16.78 items/s, band=max-4, maxStep=4, projected=100010, target=100006, delta=4
Carousel snap: stiffness=340.0, settle=1008ms
Carousel fling: raw=0.0px/s, effective=0.0px/s, itemExtent=59.00, speed=0.00 items/s, band=nearest, maxStep=0, projected=100006, target=100006, delta=0
Carousel fling: raw=0.0px/s, effective=0.0px/s, itemExtent=59.00, speed=0.00 items/s, band=nearest, maxStep=0, projected=100000, target=100000, delta=0
Carousel fling: raw=1500.0px/s, effective=990.0px/s, itemExtent=59.00, speed=16.78 items/s, band=max-4, maxStep=4, projected=100010, target=100006, delta=4
Carousel snap: stiffness=340.0, settle=1008ms
Carousel fling: raw=0.0px/s, effective=0.0px/s, itemExtent=59.00, speed=0.00 items/s, band=nearest, maxStep=0, projected=100006, target=100006, delta=0
Carousel fling: raw=0.0px/s, effective=0.0px/s, itemExtent=59.00, speed=0.00 items/s, band=nearest, maxStep=0, projected=100000, target=100000, delta=0
+562 -19: /data/data/com.termux/files/home/ubuntu/flutteruser/flutterapps/fluvi-e8-milestone-time-window-avatar-first-load-codex-20260909/test/features/dashboard/presentation/summary_pill_experiments_widget_test.dart: mirrored Segmented fields retain disjoint interaction cells and flings
Carousel fling: raw=0.0px/s, effective=0.0px/s, itemExtent=59.00, speed=0.00 items/s, band=nearest, maxStep=0, projected=0, target=0, delta=0
Carousel fling: raw=0.0px/s, effective=0.0px/s, itemExtent=59.00, speed=0.00 items/s, band=nearest, maxStep=0, projected=0, target=0, delta=0
Carousel fling: raw=0.0px/s, effective=0.0px/s, itemExtent=59.00, speed=0.00 items/s, band=nearest, maxStep=0, projected=0, target=0, delta=0
Carousel fling: raw=0.0px/s, effective=0.0px/s, itemExtent=59.00, speed=0.00 items/s, band=nearest, maxStep=0, projected=0, target=0, delta=0
Carousel fling: raw=0.0px/s, effective=0.0px/s, itemExtent=59.00, speed=0.00 items/s, band=nearest, maxStep=0, projected=100000, target=100000, delta=0
Carousel fling: raw=0.0px/s, effective=0.0px/s, itemExtent=59.00, speed=0.00 items/s, band=nearest, maxStep=0, projected=100000, target=100000, delta=0
Carousel fling: raw=0.0px/s, effective=0.0px/s, itemExtent=59.00, speed=0.00 items/s, band=nearest, maxStep=0, projected=100000, target=100000, delta=0
Carousel fling: raw=0.0px/s, effective=0.0px/s, itemExtent=59.00, speed=0.00 items/s, band=nearest, maxStep=0, projected=100000, target=100000, delta=0
Carousel fling: raw=-900.0px/s, effective=-594.0px/s, itemExtent=59.00, speed=-10.07 items/s, band=max-3, maxStep=3, projected=99994, target=99996, delta=-3
Carousel snap: stiffness=312.3, settle=1024ms
Carousel fling: raw=0.0px/s, effective=0.0px/s, itemExtent=59.00, speed=0.00 items/s, band=nearest, maxStep=0, projected=99996, target=99996, delta=0
Carousel fling: raw=1500.0px/s, effective=990.0px/s, itemExtent=59.00, speed=16.78 items/s, band=max-4, maxStep=4, projected=100010, target=100006, delta=4
Carousel snap: stiffness=340.0, settle=1008ms
Carousel fling: raw=0.0px/s, effective=0.0px/s, itemExtent=59.00, speed=0.00 items/s, band=nearest, maxStep=0, projected=100006, target=100006, delta=0
Carousel fling: raw=0.0px/s, effective=0.0px/s, itemExtent=59.00, speed=0.00 items/s, band=nearest, maxStep=0, projected=100000, target=100000, delta=0
Carousel fling: raw=1500.0px/s, effective=990.0px/s, itemExtent=59.00, speed=16.78 items/s, band=max-4, maxStep=4, projected=100010, target=100006, delta=4
Carousel snap: stiffness=340.0, settle=1008ms
Carousel fling: raw=0.0px/s, effective=0.0px/s, itemExtent=59.00, speed=0.00 items/s, band=nearest, maxStep=0, projected=100006, target=100006, delta=0
Carousel fling: raw=0.0px/s, effective=0.0px/s, itemExtent=59.00, speed=0.00 items/s, band=nearest, maxStep=0, projected=100000, target=100000, delta=0
Carousel fling: raw=1500.0px/s, effective=990.0px/s, itemExtent=59.00, speed=16.78 items/s, band=max-4, maxStep=4, projected=100010, target=100006, delta=4
Carousel snap: stiffness=340.0, settle=1008ms
Carousel fling: raw=0.0px/s, effective=0.0px/s, itemExtent=59.00, speed=0.00 items/s, band=nearest, maxStep=0, projected=100006, target=100006, delta=0
Carousel fling: raw=0.0px/s, effective=0.0px/s, itemExtent=59.00, speed=0.00 items/s, band=nearest, maxStep=0, projected=100000, target=100000, delta=0
+563 -19: /data/data/com.termux/files/home/ubuntu/flutteruser/flutterapps/fluvi-e8-milestone-time-window-avatar-first-load-codex-20260909/test/features/dashboard/presentation/summary_pill_experiments_widget_test.dart: fixed experiment zones remain bounded on a narrow scaled surface
Carousel fling: raw=0.0px/s, effective=0.0px/s, itemExtent=59.00, speed=0.00 items/s, band=nearest, maxStep=0, projected=0, target=0, delta=0
Carousel fling: raw=0.0px/s, effective=0.0px/s, itemExtent=59.00, speed=0.00 items/s, band=nearest, maxStep=0, projected=0, target=0, delta=0
Carousel fling: raw=0.0px/s, effective=0.0px/s, itemExtent=59.00, speed=0.00 items/s, band=nearest, maxStep=0, projected=0, target=0, delta=0
Carousel fling: raw=0.0px/s, effective=0.0px/s, itemExtent=59.00, speed=0.00 items/s, band=nearest, maxStep=0, projected=100000, target=100000, delta=0
Carousel fling: raw=0.0px/s, effective=0.0px/s, itemExtent=59.00, speed=0.00 items/s, band=nearest, maxStep=0, projected=100000, target=100000, delta=0
Carousel fling: raw=0.0px/s, effective=0.0px/s, itemExtent=59.00, speed=0.00 items/s, band=nearest, maxStep=0, projected=100000, target=100000, delta=0
+564 -19: /data/data/com.termux/files/home/ubuntu/flutteruser/flutterapps/fluvi-e8-milestone-time-window-avatar-first-load-codex-20260909/test/features/dashboard/presentation/summary_pill_experiments_widget_test.dart: downward mode crossing means finer Summary hierarchy
Carousel fling: raw=0.0px/s, effective=0.0px/s, itemExtent=59.00, speed=0.00 items/s, band=nearest, maxStep=0, projected=0, target=0, delta=0
Carousel fling: raw=0.0px/s, effective=0.0px/s, itemExtent=59.00, speed=0.00 items/s, band=nearest, maxStep=0, projected=0, target=0, delta=0
Carousel fling: raw=0.0px/s, effective=0.0px/s, itemExtent=59.00, speed=0.00 items/s, band=nearest, maxStep=0, projected=0, target=0, delta=0
Carousel fling: raw=0.0px/s, effective=0.0px/s, itemExtent=59.00, speed=0.00 items/s, band=nearest, maxStep=0, projected=100000, target=100000, delta=0
Carousel fling: raw=0.0px/s, effective=0.0px/s, itemExtent=59.00, speed=0.00 items/s, band=nearest, maxStep=0, projected=100000, target=100000, delta=0
Carousel fling: raw=0.0px/s, effective=0.0px/s, itemExtent=59.00, speed=0.00 items/s, band=nearest, maxStep=0, projected=100000, target=100000, delta=0
Carousel fling: raw=-900.0px/s, effective=-594.0px/s, itemExtent=59.00, speed=-10.07 items/s, band=max-3, maxStep=3, projected=99994, target=99996, delta=-3
Carousel snap: stiffness=312.3, settle=1024ms
Carousel fling: raw=0.0px/s, effective=0.0px/s, itemExtent=59.00, speed=0.00 items/s, band=nearest, maxStep=0, projected=99996, target=99996, delta=0
+565 -19: /data/data/com.termux/files/home/ubuntu/flutteruser/flutterapps/fluvi-e8-milestone-time-window-avatar-first-load-codex-20260909/test/features/dashboard/presentation/summary_pill_experiments_widget_test.dart: RED: removing a hierarchy track does not end the still-active mode selector motion
Carousel fling: raw=0.0px/s, effective=0.0px/s, itemExtent=59.00, speed=0.00 items/s, band=nearest, maxStep=0, projected=0, target=0, delta=0
Carousel fling: raw=0.0px/s, effective=0.0px/s, itemExtent=59.00, speed=0.00 items/s, band=nearest, maxStep=0, projected=0, target=0, delta=0
Carousel fling: raw=0.0px/s, effective=0.0px/s, itemExtent=59.00, speed=0.00 items/s, band=nearest, maxStep=0, projected=0, target=0, delta=0
Carousel fling: raw=0.0px/s, effective=0.0px/s, itemExtent=59.00, speed=0.00 items/s, band=nearest, maxStep=0, projected=100000, target=100000, delta=0
Carousel fling: raw=0.0px/s, effective=0.0px/s, itemExtent=59.00, speed=0.00 items/s, band=nearest, maxStep=0, projected=100000, target=100000, delta=0
Carousel fling: raw=0.0px/s, effective=0.0px/s, itemExtent=59.00, speed=0.00 items/s, band=nearest, maxStep=0, projected=100000, target=100000, delta=0
Carousel fling: raw=-0.0px/s, effective=-0.0px/s, itemExtent=59.00, speed=-0.00 items/s, band=nearest, maxStep=0, projected=100000, target=100000, delta=0
+566 -19: /data/data/com.termux/files/home/ubuntu/flutteruser/flutterapps/fluvi-e8-milestone-time-window-avatar-first-load-codex-20260909/test/features/dashboard/presentation/summary_pill_experiments_widget_test.dart: RED: a direct Mode fling retains multiple crossings when it invalidates auto-reset
Carousel fling: raw=0.0px/s, effective=0.0px/s, itemExtent=59.00, speed=0.00 items/s, band=nearest, maxStep=0, projected=0, target=0, delta=0
Carousel fling: raw=0.0px/s, effective=0.0px/s, itemExtent=59.00, speed=0.00 items/s, band=nearest, maxStep=0, projected=0, target=0, delta=0
Carousel fling: raw=0.0px/s, effective=0.0px/s, itemExtent=59.00, speed=0.00 items/s, band=nearest, maxStep=0, projected=0, target=0, delta=0
Carousel fling: raw=0.0px/s, effective=0.0px/s, itemExtent=59.00, speed=0.00 items/s, band=nearest, maxStep=0, projected=100000, target=100000, delta=0
Carousel fling: raw=0.0px/s, effective=0.0px/s, itemExtent=59.00, speed=0.00 items/s, band=nearest, maxStep=0, projected=100000, target=100000, delta=0
Carousel fling: raw=0.0px/s, effective=0.0px/s, itemExtent=59.00, speed=0.00 items/s, band=nearest, maxStep=0, projected=100000, target=100000, delta=0
Carousel fling: raw=-2500.0px/s, effective=-1650.0px/s, itemExtent=59.00, speed=-27.97 items/s, band=max-5, maxStep=5, projected=99982, target=99991, delta=-5
Carousel snap: stiffness=340.0, settle=1024ms
Carousel fling: raw=0.0px/s, effective=0.0px/s, itemExtent=59.00, speed=0.00 items/s, band=nearest, maxStep=0, projected=99991, target=99991, delta=0
+567 -19: /data/data/com.termux/files/home/ubuntu/flutteruser/flutterapps/fluvi-e8-milestone-time-window-avatar-first-load-codex-20260909/test/features/dashboard/presentation/summary_pill_experiments_widget_test.dart: Summary separator visibility is paint-only
Carousel fling: raw=0.0px/s, effective=0.0px/s, itemExtent=59.00, speed=0.00 items/s, band=nearest, maxStep=0, projected=0, target=0, delta=0
Carousel fling: raw=0.0px/s, effective=0.0px/s, itemExtent=59.00, speed=0.00 items/s, band=nearest, maxStep=0, projected=0, target=0, delta=0
Carousel fling: raw=0.0px/s, effective=0.0px/s, itemExtent=59.00, speed=0.00 items/s, band=nearest, maxStep=0, projected=0, target=0, delta=0
Carousel fling: raw=0.0px/s, effective=0.0px/s, itemExtent=59.00, speed=0.00 items/s, band=nearest, maxStep=0, projected=100000, target=100000, delta=0
Carousel fling: raw=0.0px/s, effective=0.0px/s, itemExtent=59.00, speed=0.00 items/s, band=nearest, maxStep=0, projected=100000, target=100000, delta=0
Carousel fling: raw=0.0px/s, effective=0.0px/s, itemExtent=59.00, speed=0.00 items/s, band=nearest, maxStep=0, projected=100000, target=100000, delta=0
Carousel fling: raw=0.0px/s, effective=0.0px/s, itemExtent=59.00, speed=0.00 items/s, band=nearest, maxStep=0, projected=0, target=0, delta=0
Carousel fling: raw=0.0px/s, effective=0.0px/s, itemExtent=59.00, speed=0.00 items/s, band=nearest, maxStep=0, projected=100000, target=100000, delta=0
+568 -19: /data/data/com.termux/files/home/ubuntu/flutteruser/flutterapps/fluvi-e8-milestone-time-window-avatar-first-load-codex-20260909/test/features/dashboard/presentation/summary_pill_experiments_widget_test.dart: mode selector is always the current LogBox avatar metric
Carousel fling: raw=0.0px/s, effective=0.0px/s, itemExtent=59.00, speed=0.00 items/s, band=nearest, maxStep=0, projected=0, target=0, delta=0
Carousel fling: raw=0.0px/s, effective=0.0px/s, itemExtent=59.00, speed=0.00 items/s, band=nearest, maxStep=0, projected=0, target=0, delta=0
Carousel fling: raw=0.0px/s, effective=0.0px/s, itemExtent=59.00, speed=0.00 items/s, band=nearest, maxStep=0, projected=0, target=0, delta=0
Carousel fling: raw=0.0px/s, effective=0.0px/s, itemExtent=59.00, speed=0.00 items/s, band=nearest, maxStep=0, projected=100000, target=100000, delta=0
Carousel fling: raw=0.0px/s, effective=0.0px/s, itemExtent=59.00, speed=0.00 items/s, band=nearest, maxStep=0, projected=100000, target=100000, delta=0
Carousel fling: raw=0.0px/s, effective=0.0px/s, itemExtent=59.00, speed=0.00 items/s, band=nearest, maxStep=0, projected=100000, target=100000, delta=0
+569 -19: /data/data/com.termux/files/home/ubuntu/flutteruser/flutterapps/fluvi-e8-milestone-time-window-avatar-first-load-codex-20260909/test/features/dashboard/presentation/summary_pill_experiments_widget_test.dart: large mode visual left and top padding are equal
Carousel fling: raw=0.0px/s, effective=0.0px/s, itemExtent=59.00, speed=0.00 items/s, band=nearest, maxStep=0, projected=0, target=0, delta=0
Carousel fling: raw=0.0px/s, effective=0.0px/s, itemExtent=59.00, speed=0.00 items/s, band=nearest, maxStep=0, projected=0, target=0, delta=0
Carousel fling: raw=0.0px/s, effective=0.0px/s, itemExtent=59.00, speed=0.00 items/s, band=nearest, maxStep=0, projected=0, target=0, delta=0
Carousel fling: raw=0.0px/s, effective=0.0px/s, itemExtent=59.00, speed=0.00 items/s, band=nearest, maxStep=0, projected=100000, target=100000, delta=0
Carousel fling: raw=0.0px/s, effective=0.0px/s, itemExtent=59.00, speed=0.00 items/s, band=nearest, maxStep=0, projected=100000, target=100000, delta=0
Carousel fling: raw=0.0px/s, effective=0.0px/s, itemExtent=59.00, speed=0.00 items/s, band=nearest, maxStep=0, projected=100000, target=100000, delta=0
+570 -19: /data/data/com.termux/files/home/ubuntu/flutteruser/flutterapps/fluvi-e8-milestone-time-window-avatar-first-load-codex-20260909/test/features/dashboard/presentation/summary_pill_experiments_widget_test.dart: rendered hierarchy and hit rects are the one layout geometry
Carousel fling: raw=0.0px/s, effective=0.0px/s, itemExtent=59.00, speed=0.00 items/s, band=nearest, maxStep=0, projected=0, target=0, delta=0
Carousel fling: raw=0.0px/s, effective=0.0px/s, itemExtent=59.00, speed=0.00 items/s, band=nearest, maxStep=0, projected=0, target=0, delta=0
Carousel fling: raw=0.0px/s, effective=0.0px/s, itemExtent=59.00, speed=0.00 items/s, band=nearest, maxStep=0, projected=0, target=0, delta=0
Carousel fling: raw=0.0px/s, effective=0.0px/s, itemExtent=59.00, speed=0.00 items/s, band=nearest, maxStep=0, projected=0, target=0, delta=0
Carousel fling: raw=0.0px/s, effective=0.0px/s, itemExtent=59.00, speed=0.00 items/s, band=nearest, maxStep=0, projected=100000, target=100000, delta=0
Carousel fling: raw=0.0px/s, effective=0.0px/s, itemExtent=59.00, speed=0.00 items/s, band=nearest, maxStep=0, projected=100000, target=100000, delta=0
Carousel fling: raw=0.0px/s, effective=0.0px/s, itemExtent=59.00, speed=0.00 items/s, band=nearest, maxStep=0, projected=100000, target=100000, delta=0
Carousel fling: raw=0.0px/s, effective=0.0px/s, itemExtent=59.00, speed=0.00 items/s, band=nearest, maxStep=0, projected=100000, target=100000, delta=0
+571 -19: /data/data/com.termux/files/home/ubuntu/flutteruser/flutterapps/fluvi-e8-milestone-time-window-avatar-first-load-codex-20260909/test/features/dashboard/presentation/summary_pill_experiments_widget_test.dart: Dynamic Trio has one idle value and three continuous motion values
Carousel fling: raw=0.0px/s, effective=0.0px/s, itemExtent=59.00, speed=0.00 items/s, band=nearest, maxStep=0, projected=0, target=0, delta=0
Carousel fling: raw=0.0px/s, effective=0.0px/s, itemExtent=59.00, speed=0.00 items/s, band=nearest, maxStep=0, projected=0, target=0, delta=0
Carousel fling: raw=0.0px/s, effective=0.0px/s, itemExtent=59.00, speed=0.00 items/s, band=nearest, maxStep=0, projected=0, target=0, delta=0
Carousel fling: raw=0.0px/s, effective=0.0px/s, itemExtent=59.00, speed=0.00 items/s, band=nearest, maxStep=0, projected=100000, target=100000, delta=0
Carousel fling: raw=0.0px/s, effective=0.0px/s, itemExtent=59.00, speed=0.00 items/s, band=nearest, maxStep=0, projected=100000, target=100000, delta=0
Carousel fling: raw=0.0px/s, effective=0.0px/s, itemExtent=59.00, speed=0.00 items/s, band=nearest, maxStep=0, projected=100000, target=100000, delta=0
Carousel fling: raw=1500.0px/s, effective=990.0px/s, itemExtent=59.00, speed=16.78 items/s, band=max-4, maxStep=4, projected=100010, target=100006, delta=4
Carousel snap: stiffness=340.0, settle=1008ms
Carousel fling: raw=0.0px/s, effective=0.0px/s, itemExtent=59.00, speed=0.00 items/s, band=nearest, maxStep=0, projected=100006, target=100006, delta=0
Carousel fling: raw=0.0px/s, effective=0.0px/s, itemExtent=59.00, speed=0.00 items/s, band=nearest, maxStep=0, projected=100000, target=100000, delta=0
+572 -19: /data/data/com.termux/files/home/ubuntu/flutteruser/flutterapps/fluvi-e8-milestone-time-window-avatar-first-load-codex-20260909/test/features/dashboard/presentation/summary_pill_experiments_widget_test.dart: Dynamic Trio small non-ballistic release collapses immediately
Carousel fling: raw=0.0px/s, effective=0.0px/s, itemExtent=59.00, speed=0.00 items/s, band=nearest, maxStep=0, projected=0, target=0, delta=0
Carousel fling: raw=0.0px/s, effective=0.0px/s, itemExtent=59.00, speed=0.00 items/s, band=nearest, maxStep=0, projected=0, target=0, delta=0
Carousel fling: raw=0.0px/s, effective=0.0px/s, itemExtent=59.00, speed=0.00 items/s, band=nearest, maxStep=0, projected=0, target=0, delta=0
Carousel fling: raw=0.0px/s, effective=0.0px/s, itemExtent=59.00, speed=0.00 items/s, band=nearest, maxStep=0, projected=100000, target=100000, delta=0
Carousel fling: raw=0.0px/s, effective=0.0px/s, itemExtent=59.00, speed=0.00 items/s, band=nearest, maxStep=0, projected=100000, target=100000, delta=0
Carousel fling: raw=0.0px/s, effective=0.0px/s, itemExtent=59.00, speed=0.00 items/s, band=nearest, maxStep=0, projected=100000, target=100000, delta=0
Carousel fling: raw=0.0px/s, effective=0.0px/s, itemExtent=59.00, speed=0.00 items/s, band=nearest, maxStep=0, projected=100000, target=100000, delta=0
Carousel fling: raw=0.0px/s, effective=0.0px/s, itemExtent=59.00, speed=0.00 items/s, band=nearest, maxStep=0, projected=0, target=0, delta=0
Carousel fling: raw=0.0px/s, effective=0.0px/s, itemExtent=59.00, speed=0.00 items/s, band=nearest, maxStep=0, projected=100000, target=100000, delta=0
Carousel fling: raw=0.0px/s, effective=0.0px/s, itemExtent=59.00, speed=0.00 items/s, band=nearest, maxStep=0, projected=200000, target=200000, delta=0
+594 -19: /data/data/com.termux/files/home/ubuntu/flutteruser/flutterapps/fluvi-e8-milestone-time-window-avatar-first-load-codex-20260909/test/features/dashboard/presentation/dashboard_rail_density_trace_test.dart: year-month scripted matrix isolates density mixed children and direction
RAIL_TRACE {"scenario":"year_month_0_vs_94_parent_658","left":{"repetitions":30,"drag_end_velocity":-2032.8611936300701,"ballistic_input_velocity":2199.9966122376336,"logical_delta":7,"pixel_distance":540.4000000003725,"apply_p50_micros":2061,"apply_p95_micros":3370,"apply_p99_micros":4772,"first_apply_micros":3370,"tenth_apply_micros":2061,"selector_p95_micros":1419,"equality_p95_micros":391,"notifier_p95_micros":3141,"log_bind_p95_micros":984,"visible_slot_paint_p95":0,"activity_interrupt_count":0,"metric_change_count":0},"right":{"repetitions":30,"drag_end_velocity":-2032.8611936300701,"ballistic_input_velocity":2199.9966122376336,"logical_delta":7,"pixel_distance":540.4000000003725,"apply_p50_micros":29583,"apply_p95_micros":47228,"apply_p99_micros":47923,"first_apply_micros":25983,"tenth_apply_micros":30687,"selector_p95_micros":1674,"equality_p95_micros":313,"notifier_p95_micros":46963,"log_bind_p95_micros":1327,"visible_slot_paint_p95":12,"activity_interrupt_count":0,"metric_change_count":0}}
RAIL_TRACE {"scenario":"year_month_mixed_vs_populated","left":{"repetitions":30,"drag_end_velocity":-2032.8611936300701,"ballistic_input_velocity":2199.9966122376336,"logical_delta":7,"pixel_distance":540.4000000003725,"apply_p50_micros":21725,"apply_p95_micros":37908,"apply_p99_micros":41643,"first_apply_micros":18460,"tenth_apply_micros":21725,"selector_p95_micros":606,"equality_p95_micros":307,"notifier_p95_micros":37493,"log_bind_p95_micros":759,"visible_slot_paint_p95":10,"activity_interrupt_count":0,"metric_change_count":0},"right":{"repetitions":30,"drag_end_velocity":-2032.8611936300701,"ballistic_input_velocity":2199.9966122376336,"logical_delta":7,"pixel_distance":540.4000000003725,"apply_p50_micros":29583,"apply_p95_micros":47228,"apply_p99_micros":47923,"first_apply_micros":25983,"tenth_apply_micros":30687,"selector_p95_micros":1674,"equality_p95_micros":313,"notifier_p95_micros":46963,"log_bind_p95_micros":1327,"visible_slot_paint_p95":12,"activity_interrupt_count":0,"metric_change_count":0}}
RAIL_TRACE {"scenario":"year_month_empty_vs_sparse_2","left":{"repetitions":30,"drag_end_velocity":-2032.8611936300701,"ballistic_input_velocity":2199.9966122376336,"logical_delta":7,"pixel_distance":540.4000000003725,"apply_p50_micros":2061,"apply_p95_micros":3370,"apply_p99_micros":4772,"first_apply_micros":3370,"tenth_apply_micros":2061,"selector_p95_micros":1419,"equality_p95_micros":391,"notifier_p95_micros":3141,"log_bind_p95_micros":984,"visible_slot_paint_p95":0,"activity_interrupt_count":0,"metric_change_count":0},"right":{"repetitions":30,"drag_end_velocity":-2032.8611936300701,"ballistic_input_velocity":2199.9966122376336,"logical_delta":7,"pixel_distance":540.4000000003725,"apply_p50_micros":6342,"apply_p95_micros":13823,"apply_p99_micros":22784,"first_apply_micros":5992,"tenth_apply_micros":6931,"selector_p95_micros":2075,"equality_p95_micros":364,"notifier_p95_micros":13482,"log_bind_p95_micros":1040,"visible_slot_paint_p95":12,"activity_interrupt_count":0,"metric_change_count":0}}
RAIL_TRACE {"scenario":"year_month_94_vs_dense_100000_bounded_24","left":{"repetitions":30,"drag_end_velocity":-2032.8611936300701,"ballistic_input_velocity":2199.9966122376336,"logical_delta":7,"pixel_distance":540.4000000003725,"apply_p50_micros":29583,"apply_p95_micros":47228,"apply_p99_micros":47923,"first_apply_micros":25983,"tenth_apply_micros":30687,"selector_p95_micros":1674,"equality_p95_micros":313,"notifier_p95_micros":46963,"log_bind_p95_micros":1327,"visible_slot_paint_p95":12,"activity_interrupt_count":0,"metric_change_count":0},"right":{"repetitions":30,"drag_end_velocity":-2032.8611936300701,"ballistic_input_velocity":2199.9966122376336,"logical_delta":7,"pixel_distance":540.4000000003725,"apply_p50_micros":27203,"apply_p95_micros":44081,"apply_p99_micros":44271,"first_apply_micros":30156,"tenth_apply_micros":25457,"selector_p95_micros":841,"equality_p95_micros":577,"notifier_p95_micros":43580,"log_bind_p95_micros":1437,"visible_slot_paint_p95":12,"activity_interrupt_count":0,"metric_change_count":0}}
RAIL_TRACE {"scenario":"year_month_forward_vs_reverse","left":{"repetitions":30,"drag_end_velocity":-2032.8611936300701,"ballistic_input_velocity":2199.9966122376336,"logical_delta":7,"pixel_distance":540.4000000003725,"apply_p50_micros":29583,"apply_p95_micros":47228,"apply_p99_micros":47923,"first_apply_micros":25983,"tenth_apply_micros":30687,"selector_p95_micros":1674,"equality_p95_micros":313,"notifier_p95_micros":46963,"log_bind_p95_micros":1327,"visible_slot_paint_p95":12,"activity_interrupt_count":0,"metric_change_count":0},"right":{"repetitions":30,"drag_end_velocity":2032.8611936299662,"ballistic_input_velocity":-2199.996612237543,"logical_delta":-7,"pixel_distance":-540.3999999994412,"apply_p50_micros":26263,"apply_p95_micros":39984,"apply_p99_micros":48846,"first_apply_micros":26733,"tenth_apply_micros":26198,"selector_p95_micros":702,"equality_p95_micros":336,"notifier_p95_micros":39500,"log_bind_p95_micros":1206,"visible_slot_paint_p95":12,"activity_interrupt_count":0,"metric_change_count":0}}
+595 -19: /data/data/com.termux/files/home/ubuntu/flutteruser/flutterapps/fluvi-e8-milestone-time-window-avatar-first-load-codex-20260909/test/features/dashboard/presentation/dashboard_rail_density_trace_test.dart: opening the rail during a pending plane transition targets the final plane
Carousel fling: raw=0.0px/s, effective=0.0px/s, itemExtent=77.20, speed=0.00 items/s, band=nearest, maxStep=0, projected=0, target=0, delta=0
Carousel fling: raw=0.0px/s, effective=0.0px/s, itemExtent=77.20, speed=0.00 items/s, band=nearest, maxStep=0, projected=100000, target=100000, delta=0
Carousel fling: raw=0.0px/s, effective=0.0px/s, itemExtent=77.20, speed=0.00 items/s, band=nearest, maxStep=0, projected=100000, target=100000, delta=0
Carousel fling: raw=0.0px/s, effective=0.0px/s, itemExtent=77.20, speed=0.00 items/s, band=nearest, maxStep=0, projected=100000, target=100000, delta=0
+596 -19: /data/data/com.termux/files/home/ubuntu/flutteruser/flutterapps/fluvi-e8-milestone-time-window-avatar-first-load-codex-20260909/test/features/dashboard/presentation/dashboard_rail_density_trace_test.dart: the first YEAR rail fling after a pending plane open paints populated siblings
Carousel fling: raw=0.0px/s, effective=0.0px/s, itemExtent=77.20, speed=0.00 items/s, band=nearest, maxStep=0, projected=0, target=0, delta=0
Carousel fling: raw=0.0px/s, effective=0.0px/s, itemExtent=77.20, speed=0.00 items/s, band=nearest, maxStep=0, projected=100000, target=100000, delta=0
Carousel fling: raw=0.0px/s, effective=0.0px/s, itemExtent=77.20, speed=0.00 items/s, band=nearest, maxStep=0, projected=100000, target=100000, delta=0
Carousel fling: raw=0.0px/s, effective=0.0px/s, itemExtent=77.20, speed=0.00 items/s, band=nearest, maxStep=0, projected=100000, target=100000, delta=0
Carousel fling: raw=0.0px/s, effective=0.0px/s, itemExtent=77.20, speed=0.00 items/s, band=nearest, maxStep=0, projected=100000, target=100000, delta=0
Carousel fling: raw=0.0px/s, effective=0.0px/s, itemExtent=77.20, speed=0.00 items/s, band=nearest, maxStep=0, projected=100000, target=100000, delta=0
Carousel fling: raw=2200.0px/s, effective=1452.0px/s, itemExtent=77.20, speed=18.81 items/s, band=max-4, maxStep=4, projected=100013, target=100007, delta=4
Carousel fling: raw=2200.0px/s, effective=1452.0px/s, itemExtent=77.20, speed=18.81 items/s, band=max-4, maxStep=4, projected=100013, target=100007, delta=4
Carousel snap: stiffness=340.0, settle=1024ms
Carousel fling: raw=0.0px/s, effective=0.0px/s, itemExtent=77.20, speed=0.00 items/s, band=nearest, maxStep=0, projected=100007, target=100007, delta=0
+597 -19: Some tests failed.
