2026-09-09T12:33:30.5154254Z Current runner version: '2.337.0'
2026-09-09T12:33:30.5200576Z ##[group]Runner Image Provisioner
2026-09-09T12:33:30.5201572Z Hosted Compute Agent
2026-09-09T12:33:30.5202160Z Version: 20260828.587
2026-09-09T12:33:30.5202855Z Commit: abac92662cab4cc7352de4f9f9d2e2419aad9c29
2026-09-09T12:33:30.5203601Z Build Date: 2026-08-28T16:44:25Z
2026-09-09T12:33:30.5204301Z Worker ID: {e4d59c8c-2f47-4da1-b9e5-435187183253}
2026-09-09T12:33:30.5205098Z Azure Region: westcentralus
2026-09-09T12:33:30.5205693Z ##[endgroup]
2026-09-09T12:33:30.5207468Z ##[group]Operating System
2026-09-09T12:33:30.5208146Z Ubuntu
2026-09-09T12:33:30.5208720Z 24.04.4
2026-09-09T12:33:30.5209296Z LTS
2026-09-09T12:33:30.5209808Z ##[endgroup]
2026-09-09T12:33:30.5210383Z ##[group]Runner Image
2026-09-09T12:33:30.5210991Z Image: ubuntu-24.04
2026-09-09T12:33:30.5211577Z Version: 20260831.293.1
2026-09-09T12:33:30.5212898Z Included Software: https://github.com/actions/runner-images/blob/ubuntu24/20260831.293/images/ubuntu/Ubuntu2404-Readme.md
2026-09-09T12:33:30.5214465Z Image Release: https://github.com/actions/runner-images/releases/tag/ubuntu24%2F20260831.293
2026-09-09T12:33:30.5215462Z ##[endgroup]
2026-09-09T12:33:30.5216900Z ##[group]GITHUB_TOKEN Permissions
2026-09-09T12:33:30.5219061Z Contents: read
2026-09-09T12:33:30.5219668Z Metadata: read
2026-09-09T12:33:30.5220318Z PullRequests: read
2026-09-09T12:33:30.5220925Z ##[endgroup]
2026-09-09T12:33:30.5222983Z Secret source: Actions
2026-09-09T12:33:30.5224112Z Prepare workflow directory
2026-09-09T12:33:30.5572152Z Prepare all required actions
2026-09-09T12:33:30.5618921Z Getting action download info
2026-09-09T12:33:30.9375796Z Download action repository 'actions/checkout@v5' (SHA:fbc6f3992d24b796d5a048ff273f7fcc4a7b6c09)
2026-09-09T12:33:31.0359302Z Download action repository 'actions/setup-java@v5' (SHA:b6effb05e454b25005698d916606bdc6ffcbf961)
2026-09-09T12:33:31.8864013Z Download action repository 'android-actions/setup-android@v3' (SHA:9fc6c4e9069bf8d3d10b2204b1fb8f6ef7065407)
2026-09-09T12:33:32.4323002Z Download action repository 'reactivecircus/android-emulator-runner@v2' (SHA:a421e43855164a8197daf9d8d40fe71c6996bb0d)
2026-09-09T12:33:32.9597418Z Download action repository 'actions/upload-artifact@v4' (SHA:ea165f8d65b6e75b540449e92b4886f43607fa02)
2026-09-09T12:33:33.1792004Z Complete job name: run-dashboard-profile
2026-09-09T12:33:33.2570011Z ##[group]Run actions/checkout@v5
2026-09-09T12:33:33.2570888Z with:
2026-09-09T12:33:33.2571446Z   repository: elizerpist/exptv2
2026-09-09T12:33:33.2574488Z   token: ***
2026-09-09T12:33:33.2574979Z   ssh-strict: true
2026-09-09T12:33:33.2575563Z   ssh-user: git
2026-09-09T12:33:33.2576039Z   persist-credentials: true
2026-09-09T12:33:33.2576559Z   clean: true
2026-09-09T12:33:33.2577260Z   sparse-checkout-cone-mode: true
2026-09-09T12:33:33.2577790Z   fetch-depth: 1
2026-09-09T12:33:33.2641978Z   fetch-tags: false
2026-09-09T12:33:33.2642632Z   show-progress: true
2026-09-09T12:33:33.2643235Z   lfs: false
2026-09-09T12:33:33.2643750Z   submodules: false
2026-09-09T12:33:33.2644215Z   set-safe-directory: true
2026-09-09T12:33:33.2644683Z   allow-unsafe-pr-checkout: false
2026-09-09T12:33:33.2646535Z ##[endgroup]
2026-09-09T12:33:33.3667392Z Syncing repository: elizerpist/exptv2
2026-09-09T12:33:33.3668979Z ##[group]Getting Git version info
2026-09-09T12:33:33.3669587Z Working directory is '/home/runner/work/exptv2/exptv2'
2026-09-09T12:33:33.3670344Z [command]/usr/bin/git version
2026-09-09T12:33:33.3727325Z git version 2.55.0
2026-09-09T12:33:33.3749298Z ##[endgroup]
2026-09-09T12:33:33.3770487Z Temporarily overriding HOME='/home/runner/work/_temp/7857e9ff-9bdb-4b54-8133-79a28f082c9c' before making global git config changes
2026-09-09T12:33:33.3772836Z Adding repository directory to the temporary git global config as a safe directory
2026-09-09T12:33:33.3776927Z [command]/usr/bin/git config --global --add safe.directory /home/runner/work/exptv2/exptv2
2026-09-09T12:33:33.3826664Z Deleting the contents of '/home/runner/work/exptv2/exptv2'
2026-09-09T12:33:33.3831285Z ##[group]Initializing the repository
2026-09-09T12:33:33.3835824Z [command]/usr/bin/git init /home/runner/work/exptv2/exptv2
2026-09-09T12:33:33.3937073Z hint: Using 'master' as the name for the initial branch. This default branch name
2026-09-09T12:33:33.3938493Z hint: will change to "main" in Git 3.0. To configure the initial branch name
2026-09-09T12:33:33.3939331Z hint: to use in all of your new repositories, which will suppress this warning,
2026-09-09T12:33:33.3939921Z hint: call:
2026-09-09T12:33:33.3940279Z hint:
2026-09-09T12:33:33.3940768Z hint: 	git config --global init.defaultBranch <name>
2026-09-09T12:33:33.3941265Z hint:
2026-09-09T12:33:33.3941750Z hint: Names commonly chosen instead of 'master' are 'main', 'trunk' and
2026-09-09T12:33:33.3942458Z hint: 'development'. The just-created branch can be renamed via this command:
2026-09-09T12:33:33.3943035Z hint:
2026-09-09T12:33:33.3943399Z hint: 	git branch -m <name>
2026-09-09T12:33:33.3943800Z hint:
2026-09-09T12:33:33.3944332Z hint: Disable this message with "git config set advice.defaultBranchName false"
2026-09-09T12:33:33.3947888Z Initialized empty Git repository in /home/runner/work/exptv2/exptv2/.git/
2026-09-09T12:33:33.3958733Z [command]/usr/bin/git remote add origin https://github.com/elizerpist/exptv2
2026-09-09T12:33:33.4004322Z ##[endgroup]
2026-09-09T12:33:33.4005449Z ##[group]Disabling automatic garbage collection
2026-09-09T12:33:33.4009647Z [command]/usr/bin/git config --local gc.auto 0
2026-09-09T12:33:33.4072357Z ##[endgroup]
2026-09-09T12:33:33.4073328Z ##[group]Setting up auth
2026-09-09T12:33:33.4078767Z [command]/usr/bin/git config --local --name-only --get-regexp core\.sshCommand
2026-09-09T12:33:33.4110750Z [command]/usr/bin/git submodule foreach --recursive sh -c "git config --local --name-only --get-regexp 'core\.sshCommand' && git config --local --unset-all 'core.sshCommand' || :"
2026-09-09T12:33:33.4466901Z [command]/usr/bin/git config --local --name-only --get-regexp http\.https\:\/\/github\.com\/\.extraheader
2026-09-09T12:33:33.4509801Z [command]/usr/bin/git submodule foreach --recursive sh -c "git config --local --name-only --get-regexp 'http\.https\:\/\/github\.com\/\.extraheader' && git config --local --unset-all 'http.https://github.com/.extraheader' || :"
2026-09-09T12:33:33.4731932Z [command]/usr/bin/git config --local --name-only --get-regexp ^includeIf\.gitdir:
2026-09-09T12:33:33.4765892Z [command]/usr/bin/git submodule foreach --recursive git config --local --show-origin --name-only --get-regexp remote.origin.url
2026-09-09T12:33:33.4997734Z [command]/usr/bin/git config --local http.https://github.com/.extraheader AUTHORIZATION: basic ***
2026-09-09T12:33:33.5035164Z ##[endgroup]
2026-09-09T12:33:33.5036035Z ##[group]Fetching the repository
2026-09-09T12:33:33.5045187Z [command]/usr/bin/git -c protocol.version=2 fetch --no-tags --prune --no-recurse-submodules --depth=1 origin +a047e216803d3ac01d97b4d5ffd03842a1579db3:refs/remotes/origin/fix/avatar-target-liveness-codex-20260909
2026-09-09T12:33:35.0397992Z From https://github.com/elizerpist/exptv2
2026-09-09T12:33:35.0399153Z  * [new ref]         a047e216803d3ac01d97b4d5ffd03842a1579db3 -> origin/fix/avatar-target-liveness-codex-20260909
2026-09-09T12:33:35.0403581Z ##[endgroup]
2026-09-09T12:33:35.0404315Z ##[group]Determining the checkout info
2026-09-09T12:33:35.0407057Z ##[endgroup]
2026-09-09T12:33:35.0416197Z [command]/usr/bin/git sparse-checkout disable
2026-09-09T12:33:35.0486072Z [command]/usr/bin/git config --local --unset-all extensions.worktreeConfig
2026-09-09T12:33:35.0519640Z ##[group]Checking out the ref
2026-09-09T12:33:35.0525798Z [command]/usr/bin/git checkout --progress --force -B fix/avatar-target-liveness-codex-20260909 refs/remotes/origin/fix/avatar-target-liveness-codex-20260909
2026-09-09T12:33:35.1775273Z Switched to a new branch 'fix/avatar-target-liveness-codex-20260909'
2026-09-09T12:33:35.1781717Z branch 'fix/avatar-target-liveness-codex-20260909' set up to track 'origin/fix/avatar-target-liveness-codex-20260909'.
2026-09-09T12:33:35.1793209Z ##[endgroup]
2026-09-09T12:33:35.1837976Z [command]/usr/bin/git log -1 --format=%H
2026-09-09T12:33:35.1864680Z a047e216803d3ac01d97b4d5ffd03842a1579db3
2026-09-09T12:33:35.2163408Z ##[group]Run actions/setup-java@v5
2026-09-09T12:33:35.2163744Z with:
2026-09-09T12:33:35.2163949Z   distribution: temurin
2026-09-09T12:33:35.2164183Z   java-version: 17
2026-09-09T12:33:35.2164401Z   java-package: jdk
2026-09-09T12:33:35.2164625Z   check-latest: false
2026-09-09T12:33:35.2164842Z   set-default: true
2026-09-09T12:33:35.2165056Z   verify-signature: false
2026-09-09T12:33:35.2165298Z   server-id: github
2026-09-09T12:33:35.2165525Z   server-username: GITHUB_ACTOR
2026-09-09T12:33:35.2165788Z   server-password: GITHUB_TOKEN
2026-09-09T12:33:35.2166052Z   overwrite-settings: true
2026-09-09T12:33:35.2166290Z   job-status: success
2026-09-09T12:33:35.2169292Z   token: ***
2026-09-09T12:33:35.2169538Z   show-download-progress: false
2026-09-09T12:33:35.2169825Z ##[endgroup]
2026-09-09T12:33:35.3656591Z ##[group]Installed distributions
2026-09-09T12:33:35.3724640Z Resolved Java 17.0.20+1 from tool-cache
2026-09-09T12:33:35.3725310Z Setting Java 17.0.20+1 as the default
2026-09-09T12:33:35.3737521Z Creating toolchains.xml for JDK version 17 from temurin
2026-09-09T12:33:35.3813749Z Writing to /home/runner/.m2/toolchains.xml
2026-09-09T12:33:35.3814202Z 
2026-09-09T12:33:35.3814386Z Java configuration:
2026-09-09T12:33:35.3814840Z   Distribution: temurin
2026-09-09T12:33:35.3815295Z   Version: 17.0.20+1
2026-09-09T12:33:35.3815907Z   Path: /opt/hostedtoolcache/Java_Temurin-Hotspot_jdk/17.0.20-1/x64
2026-09-09T12:33:35.3816454Z 
2026-09-09T12:33:35.3817182Z ##[endgroup]
2026-09-09T12:33:35.3851884Z Creating settings.xml with server-id: github
2026-09-09T12:33:35.3852465Z Writing to /home/runner/.m2/settings.xml
2026-09-09T12:33:35.3853660Z Configured MAVEN_ARGS to include -ntp to suppress Maven transfer progress logs. Set 'show-download-progress: true' to keep the download progress output.
2026-09-09T12:33:35.4017314Z Node 20 is being deprecated. This workflow is running with Node 24 by default. If you need to temporarily use Node 20, you can set the ACTIONS_ALLOW_USE_UNSECURE_NODE_VERSION=true environment variable. For more information see: https://github.blog/changelog/2025-09-19-deprecation-of-node-20-on-github-actions-runners/
2026-09-09T12:33:35.4019484Z ##[group]Run android-actions/setup-android@v3
2026-09-09T12:33:35.4019955Z with:
2026-09-09T12:33:35.4020279Z   cmdline-tools-version: 12266719
2026-09-09T12:33:35.4020724Z   accept-android-sdk-licenses: true
2026-09-09T12:33:35.4021208Z   log-accepted-android-sdk-licenses: true
2026-09-09T12:33:35.4021709Z   packages: tools platform-tools
2026-09-09T12:33:35.4022123Z env:
2026-09-09T12:33:35.4022610Z   JAVA_HOME: /opt/hostedtoolcache/Java_Temurin-Hotspot_jdk/17.0.20-1/x64
2026-09-09T12:33:35.4023435Z   JAVA_HOME_17_X64: /opt/hostedtoolcache/Java_Temurin-Hotspot_jdk/17.0.20-1/x64
2026-09-09T12:33:35.4024091Z   MAVEN_ARGS: -ntp
2026-09-09T12:33:35.4024483Z ##[endgroup]
2026-09-09T12:33:35.4821547Z Found preinstalled sdkmanager in /usr/local/lib/android/sdk/cmdline-tools/latest with following source.properties:
2026-09-09T12:33:35.4822610Z Pkg.Revision=12.0
2026-09-09T12:33:35.4823034Z Pkg.Path=cmdline-tools;12.0
2026-09-09T12:33:35.4823424Z Pkg.Desc=Android SDK Command-line Tools
2026-09-09T12:33:35.4823632Z 
2026-09-09T12:33:35.4823768Z Wrong version in preinstalled sdkmanager
2026-09-09T12:33:35.4824397Z Downloading commandline tools from https://dl.google.com/android/repository/commandlinetools-linux-12266719_latest.zip
2026-09-09T12:33:36.3759961Z [command]/usr/bin/unzip -o -q /home/runner/work/_temp/eff41ba9-cc57-41e5-aced-9e1ffcce2f7a
2026-09-09T12:33:37.1303635Z Accepting Android SDK licenses
2026-09-09T12:33:37.1309289Z [command]/usr/local/lib/android/sdk/cmdline-tools/16.0/bin/sdkmanager --licenses
2026-09-09T12:33:38.1704196Z Loading local repository...                                                     
2026-09-09T12:33:38.1706595Z [=========                              ] 25% Loading local repository...       
2026-09-09T12:33:38.6007976Z [=========                              ] 25% Fetch remote repository...        
2026-09-09T12:33:38.9434870Z [==========                             ] 26% Fetch remote repository...        
2026-09-09T12:33:38.9439375Z [============                           ] 31% Fetch remote repository...        
2026-09-09T12:33:38.9770504Z [============                           ] 32% Fetch remote repository...        
2026-09-09T12:33:38.9790803Z [=============                          ] 33% Fetch remote repository...        
2026-09-09T12:33:38.9982570Z [=============                          ] 35% Fetch remote repository...        
2026-09-09T12:33:39.0004517Z [==============                         ] 36% Fetch remote repository...        
2026-09-09T12:33:39.0363860Z [==============                         ] 37% Fetch remote repository...        
2026-09-09T12:33:39.0364907Z [===============                        ] 38% Fetch remote repository...        
2026-09-09T12:33:39.0604956Z [===============                        ] 39% Fetch remote repository...        
2026-09-09T12:33:39.0606004Z [================                       ] 40% Fetch remote repository...        
2026-09-09T12:33:39.0828731Z [================                       ] 41% Fetch remote repository...        
2026-09-09T12:33:39.0840289Z [================                       ] 42% Fetch remote repository...        
2026-09-09T12:33:39.1278782Z [=================                      ] 44% Fetch remote repository...        
2026-09-09T12:33:39.1279784Z [=================                      ] 45% Fetch remote repository...        
2026-09-09T12:33:39.2324098Z [==================                     ] 46% Fetch remote repository...        
2026-09-09T12:33:39.2345175Z [==================                     ] 47% Fetch remote repository...        
2026-09-09T12:33:39.2491968Z [===================                    ] 48% Fetch remote repository...        
2026-09-09T12:33:39.2494827Z [===================                    ] 49% Fetch remote repository...        
2026-09-09T12:33:39.2633884Z [====================                   ] 50% Fetch remote repository...        
2026-09-09T12:33:39.2636350Z [====================                   ] 51% Fetch remote repository...        
2026-09-09T12:33:39.2777928Z [====================                   ] 53% Fetch remote repository...        
2026-09-09T12:33:39.2781256Z [=====================                  ] 54% Fetch remote repository...        
2026-09-09T12:33:39.2946452Z [=====================                  ] 55% Fetch remote repository...        
2026-09-09T12:33:39.2949095Z [======================                 ] 56% Fetch remote repository...        
2026-09-09T12:33:39.3119613Z [======================                 ] 57% Fetch remote repository...        
2026-09-09T12:33:39.3131244Z [=======================                ] 58% Fetch remote repository...        
2026-09-09T12:33:39.3289337Z [=======================                ] 59% Fetch remote repository...        
2026-09-09T12:33:39.3291349Z [========================               ] 60% Fetch remote repository...        
2026-09-09T12:33:39.3449954Z [========================               ] 61% Fetch remote repository...        
2026-09-09T12:33:39.3457266Z [=========================              ] 63% Fetch remote repository...        
2026-09-09T12:33:39.3607576Z [=========================              ] 64% Fetch remote repository...        
2026-09-09T12:33:39.3617637Z [=========================              ] 65% Fetch remote repository...        
2026-09-09T12:33:39.3944680Z [==========================             ] 66% Fetch remote repository...        
2026-09-09T12:33:39.3968533Z [==========================             ] 67% Fetch remote repository...        
2026-09-09T12:33:39.4118193Z [===========================            ] 68% Fetch remote repository...        
2026-09-09T12:33:39.4137946Z [===========================            ] 69% Fetch remote repository...        
2026-09-09T12:33:39.4311772Z [============================           ] 70% Fetch remote repository...        
2026-09-09T12:33:39.4312973Z [============================           ] 72% Fetch remote repository...        
2026-09-09T12:33:39.4398780Z [=============================          ] 73% Fetch remote repository...        
2026-09-09T12:33:39.4399829Z [=============================          ] 74% Fetch remote repository...        
2026-09-09T12:33:39.4507532Z [=============================          ] 75% Fetch remote repository...        
2026-09-09T12:33:39.4619027Z [=============================          ] 75% Computing updates...              
2026-09-09T12:33:39.4627818Z [=======================================] 100% Computing updates...             
2026-09-09T12:33:39.4903500Z 6 of 7 SDK package licenses not accepted.
2026-09-09T12:33:39.4907936Z Review licenses that have not been accepted (y/N)? 
2026-09-09T12:33:39.4908930Z 1/6: License android-googletv-license:
2026-09-09T12:33:39.4909766Z ---------------------------------------
2026-09-09T12:33:39.4910454Z Terms and Conditions
2026-09-09T12:33:39.4910848Z 
2026-09-09T12:33:39.4911418Z This is the Google TV Add-on for the Android Software Development Kit License Agreement.
2026-09-09T12:33:39.4912163Z 
2026-09-09T12:33:39.4912470Z 1. Introduction
2026-09-09T12:33:39.4912831Z 
2026-09-09T12:33:39.4915432Z 1.1 The Google TV Add-on for the Android Software Development Kit (referred to in this License Agreement as the "Google TV Add-on" and specifically including the Android system files, packaged APIs, and Google APIs add-ons) is licensed to you subject to the terms of this License Agreement. This License Agreement forms a legally binding contract between you and Google in relation to your use of the Google TV Add-on.
2026-09-09T12:33:39.4918547Z 
2026-09-09T12:33:39.4919602Z 1.2 "Google" means Google Inc., a Delaware corporation with principal place of business at 1600 Amphitheatre Parkway, Mountain View, CA 94043, United States.
2026-09-09T12:33:39.4920394Z 
2026-09-09T12:33:39.4920655Z 2. Accepting this License Agreement
2026-09-09T12:33:39.4921226Z 
2026-09-09T12:33:39.4922332Z 2.1 In order to use the Google TV Add-on, you must first agree to this License Agreement. You may not use the Google TV Add-on if you do not accept this License Agreement.
2026-09-09T12:33:39.4923628Z 
2026-09-09T12:33:39.4924014Z 2.2 You can accept this License Agreement by:
2026-09-09T12:33:39.4924543Z 
2026-09-09T12:33:39.4925241Z (A) clicking to accept or agree to this License Agreement, where this option is made available to you; or
2026-09-09T12:33:39.4926105Z 
2026-09-09T12:33:39.4927386Z (B) by actually using the Google TV Add-on. In this case, you agree that use of the Google TV Add-on constitutes acceptance of the License Agreement from that point onwards.
2026-09-09T12:33:39.4928677Z 
2026-09-09T12:33:39.4930450Z 2.3 You may not use the Google TV Add-on and may not accept the Licensing Agreement if you are a person barred from receiving the Google TV Add-on under the laws of the United States or other countries including the country in which you are resident or from which you use the Google TV Add-on.
2026-09-09T12:33:39.4932363Z 
2026-09-09T12:33:39.4934689Z 2.4 If you are agreeing to be bound by this License Agreement on behalf of your employer or other entity, you represent and warrant that you have full legal authority to bind your employer or such entity to this License Agreement. If you do not have the requisite authority, you may not accept the Licensing Agreement or use the Google TV Add-on on behalf of your employer or other entity.
2026-09-09T12:33:39.4943355Z 
2026-09-09T12:33:39.4944072Z 3. Google TV Add-on License from Google
2026-09-09T12:33:39.4944695Z 
2026-09-09T12:33:39.4946326Z 3.1 Subject to the terms of this License Agreement, Google grants you a limited, worldwide, royalty-free, non- assignable and non-exclusive license to use the Google TV Add-on solely to develop applications to run on the Google TV platform.
2026-09-09T12:33:39.4955902Z 
2026-09-09T12:33:39.4958809Z 3.2 You agree that Google or third parties own all legal right, title and interest in and to the Google TV Add-on, including any Intellectual Property Rights that subsist in the Google TV Add-on. "Intellectual Property Rights" means any and all rights under patent law, copyright law, trade secret law, trademark law, and any and all other proprietary rights. Google reserves all rights not expressly granted to you.
2026-09-09T12:33:39.4967588Z 
2026-09-09T12:33:39.4971494Z 3.3 Except to the extent required by applicable third party licenses, you may not copy (except for backup purposes), modify, adapt, redistribute, decompile, reverse engineer, disassemble, or create derivative works of the Google TV Add-on or any part of the Google TV Add-on. Except to the extent required by applicable third party licenses, you may not load any part of the Google TV Add-on onto a mobile handset, television, or any other hardware device except a personal computer, combine any part of the Google TV Add-on with other software, or distribute any software or device incorporating a part of the Google TV Add-on.
2026-09-09T12:33:39.4978759Z 
2026-09-09T12:33:39.4980314Z 3.4 Use, reproduction and distribution of components of the Google TV Add-on licensed under an open source software license are governed solely by the terms of that open source software license and not this License Agreement.
2026-09-09T12:33:39.4981940Z 
2026-09-09T12:33:39.4985006Z 3.5 You agree that the form and nature of the Google TV Add-on that Google provides may change without prior notice to you and that future versions of the Google TV Add-on may be incompatible with applications developed on previous versions of the Google TV Add-on. You agree that Google may stop (permanently or temporarily) providing the Google TV Add-on (or any features within the Google TV Add-on) to you or to users generally at Google's sole discretion, without prior notice to you.
2026-09-09T12:33:39.4988578Z 
2026-09-09T12:33:39.4990589Z 3.6 Nothing in this License Agreement gives you a right to use any of Google's or it’s licensors’ trade names, trademarks, service marks, logos, domain names, or other distinctive brand features.
2026-09-09T12:33:39.4992183Z 
2026-09-09T12:33:39.4993552Z 3.7 You agree that you will not remove, obscure, or alter any proprietary rights notices (including copyright and trademark notices) that may be affixed to or contained within the Google TV Add-on.
2026-09-09T12:33:39.5002230Z 
2026-09-09T12:33:39.5002663Z 4. Use of the Google TV Add-on by You
2026-09-09T12:33:39.5003186Z 
2026-09-09T12:33:39.5004938Z 4.1 Google agrees that it obtains no right, title or interest from you (or your licensors) under this License Agreement in or to any software applications that you develop using the Google TV Add-on, including any intellectual property rights that subsist in those applications.
2026-09-09T12:33:39.5007108Z 
2026-09-09T12:33:39.5009444Z 4.2 You agree to use the Google TV Add-on and write applications only for purposes that are permitted by (a) this License Agreement and (b) any applicable law, regulation or generally accepted practices or guidelines in the relevant jurisdictions (including any laws regarding the export of data or software to and from the United States or other relevant countries).
2026-09-09T12:33:39.5011980Z 
2026-09-09T12:33:39.5017075Z 4.3 You agree that if you use the Google TV Add-on to develop applications for general public users, you will protect the privacy and legal rights of those users. If the users provide you with user names, passwords, or other login information or personal information, your must make the users aware that the information will be available to your application, and you must provide legally adequate privacy notice and protection for those users. If your application stores personal or sensitive information provided by users, it must do so securely. If the user provides your application with Google Account information, your application may only use that information to access the user's Google Account when, and for the limited purposes for which, the user has given you explicit permission to do so.
2026-09-09T12:33:39.5026444Z 
2026-09-09T12:33:39.5029344Z 4.4 You agree that you will not engage in any activity with the Google TV Add-on, including the development or distribution of an application, that interferes with, disrupts, damages, or accesses in an unauthorized manner the servers, networks, or other properties or services of any third party including, but not limited to, Google, Multichannel Video Program Distributors or any mobile communications carrier.
2026-09-09T12:33:39.5032078Z 
2026-09-09T12:33:39.5034422Z 4.5 You agree that you are solely responsible for (and that Google has no responsibility to you or to any third party for) any data, content, or resources that you create, transmit or display through the Google TV platform and/or applications for the Google TV platform, and for the consequences of your actions (including any loss or damage which Google may suffer) by doing so.
2026-09-09T12:33:39.5037262Z 
2026-09-09T12:33:39.5039811Z 4.6 You agree that you are solely responsible for (and that Google has no responsibility to you or to any third party for) any breach of your obligations under this License Agreement, any applicable third party contract or Terms of Service, or any applicable law or regulation, and for the consequences (including any loss or damage which Google or any third party may suffer) of any such breach.
2026-09-09T12:33:39.5059741Z 
2026-09-09T12:33:39.5060206Z 5. Your Developer Credentials
2026-09-09T12:33:39.5063066Z 
2026-09-09T12:33:39.5064960Z 5.1 You agree that you are responsible for maintaining the confidentiality of any developer credentials that may be issued to you by Google or which you may choose yourself and that you will be solely responsible for all applications that are developed under your developer credentials.
2026-09-09T12:33:39.5067285Z 
2026-09-09T12:33:39.5067715Z 6. Privacy and Information
2026-09-09T12:33:39.5068421Z 
2026-09-09T12:33:39.5071637Z 6.1 In order to continually innovate and improve the Google TV Add-on, Google may collect certain usage statistics from the software including but not limited to a unique identifier, associated IP address, version number of the software, and information on which tools and/or services in the Google TV Add-on are being used and how they are being used. Before any of this information is collected, the Google TV Add-on will notify you and seek your consent. If you withhold consent, the information will not be collected.
2026-09-09T12:33:39.5087142Z 
2026-09-09T12:33:39.5088192Z 6.2 The data collected is examined in the aggregate to improve the Google TV Add-on and is maintained in accordance with Google's Privacy Policy.
2026-09-09T12:33:39.5089266Z 
2026-09-09T12:33:39.5094015Z 7. Third Party Applications for the Google TV Platform
2026-09-09T12:33:39.5094506Z 
2026-09-09T12:33:39.5098241Z 7.1 If you use the Google TV Add-on to run applications developed by a third party or that access data, content or resources provided by a third party, you agree that Google is not responsible for those applications, data, content, or resources. You understand that all data, content or resources which you may access through such third party applications are the sole responsibility of the person from which they originated and that Google is not liable for any loss or damage that you may experience as a result of the use or access of any of those third party applications, data, content, or resources.
2026-09-09T12:33:39.5100383Z 
2026-09-09T12:33:39.5101977Z 7.2 You should be aware the data, content, and resources presented to you through such a third party application may be protected by intellectual property rights which are owned by the providers (or by other persons or companies on their behalf). You may not modify, rent, lease, loan, sell, distribute or create derivative works based on these data, content, or resources (either in whole or in part) unless you have been specifically given permission to do so by the relevant owners.
2026-09-09T12:33:39.5103885Z 
2026-09-09T12:33:39.5104777Z 7.3 You acknowledge that your use of such third party applications, data, content, or resources may be subject to separate terms between you and the relevant third party. In that case, this License Agreement does not affect your legal relationship with these third parties.
2026-09-09T12:33:39.5105733Z 
2026-09-09T12:33:39.5105836Z 8. Using Google TV APIs
2026-09-09T12:33:39.5105988Z 
2026-09-09T12:33:39.5109253Z 8.1 If you use any Google TV API to retrieve data from Google, you acknowledge that the data (“Google TV API Content”) may be protected by intellectual property rights which are owned by Google or those parties that provide the data (or by other persons or companies on their behalf). Your use of any such API may be subject to additional Terms of Service. You may not modify, rent, lease, loan, sell, distribute or create derivative works based on this data (either in whole or in part) unless allowed by the relevant Terms of Service. Some portions of the Google TV API Content are licensed to Google by third parties, including but not limited to Tribune Media Services
2026-09-09T12:33:39.5111572Z 
2026-09-09T12:33:39.5112361Z 8.2 If you use any API to retrieve a user's data from Google, you acknowledge and agree that you shall retrieve data only with the user's explicit consent and only when, and for the limited purposes for which, the user has given you permission to do so.
2026-09-09T12:33:39.5113318Z 
2026-09-09T12:33:39.5113603Z 8.3 Except as explicitly permitted in Section 3 (Google TV Add-on License from Google), you must:
2026-09-09T12:33:39.5113983Z 
2026-09-09T12:33:39.5114543Z (a) not modify nor format the Google TV API Content except to the extent reasonably and technically necessary to optimize the display such Google TV API Content in your application;
2026-09-09T12:33:39.5115198Z 
2026-09-09T12:33:39.5115983Z (b) not edit the Google TV API Content in a manner that renders the Google TV API Content inaccurate of alters its inherent meaning (provided that displaying excerpts will not violate the foregoing); or
2026-09-09T12:33:39.5117526Z 
2026-09-09T12:33:39.5119121Z (c) not create any commercial audience measurement tool or service using the Google TV API Content
2026-09-09T12:33:39.5119830Z 
2026-09-09T12:33:39.5119964Z 9. Terminating this License Agreement
2026-09-09T12:33:39.5120177Z 
2026-09-09T12:33:39.5120517Z 9.1 This License Agreement will continue to apply until terminated by either you or Google as set out below.
2026-09-09T12:33:39.5120935Z 
2026-09-09T12:33:39.5121379Z 9.2 If you want to terminate this License Agreement, you may do so by ceasing your use of the Google TV Add-on and any relevant developer credentials.
2026-09-09T12:33:39.5121905Z 
2026-09-09T12:33:39.5122110Z 9.3 Google may at any time, terminate this License Agreement with you if:
2026-09-09T12:33:39.5122408Z 
2026-09-09T12:33:39.5122586Z (A) you have breached any provision of this License Agreement; or
2026-09-09T12:33:39.5122874Z 
2026-09-09T12:33:39.5122993Z (B) Google is required to do so by law; or
2026-09-09T12:33:39.5123197Z 
2026-09-09T12:33:39.5123847Z (C) the partner with whom Google offered certain parts of Google TV Add-on (such as APIs) to you has terminated its relationship with Google or ceased to offer certain parts of the Google TV Add-on to you; or
2026-09-09T12:33:39.5124577Z 
2026-09-09T12:33:39.5125649Z (D) Google decides to no longer providing the Google TV Add-on or certain parts of the Google TV Add-on to users in the country in which you are resident or from which you use the service, or the provision of the Google TV Add-on or certain Google TV Add-on services to you by Google is, in Google's sole discretion, no longer commercially viable.
2026-09-09T12:33:39.5127131Z 
2026-09-09T12:33:39.5128682Z 9.4 When this License Agreement comes to an end, all of the legal rights, obligations and liabilities that you and Google have benefited from, been subject to (or which have accrued over time whilst this License Agreement has been in force) or which are expressed to continue indefinitely, shall be unaffected by this cessation, and the provisions of paragraph 14.7 shall continue to apply to such rights, obligations and liabilities indefinitely.
2026-09-09T12:33:39.5130420Z 
2026-09-09T12:33:39.5130531Z 10. DISCLAIMER OF WARRANTIES
2026-09-09T12:33:39.5130691Z 
2026-09-09T12:33:39.5131312Z 10.1 YOU EXPRESSLY UNDERSTAND AND AGREE THAT YOUR USE OF THE GOOGLE TV ADD-ON IS AT YOUR SOLE RISK AND THAT THE GOOGLE TV ADD-ON IS PROVIDED "AS IS" AND "AS AVAILABLE" WITHOUT WARRANTY OF ANY KIND FROM GOOGLE.
2026-09-09T12:33:39.5132015Z 
2026-09-09T12:33:39.5132916Z 10.2 YOUR USE OF THE GOOGLE TV ADD-ON AND ANY MATERIAL DOWNLOADED OR OTHERWISE OBTAINED THROUGH THE USE OF THE GOOGLE TV ADD-ON IS AT YOUR OWN DISCRETION AND RISK AND YOU ARE SOLELY RESPONSIBLE FOR ANY DAMAGE TO YOUR COMPUTER SYSTEM OR OTHER DEVICE OR LOSS OF DATA THAT RESULTS FROM SUCH USE.
2026-09-09T12:33:39.5133910Z 
2026-09-09T12:33:39.5134751Z 10.3 GOOGLE FURTHER EXPRESSLY DISCLAIMS ALL WARRANTIES AND CONDITIONS OF ANY KIND, WHETHER EXPRESS OR IMPLIED, INCLUDING, BUT NOT LIMITED TO THE IMPLIED WARRANTIES AND CONDITIONS OF MERCHANTABILITY, FITNESS FOR A PARTICULAR PURPOSE AND NON-INFRINGEMENT.
2026-09-09T12:33:39.5135666Z 
2026-09-09T12:33:39.5135767Z 11. LIMITATION OF LIABILITY
2026-09-09T12:33:39.5135938Z 
2026-09-09T12:33:39.5137542Z 11.1 YOU EXPRESSLY UNDERSTAND AND AGREE THAT GOOGLE, ITS SUBSIDIARIES AND AFFILIATES, AND ITS LICENSORS SHALL NOT BE LIABLE TO YOU UNDER ANY THEORY OF LIABILITY FOR ANY DIRECT, INDIRECT, INCIDENTAL, SPECIAL CONSEQUENTIAL OR EXEMPLARY DAMAGES THAT MAY BE INCURRED BY YOU, INCLUDING ANY LOSS OF DATA, WHETHER OR NOT GOOGLE OR ITS REPRESENTATIVES HAVE BEEN ADVISED OF OR SHOULD HAVE BEEN AWARE OF THE POSSIBILITY OF ANY SUCH LOSSES ARISING.
2026-09-09T12:33:39.5139064Z 
2026-09-09T12:33:39.5139154Z 12. Indemnification
2026-09-09T12:33:39.5139292Z 
2026-09-09T12:33:39.5141874Z 12.1 To the maximum extent permitted by law, you agree to defend, indemnify and hold harmless Google, its affiliates and their respective directors, officers, employees and agents from and against any and all claims, actions, suits or proceedings, as well as any and all losses, liabilities, damages, costs and expenses (including reasonable attorneys fees) arising out of or accruing from (a) your use of the Google TV Add-on, (b) any application you develop on the Google TV Add-on that infringes any copyright, trademark, trade secret, trade dress, patent or other intellectual property right of any person or defames any person or violates their rights of publicity or privacy, and (c) any non-compliance by you with this License Agreement.
2026-09-09T12:33:39.5144381Z 
2026-09-09T12:33:39.5144485Z 13. Changes to the License Agreement
2026-09-09T12:33:39.5144670Z 
2026-09-09T12:33:39.5144985Z 13.1 Google may make changes to the License Agreement as it distributes new versions of the Google TV Add-on.
2026-09-09T12:33:39.5145398Z 
2026-09-09T12:33:39.5145497Z 14. General Legal Terms
2026-09-09T12:33:39.5145638Z 
2026-09-09T12:33:39.5146816Z 14.1 This License Agreement constitute the whole legal agreement between you and Google and govern your use of the Google TV Add-on (excluding any services which Google may provide to you under a separate written agreement), and completely replace any prior agreements between you and Google in relation to the Google TV Add-on.
2026-09-09T12:33:39.5147971Z 
2026-09-09T12:33:39.5148978Z 14.2 You agree that if Google does not exercise or enforce any legal right or remedy which is contained in this License Agreement (or which Google has the benefit of under any applicable law), this will not be taken to be a formal waiver of Google's rights and that those rights or remedies will still be available to Google.
2026-09-09T12:33:39.5150073Z 
2026-09-09T12:33:39.5151191Z 14.3 If any court of law, having the jurisdiction to decide on this matter, rules that any provision of this License Agreement is invalid, then that provision will be removed from this License Agreement without affecting the rest of this License Agreement. The remaining provisions of this License Agreement will continue to be valid and enforceable.
2026-09-09T12:33:39.5152539Z 
2026-09-09T12:33:39.5154466Z 14.4 You acknowledge and agree that Google’s API data licensors and each member of the group of companies of which Google is the parent shall be third party beneficiaries to this License Agreement and that such other companies shall be entitled to directly enforce, and rely upon, any provision of this License Agreement that confers a benefit on (or rights in favor of) them. Other than this, no other person or company shall be third party beneficiaries to this License Agreement.
2026-09-09T12:33:39.5156134Z 
2026-09-09T12:33:39.5157206Z 14.5 EXPORT RESTRICTIONS. THE GOOGLE TV ADD-ON IS SUBJECT TO UNITED STATES EXPORT LAWS AND REGULATIONS. YOU MUST COMPLY WITH ALL DOMESTIC AND INTERNATIONAL EXPORT LAWS AND REGULATIONS THAT APPLY TO THE GOOGLE TV ADD-ON. THESE LAWS INCLUDE RESTRICTIONS ON DESTINATIONS, END USERS AND END USE.
2026-09-09T12:33:39.5158455Z 
2026-09-09T12:33:39.5159582Z 14.6 The rights granted in this License Agreement may not be assigned or transferred by either you or Google without the prior written approval of the other party. Neither you nor Google shall be permitted to delegate their responsibilities or obligations under this License Agreement without the prior written approval of the other party.
2026-09-09T12:33:39.5160772Z 
2026-09-09T12:33:39.5162763Z 14.7 This License Agreement, and your relationship with Google under this License Agreement, shall be governed by the laws of the State of California without regard to its conflict of laws provisions. You and Google agree to submit to the exclusive jurisdiction of the courts located within the county of Santa Clara, California to resolve any legal matter arising from this License Agreement. Notwithstanding this, you agree that Google shall still be allowed to apply for injunctive remedies (or an equivalent type of urgent legal relief) in any jurisdiction.
2026-09-09T12:33:39.5164700Z 
2026-09-09T12:33:39.5164705Z 
2026-09-09T12:33:39.5164798Z August 15, 2011
2026-09-09T12:33:39.5165018Z ---------------------------------------
2026-09-09T12:33:39.5165292Z Accept? (y/N): 
2026-09-09T12:33:39.5165530Z 2/6: License android-googlexr-license:
2026-09-09T12:33:39.5165808Z ---------------------------------------
2026-09-09T12:33:39.5191532Z To get started with the Android XR Emulator System Image SDK, you must agree to the following terms and conditions. As described below, please note that this is a preview, emulated version of the Android XR OS, subject to change, that you use at your own risk.
2026-09-09T12:33:39.5192478Z 
2026-09-09T12:33:39.5192678Z This is the Android XR Emulator System Image SDK License Agreement
2026-09-09T12:33:39.5192962Z 
2026-09-09T12:33:39.5193059Z 1. Introduction
2026-09-09T12:33:39.5193184Z 
2026-09-09T12:33:39.5194653Z 1.1 The Android Android XR Emulator System Image SDK (referred to in the License Agreement as the "SDK" and specifically including the Android system files,, packaged APIs, library files (if and when they are made available), and Google applications and APIs add-ons) is licensed to you subject to the terms of the License Agreement. The License Agreement forms a legally binding contract between you and Google in relation to your use of the SDK.
2026-09-09T12:33:39.5196192Z 
2026-09-09T12:33:39.5197137Z 1.2 "Android" means the Android software stack for devices, as made available under the Android Open Source Project, which is located at the following URL: https://source.android.com/, as updated from time to time.
2026-09-09T12:33:39.5197936Z 
2026-09-09T12:33:39.5198622Z 1.3 "Google" means Google LLC, organized under the laws of the State of Delaware, USA, and operating under the laws of the USA with principal place of business at 1600 Amphitheatre Parkway, Mountain View, CA 94043, USA.
2026-09-09T12:33:39.5199378Z 
2026-09-09T12:33:39.5199496Z 2. Accepting this License Agreement
2026-09-09T12:33:39.5199912Z 
2026-09-09T12:33:39.5200332Z 2.1 In order to use the SDK, you must first agree to the License Agreement. You may not use the SDK if you do not accept the License Agreement.
2026-09-09T12:33:39.5200894Z 
2026-09-09T12:33:39.5201195Z 2.2 By clicking to accept and/or using this SDK, you hereby agree to the terms of the License Agreement.
2026-09-09T12:33:39.5201607Z 
2026-09-09T12:33:39.5202411Z 2.3 You may not use the SDK and may not accept the License Agreement if you are a person barred from receiving the SDK under the laws of the United States or other countries, including the country in which you are resident or from which you use the SDK.
2026-09-09T12:33:39.5203272Z 
2026-09-09T12:33:39.5204498Z 2.4 If you are agreeing to be bound by the License Agreement on behalf of your employer or other entity, you represent and warrant that you have full legal authority to bind your employer or such entity to the License Agreement. If you do not have the requisite authority, you may not accept the License Agreement or use the SDK on behalf of your employer or other entity.
2026-09-09T12:33:39.5205806Z 
2026-09-09T12:33:39.5205905Z 3. SDK License from Google
2026-09-09T12:33:39.5206069Z 
2026-09-09T12:33:39.5207121Z 3.1 Subject to the terms of the License Agreement, Google grants you a limited, worldwide, royalty-free, non-assignable, non-exclusive, and non-sublicensable license to use the SDK solely to develop applications for Android XR.
2026-09-09T12:33:39.5208029Z 
2026-09-09T12:33:39.5208729Z 3.2 You may not use this SDK to develop applications for other platforms or to develop another SDK. You are of course free to develop applications for other platforms provided that this SDK is not used for that purpose.
2026-09-09T12:33:39.5209524Z 
2026-09-09T12:33:39.5210964Z 3.3 You agree that Google or third parties own all legal right, title and interest in and to the SDK, including any Intellectual Property Rights that subsist in the SDK. "Intellectual Property Rights" means any and all rights under patent law, copyright law, trade secret law, trademark law, and any and all other proprietary rights. Google reserves all rights not expressly granted to you.
2026-09-09T12:33:39.5212360Z 
2026-09-09T12:33:39.5214265Z 3.4 You may not use the SDK for any purpose not expressly permitted by the License Agreement. Except to the extent required by applicable third party licenses, you may not (a) copy (except for backup purposes), modify, adapt, redistribute, decompile, reverse engineer, disassemble, or create derivative works of the SDK or any part of the SDK; or (b) load any part of the SDK onto a mobile handset or any other hardware device except a personal computer, combine any part of the SDK with other software, or distribute any software or device incorporating a part of the SDK.
2026-09-09T12:33:39.5216234Z 
2026-09-09T12:33:39.5217946Z 3.5 Use, reproduction and distribution of components of the SDK licensed under an open source software license are governed solely by the terms of that open source software license and not the License Agreement. You agree to remain a licensee in good standing in regard to such open source software licenses under all the rights granted and to refrain from any actions that may terminate, suspend, or breach such rights.
2026-09-09T12:33:39.5219442Z 
2026-09-09T12:33:39.5221266Z 3.6 You agree that the form and nature of the SDK that Google provides may change without prior notice to you and that future versions of the SDK may be incompatible with applications developed on previous versions of the SDK. You agree that Google may stop (permanently or temporarily) providing the SDK (or any features within the SDK) to you or to users generally at Google's sole discretion, without prior notice to you.
2026-09-09T12:33:39.5222724Z 
2026-09-09T12:33:39.5223277Z 3.7 Nothing in the License Agreement gives you a right to use any of Google's trade names, trademarks, service marks, logos, domain names, or other distinctive brand features.
2026-09-09T12:33:39.5223918Z 
2026-09-09T12:33:39.5224509Z 3.8 You agree that you will not remove, obscure, or alter any proprietary rights notices (including copyright and trademark notices) that may be affixed to or contained within the SDK.
2026-09-09T12:33:39.5225338Z 
2026-09-09T12:33:39.5225436Z 4. Use of the SDK by You
2026-09-09T12:33:39.5225592Z 
2026-09-09T12:33:39.5226467Z 4.1 Google agrees that it obtains no right, title or interest from you (or your licensors) under the License Agreement in or to any software applications that you develop using the SDK, including any intellectual property rights that subsist in those applications.
2026-09-09T12:33:39.5227689Z 
2026-09-09T12:33:39.5228861Z 4.2 You agree to use the SDK and write applications only for purposes that are permitted by (a) the License Agreement and (b) any applicable law, regulation or generally accepted practices or guidelines in the relevant jurisdictions (including any laws regarding the export of data or software to and from the United States or other relevant countries).
2026-09-09T12:33:39.5230128Z 
2026-09-09T12:33:39.5249296Z 4.3 You agree that if you use the SDK to develop applications for general public users, you will protect the privacy and legal rights of those users. If the users provide you with user names, passwords, or other login information or personal information, you must make the users aware that the information will be available to your application, and you must provide legally adequate privacy notice and protection for those users. If your application stores personal or sensitive information provided by users, it must do so securely. If the user provides your application with Google Account information, your application may only use that information to access the user's Google Account when, and for the limited purposes for which, the user has given you permission to do so.
2026-09-09T12:33:39.5254015Z 
2026-09-09T12:33:39.5256312Z 4.4 You agree that you will not engage in any activity with the SDK, including the development or distribution of an application, that interferes with, disrupts, damages, or accesses in an unauthorized manner the servers, networks, or other properties or services of any third party including, but not limited to, Google or any mobile communications carrier.
2026-09-09T12:33:39.5258702Z 
2026-09-09T12:33:39.5260655Z 4.5 You agree that you are solely responsible for (and that Google has no responsibility to you or to any third party for) any data, content, or resources that you create, transmit or display through Android and/or applications for Android, and for the consequences of your actions (including any loss or damage which Google may suffer) by doing so.
2026-09-09T12:33:39.5262798Z 
2026-09-09T12:33:39.5265019Z 4.6 You agree that you are solely responsible for (and that Google has no responsibility to you or to any third party for) any breach of your obligations under the License Agreement, any applicable third party contract or Terms of Service, or any applicable law or regulation, and for the consequences (including any loss or damage which Google or any third party may suffer) of any such breach.
2026-09-09T12:33:39.5267593Z 
2026-09-09T12:33:39.5269259Z 4.7 The SDK is in development, and your testing and feedback are an important part of the development process. By using the SDK, you acknowledge that implementation of some features are still under development and that you should not rely on the SDK having the full functionality of a stable release.
2026-09-09T12:33:39.5271086Z 
2026-09-09T12:33:39.5271261Z 5. Your Developer Credentials
2026-09-09T12:33:39.5271553Z 
2026-09-09T12:33:39.5273175Z 5.1 You agree that you are responsible for maintaining the confidentiality of any developer credentials that may be issued to you by Google or which you may choose yourself and that you will be solely responsible for all applications that are developed under your developer credentials.
2026-09-09T12:33:39.5274933Z 
2026-09-09T12:33:39.5275104Z 6. Privacy and Information
2026-09-09T12:33:39.5275367Z 
2026-09-09T12:33:39.5278230Z 6.1 In order to continually innovate and improve the SDK, Google may collect certain usage statistics from the software including but not limited to a unique identifier, associated IP address, version number of the software, and information on which tools and/or services in the SDK are being used and how they are being used. Before any of this information is collected, the SDK will notify you and seek your consent. If you withhold consent, the information will not be collected.
2026-09-09T12:33:39.5281215Z 
2026-09-09T12:33:39.5282353Z 6.2 The data collected is examined in the aggregate to improve the SDK and is maintained in accordance with Google's Privacy Policy, which is located at the following URL: https://policies.google.com/privacy
2026-09-09T12:33:39.5283689Z 
2026-09-09T12:33:39.5284196Z 6.3 Anonymized and aggregated sets of the data may be shared with Google partners to improve the SDK.
2026-09-09T12:33:39.5284867Z 
2026-09-09T12:33:39.5285032Z 7. Third Party Applications
2026-09-09T12:33:39.5285300Z 
2026-09-09T12:33:39.5288847Z 7.1 If you use the SDK to run applications developed by a third party or that access data, content or resources provided by a third party, you agree that Google is not responsible for those applications, data, content, or resources. You understand that all data, content or resources which you may access through such third party applications are the sole responsibility of the person from which they originated and that Google is not liable for any loss or damage that you may experience as a result of the use or access of any of those third party applications, data, content, or resources.
2026-09-09T12:33:39.5292412Z 
2026-09-09T12:33:39.5295383Z 7.2 You should be aware that the data, content, and resources presented to you through such a third party application may be protected by intellectual property rights which are owned by the providers (or by other persons or companies on their behalf). You may not modify, rent, lease, loan, sell, distribute or create derivative works based on these data, content, or resources (either in whole or in part) unless you have been specifically given permission to do so by the relevant owners.
2026-09-09T12:33:39.5298573Z 
2026-09-09T12:33:39.5300091Z 7.3 You acknowledge that your use of such third party applications, data, content, or resources may be subject to separate terms between you and the relevant third party. In that case, the License Agreement does not affect your legal relationship with these third parties.
2026-09-09T12:33:39.5301766Z 
2026-09-09T12:33:39.5301923Z 8. Using Android APIs
2026-09-09T12:33:39.5302152Z 
2026-09-09T12:33:39.5302301Z 8.1 Google Data APIs
2026-09-09T12:33:39.5302520Z 
2026-09-09T12:33:39.5305337Z 8.1.1 If you use any API to retrieve data from Google, you acknowledge that the data may be protected by intellectual property rights which are owned by Google or those parties that provide the data (or by other persons or companies on their behalf). Your use of any such API may be subject to additional Terms of Service. You may not modify, rent, lease, loan, sell, distribute or create derivative works based on this data (either in whole or in part) unless allowed by the relevant Terms of Service.
2026-09-09T12:33:39.5308511Z 
2026-09-09T12:33:39.5313374Z 8.1.2 If you use any API to retrieve a user's data from Google, you acknowledge and agree that you shall retrieve data only with the user's explicit consent and only when, and for the limited purposes for which, the user has given you permission to do so. If you use the Android Recognition Service API, documented at the following URL: https://developer.android.com/reference/android/speech/RecognitionService, as updated from time to time, you acknowledge that the use of the API is subject to the Data Processing Addendum for Products where Google is a Data Processor, which is located at the following URL: https://privacy.google.com/businesses/gdprprocessorterms/, as updated from time to time. By clicking to accept, you hereby agree to the terms of the Data Processing Addendum for Products where Google is a Data Processor.
2026-09-09T12:33:39.5318676Z 
2026-09-09T12:33:39.5318866Z 9. Terminating this License Agreement
2026-09-09T12:33:39.5319192Z 
2026-09-09T12:33:39.5319730Z 9.1 The License Agreement will continue to apply until terminated by either you or Google as set out below.
2026-09-09T12:33:39.5320442Z 
2026-09-09T12:33:39.5321121Z 9.2 If you want to terminate the License Agreement, you may do so by ceasing your use of the SDK and any relevant developer credentials.
2026-09-09T12:33:39.5321966Z 
2026-09-09T12:33:39.5325613Z 9.3 Google may at any time, terminate the License Agreement with you if: (A) you have breached any provision of the License Agreement; or (B) Google is required to do so by law; or (C) the partner with whom Google offered certain parts of SDK (such as APIs) to you has terminated its relationship with Google or ceased to offer certain parts of the SDK to you; or (D) Google decides to no longer provide the SDK or certain parts of the SDK to users in the country in which you are resident or from which you use the service, or the provision of the SDK or certain SDK services to you by Google is, in Google's sole discretion, no longer commercially viable.
2026-09-09T12:33:39.5329567Z 
2026-09-09T12:33:39.5332121Z 9.4 When the License Agreement comes to an end, all of the legal rights, obligations and liabilities that you and Google have benefited from, been subject to (or which have accrued over time whilst the License Agreement has been in force) or which are expressed to continue indefinitely, shall be unaffected by this cessation, and the provisions of paragraph 14.7 shall continue to apply to such rights, obligations and liabilities indefinitely.
2026-09-09T12:33:39.5334857Z 
2026-09-09T12:33:39.5335035Z 10. DISCLAIMER OF WARRANTIES
2026-09-09T12:33:39.5335306Z 
2026-09-09T12:33:39.5336246Z 10.1 YOU EXPRESSLY UNDERSTAND AND AGREE THAT YOUR USE OF THE SDK IS AT YOUR SOLE RISK AND THAT THE SDK IS PROVIDED "AS IS" AND "AS AVAILABLE" WITHOUT WARRANTY OF ANY KIND FROM GOOGLE.
2026-09-09T12:33:39.5337697Z 
2026-09-09T12:33:39.5339128Z 10.2 YOUR USE OF THE SDK AND ANY MATERIAL DOWNLOADED OR OTHERWISE OBTAINED THROUGH THE USE OF THE SDK IS AT YOUR OWN DISCRETION AND RISK AND YOU ARE SOLELY RESPONSIBLE FOR ANY DAMAGE TO YOUR COMPUTER SYSTEM OR OTHER DEVICE OR LOSS OF DATA THAT RESULTS FROM SUCH USE.
2026-09-09T12:33:39.5340611Z 
2026-09-09T12:33:39.5342012Z 10.3 GOOGLE FURTHER EXPRESSLY DISCLAIMS ALL WARRANTIES AND CONDITIONS OF ANY KIND, WHETHER EXPRESS OR IMPLIED, INCLUDING, BUT NOT LIMITED TO THE IMPLIED WARRANTIES AND CONDITIONS OF MERCHANTABILITY, FITNESS FOR A PARTICULAR PURPOSE AND NON-INFRINGEMENT.
2026-09-09T12:33:39.5343275Z 
2026-09-09T12:33:39.5343393Z 11. LIMITATION OF LIABILITY
2026-09-09T12:33:39.5343560Z 
2026-09-09T12:33:39.5345259Z 11.1 YOU EXPRESSLY UNDERSTAND AND AGREE THAT GOOGLE, ITS SUBSIDIARIES AND AFFILIATES, AND ITS LICENSORS SHALL NOT BE LIABLE TO YOU UNDER ANY THEORY OF LIABILITY FOR ANY DIRECT, INDIRECT, INCIDENTAL, SPECIAL, CONSEQUENTIAL OR EXEMPLARY DAMAGES THAT MAY BE INCURRED BY YOU, INCLUDING ANY LOSS OF DATA, WHETHER OR NOT GOOGLE OR ITS REPRESENTATIVES HAVE BEEN ADVISED OF OR SHOULD HAVE BEEN AWARE OF THE POSSIBILITY OF ANY SUCH LOSSES ARISING.
2026-09-09T12:33:39.5347950Z 
2026-09-09T12:33:39.5348120Z 12. Indemnification
2026-09-09T12:33:39.5348344Z 
2026-09-09T12:33:39.5352374Z 12.1 To the maximum extent permitted by law, you agree to defend, indemnify and hold harmless Google, its affiliates and their respective directors, officers, employees and agents from and against any and all claims, actions, suits or proceedings, as well as any and all losses, liabilities, damages, costs and expenses (including reasonable attorneys fees) arising out of or accruing from (a) your use of the SDK, (b) any application you develop on the SDK that infringes any copyright, trademark, trade secret, trade dress, patent or other intellectual property right of any person or defames any person or violates their rights of publicity or privacy, and (c) any non-compliance by you with the License Agreement.
2026-09-09T12:33:39.5357491Z 
2026-09-09T12:33:39.5357691Z 13. Changes to the License Agreement
2026-09-09T12:33:39.5358016Z 
2026-09-09T12:33:39.5359212Z 13.1 Google may make changes to the License Agreement as it distributes new versions of the SDK. When these changes are made, Google will make a new version of the License Agreement available on the website where the SDK is made available.
2026-09-09T12:33:39.5360607Z 
2026-09-09T12:33:39.5360772Z 14. General Legal Terms
2026-09-09T12:33:39.5360993Z 
2026-09-09T12:33:39.5362556Z 14.1 The License Agreement constitutes the whole legal agreement between you and Google and governs your use of the SDK (excluding any services which Google may provide to you under a separate written agreement), and completely replaces any prior agreements between you and Google in relation to the SDK.
2026-09-09T12:33:39.5364395Z 
2026-09-09T12:33:39.5366141Z 14.2 You agree that if Google does not exercise or enforce any legal right or remedy which is contained in the License Agreement (or which Google has the benefit of under any applicable law), this will not be taken to be a formal waiver of Google's rights and that those rights or remedies will still be available to Google.
2026-09-09T12:33:39.5368246Z 
2026-09-09T12:33:39.5370153Z 14.3 If any court of law, having the jurisdiction to decide on this matter, rules that any provision of the License Agreement is invalid, then that provision will be removed from the License Agreement without affecting the rest of the License Agreement. The remaining provisions of the License Agreement will continue to be valid and enforceable.
2026-09-09T12:33:39.5372232Z 
2026-09-09T12:33:39.5375140Z 14.4 You acknowledge and agree that each member of the group of companies of which Google is the parent shall be third party beneficiaries to the License Agreement and that such other companies shall be entitled to directly enforce, and rely upon, any provision of the License Agreement that confers a benefit on (or rights in favor of) them. Other than this, no other person or company shall be third party beneficiaries to the License Agreement.
2026-09-09T12:33:39.5377010Z 
2026-09-09T12:33:39.5377922Z 14.5 EXPORT RESTRICTIONS. THE SDK IS SUBJECT TO UNITED STATES EXPORT LAWS AND REGULATIONS. YOU MUST COMPLY WITH ALL DOMESTIC AND INTERNATIONAL EXPORT LAWS AND REGULATIONS THAT APPLY TO THE SDK. THESE LAWS INCLUDE RESTRICTIONS ON DESTINATIONS, END USERS AND END USE.
2026-09-09T12:33:39.5378864Z 
2026-09-09T12:33:39.5379972Z 14.6 The rights granted in the License Agreement may not be assigned or transferred by either you or Google without the prior written approval of the other party. Neither you nor Google shall be permitted to delegate their responsibilities or obligations under the License Agreement without the prior written approval of the other party.
2026-09-09T12:33:39.5381155Z 
2026-09-09T12:33:39.5382989Z 14.7 The License Agreement, and your relationship with Google under the License Agreement, shall be governed by the laws of the State of California without regard to its conflict of laws provisions. You and Google agree to submit to the exclusive jurisdiction of the courts located within the county of Santa Clara, California to resolve any legal matter arising from the License Agreement. Notwithstanding this, you agree that Google shall still be allowed to apply for injunctive remedies (or an equivalent type of urgent legal relief) in any jurisdiction.
2026-09-09T12:33:39.5385018Z ---------------------------------------
2026-09-09T12:33:39.5385288Z Accept? (y/N): 
2026-09-09T12:33:39.5385531Z 3/6: License android-sdk-arm-dbt-license:
2026-09-09T12:33:39.5385819Z ---------------------------------------
2026-09-09T12:33:39.5386071Z Terms and Conditions
2026-09-09T12:33:39.5386219Z 
2026-09-09T12:33:39.5386388Z This is the Android Software Development Kit License Agreement
2026-09-09T12:33:39.5386653Z 
2026-09-09T12:33:39.5386975Z 1. Introduction
2026-09-09T12:33:39.5387184Z 
2026-09-09T12:33:39.5388649Z 1.1 The Android Software Development Kit (referred to in the License Agreement as the "SDK" and specifically including the Android system files, packaged APIs, and Google APIs add-ons) is licensed to you subject to the terms of the License Agreement. The License Agreement forms a legally binding contract between you and Google in relation to your use of the SDK.
2026-09-09T12:33:39.5390064Z 
2026-09-09T12:33:39.5390735Z 1.2 "Android" means the Android software stack for devices, as made available under the Android Open Source Project, which is located at the following URL: http://source.android.com/, as updated from time to time.
2026-09-09T12:33:39.5391487Z 
2026-09-09T12:33:39.5392597Z 1.3 A "compatible implementation" means any Android device that (i) complies with the Android Compatibility Definition document, which can be found at the Android compatibility website (http://source.android.com/compatibility) and which may be updated from time to time; and (ii) successfully passes the Android Compatibility Test Suite (CTS).
2026-09-09T12:33:39.5393814Z 
2026-09-09T12:33:39.5394302Z 1.4 "Google" means Google Inc., a Delaware corporation with principal place of business at 1600 Amphitheatre Parkway, Mountain View, CA 94043, United States.
2026-09-09T12:33:39.5394998Z 
2026-09-09T12:33:39.5395007Z 
2026-09-09T12:33:39.5395191Z 2. Accepting the License Agreement
2026-09-09T12:33:39.5395495Z 
2026-09-09T12:33:39.5396194Z 2.1 In order to use the SDK, you must first agree to the License Agreement. You may not use the SDK if you do not accept the License Agreement.
2026-09-09T12:33:39.5397347Z 
2026-09-09T12:33:39.5397764Z 2.2 By clicking to accept, you hereby agree to the terms of the License Agreement.
2026-09-09T12:33:39.5398365Z 
2026-09-09T12:33:39.5399783Z 2.3 You may not use the SDK and may not accept the License Agreement if you are a person barred from receiving the SDK under the laws of the United States or other countries, including the country in which you are resident or from which you use the SDK.
2026-09-09T12:33:39.5401029Z 
2026-09-09T12:33:39.5402389Z 2.4 If you are agreeing to be bound by the License Agreement on behalf of your employer or other entity, you represent and warrant that you have full legal authority to bind your employer or such entity to the License Agreement. If you do not have the requisite authority, you may not accept the License Agreement or use the SDK on behalf of your employer or other entity.
2026-09-09T12:33:39.5403656Z 
2026-09-09T12:33:39.5403661Z 
2026-09-09T12:33:39.5403763Z 3. SDK License from Google
2026-09-09T12:33:39.5403919Z 
2026-09-09T12:33:39.5404755Z 3.1 Subject to the terms of the License Agreement, Google grants you a limited, worldwide, royalty-free, non-assignable, non-exclusive, and non-sublicensable license to use the SDK solely to develop applications for compatible implementations of Android.
2026-09-09T12:33:39.5405665Z 
2026-09-09T12:33:39.5407056Z 3.2 You may not use this SDK to develop applications for other platforms (including non-compatible implementations of Android) or to develop another SDK. You are of course free to develop applications for other platforms, including non-compatible implementations of Android, provided that this SDK is not used for that purpose.
2026-09-09T12:33:39.5408305Z 
2026-09-09T12:33:39.5409574Z 3.3 You agree that Google or third parties own all legal right, title and interest in and to the SDK, including any Intellectual Property Rights that subsist in the SDK. "Intellectual Property Rights" means any and all rights under patent law, copyright law, trade secret law, trademark law, and any and all other proprietary rights. Google reserves all rights not expressly granted to you.
2026-09-09T12:33:39.5410916Z 
2026-09-09T12:33:39.5412007Z 3.4 You may not use the SDK for any purpose not expressly permitted by the License Agreement. Except to the extent required by applicable third party licenses, you may not copy (except for backup purposes), modify, adapt, redistribute, decompile, reverse engineer, disassemble, or create derivative works of the SDK or any part of the SDK.
2026-09-09T12:33:39.5413314Z 
2026-09-09T12:33:39.5413966Z 3.5 Use, reproduction and distribution of components of the SDK licensed under an open source software license are governed solely by the terms of that open source software license and not the License Agreement.
2026-09-09T12:33:39.5414710Z 
2026-09-09T12:33:39.5416052Z 3.6 You agree that the form and nature of the SDK that Google provides may change without prior notice to you and that future versions of the SDK may be incompatible with applications developed on previous versions of the SDK. You agree that Google may stop (permanently or temporarily) providing the SDK (or any features within the SDK) to you or to users generally at Google's sole discretion, without prior notice to you.
2026-09-09T12:33:39.5417796Z 
2026-09-09T12:33:39.5418343Z 3.7 Nothing in the License Agreement gives you a right to use any of Google's trade names, trademarks, service marks, logos, domain names, or other distinctive brand features.
2026-09-09T12:33:39.5418974Z 
2026-09-09T12:33:39.5419544Z 3.8 You agree that you will not remove, obscure, or alter any proprietary rights notices (including copyright and trademark notices) that may be affixed to or contained within the SDK.
2026-09-09T12:33:39.5420210Z 
2026-09-09T12:33:39.5420215Z 
2026-09-09T12:33:39.5420309Z 4. Use of the SDK by You
2026-09-09T12:33:39.5420459Z 
2026-09-09T12:33:39.5421298Z 4.1 Google agrees that it obtains no right, title or interest from you (or your licensors) under the License Agreement in or to any software applications that you develop using the SDK, including any intellectual property rights that subsist in those applications.
2026-09-09T12:33:39.5422218Z 
2026-09-09T12:33:39.5423473Z 4.2 You agree to use the SDK and write applications only for purposes that are permitted by (a) the License Agreement and (b) any applicable law, regulation or generally accepted practices or guidelines in the relevant jurisdictions (including any laws regarding the export of data or software to and from the United States or other relevant countries).
2026-09-09T12:33:39.5424700Z 
2026-09-09T12:33:39.5427530Z 4.3 You agree that if you use the SDK to develop applications for general public users, you will protect the privacy and legal rights of those users. If the users provide you with user names, passwords, or other login information or personal information, you must make the users aware that the information will be available to your application, and you must provide legally adequate privacy notice and protection for those users. If your application stores personal or sensitive information provided by users, it must do so securely. If the user provides your application with Google Account information, your application may only use that information to access the user's Google Account when, and for the limited purposes for which, the user has given you permission to do so.
2026-09-09T12:33:39.5430158Z 
2026-09-09T12:33:39.5431306Z 4.4 You agree that you will not engage in any activity with the SDK, including the development or distribution of an application, that interferes with, disrupts, damages, or accesses in an unauthorized manner the servers, networks, or other properties or services of any third party including, but not limited to, Google or any mobile communications carrier.
2026-09-09T12:33:39.5432555Z 
2026-09-09T12:33:39.5433659Z 4.5 You agree that you are solely responsible for (and that Google has no responsibility to you or to any third party for) any data, content, or resources that you create, transmit or display through Android and/or applications for Android, and for the consequences of your actions (including any loss or damage which Google may suffer) by doing so.
2026-09-09T12:33:39.5434842Z 
2026-09-09T12:33:39.5436098Z 4.6 You agree that you are solely responsible for (and that Google has no responsibility to you or to any third party for) any breach of your obligations under the License Agreement, any applicable third party contract or Terms of Service, or any applicable law or regulation, and for the consequences (including any loss or damage which Google or any third party may suffer) of any such breach.
2026-09-09T12:33:39.5437873Z 
2026-09-09T12:33:39.5439438Z 4.7 This software enables the execution of intellectual property owned by Arm Limited. You agree that your use of the software, that allows execution of ARM Instruction Set Architecture (“ISA”) compliant executables for application development and debug only on x86 desktop, laptop, customer on-premise servers, and customer-procured cloud-based environments.
2026-09-09T12:33:39.5440724Z 
2026-09-09T12:33:39.5440825Z 5. Your Developer Credentials
2026-09-09T12:33:39.5440994Z 
2026-09-09T12:33:39.5441892Z 5.1 You agree that you are responsible for maintaining the confidentiality of any developer credentials that may be issued to you by Google or which you may choose yourself and that you will be solely responsible for all applications that are developed under your developer credentials.
2026-09-09T12:33:39.5442887Z 
2026-09-09T12:33:39.5442998Z 6. Privacy and Information
2026-09-09T12:33:39.5443156Z 
2026-09-09T12:33:39.5444701Z 6.1 In order to continually innovate and improve the SDK, Google may collect certain usage statistics from the software including but not limited to a unique identifier, associated IP address, version number of the software, and information on which tools and/or services in the SDK are being used and how they are being used. Before any of this information is collected, the SDK will notify you and seek your consent. If you withhold consent, the information will not be collected.
2026-09-09T12:33:39.5446322Z 
2026-09-09T12:33:39.5446927Z 6.2 The data collected is examined in the aggregate to improve the SDK and is maintained in accordance with Google's Privacy Policy.
2026-09-09T12:33:39.5447595Z 
2026-09-09T12:33:39.5447600Z 
2026-09-09T12:33:39.5447712Z 7. Third Party Applications
2026-09-09T12:33:39.5447872Z 
2026-09-09T12:33:39.5451177Z 7.1 If you use the SDK to run applications developed by a third party or that access data, content or resources provided by a third party, you agree that Google is not responsible for those applications, data, content, or resources. You understand that all data, content or resources which you may access through such third party applications are the sole responsibility of the person from which they originated and that Google is not liable for any loss or damage that you may experience as a result of the use or access of any of those third party applications, data, content, or resources.
2026-09-09T12:33:39.5453235Z 
2026-09-09T12:33:39.5455121Z 7.2 You should be aware the data, content, and resources presented to you through such a third party application may be protected by intellectual property rights which are owned by the providers (or by other persons or companies on their behalf). You may not modify, rent, lease, loan, sell, distribute or create derivative works based on these data, content, or resources (either in whole or in part) unless you have been specifically given permission to do so by the relevant owners.
2026-09-09T12:33:39.5457063Z 
2026-09-09T12:33:39.5457969Z 7.3 You acknowledge that your use of such third party applications, data, content, or resources may be subject to separate terms between you and the relevant third party. In that case, the License Agreement does not affect your legal relationship with these third parties.
2026-09-09T12:33:39.5458938Z 
2026-09-09T12:33:39.5458944Z 
2026-09-09T12:33:39.5459037Z 8. Using Android APIs
2026-09-09T12:33:39.5459183Z 
2026-09-09T12:33:39.5459267Z 8.1 Google Data APIs
2026-09-09T12:33:39.5459404Z 
2026-09-09T12:33:39.5461014Z 8.1.1 If you use any API to retrieve data from Google, you acknowledge that the data may be protected by intellectual property rights which are owned by Google or those parties that provide the data (or by other persons or companies on their behalf). Your use of any such API may be subject to additional Terms of Service. You may not modify, rent, lease, loan, sell, distribute or create derivative works based on this data (either in whole or in part) unless allowed by the relevant Terms of Service.
2026-09-09T12:33:39.5463735Z 
2026-09-09T12:33:39.5466610Z 8.1.2 If you use any API to retrieve a user's data from Google, you acknowledge and agree that you shall retrieve data only with the user's explicit consent and only when, and for the limited purposes for which, the user has given you permission to do so. If you use the Android Recognition Service API, documented at the following URL: https://developer.android.com/reference/android/speech/RecognitionService, as updated from time to time, you acknowledge that the use of the API is subject to the Data Processing Addendum for Products where Google is a Data Processor, which is located at the following URL: https://privacy.google.com/businesses/gdprprocessorterms/, as updated from time to time. By clicking to accept, you hereby agree to the terms of the Data Processing Addendum for Products where Google is a Data Processor.
2026-09-09T12:33:39.5469781Z 
2026-09-09T12:33:39.5469799Z 
2026-09-09T12:33:39.5469921Z 9. Terminating the License Agreement
2026-09-09T12:33:39.5470106Z 
2026-09-09T12:33:39.5470430Z 9.1 The License Agreement will continue to apply until terminated by either you or Google as set out below.
2026-09-09T12:33:39.5470848Z 
2026-09-09T12:33:39.5471380Z 9.2 If you want to terminate the License Agreement, you may do so by ceasing your use of the SDK and any relevant developer credentials.
2026-09-09T12:33:39.5471872Z 
2026-09-09T12:33:39.5474759Z 9.3 Google may at any time, terminate the License Agreement with you if: (A) you have breached any provision of the License Agreement; or (B) Google is required to do so by law; or (C) the partner with whom Google offered certain parts of SDK (such as APIs) to you has terminated its relationship with Google or ceased to offer certain parts of the SDK to you; or (D) Google decides to no longer provide the SDK or certain parts of the SDK to users in the country in which you are resident or from which you use the service, or the provision of the SDK or certain SDK services to you by Google is, in Google's sole discretion, no longer commercially viable.
2026-09-09T12:33:39.5478221Z 
2026-09-09T12:33:39.5480904Z 9.4 When the License Agreement comes to an end, all of the legal rights, obligations and liabilities that you and Google have benefited from, been subject to (or which have accrued over time whilst the License Agreement has been in force) or which are expressed to continue indefinitely, shall be unaffected by this cessation, and the provisions of paragraph 14.7 shall continue to apply to such rights, obligations and liabilities indefinitely.
2026-09-09T12:33:39.5483633Z 
2026-09-09T12:33:39.5483645Z 
2026-09-09T12:33:39.5483827Z 10. DISCLAIMER OF WARRANTIES
2026-09-09T12:33:39.5484120Z 
2026-09-09T12:33:39.5485040Z 10.1 YOU EXPRESSLY UNDERSTAND AND AGREE THAT YOUR USE OF THE SDK IS AT YOUR SOLE RISK AND THAT THE SDK IS PROVIDED "AS IS" AND "AS AVAILABLE" WITHOUT WARRANTY OF ANY KIND FROM GOOGLE.
2026-09-09T12:33:39.5486155Z 
2026-09-09T12:33:39.5487855Z 10.2 YOUR USE OF THE SDK AND ANY MATERIAL DOWNLOADED OR OTHERWISE OBTAINED THROUGH THE USE OF THE SDK IS AT YOUR OWN DISCRETION AND RISK AND YOU ARE SOLELY RESPONSIBLE FOR ANY DAMAGE TO YOUR COMPUTER SYSTEM OR OTHER DEVICE OR LOSS OF DATA THAT RESULTS FROM SUCH USE.
2026-09-09T12:33:39.5489502Z 
2026-09-09T12:33:39.5490988Z 10.3 GOOGLE FURTHER EXPRESSLY DISCLAIMS ALL WARRANTIES AND CONDITIONS OF ANY KIND, WHETHER EXPRESS OR IMPLIED, INCLUDING, BUT NOT LIMITED TO THE IMPLIED WARRANTIES AND CONDITIONS OF MERCHANTABILITY, FITNESS FOR A PARTICULAR PURPOSE AND NON-INFRINGEMENT.
2026-09-09T12:33:39.5492625Z 
2026-09-09T12:33:39.5492634Z 
2026-09-09T12:33:39.5492818Z 11. LIMITATION OF LIABILITY
2026-09-09T12:33:39.5493081Z 
2026-09-09T12:33:39.5495549Z 11.1 YOU EXPRESSLY UNDERSTAND AND AGREE THAT GOOGLE, ITS SUBSIDIARIES AND AFFILIATES, AND ITS LICENSORS SHALL NOT BE LIABLE TO YOU UNDER ANY THEORY OF LIABILITY FOR ANY DIRECT, INDIRECT, INCIDENTAL, SPECIAL, CONSEQUENTIAL OR EXEMPLARY DAMAGES THAT MAY BE INCURRED BY YOU, INCLUDING ANY LOSS OF DATA, WHETHER OR NOT GOOGLE OR ITS REPRESENTATIVES HAVE BEEN ADVISED OF OR SHOULD HAVE BEEN AWARE OF THE POSSIBILITY OF ANY SUCH LOSSES ARISING.
2026-09-09T12:33:39.5497651Z 
2026-09-09T12:33:39.5497657Z 
2026-09-09T12:33:39.5497761Z 12. Indemnification
2026-09-09T12:33:39.5497904Z 
2026-09-09T12:33:39.5500269Z 12.1 To the maximum extent permitted by law, you agree to defend, indemnify and hold harmless Google, its affiliates and their respective directors, officers, employees and agents from and against any and all claims, actions, suits or proceedings, as well as any and all losses, liabilities, damages, costs and expenses (including reasonable attorneys fees) arising out of or accruing from (a) your use of the SDK, (b) any application you develop on the SDK that infringes any copyright, trademark, trade secret, trade dress, patent or other intellectual property right of any person or defames any person or violates their rights of publicity or privacy, and (c) any non-compliance by you with the License Agreement.
2026-09-09T12:33:39.5503486Z 
2026-09-09T12:33:39.5503504Z 
2026-09-09T12:33:39.5503693Z 13. Changes to the License Agreement
2026-09-09T12:33:39.5504017Z 
2026-09-09T12:33:39.5505374Z 13.1 Google may make changes to the License Agreement as it distributes new versions of the SDK. When these changes are made, Google will make a new version of the License Agreement available on the website where the SDK is made available.
2026-09-09T12:33:39.5507076Z 
2026-09-09T12:33:39.5507085Z 
2026-09-09T12:33:39.5507261Z 14. General Legal Terms
2026-09-09T12:33:39.5507492Z 
2026-09-09T12:33:39.5509217Z 14.1 The License Agreement constitutes the whole legal agreement between you and Google and governs your use of the SDK (excluding any services which Google may provide to you under a separate written agreement), and completely replaces any prior agreements between you and Google in relation to the SDK.
2026-09-09T12:33:39.5511115Z 
2026-09-09T12:33:39.5513101Z 14.2 You agree that if Google does not exercise or enforce any legal right or remedy which is contained in the License Agreement (or which Google has the benefit of under any applicable law), this will not be taken to be a formal waiver of Google's rights and that those rights or remedies will still be available to Google.
2026-09-09T12:33:39.5515046Z 
2026-09-09T12:33:39.5517353Z 14.3 If any court of law, having the jurisdiction to decide on this matter, rules that any provision of the License Agreement is invalid, then that provision will be removed from the License Agreement without affecting the rest of the License Agreement. The remaining provisions of the License Agreement will continue to be valid and enforceable.
2026-09-09T12:33:39.5519508Z 
2026-09-09T12:33:39.5522489Z 14.4 You acknowledge and agree that each member of the group of companies of which Google is the parent shall be third party beneficiaries to the License Agreement and that such other companies shall be entitled to directly enforce, and rely upon, any provision of the License Agreement that confers a benefit on (or rights in favor of) them. Other than this, no other person or company shall be third party beneficiaries to the License Agreement.
2026-09-09T12:33:39.5525506Z 
2026-09-09T12:33:39.5527249Z 14.5 EXPORT RESTRICTIONS. THE SDK IS SUBJECT TO UNITED STATES EXPORT LAWS AND REGULATIONS. YOU MUST COMPLY WITH ALL DOMESTIC AND INTERNATIONAL EXPORT LAWS AND REGULATIONS THAT APPLY TO THE SDK. THESE LAWS INCLUDE RESTRICTIONS ON DESTINATIONS, END USERS AND END USE.
2026-09-09T12:33:39.5529152Z 
2026-09-09T12:33:39.5530940Z 14.6 The rights granted in the License Agreement may not be assigned or transferred by either you or Google without the prior written approval of the other party. Neither you nor Google shall be permitted to delegate their responsibilities or obligations under the License Agreement without the prior written approval of the other party.
2026-09-09T12:33:39.5533110Z 
2026-09-09T12:33:39.5536541Z 14.7 The License Agreement, and your relationship with Google under the License Agreement, shall be governed by the laws of the State of California without regard to its conflict of laws provisions. You and Google agree to submit to the exclusive jurisdiction of the courts located within the county of Santa Clara, California to resolve any legal matter arising from the License Agreement. Notwithstanding this, you agree that Google shall still be allowed to apply for injunctive remedies (or an equivalent type of urgent legal relief) in any jurisdiction.
2026-09-09T12:33:39.5540311Z 
2026-09-09T12:33:39.5540321Z 
2026-09-09T12:33:39.5540476Z January 16, 2019
2026-09-09T12:33:39.5540841Z ---------------------------------------
2026-09-09T12:33:39.5541323Z Accept? (y/N): 
2026-09-09T12:33:39.5541769Z 4/6: License android-sdk-preview-license:
2026-09-09T12:33:39.5542313Z ---------------------------------------
2026-09-09T12:33:39.5544935Z To get started with the Android SDK Preview, you must agree to the following terms and conditions. As described below, please note that this is a preview version of the Android SDK, subject to change, that you use at your own risk. The Android SDK Preview is not a stable release, and may contain errors and defects that can result in serious damage to your computer systems, devices and data.
2026-09-09T12:33:39.5547554Z 
2026-09-09T12:33:39.5547943Z This is the Android SDK Preview License Agreement (the "License Agreement").
2026-09-09T12:33:39.5548535Z 
2026-09-09T12:33:39.5548695Z 1. Introduction
2026-09-09T12:33:39.5548906Z 
2026-09-09T12:33:39.5551561Z 1.1 The Android SDK Preview (referred to in the License Agreement as the “Preview” and specifically including the Android system files, packaged APIs, and Preview library files, if and when they are made available) is licensed to you subject to the terms of the License Agreement. The License Agreement forms a legally binding contract between you and Google in relation to your use of the Preview.
2026-09-09T12:33:39.5552997Z 
2026-09-09T12:33:39.5553979Z 1.2 "Android" means the Android software stack for devices, as made available under the Android Open Source Project, which is located at the following URL: http://source.android.com/, as updated from time to time.
2026-09-09T12:33:39.5554922Z 
2026-09-09T12:33:39.5555437Z 1.3 "Google" means Google Inc., a Delaware corporation with principal place of business at 1600 Amphitheatre Parkway, Mountain View, CA 94043, United States.
2026-09-09T12:33:39.5556165Z 
2026-09-09T12:33:39.5556284Z 2. Accepting the License Agreement
2026-09-09T12:33:39.5556471Z 
2026-09-09T12:33:39.5557276Z 2.1 In order to use the Preview, you must first agree to the License Agreement. You may not use the Preview if you do not accept the License Agreement.
2026-09-09T12:33:39.5557878Z 
2026-09-09T12:33:39.5558184Z 2.2 By clicking to accept and/or using the Preview, you hereby agree to the terms of the License Agreement.
2026-09-09T12:33:39.5558730Z 
2026-09-09T12:33:39.5559667Z 2.3 You may not use the Preview and may not accept the License Agreement if you are a person barred from receiving the Preview under the laws of the United States or other countries including the country in which you are resident or from which you use the Preview.
2026-09-09T12:33:39.5560602Z 
2026-09-09T12:33:39.5562259Z 2.4 If you will use the Preview internally within your company or organization you agree to be bound by the License Agreement on behalf of your employer or other entity, and you represent and warrant that you have full legal authority to bind your employer or such entity to the License Agreement. If you do not have the requisite authority, you may not accept the License Agreement or use the Preview on behalf of your employer or other entity.
2026-09-09T12:33:39.5563881Z 
2026-09-09T12:33:39.5563991Z 3. Preview License from Google
2026-09-09T12:33:39.5564239Z 
2026-09-09T12:33:39.5565379Z 3.1 Subject to the terms of the License Agreement, Google grants you a royalty-free, non-assignable, non-exclusive, non-sublicensable, limited, revocable license to use the Preview, personally or internally within your company or organization, solely to develop applications to run on the Android platform.
2026-09-09T12:33:39.5566982Z 
2026-09-09T12:33:39.5568607Z 3.2 You agree that Google or third parties owns all legal right, title and interest in and to the Preview, including any Intellectual Property Rights that subsist in the Preview. "Intellectual Property Rights" means any and all rights under patent law, copyright law, trade secret law, trademark law, and any and all other proprietary rights. Google reserves all rights not expressly granted to you.
2026-09-09T12:33:39.5570176Z 
2026-09-09T12:33:39.5572360Z 3.3 You may not use the Preview for any purpose not expressly permitted by the License Agreement. Except to the extent required by applicable third party licenses, you may not: (a) copy (except for backup purposes), modify, adapt, redistribute, decompile, reverse engineer, disassemble, or create derivative works of the Preview or any part of the Preview; or (b) load any part of the Preview onto a mobile handset or any other hardware device except a personal computer, combine any part of the Preview with other software, or distribute any software or device incorporating a part of the Preview.
2026-09-09T12:33:39.5574631Z 
2026-09-09T12:33:39.5575582Z 3.4 You agree that you will not take any actions that may cause or result in the fragmentation of Android, including but not limited to distributing, participating in the creation of, or promoting in any way a software development kit derived from the Preview.
2026-09-09T12:33:39.5576600Z 
2026-09-09T12:33:39.5578460Z 3.5 Use, reproduction and distribution of components of the Preview licensed under an open source software license are governed solely by the terms of that open source software license and not the License Agreement. You agree to remain a licensee in good standing in regard to such open source software licenses under all the rights granted and to refrain from any actions that may terminate, suspend, or breach such rights.
2026-09-09T12:33:39.5580134Z 
2026-09-09T12:33:39.5581712Z 3.6 You agree that the form and nature of the Preview that Google provides may change without prior notice to you and that future versions of the Preview may be incompatible with applications developed on previous versions of the Preview. You agree that Google may stop (permanently or temporarily) providing the Preview (or any features within the Preview) to you or to users generally at Google's sole discretion, without prior notice to you.
2026-09-09T12:33:39.5583472Z 
2026-09-09T12:33:39.5584040Z 3.7 Nothing in the License Agreement gives you a right to use any of Google's trade names, trademarks, service marks, logos, domain names, or other distinctive brand features.
2026-09-09T12:33:39.5584802Z 
2026-09-09T12:33:39.5585511Z 3.8 You agree that you will not remove, obscure, or alter any proprietary rights notices (including copyright and trademark notices) that may be affixed to or contained within the Preview.
2026-09-09T12:33:39.5586210Z 
2026-09-09T12:33:39.5586321Z 4. Use of the Preview by You
2026-09-09T12:33:39.5586558Z 
2026-09-09T12:33:39.5587831Z 4.1 Google agrees that nothing in the License Agreement gives Google any right, title or interest from you (or your licensors) under the License Agreement in or to any software applications that you develop using the Preview, including any intellectual property rights that subsist in those applications.
2026-09-09T12:33:39.5589031Z 
2026-09-09T12:33:39.5590229Z 4.2 You agree to use the Preview and write applications only for purposes that are permitted by (a) the License Agreement, and (b) any applicable law, regulation or generally accepted practices or guidelines in the relevant jurisdictions (including any laws regarding the export of data or software to and from the United States or other relevant countries).
2026-09-09T12:33:39.5591549Z 
2026-09-09T12:33:39.5594090Z 4.3 You agree that if you use the Preview to develop applications, you will protect the privacy and legal rights of users. If users provide you with user names, passwords, or other login information or personal information, you must make the users aware that the information will be available to your application, and you must provide legally adequate privacy notice and protection for those users. If your application stores personal or sensitive information provided by users, it must do so securely. If users provide you with Google Account information, your application may only use that information to access the user's Google Account when, and for the limited purposes for which, each user has given you permission to do so.
2026-09-09T12:33:39.5596948Z 
2026-09-09T12:33:39.5598265Z 4.4 You agree that you will not engage in any activity with the Preview, including the development or distribution of an application, that interferes with, disrupts, damages, or accesses in an unauthorized manner the servers, networks, or other properties or services of Google or any third party.
2026-09-09T12:33:39.5599314Z 
2026-09-09T12:33:39.5600429Z 4.5 You agree that you are solely responsible for (and that Google has no responsibility to you or to any third party for) any data, content, or resources that you create, transmit or display through Android and/or applications for Android, and for the consequences of your actions (including any loss or damage which Google may suffer) by doing so.
2026-09-09T12:33:39.5601612Z 
2026-09-09T12:33:39.5602872Z 4.6 You agree that you are solely responsible for (and that Google has no responsibility to you or to any third party for) any breach of your obligations under the License Agreement, any applicable third party contract or Terms of Service, or any applicable law or regulation, and for the consequences (including any loss or damage which Google or any third party may suffer) of any such breach.
2026-09-09T12:33:39.5604358Z 
2026-09-09T12:33:39.5606080Z 4.7 The Preview is in development, and your testing and feedback are an important part of the development process. By using the Preview, you acknowledge that implementation of some features are still under development and that you should not rely on the Preview having the full functionality of a stable release. You agree not to publicly distribute or ship any application using this Preview as this Preview will no longer be supported after the official Android SDK is released.
2026-09-09T12:33:39.5607961Z 
2026-09-09T12:33:39.5608072Z 5. Your Developer Credentials
2026-09-09T12:33:39.5608241Z 
2026-09-09T12:33:39.5609141Z 5.1 You agree that you are responsible for maintaining the confidentiality of any developer credentials that may be issued to you by Google or which you may choose yourself and that you will be solely responsible for all applications that are developed under your developer credentials.
2026-09-09T12:33:39.5610130Z 
2026-09-09T12:33:39.5610227Z 6. Privacy and Information
2026-09-09T12:33:39.5610386Z 
2026-09-09T12:33:39.5611984Z 6.1 In order to continually innovate and improve the Preview, Google may collect certain usage statistics from the software including but not limited to a unique identifier, associated IP address, version number of the software, and information on which tools and/or services in the Preview are being used and how they are being used. Before any of this information is collected, the Preview will notify you and seek your consent. If you withhold consent, the information will not be collected.
2026-09-09T12:33:39.5613652Z 
2026-09-09T12:33:39.5614284Z 6.2 The data collected is examined in the aggregate to improve the Preview and is maintained in accordance with Google's Privacy Policy located at http://www.google.com/policies/privacy/.
2026-09-09T12:33:39.5614970Z 
2026-09-09T12:33:39.5615067Z 7. Third Party Applications
2026-09-09T12:33:39.5615230Z 
2026-09-09T12:33:39.5617438Z 7.1 If you use the Preview to run applications developed by a third party or that access data, content or resources provided by a third party, you agree that Google is not responsible for those applications, data, content, or resources. You understand that all data, content or resources which you may access through such third party applications are the sole responsibility of the person from which they originated and that Google is not liable for any loss or damage that you may experience as a result of the use or access of any of those third party applications, data, content, or resources.
2026-09-09T12:33:39.5619586Z 
2026-09-09T12:33:39.5621144Z 7.2 You should be aware the data, content, and resources presented to you through such a third party application may be protected by intellectual property rights which are owned by the providers (or by other persons or companies on their behalf). You may not modify, rent, lease, loan, sell, distribute or create derivative works based on these data, content, or resources (either in whole or in part) unless you have been specifically given permission to do so by the relevant owners.
2026-09-09T12:33:39.5622782Z 
2026-09-09T12:33:39.5623298Z 7.3 You acknowledge that your use of such third party applications, data, content, or resources may be subject to separate terms between you and the relevant third party.
2026-09-09T12:33:39.5623911Z 
2026-09-09T12:33:39.5624002Z 8. Using Google APIs
2026-09-09T12:33:39.5624135Z 
2026-09-09T12:33:39.5624222Z 8.1 Google APIs
2026-09-09T12:33:39.5624340Z 
2026-09-09T12:33:39.5625937Z 8.1.1 If you use any API to retrieve data from Google, you acknowledge that the data may be protected by intellectual property rights which are owned by Google or those parties that provide the data (or by other persons or companies on their behalf). Your use of any such API may be subject to additional Terms of Service. You may not modify, rent, lease, loan, sell, distribute or create derivative works based on this data (either in whole or in part) unless allowed by the relevant Terms of Service.
2026-09-09T12:33:39.5627835Z 
2026-09-09T12:33:39.5628737Z 8.1.2 If you use any API to retrieve a user's data from Google, you acknowledge and agree that you shall retrieve data only with the user's explicit consent and only when, and for the limited purposes for which, the user has given you permission to do so.
2026-09-09T12:33:39.5629609Z 
2026-09-09T12:33:39.5629720Z 9. Terminating the License Agreement
2026-09-09T12:33:39.5629900Z 
2026-09-09T12:33:39.5630233Z 9.1 the License Agreement will continue to apply until terminated by either you or Google as set out below.
2026-09-09T12:33:39.5630652Z 
2026-09-09T12:33:39.5631057Z 9.2 If you want to terminate the License Agreement, you may do so by ceasing your use of the Preview and any relevant developer credentials.
2026-09-09T12:33:39.5631560Z 
2026-09-09T12:33:39.5631852Z 9.3 Google may at any time, terminate the License Agreement, with or without cause, upon notice to you.
2026-09-09T12:33:39.5632238Z 
2026-09-09T12:33:39.5633303Z 9.4 The License Agreement will automatically terminate without notice or other action upon the earlier of: (A) when Google ceases to provide the Preview or certain parts of the Preview to users in the country in which you are resident or from which you use the service; and (B) Google issues a final release version of the Android SDK.
2026-09-09T12:33:39.5634436Z 
2026-09-09T12:33:39.5635195Z 9.5 When the License Agreement is terminated, the license granted to you in the License Agreement will terminate, you will immediately cease all use of the Preview, and the provisions of paragraphs 10, 11, 12 and 14 shall survive indefinitely.
2026-09-09T12:33:39.5636045Z 
2026-09-09T12:33:39.5636132Z 10. DISCLAIMERS
2026-09-09T12:33:39.5636255Z 
2026-09-09T12:33:39.5637310Z 10.1 YOU EXPRESSLY UNDERSTAND AND AGREE THAT YOUR USE OF THE PREVIEW IS AT YOUR SOLE RISK AND THAT THE PREVIEW IS PROVIDED "AS IS" AND "AS AVAILABLE" WITHOUT WARRANTY OF ANY KIND FROM GOOGLE.
2026-09-09T12:33:39.5638413Z 
2026-09-09T12:33:39.5641061Z 10.2 YOUR USE OF THE PREVIEW AND ANY MATERIAL DOWNLOADED OR OTHERWISE OBTAINED THROUGH THE USE OF THE PREVIEW IS AT YOUR OWN DISCRETION AND RISK AND YOU ARE SOLELY RESPONSIBLE FOR ANY DAMAGE TO YOUR COMPUTER SYSTEM OR OTHER DEVICE OR LOSS OF DATA THAT RESULTS FROM SUCH USE. WITHOUT LIMITING THE FOREGOING, YOU UNDERSTAND THAT THE PREVIEW IS NOT A STABLE RELEASE AND MAY CONTAIN ERRORS, DEFECTS AND SECURITY VULNERABILITIES THAT CAN RESULT IN SIGNIFICANT DAMAGE, INCLUDING THE COMPLETE, IRRECOVERABLE LOSS OF USE OF YOUR COMPUTER SYSTEM OR OTHER DEVICE.
2026-09-09T12:33:39.5643243Z 
2026-09-09T12:33:39.5644303Z 10.3 GOOGLE FURTHER EXPRESSLY DISCLAIMS ALL WARRANTIES AND CONDITIONS OF ANY KIND, WHETHER EXPRESS OR IMPLIED, INCLUDING, BUT NOT LIMITED TO THE IMPLIED WARRANTIES AND CONDITIONS OF MERCHANTABILITY, FITNESS FOR A PARTICULAR PURPOSE AND NON-INFRINGEMENT.
2026-09-09T12:33:39.5645231Z 
2026-09-09T12:33:39.5645339Z 11. LIMITATION OF LIABILITY
2026-09-09T12:33:39.5645494Z 
2026-09-09T12:33:39.5647141Z 11.1 YOU EXPRESSLY UNDERSTAND AND AGREE THAT GOOGLE, ITS SUBSIDIARIES AND AFFILIATES, AND ITS LICENSORS SHALL NOT BE LIABLE TO YOU UNDER ANY THEORY OF LIABILITY FOR ANY DIRECT, INDIRECT, INCIDENTAL, SPECIAL, CONSEQUENTIAL OR EXEMPLARY DAMAGES THAT MAY BE INCURRED BY YOU, INCLUDING ANY LOSS OF DATA, WHETHER OR NOT GOOGLE OR ITS REPRESENTATIVES HAVE BEEN ADVISED OF OR SHOULD HAVE BEEN AWARE OF THE POSSIBILITY OF ANY SUCH LOSSES ARISING.
2026-09-09T12:33:39.5648644Z 
2026-09-09T12:33:39.5648733Z 12. Indemnification
2026-09-09T12:33:39.5648865Z 
2026-09-09T12:33:39.5651468Z 12.1 To the maximum extent permitted by law, you agree to defend, indemnify and hold harmless Google, its affiliates and their respective directors, officers, employees and agents from and against any and all claims, actions, suits or proceedings, as well as any and all losses, liabilities, damages, costs and expenses (including reasonable attorneys’ fees) arising out of or accruing from (a) your use of the Preview, (b) any application you develop on the Preview that infringes any Intellectual Property Rights of any person or defames any person or violates their rights of publicity or privacy, and (c) any non-compliance by you of the License Agreement.
2026-09-09T12:33:39.5653687Z 
2026-09-09T12:33:39.5653945Z 13. Changes to the License Agreement
2026-09-09T12:33:39.5654138Z 
2026-09-09T12:33:39.5654908Z 13.1 Google may make changes to the License Agreement as it distributes new versions of the Preview. When these changes are made, Google will make a new version of the License Agreement available on the website where the Preview is made available.
2026-09-09T12:33:39.5655767Z 
2026-09-09T12:33:39.5655857Z 14. General Legal Terms
2026-09-09T12:33:39.5656002Z 
2026-09-09T12:33:39.5657259Z 14.1 the License Agreement constitutes the whole legal agreement between you and Google and governs your use of the Preview (excluding any services which Google may provide to you under a separate written agreement), and completely replaces any prior agreements between you and Google in relation to the Preview.
2026-09-09T12:33:39.5658356Z 
2026-09-09T12:33:39.5659367Z 14.2 You agree that if Google does not exercise or enforce any legal right or remedy which is contained in the License Agreement (or which Google has the benefit of under any applicable law), this will not be taken to be a formal waiver of Google's rights and that those rights or remedies will still be available to Google.
2026-09-09T12:33:39.5660464Z 
2026-09-09T12:33:39.5661560Z 14.3 If any court of law, having the jurisdiction to decide on this matter, rules that any provision of the License Agreement is invalid, then that provision will be removed from the License Agreement without affecting the rest of the License Agreement. The remaining provisions of the License Agreement will continue to be valid and enforceable.
2026-09-09T12:33:39.5662743Z 
2026-09-09T12:33:39.5664175Z 14.4 You acknowledge and agree that each member of the group of companies of which Google is the parent shall be third party beneficiaries to the License Agreement and that such other companies shall be entitled to directly enforce, and rely upon, any provision of the License Agreement that confers a benefit on (or rights in favor of) them. Other than this, no other person or company shall be third party beneficiaries to the License Agreement.
2026-09-09T12:33:39.5665837Z 
2026-09-09T12:33:39.5666902Z 14.5 EXPORT RESTRICTIONS. THE PREVIEW IS SUBJECT TO UNITED STATES EXPORT LAWS AND REGULATIONS. YOU MUST COMPLY WITH ALL DOMESTIC AND INTERNATIONAL EXPORT LAWS AND REGULATIONS THAT APPLY TO THE PREVIEW. THESE LAWS INCLUDE RESTRICTIONS ON DESTINATIONS, END USERS AND END USE.
2026-09-09T12:33:39.5667972Z 
2026-09-09T12:33:39.5668991Z 14.6 The License Agreement may not be assigned or transferred by you without the prior written approval of Google, and any attempted assignment without such approval will be void. You shall not delegate your responsibilities or obligations under the License Agreement without the prior written approval of Google.
2026-09-09T12:33:39.5670085Z 
2026-09-09T12:33:39.5671922Z 14.7 The License Agreement, and your relationship with Google under the License Agreement, shall be governed by the laws of the State of California without regard to its conflict of laws provisions. You and Google agree to submit to the exclusive jurisdiction of the courts located within the county of Santa Clara, California to resolve any legal matter arising from the License Agreement. Notwithstanding this, you agree that Google shall still be allowed to apply for injunctive remedies (or an equivalent type of urgent legal relief) in any jurisdiction.
2026-09-09T12:33:39.5673825Z 
2026-09-09T12:33:39.5673903Z June 2014.
2026-09-09T12:33:39.5674114Z ---------------------------------------
2026-09-09T12:33:39.5674379Z Accept? (y/N): 
2026-09-09T12:33:39.5674604Z 5/6: License google-gdk-license:
2026-09-09T12:33:39.5674863Z ---------------------------------------
2026-09-09T12:33:39.5675212Z This is a Developer Preview of the GDK that is subject to change.
2026-09-09T12:33:39.5675484Z 
2026-09-09T12:33:39.5675573Z Terms and Conditions
2026-09-09T12:33:39.5675710Z 
2026-09-09T12:33:39.5675844Z This is the Glass Development Kit License Agreement.
2026-09-09T12:33:39.5676074Z 
2026-09-09T12:33:39.5676286Z 1. Introduction
2026-09-09T12:33:39.5676417Z 
2026-09-09T12:33:39.5677950Z 1.1 The Glass Development Kit (referred to in this License Agreement as the "GDK" and specifically including the Android system files, packaged APIs, and GDK library files, if and when they are made available) is licensed to you subject to the terms of this License Agreement. This License Agreement forms a legally binding contract between you and Google in relation to your use of the GDK.
2026-09-09T12:33:39.5679303Z 
2026-09-09T12:33:39.5679546Z 1.2 "Glass" means Glass devices and the Glass software stack for use on Glass devices.
2026-09-09T12:33:39.5679883Z 
2026-09-09T12:33:39.5679889Z 
2026-09-09T12:33:39.5680556Z 1.3 "Android" means the Android software stack for devices, as made available under the Android Open Source Project, which is located at the following URL: http://source.android.com/, as updated from time to time.
2026-09-09T12:33:39.5681372Z 
2026-09-09T12:33:39.5682265Z 1.4 "Google" means Google Inc., a Delaware corporation with principal place of business at 1600 Amphitheatre Parkway, Mountain View, CA 94043, United States.
2026-09-09T12:33:39.5682874Z 
2026-09-09T12:33:39.5682989Z 2. Accepting this License Agreement
2026-09-09T12:33:39.5683164Z 
2026-09-09T12:33:39.5683583Z 2.1 In order to use the GDK, you must first agree to this License Agreement. You may not use the GDK if you do not accept this License Agreement.
2026-09-09T12:33:39.5684121Z 
2026-09-09T12:33:39.5684347Z 2.2 By clicking to accept, you hereby agree to the terms of this License Agreement.
2026-09-09T12:33:39.5684669Z 
2026-09-09T12:33:39.5685432Z 2.3 You may not use the GDK and may not accept the License Agreement if you are a person barred from receiving the GDK under the laws of the United States or other countries including the country in which you are resident or from which you use the GDK.
2026-09-09T12:33:39.5686300Z 
2026-09-09T12:33:39.5687797Z 2.4 If you are agreeing to be bound by this License Agreement on behalf of your employer or other entity, you represent and warrant that you have full legal authority to bind your employer or such entity to this License Agreement. If you do not have the requisite authority, you may not accept the License Agreement or use the GDK on behalf of your employer or other entity.
2026-09-09T12:33:39.5689228Z 
2026-09-09T12:33:39.5689334Z 3. GDK License from Google
2026-09-09T12:33:39.5689493Z 
2026-09-09T12:33:39.5690258Z 3.1 Subject to the terms of this License Agreement, Google grants you a limited, worldwide, royalty-free, non-assignable and non-exclusive license to use the GDK solely to develop applications to run on the Glass platform for Glass devices.
2026-09-09T12:33:39.5691117Z 
2026-09-09T12:33:39.5692380Z 3.2 You agree that Google or third parties own all legal right, title and interest in and to the GDK, including any Intellectual Property Rights that subsist in the GDK. "Intellectual Property Rights" means any and all rights under patent law, copyright law, trade secret law, trademark law, and any and all other proprietary rights. Google reserves all rights not expressly granted to you.
2026-09-09T12:33:39.5693715Z 
2026-09-09T12:33:39.5695846Z 3.3 You may not use the GDK for any purpose not expressly permitted by this License Agreement. Except to the extent required by applicable third party licenses, you may not: (a) copy (except for backup purposes), modify, adapt, redistribute, decompile, reverse engineer, disassemble, or create derivative works of the GDK or any part of the GDK; or (b) load any part of the GDK onto a mobile handset or wearable computing device or any other hardware device except a Glass device personal computer, combine any part of the GDK with other software, or distribute any software or device incorporating a part of the GDK.
2026-09-09T12:33:39.5698100Z 
2026-09-09T12:33:39.5699020Z 3.4 You agree that you will not take any actions that may cause or result in the fragmentation of Glass, including but not limited to distributing, participating in the creation of, or promoting in any way a software development kit derived from the GDK.
2026-09-09T12:33:39.5700211Z 
2026-09-09T12:33:39.5701377Z 3.5 Use, reproduction and distribution of components of the GDK licensed under an open source software license are governed solely by the terms of that open source software license and not this License Agreement.
2026-09-09T12:33:39.5702173Z 
2026-09-09T12:33:39.5703533Z 3.6 You agree that the form and nature of the GDK that Google provides may change without prior notice to you and that future versions of the GDK may be incompatible with applications developed on previous versions of the GDK. You agree that Google may stop (permanently or temporarily) providing the GDK (or any features within the GDK) to you or to users generally at Google's sole discretion, without prior notice to you.
2026-09-09T12:33:39.5704982Z 
2026-09-09T12:33:39.5705527Z 3.7 Nothing in this License Agreement gives you a right to use any of Google's trade names, trademarks, service marks, logos, domain names, or other distinctive brand features.
2026-09-09T12:33:39.5706149Z 
2026-09-09T12:33:39.5706942Z 3.8 You agree that you will not remove, obscure, or alter any proprietary rights notices (including copyright and trademark notices) that may be affixed to or contained within the GDK.
2026-09-09T12:33:39.5707624Z 
2026-09-09T12:33:39.5707629Z 
2026-09-09T12:33:39.5708791Z 3.9 Your use of any Android system files, packaged APIs, or other components of the GDK which are part of the Android Software Development Kit is subject to the terms of the Android Software Development Kit License Agreement located at http://developer.android.com/sdk/terms.html. These terms are hereby incorporated by reference into this License Agreement.
2026-09-09T12:33:39.5710045Z 
2026-09-09T12:33:39.5710144Z 4. Use of the GDK by You
2026-09-09T12:33:39.5710292Z 
2026-09-09T12:33:39.5711145Z 4.1 Google agrees that it obtains no right, title or interest from you (or your licensors) under this License Agreement in or to any software applications that you develop using the GDK, including any intellectual property rights that subsist in those applications.
2026-09-09T12:33:39.5712245Z 
2026-09-09T12:33:39.5713969Z 4.2 You agree to use the GDK and write applications only for purposes that are permitted by (a) this License Agreement, (b) the Glass Platform Developer Policies (located at https://developers.google.com/glass/policies, and hereby incorporated into this License Agreement by reference), and (c) any applicable law, regulation or generally accepted practices or guidelines in the relevant jurisdictions (including any laws regarding the export of data or software to and from the United States or other relevant countries).
2026-09-09T12:33:39.5715777Z 
2026-09-09T12:33:39.5719300Z 4.3 You agree that if you use the GDK to develop applications for general public users, you will protect the privacy and legal rights of those users. If the users provide you with user names, passwords, or other login information or personal information, you must make the users aware that the information will be available to your application, and you must provide legally adequate privacy notice and protection for those users. If your application stores personal or sensitive information provided by users, it must do so securely. If the user provides your application with Google Account information, your application may only use that information to access the user's Google Account when, and for the limited purposes for which, the user has given you permission to do so.
2026-09-09T12:33:39.5723898Z 
2026-09-09T12:33:39.5724987Z 4.4 You agree that you will not engage in any activity with the GDK, including the development or distribution of an application, that interferes with, disrupts, damages, or accesses in an unauthorized manner the servers, networks, or other properties or services of any third party including, but not limited to, Google.
2026-09-09T12:33:39.5726927Z 
2026-09-09T12:33:39.5728806Z 4.5 You agree that you are solely responsible for (and that Google has no responsibility to you or to any third party for) any data, content, or resources that you create, transmit or display through Glass and/or applications for Glass, and for the consequences of your actions (including any loss or damage which Google may suffer) by doing so.
2026-09-09T12:33:39.5730972Z 
2026-09-09T12:33:39.5734102Z 4.6 You agree that you are solely responsible for (and that Google has no responsibility to you or to any third party for) any breach of your obligations under this License Agreement, any applicable third party contract or Terms of Service, or any applicable law or regulation, and for the consequences (including any loss or damage which Google or any third party may suffer) of any such breach.
2026-09-09T12:33:39.5736514Z 
2026-09-09T12:33:39.5749855Z 
2026-09-09T12:33:39.5752159Z 4.7 The GDK is in development, and your testing and feedback are an important part of the development process. By using the GDK, you acknowledge that implementation of some features are still under development and that you should not rely on the GDK, Glass devices, Glass system software, Google Mirror API, or Glass services having the full functionality of a stable release.
2026-09-09T12:33:39.5754500Z 
2026-09-09T12:33:39.5754711Z 5. Your Developer Credentials
2026-09-09T12:33:39.5755022Z 
2026-09-09T12:33:39.5756995Z 5.1 You agree that you are responsible for maintaining the confidentiality of any developer credentials that may be issued to you by Google or which you may choose yourself and that you will be solely responsible for all applications that are developed under your developer credentials.
2026-09-09T12:33:39.5758880Z 
2026-09-09T12:33:39.5759106Z 6. Privacy and Information
2026-09-09T12:33:39.5759408Z 
2026-09-09T12:33:39.5759418Z 
2026-09-09T12:33:39.5762201Z 6.1 In order to continually innovate and improve the GDK, Google may collect certain usage statistics from the software including but not limited to a unique identifier, associated IP address, version number of the software, and information on which tools and/or services in the GDK are being used and how they are being used. Before any of this information is collected, the GDK will notify you and seek your consent. If you withhold consent, the information will not be collected.
2026-09-09T12:33:39.5764643Z 
2026-09-09T12:33:39.5765071Z 6.2 The data collected is examined in the aggregate to improve the GDK and is maintained in accordance with Google's Privacy Policy.
2026-09-09T12:33:39.5765566Z 
2026-09-09T12:33:39.5765671Z 7. Third Party Applications
2026-09-09T12:33:39.5765836Z 
2026-09-09T12:33:39.5768915Z 7.1 If you use the GDK to run applications developed by a third party or that access data, content or resources provided by a third party, you agree that Google is not responsible for those applications, data, content, or resources. You understand that all data, content or resources which you may access through such third party applications are the sole responsibility of the person from which they originated and that Google is not liable for any loss or damage that you may experience as a result of the use or access of any of those third party applications, data, content, or resources.
2026-09-09T12:33:39.5772551Z 
2026-09-09T12:33:39.5774731Z 7.2 You should be aware the data, content, and resources presented to you through such a third party application may be protected by intellectual property rights which are owned by the providers (or by other persons or companies on their behalf). You may not modify, rent, lease, loan, sell, distribute or create derivative works based on these data, content, or resources (either in whole or in part) unless you have been specifically given permission to do so by the relevant owners.
2026-09-09T12:33:39.5776423Z 
2026-09-09T12:33:39.5777800Z 7.3 You acknowledge that your use of such third party applications, data, content, or resources may be subject to separate terms between you and the relevant third party. In that case, this License Agreement does not affect your legal relationship with these third parties.
2026-09-09T12:33:39.5778952Z 
2026-09-09T12:33:39.5779072Z 8. Using Google APIs
2026-09-09T12:33:39.5779215Z 
2026-09-09T12:33:39.5779298Z 8.1 Google APIs
2026-09-09T12:33:39.5779424Z 
2026-09-09T12:33:39.5781035Z 8.1.1 If you use any API to retrieve data from Google, you acknowledge that the data may be protected by intellectual property rights which are owned by Google or those parties that provide the data (or by other persons or companies on their behalf). Your use of any such API may be subject to additional Terms of Service. You may not modify, rent, lease, loan, sell, distribute or create derivative works based on this data (either in whole or in part) unless allowed by the relevant Terms of Service.
2026-09-09T12:33:39.5782709Z 
2026-09-09T12:33:39.5783498Z 8.1.2 If you use any API to retrieve a user's data from Google, you acknowledge and agree that you shall retrieve data only with the user's explicit consent and only when, and for the limited purposes for which, the user has given you permission to do so.
2026-09-09T12:33:39.5784374Z 
2026-09-09T12:33:39.5784485Z 9. Terminating this License Agreement
2026-09-09T12:33:39.5784683Z 
2026-09-09T12:33:39.5785003Z 9.1 This License Agreement will continue to apply until terminated by either you or Google as set out below.
2026-09-09T12:33:39.5785418Z 
2026-09-09T12:33:39.5785802Z 9.2 If you want to terminate this License Agreement, you may do so by ceasing your use of the GDK and any relevant developer credentials.
2026-09-09T12:33:39.5786284Z 
2026-09-09T12:33:39.5788705Z 9.3 Google may at any time, terminate this License Agreement with you if: (A) you have breached any provision of this License Agreement; or (B) Google is required to do so by law; or (C) the partner with whom Google offered certain parts of GDK (such as APIs) to you has terminated its relationship with Google or ceased to offer certain parts of the GDK to you; or (D) Google decides to no longer provide the GDK or certain parts of the GDK to users in the country in which you are resident or from which you use the service, or the provision of the GDK or certain GDK services to you by Google is, in Google's sole discretion, no longer commercially viable.
2026-09-09T12:33:39.5790990Z 
2026-09-09T12:33:39.5792427Z 9.4 When this License Agreement comes to an end, all of the legal rights, obligations and liabilities that you and Google have benefited from, been subject to (or which have accrued over time whilst this License Agreement has been in force) or which are expressed to continue indefinitely, shall be unaffected by this cessation, and the provisions of paragraph 14.7 shall continue to apply to such rights, obligations and liabilities indefinitely.
2026-09-09T12:33:39.5793945Z 
2026-09-09T12:33:39.5794050Z 10. DISCLAIMER OF WARRANTIES
2026-09-09T12:33:39.5794206Z 
2026-09-09T12:33:39.5794739Z 10.1 YOU EXPRESSLY UNDERSTAND AND AGREE THAT YOUR USE OF THE GDK IS AT YOUR SOLE RISK AND THAT THE GDK IS PROVIDED "AS IS" AND "AS AVAILABLE" WITHOUT WARRANTY OF ANY KIND FROM GOOGLE.
2026-09-09T12:33:39.5795359Z 
2026-09-09T12:33:39.5796369Z 10.2 YOUR USE OF THE GDK AND ANY MATERIAL DOWNLOADED OR OTHERWISE OBTAINED THROUGH THE USE OF THE GDK IS AT YOUR OWN DISCRETION AND RISK AND YOU ARE SOLELY RESPONSIBLE FOR ANY DAMAGE TO YOUR COMPUTER SYSTEM OR OTHER DEVICE OR LOSS OF DATA THAT RESULTS FROM SUCH USE.
2026-09-09T12:33:39.5797782Z 
2026-09-09T12:33:39.5798781Z 10.3 GOOGLE FURTHER EXPRESSLY DISCLAIMS ALL WARRANTIES AND CONDITIONS OF ANY KIND, WHETHER EXPRESS OR IMPLIED, INCLUDING, BUT NOT LIMITED TO THE IMPLIED WARRANTIES AND CONDITIONS OF MERCHANTABILITY, FITNESS FOR A PARTICULAR PURPOSE AND NON-INFRINGEMENT.
2026-09-09T12:33:39.5799726Z 
2026-09-09T12:33:39.5799829Z 11. LIMITATION OF LIABILITY
2026-09-09T12:33:39.5799979Z 
2026-09-09T12:33:39.5801540Z 11.1 YOU EXPRESSLY UNDERSTAND AND AGREE THAT GOOGLE, ITS SUBSIDIARIES AND AFFILIATES, AND ITS LICENSORS SHALL NOT BE LIABLE TO YOU UNDER ANY THEORY OF LIABILITY FOR ANY DIRECT, INDIRECT, INCIDENTAL, SPECIAL, CONSEQUENTIAL OR EXEMPLARY DAMAGES THAT MAY BE INCURRED BY YOU, INCLUDING ANY LOSS OF DATA, WHETHER OR NOT GOOGLE OR ITS REPRESENTATIVES HAVE BEEN ADVISED OF OR SHOULD HAVE BEEN AWARE OF THE POSSIBILITY OF ANY SUCH LOSSES ARISING.
2026-09-09T12:33:39.5803032Z 
2026-09-09T12:33:39.5803117Z 12. Indemnification
2026-09-09T12:33:39.5803251Z 
2026-09-09T12:33:39.5805582Z 12.1 To the maximum extent permitted by law, you agree to defend, indemnify and hold harmless Google, its affiliates and their respective directors, officers, employees and agents from and against any and all claims, actions, suits or proceedings, as well as any and all losses, liabilities, damages, costs and expenses (including reasonable attorneys fees) arising out of or accruing from (a) your use of the GDK, (b) any application you develop on the GDK that infringes any copyright, trademark, trade secret, trade dress, patent or other intellectual property right of any person or defames any person or violates their rights of publicity or privacy, and (c) any non-compliance by you with this License Agreement.
2026-09-09T12:33:39.5808300Z 
2026-09-09T12:33:39.5808408Z 13. Changes to the License Agreement
2026-09-09T12:33:39.5808589Z 
2026-09-09T12:33:39.5809827Z 13.1 Google may make changes to the License Agreement as it distributes new versions of the GDK. When these changes are made, Google will make a new version of the License Agreement available on the website where the GDK is made available.
2026-09-09T12:33:39.5811074Z 
2026-09-09T12:33:39.5811187Z 14. General Legal Terms
2026-09-09T12:33:39.5811332Z 
2026-09-09T12:33:39.5812318Z 14.1 This License Agreement constitutes the whole legal agreement between you and Google and governs your use of the GDK (excluding any services which Google may provide to you under a separate written agreement), and completely replaces any prior agreements between you and Google in relation to the GDK.
2026-09-09T12:33:39.5813380Z 
2026-09-09T12:33:39.5814391Z 14.2 You agree that if Google does not exercise or enforce any legal right or remedy which is contained in this License Agreement (or which Google has the benefit of under any applicable law), this will not be taken to be a formal waiver of Google's rights and that those rights or remedies will still be available to Google.
2026-09-09T12:33:39.5815660Z 
2026-09-09T12:33:39.5817016Z 14.3 If any court of law, having the jurisdiction to decide on this matter, rules that any provision of this License Agreement is invalid, then that provision will be removed from this License Agreement without affecting the rest of this License Agreement. The remaining provisions of this License Agreement will continue to be valid and enforceable.
2026-09-09T12:33:39.5818242Z 
2026-09-09T12:33:39.5819712Z 14.4 You acknowledge and agree that each member of the group of companies of which Google is the parent shall be third party beneficiaries to this License Agreement and that such other companies shall be entitled to directly enforce, and rely upon, any provision of this License Agreement that confers a benefit on (or rights in favor of) them. Other than this, no other person or company shall be third party beneficiaries to this License Agreement.
2026-09-09T12:33:39.5821238Z 
2026-09-09T12:33:39.5822077Z 14.5 EXPORT RESTRICTIONS. THE GDK IS SUBJECT TO UNITED STATES EXPORT LAWS AND REGULATIONS. YOU MUST COMPLY WITH ALL DOMESTIC AND INTERNATIONAL EXPORT LAWS AND REGULATIONS THAT APPLY TO THE GDK. THESE LAWS INCLUDE RESTRICTIONS ON DESTINATIONS, END USERS AND END USE.
2026-09-09T12:33:39.5823002Z 
2026-09-09T12:33:39.5824107Z 14.6 The rights granted in this License Agreement may not be assigned or transferred by either you or Google without the prior written approval of the other party. Neither you nor Google shall be permitted to delegate their responsibilities or obligations under this License Agreement without the prior written approval of the other party.
2026-09-09T12:33:39.5825294Z 
2026-09-09T12:33:39.5827493Z 14.7 This License Agreement, and your relationship with Google under this License Agreement, shall be governed by the laws of the State of California without regard to its conflict of laws provisions. You and Google agree to submit to the exclusive jurisdiction of the courts located within the county of Santa Clara, California to resolve any legal matter arising from this License Agreement. Notwithstanding this, you agree that Google shall still be allowed to apply for injunctive remedies (or an equivalent type of urgent legal relief) in any jurisdiction.
2026-09-09T12:33:39.5831170Z 
2026-09-09T12:33:39.5831327Z November 19, 2013
2026-09-09T12:33:39.5831684Z ---------------------------------------
2026-09-09T12:33:39.5832119Z Accept? (y/N): 
2026-09-09T12:33:39.5832512Z 6/6: License mips-android-sysimage-license:
2026-09-09T12:33:39.5832997Z ---------------------------------------
2026-09-09T12:33:39.5836256Z MIPS Technologies, Inc. (“MIPS”) Internal Evaluation License Agreement for MIPS Android™ System Images for Android Software Development Kit (SDK): This Internal Evaluation License Agreement (this "Agreement") is entered into by and between MIPS and you (as an individual developer or a legal entity -- identified below as “Recipient”). MIPS shall make the Evaluation Software available to Recipient as described in accordance with the terms and conditions set forth below.
2026-09-09T12:33:39.5838984Z 
2026-09-09T12:33:39.5842068Z By clicking on the “Accept” button, downloading, installing, or otherwise using the Evaluation Materials (defined below), you agree to be bound by the terms of this Agreement effective as of the date you click “Accept” (the “Effective Date”), and if doing so on behalf of an entity, you represent that you are authorized to bind the entity to the terms and conditions of this Agreement. If you do not agree to be bound by the terms and conditions of this Agreement, do not download, install, or use the Evaluation Materials.
2026-09-09T12:33:39.5844812Z 
2026-09-09T12:33:39.5845159Z 1. DEFINITIONS. These terms shall have the following meanings:
2026-09-09T12:33:39.5846121Z 
2026-09-09T12:33:39.5847512Z 1.1 “MIPS” shall mean MIPS Technologies, Inc., a Delaware corporation having a principal place of business at: 955 East Arques Ave., Sunnyvale, CA 94085
2026-09-09T12:33:39.5848926Z 
2026-09-09T12:33:39.5850102Z 1.2 “Evaluation Software” shall mean MIPS Android™ emulator system images for Android Software Development Kit (SDK), as made available to Recipient.
2026-09-09T12:33:39.5851253Z 
2026-09-09T12:33:39.5853585Z 1.3 “Evaluation Materials" means, collectively, the Evaluation Software (in source and/or object code form) and documentation (including, without limitation, any design documents, specifications, reference manuals, and other related materials) related to the Evaluation Software as made available to Recipient.
2026-09-09T12:33:39.5854999Z 
2026-09-09T12:33:39.5859691Z 1.4 “Open Source Software” means any software that requires (as a condition of use, modification and/or distribution of such software) that such software or other software incorporated into, derived from or distributed with such software (a) be disclosed or distributed in source code form; or (b) be licensed by the user to third parties for the purpose of making and/or distributing derivative works; or (c) be redistributable at no charge. Open Source Software includes, without limitation, software licensed or distributed under any of the following licenses or distribution models, or licenses or distribution models substantially similar to any of the following: (a) GNU’s General Public License (GPL) or Lesser/Library GPL (LGPL), (b) the Artistic License (e.g., PERL), (c) the Mozilla Public License, (d) the Netscape Public License, (e) the Sun Community Source License (SCSL), (f) the Sun Industry Source License (SISL), (g) the Apache Software license and (h) the Common Public License (CPL).
2026-09-09T12:33:39.5863069Z 
2026-09-09T12:33:39.5864423Z 1.5 “Pre-Release Materials” means “alpha” or “beta” designated pre-release features, which may not be fully functional, which MIPS may substantially modify in producing any production version of the Evaluation Materials, and/or which is still under development by MIPS and/or MIPS’ suppliers.
2026-09-09T12:33:39.5865484Z 
2026-09-09T12:33:39.5867694Z 2. PURPOSE. MIPS desires to make the Evaluation Materials available to Recipient solely for Recipient's internal evaluation of the Evaluation Software to evaluate the desirability of cooperating with MIPS in developing products that are compatible with the Evaluation Software and/or to advise MIPS as to possible modifications to the Evaluation Software. Recipient may not disclose, distribute, modify (except to facilitate the above-mentioned internal evaluation), or make commercial use of the Evaluation Materials or any modifications of the Evaluation Materials.
2026-09-09T12:33:39.5869673Z 
2026-09-09T12:33:39.5871114Z THE EVALUATION MATERIALS ARE PROVIDED FOR EVALUATION PURPOSES ONLY AND MAY NOT BE MODIFIED (EXCEPT TO FACILITATE THE INTERNAL EVALUATION) OR DISTRIBUTED BY RECIPIENT OR INCORPORATED INTO RECIPIENT’S PRODUCTS OR SOFTWARE. PLEASE CONTACT A MIPS SALES REPRESENTATIVE TO LEARN ABOUT THE AVAILABILITY AND COST OF A COMMERCIAL VERSION OF THE EVALUATION SOFTWARE.
2026-09-09T12:33:39.5872372Z 
2026-09-09T12:33:39.5873287Z 3. TITLE. Title to the Evaluation Materials remains with MIPS or its suppliers. Recipient shall not mortgage, pledge or encumber the Evaluation Materials in any way. Recipient shall return all Evaluation Materials, keeping no copies, upon termination or expiration of this Agreement.
2026-09-09T12:33:39.5874284Z 
2026-09-09T12:33:39.5878360Z 4. LICENSE. MIPS grants Recipient a royalty-free, personal, nontransferable, nonexclusive license under its copyrights to use the Evaluation Software only for the purposes described in paragraph 2 above and only for a period beginning on the Effective Date and extending to the first anniversary of the Effective Date (the “Evaluation Period”). Unless otherwise communicated in writing by MIPS to Recipient, to the extent the Evaluation Software is provided in more than one delivery or release (each, a “Release”) the license grant in this Section 4 and the Evaluation Period shall apply to each Release, in which case the Evaluation Period shall begin on the date that the Release is made generally available and continue to the first anniversary of such date. Recipient may not make modifications to the Evaluation Software. Recipient shall not disassemble, reverse-engineer, or decompile any software that is not provided to Recipient in source code form.
2026-09-09T12:33:39.5881833Z 
2026-09-09T12:33:39.5881839Z 
2026-09-09T12:33:39.5882946Z EXCEPT AS PROVIDED HEREIN, NO OTHER LICENSE, EXPRESS OR IMPLIED, BY ESTOPPEL OR OTHERWISE, TO ANY OTHER MIPS INTELLECTUAL PROPERTY RIGHTS IS GRANTED TO THE RECIPIENT. OTHER THAN AS EXPLICITLY SET FORTH IN PARAGRAPH 2 ABOVE, NO RIGHT TO COPY, TO REPRODUCE, TO MODIFY, OR TO CREATE DERIVATIVE WORKS OF, THE EVALUATION MATERIALS IS GRANTED HEREIN.
2026-09-09T12:33:39.5884126Z 
2026-09-09T12:33:39.5884955Z 5. NO OBLIGATION. Recipient shall have no duty to purchase or license any product from MIPS. MIPS and its suppliers shall have no obligation to provide support for, or develop a non-evaluation version of, the Evaluation Software or to license any version of it.
2026-09-09T12:33:39.5885872Z 
2026-09-09T12:33:39.5890105Z 6. MODIFICATIONS. This Agreement does not obligate Recipient to provide MIPS with comments or suggestions regarding Evaluation Materials. However, should Recipient provide MIPS with comments or suggestions for the modification, correction, improvement or enhancement of (a) the Evaluation Materials or (b) MIPS products or processes which may embody the Evaluation Materials, then Recipient agrees to grant and hereby grants to MIPS a non-exclusive, irrevocable, worldwide, fully paid-up, royalty-free license, with the right to sublicense MIPS’ licensees and customers, under Recipient’s Intellectual property rights, to use and disclose such comments and suggestions in any manner MIPS chooses and to display, perform, copy, make, have made, use, sell, offer to sell, import, and otherwise dispose of MIPS’ and its sublicensee’s products embodying such comments and suggestions in any manner and via any media MIPS chooses, without reference to the source.
2026-09-09T12:33:39.5893393Z 
2026-09-09T12:33:39.5895117Z 7. WARRANTY DISCLAIMER. MIPS AND ITS SUPPLIERS MAKE NO WARRANTIES WITH RESPECT TO EVALUATION MATERIALS, EITHER EXPRESS OR IMPLIED, INCLUDING ANY IMPLIED WARRANTIES OF MERCHANTABILITY OR FITNESS FOR A PARTICULAR PURPOSE, OR ANY IMPLIED WARRANTY OF NONINFRINGEMENT WITH RESPECT TO THIRD PARTY INTELLECTUAL PROPERTY. RECIPIENT ACKNOWLEDGES AND AGREES THAT THE EVALUATION MATERIALS ARE PROVIDED “AS IS,” WITHOUT WARRANTY OF ANY KIND.
2026-09-09T12:33:39.5897196Z 
2026-09-09T12:33:39.5900002Z 8. LIMITATION OF LIABILITY. MIPS AND ITS SUPPLIERS SHALL NOT BE LIABLE FOR ANY PROPERTY DAMAGE, PERSONAL INJURY, LOSS OF PROFITS, INTERRUPTION OF BUSINESS OR FOR ANY DIRECT, INDIRECT, SPECIAL, CONSEQUENTIAL OR INCIDENTAL DAMAGES, HOWEVER CAUSED OR ALLEGED, WHETHER FOR BREACH OF WARRANTY, CONTRACT, STRICT LIABILITY OR OTHERWISE, INCLUDING WITHOUT LIMITATION, UNDER TORT OR OTHER LEGAL THEORY. MIPS AND ITS SUPPLIERS DISCLAIM ANY AND ALL LIABILITY, INCLUDING LIABILITY FOR INFRINGEMENT OF ANY INTELLECTUAL PROPERTY RIGHTS OF ANY KIND RELATING TO THE EVALUATION MATERIALS.
2026-09-09T12:33:39.5902422Z 
2026-09-09T12:33:39.5903210Z 9. EXPIRATION. MIPS may terminate this Agreement immediately after a breach by Recipient or otherwise at MIPS’ reasonable discretion and upon five (5) business days’ notice to Recipient.
2026-09-09T12:33:39.5903906Z 
2026-09-09T12:33:39.5903991Z 10. GENERAL.
2026-09-09T12:33:39.5904105Z 
2026-09-09T12:33:39.5907739Z 10.1 Controlling Law. This Agreement shall be governed by California law excluding its choice of law rules. With the exception of MIPS’ rights to enforce its intellectual property rights and any confidentiality obligations under this Agreement or any licenses distributed with the Evaluation Materials, all disputes and any claims arising under or relating to this Agreement shall be subject to the exclusive jurisdiction and venue of the state and federal courts located in Santa Clara County, California. Each party hereby agrees to jurisdiction and venue in the courts set forth in the preceding sentence. The parties agree that the United Nations Convention on Contracts for the International Sale of Goods is specifically excluded from application to this Agreement. The parties consent to the personal jurisdiction of the above courts.
2026-09-09T12:33:39.5910814Z 
2026-09-09T12:33:39.5912426Z 10.2 Remedies. Recipient acknowledges and agrees that any breach of confidentiality obligations under this Agreement or any licenses distributed with the Evaluation Materials, as well as any disclosure, commercialization, or public use of the Evaluation Materials, would cause irreparable injury to MIPS, and therefore Recipient agrees to consent to, and hereby consents to, the grant of an injunction by any court of competent jurisdiction in the event of an actual or threatened breach.
2026-09-09T12:33:39.5914111Z 
2026-09-09T12:33:39.5916147Z 10.3 Assignment. Recipient may not delegate, assign or transfer this Agreement, the license granted or any of Recipient’s rights, obligations, or duties hereunder, expressly, by implication, by operation of law, by way of merger (regardless of whether Recipient is the surviving entity) or acquisition, or otherwise and any attempt to do so, without MIPS’ express prior written consent, shall be ineffective, null and void. MIPS may freely assign this Agreement, and its rights and obligations hereunder, in its sole discretion.
2026-09-09T12:33:39.5918205Z 
2026-09-09T12:33:39.5919860Z 10.4 Entire Agreement. This Agreement constitutes the entire agreement between Recipient and MIPS and supersedes in their entirety any and all oral or written agreements previously existing between Recipient and MIPS with respect to the subject matter hereof. This Agreement may only be amended or supplemented by a writing that refers explicitly to this Agreement and that is signed or otherwise accepted by duly authorized representatives of Recipient and MIPS.
2026-09-09T12:33:39.5921481Z 
2026-09-09T12:33:39.5922979Z 10.5 Severability. In the event that any provision of this Agreement is finally adjudicated to be unenforceable or invalid under any applicable law, such unenforceability or invalidity shall not render this Agreement unenforceable or invalid as a whole, and, in such event, such unenforceable or invalid provision shall be interpreted so as to best accomplish the objectives of such provision within the limits of applicable law or applicable court decisions.
2026-09-09T12:33:39.5924550Z 
2026-09-09T12:33:39.5930483Z 10.6 Export Regulations / Export Control. Recipient shall not export, either directly or indirectly, any product, service or technical data or system incorporating the Evaluation Materials without first obtaining any required license or other necessary approval from the U.S. Department of Commerce or any other governing agency or department of the United States Government. In the event any product is exported from the United States or re-exported from a foreign destination by Recipient, Recipient shall ensure that the distribution and export/re-export or import of the product is in compliance with all applicable laws, regulations, orders, or other restrictions of the U.S. Export Administration Regulations and the appropriate foreign government. Recipient agrees that neither it nor any of its subsidiaries will export/re-export any technical data, process, product, or service, directly or indirectly, to any country for which the United States government or any agency thereof or the foreign government from where it is shipping requires an export license, or other governmental approval, without first obtaining such license or approval. Recipient also agrees to implement measures to ensure that foreign national employees are authorized to receive any information controlled by U.S. export control laws. An export is "deemed" to take place when information is released to a foreign national wherever located.
2026-09-09T12:33:39.5935695Z 
2026-09-09T12:33:39.5939734Z 10.7 Special Terms for Pre-Release Materials. If so indicated in the description of the Evaluation Software, the Evaluation Software may contain Pre-Release Materials. Recipient hereby understands, acknowledges and agrees that: (i) Pre-Release Materials may not be fully tested and may contain bugs or errors; (ii) Pre-Release materials are not suitable for commercial release in their current state; (iii) regulatory approvals for Pre-Release Materials (such as UL or FCC) have not been obtained, and Pre-Release Materials may therefore not be certified for use in certain countries or environments or may not be suitable for certain applications and (iv) MIPS can provide no assurance that it will ever produce or make generally available a production version of the Pre-Release Materials . MIPS is not under any obligation to develop and/or release or offer for sale or license a final product based upon the Pre-Release Materials and may unilaterally elect to abandon the Pre-Release Materials or any such development platform at any time and without any obligation or liability whatsoever to Recipient or any other person.
2026-09-09T12:33:39.5943754Z 
2026-09-09T12:33:39.5944475Z ANY PRE-RELEASE MATERIALS ARE NON-QUALIFIED AND, AS SUCH, ARE PROVIDED “AS IS” AND “AS AVAILABLE”, POSSIBLY WITH FAULTS, AND WITHOUT REPRESENTATION OR WARRANTY OF ANY KIND.
2026-09-09T12:33:39.5945106Z 
2026-09-09T12:33:39.5947605Z 10.8 Open Source Software. In the event Open Source software is included with Evaluation Software, such Open Source software is licensed pursuant to the applicable Open Source software license agreement identified in the Open Source software comments in the applicable source code file(s) and/or file header as indicated in the Evaluation Software. Additional detail may be available (where applicable) in the accompanying on-line documentation. With respect to the Open Source software, nothing in this Agreement limits any rights under, or grants rights that supersede, the terms of any applicable Open Source software license agreement.
2026-09-09T12:33:39.5949956Z ---------------------------------------
2026-09-09T12:33:39.5950274Z Accept? (y/N): All SDK package licenses accepted
2026-09-09T12:33:39.5950492Z 
2026-09-09T12:33:39.5950744Z [command]/usr/local/lib/android/sdk/cmdline-tools/16.0/bin/sdkmanager tools
2026-09-09T12:33:40.3279477Z Loading package information...                                                  
2026-09-09T12:33:40.4361803Z Loading local repository...                                                     
2026-09-09T12:33:40.4374267Z [                                       ] 3% Loading local repository...        
2026-09-09T12:33:40.4453513Z [                                       ] 3% Fetch remote repository...         
2026-09-09T12:33:40.7309853Z [=                                      ] 3% Fetch remote repository...         
2026-09-09T12:33:40.8747232Z [=                                      ] 4% Fetch remote repository...         
2026-09-09T12:33:40.9117728Z [=                                      ] 5% Fetch remote repository...         
2026-09-09T12:33:40.9573996Z [==                                     ] 5% Fetch remote repository...         
2026-09-09T12:33:41.0399483Z [==                                     ] 6% Fetch remote repository...         
2026-09-09T12:33:41.1369415Z [==                                     ] 7% Fetch remote repository...         
2026-09-09T12:33:41.1397569Z [==                                     ] 7% Computing updates...               
2026-09-09T12:33:41.1547614Z [===                                    ] 8% Computing updates...               
2026-09-09T12:33:41.2342785Z [===                                    ] 10% Computing updates...              
2026-09-09T12:33:41.6318199Z [===                                    ] 10% Installing Android Emulator       
2026-09-09T12:33:41.7847463Z [===                                    ] 10% Downloading emulator-linux_x64-159
2026-09-09T12:33:41.9592197Z [====                                   ] 10% Downloading emulator-linux_x64-159
2026-09-09T12:33:42.2902695Z [====                                   ] 11% Downloading emulator-linux_x64-159
2026-09-09T12:33:42.5423982Z [====                                   ] 12% Downloading emulator-linux_x64-159
2026-09-09T12:33:42.6617822Z [=====                                  ] 13% Downloading emulator-linux_x64-159
2026-09-09T12:33:42.7186699Z [=====                                  ] 14% Downloading emulator-linux_x64-159
2026-09-09T12:33:42.7528180Z [=====                                  ] 15% Downloading emulator-linux_x64-159
2026-09-09T12:33:42.7807350Z [======                                 ] 15% Downloading emulator-linux_x64-159
2026-09-09T12:33:42.8431617Z [======                                 ] 16% Downloading emulator-linux_x64-159
2026-09-09T12:33:42.9042944Z [======                                 ] 17% Downloading emulator-linux_x64-159
2026-09-09T12:33:42.9651328Z [=======                                ] 18% Downloading emulator-linux_x64-159
2026-09-09T12:33:43.0282685Z [=======                                ] 19% Downloading emulator-linux_x64-159
2026-09-09T12:33:43.0553751Z [=======                                ] 20% Downloading emulator-linux_x64-159
2026-09-09T12:33:43.0973463Z [========                               ] 20% Downloading emulator-linux_x64-159
2026-09-09T12:33:43.1428423Z [========                               ] 21% Downloading emulator-linux_x64-159
2026-09-09T12:33:43.2177757Z [========                               ] 21% Unzipping...                      
2026-09-09T12:33:43.2195602Z [========                               ] 21% Unzipping... emulator/            
2026-09-09T12:33:43.2196346Z [========                               ] 21% Unzipping... emulator/resources/  
2026-09-09T12:33:43.2647547Z [========                               ] 21% Unzipping... emulator/qsn         
2026-09-09T12:33:43.3341321Z [========                               ] 21% Unzipping... emulator/emulator    
2026-09-09T12:33:43.3644600Z [========                               ] 21% Unzipping... emulator/netsimd     
2026-09-09T12:33:43.4417177Z [========                               ] 22% Unzipping... emulator/netsimd     
2026-09-09T12:33:43.4438207Z [========                               ] 22% Unzipping... emulator/bin64/      
2026-09-09T12:33:43.4439352Z [========                               ] 22% Unzipping... emulator/qemu/       
2026-09-09T12:33:43.4441156Z [========                               ] 22% Unzipping... emulator/NOTICE.txt  
2026-09-09T12:33:43.4622791Z [========                               ] 22% Unzipping... emulator/crashpad_han
2026-09-09T12:33:43.4625396Z [========                               ] 22% Unzipping... emulator/source.prope
2026-09-09T12:33:43.5220035Z [========                               ] 22% Unzipping... emulator/nimble_bridg
2026-09-09T12:33:43.5222977Z [========                               ] 22% Unzipping... emulator/LICENSE     
2026-09-09T12:33:43.5223485Z [========                               ] 22% Unzipping... emulator/lib/        
2026-09-09T12:33:43.5305704Z [========                               ] 22% Unzipping... emulator/qemu-img    
2026-09-09T12:33:43.5306976Z [========                               ] 22% Unzipping... emulator/include/    
2026-09-09T12:33:43.5315189Z [========                               ] 22% Unzipping... emulator/NOTICE.csv  
2026-09-09T12:33:43.5316153Z [========                               ] 22% Unzipping... emulator/lib64/      
2026-09-09T12:33:43.5494783Z [========                               ] 22% Unzipping... emulator/emulator-che
2026-09-09T12:33:43.5689837Z [========                               ] 22% Unzipping... emulator/crashreport 
2026-09-09T12:33:43.5694302Z [========                               ] 22% Unzipping... emulator/mksdcard    
2026-09-09T12:33:43.5935430Z [========                               ] 22% Unzipping... emulator/resources/To
2026-09-09T12:33:43.5949681Z [========                               ] 22% Unzipping... emulator/resources/de
2026-09-09T12:33:43.6077006Z [========                               ] 22% Unzipping... emulator/resources/To
2026-09-09T12:33:43.6081991Z [========                               ] 22% Unzipping... emulator/resources/ma
2026-09-09T12:33:43.6107427Z [========                               ] 22% Unzipping... emulator/resources/de
2026-09-09T12:33:43.6109091Z [========                               ] 22% Unzipping... emulator/resources/sk
2026-09-09T12:33:43.6140558Z [========                               ] 22% Unzipping... emulator/resources/de
2026-09-09T12:33:43.6141558Z [========                               ] 22% Unzipping... emulator/resources/ma
2026-09-09T12:33:43.6155848Z [========                               ] 22% Unzipping... emulator/resources/po
2026-09-09T12:33:43.6229971Z [========                               ] 22% Unzipping... emulator/resources/ma
2026-09-09T12:33:43.6304283Z [========                               ] 22% Unzipping... emulator/resources/sk
2026-09-09T12:33:43.6320770Z [========                               ] 22% Unzipping... emulator/resources/ma
2026-09-09T12:33:43.6355068Z [========                               ] 22% Unzipping... emulator/bin64/e2fsck
2026-09-09T12:33:43.6390987Z [========                               ] 22% Unzipping... emulator/bin64/fsck.e
2026-09-09T12:33:43.6413343Z [========                               ] 22% Unzipping... emulator/bin64/tune2f
2026-09-09T12:33:43.6428389Z [========                               ] 22% Unzipping... emulator/bin64/resize
2026-09-09T12:33:43.6453751Z [========                               ] 22% Unzipping... emulator/bin64/mkfs.e
2026-09-09T12:33:43.6550302Z [========                               ] 22% Unzipping... emulator/qemu/linux-x
2026-09-09T12:33:44.0096141Z [=========                              ] 23% Unzipping... emulator/qemu/linux-x
2026-09-09T12:33:44.3359583Z [=========                              ] 24% Unzipping... emulator/qemu/linux-x
2026-09-09T12:33:44.4952505Z [=========                              ] 25% Unzipping... emulator/qemu/linux-x
2026-09-09T12:33:44.6624110Z [==========                             ] 25% Unzipping... emulator/qemu/linux-x
2026-09-09T12:33:44.6626116Z [==========                             ] 25% Unzipping... emulator/lib/emulator
2026-09-09T12:33:44.6629242Z [==========                             ] 25% Unzipping... emulator/lib/rtc_serv
2026-09-09T12:33:44.6634082Z [==========                             ] 25% Unzipping... emulator/lib/advanced
2026-09-09T12:33:44.6635113Z [==========                             ] 25% Unzipping... emulator/lib/cmake/  
2026-09-09T12:33:44.6637121Z [==========                             ] 25% Unzipping... emulator/lib/emulator
2026-09-09T12:33:44.6639909Z [==========                             ] 25% Unzipping... emulator/lib/control_
2026-09-09T12:33:44.6643238Z [==========                             ] 25% Unzipping... emulator/lib/emulated
2026-09-09T12:33:44.6647064Z [==========                             ] 25% Unzipping... emulator/lib/rtc_serv
2026-09-09T12:33:44.6649598Z [==========                             ] 25% Unzipping... emulator/lib/emu-orig
2026-09-09T12:33:44.6653079Z [==========                             ] 25% Unzipping... emulator/lib/hardware
2026-09-09T12:33:44.6653878Z [==========                             ] 25% Unzipping... emulator/lib/pkgconfi
2026-09-09T12:33:44.6655164Z [==========                             ] 25% Unzipping... emulator/lib/pc-bios/
2026-09-09T12:33:44.6657884Z [==========                             ] 25% Unzipping... emulator/lib/snapshot
2026-09-09T12:33:44.6661492Z [==========                             ] 25% Unzipping... emulator/lib/adb_serv
2026-09-09T12:33:44.6669087Z [==========                             ] 25% Unzipping... emulator/lib/hostapd.
2026-09-09T12:33:44.6670842Z [==========                             ] 25% Unzipping... emulator/lib/grpc_end
2026-09-09T12:33:44.6691425Z [==========                             ] 25% Unzipping... emulator/lib/ca-bundl
2026-09-09T12:33:44.6709528Z [==========                             ] 25% Unzipping... emulator/lib/ui_contr
2026-09-09T12:33:44.6710264Z [==========                             ] 25% Unzipping... emulator/lib/snapshot
2026-09-09T12:33:44.6710948Z [==========                             ] 25% Unzipping... emulator/lib/ice_conf
2026-09-09T12:33:44.6842567Z [==========                             ] 25% Unzipping... emulator/lib/libflatb
2026-09-09T12:33:44.7011327Z [==========                             ] 26% Unzipping... emulator/lib/libflatb
2026-09-09T12:33:44.7017746Z [==========                             ] 26% Unzipping... emulator/lib/emulator
2026-09-09T12:33:44.7021021Z [==========                             ] 26% Unzipping... emulator/lib/waterfal
2026-09-09T12:33:44.7024578Z [==========                             ] 26% Unzipping... emulator/lib/emulated
2026-09-09T12:33:44.7036382Z [==========                             ] 26% Unzipping... emulator/lib/cmake/fl
2026-09-09T12:33:44.7039556Z [==========                             ] 26% Unzipping... emulator/lib/pkgconfi
2026-09-09T12:33:44.7214202Z [==========                             ] 26% Unzipping... emulator/lib/pc-bios/
2026-09-09T12:33:44.7291883Z [==========                             ] 26% Unzipping... emulator/include/flat
2026-09-09T12:33:44.7360529Z [==========                             ] 26% Unzipping... emulator/lib64/libgli
2026-09-09T12:33:44.7479011Z [==========                             ] 26% Unzipping... emulator/lib64/libpro
2026-09-09T12:33:44.7479924Z [==========                             ] 26% Unzipping... emulator/lib64/qt/   
2026-09-09T12:33:44.7867569Z [==========                             ] 26% Unzipping... emulator/lib64/liband
2026-09-09T12:33:44.8540898Z [==========                             ] 26% Unzipping... emulator/lib64/libgfx
2026-09-09T12:33:44.8542019Z [==========                             ] 26% Unzipping... emulator/lib64/gles_l
2026-09-09T12:33:44.8550139Z [==========                             ] 26% Unzipping... emulator/lib64/liband
2026-09-09T12:33:44.8551309Z [==========                             ] 26% Unzipping... emulator/lib64/vulkan
2026-09-09T12:33:44.8552298Z [==========                             ] 26% Unzipping... emulator/lib64/gles_s
2026-09-09T12:33:44.8555885Z [==========                             ] 26% Unzipping... emulator/lib64/libemu
2026-09-09T12:33:44.8674688Z [==========                             ] 26% Unzipping... emulator/lib64/libpro
2026-09-09T12:33:45.0221239Z [==========                             ] 26% Unzipping... emulator/lib64/liband
2026-09-09T12:33:45.0239055Z [==========                             ] 26% Unzipping... emulator/lib64/libtcm
2026-09-09T12:33:45.0242065Z [==========                             ] 26% Unzipping... emulator/lib64/libima
2026-09-09T12:33:45.0305115Z [==========                             ] 26% Unzipping... emulator/lib64/libc++
2026-09-09T12:33:45.0577734Z [==========                             ] 26% Unzipping... emulator/lib64/liband
2026-09-09T12:33:45.0618270Z [==========                             ] 26% Unzipping... emulator/lib64/libabs
2026-09-09T12:33:45.0620172Z [==========                             ] 26% Unzipping... emulator/lib64/gles_a
2026-09-09T12:33:45.0686213Z [==========                             ] 26% Unzipping... emulator/lib64/libsha
2026-09-09T12:33:45.0750813Z [==========                             ] 26% Unzipping... emulator/lib64/libc++
2026-09-09T12:33:45.0753077Z [==========                             ] 26% Unzipping... emulator/lib64/qt/res
2026-09-09T12:33:45.0754733Z [==========                             ] 26% Unzipping... emulator/lib64/qt/lib
2026-09-09T12:33:45.0755733Z [==========                             ] 26% Unzipping... emulator/lib64/qt/tra
2026-09-09T12:33:45.0756591Z [==========                             ] 26% Unzipping... emulator/lib64/qt/plu
2026-09-09T12:33:45.0769379Z [==========                             ] 26% Unzipping... emulator/lib64/qt/res
2026-09-09T12:33:45.1482644Z [==========                             ] 27% Unzipping... emulator/lib64/qt/res
2026-09-09T12:33:45.2194815Z [==========                             ] 27% Unzipping... emulator/lib64/qt/lib
2026-09-09T12:33:45.5947565Z [===========                            ] 28% Unzipping... emulator/lib64/qt/lib
2026-09-09T12:33:45.9811700Z [===========                            ] 29% Unzipping... emulator/lib64/qt/lib
2026-09-09T12:33:46.1495738Z [===========                            ] 30% Unzipping... emulator/lib64/qt/lib
2026-09-09T12:33:46.3034975Z [============                           ] 30% Unzipping... emulator/lib64/qt/lib
2026-09-09T12:33:46.3570078Z [============                           ] 30% Unzipping... emulator/lib64/qt/tra
2026-09-09T12:33:46.4164188Z [============                           ] 31% Unzipping... emulator/lib64/qt/tra
2026-09-09T12:33:46.4281922Z [============                           ] 31% Unzipping... emulator/lib64/qt/plu
2026-09-09T12:33:46.5103713Z [============                           ] 31% Unzipping... emulator/lib64/gles_l
2026-09-09T12:33:46.7283333Z [============                           ] 31% Unzipping... emulator/lib64/vulkan
2026-09-09T12:33:47.0490547Z [============                           ] 32% Unzipping... emulator/lib64/vulkan
2026-09-09T12:33:47.1148474Z [============                           ] 32% Unzipping... emulator/lib64/gles_s
2026-09-09T12:33:47.1711462Z [============                           ] 32% Unzipping... emulator/lib64/gles_a
2026-09-09T12:33:47.2345557Z [=============                          ] 33% Unzipping... emulator/lib64/gles_a
2026-09-09T12:33:47.3529665Z [=====================                  ] 55% Unzipping... emulator/lib64/gles_a
2026-09-09T12:33:47.4003675Z [=====================                  ] 55% Installing Android SDK Tools emula
2026-09-09T12:33:47.4206014Z [=====================                  ] 55% Downloading sdk-tools-linux-433379
2026-09-09T12:33:47.4578209Z [======================                 ] 55% Downloading sdk-tools-linux-433379
2026-09-09T12:33:47.4983623Z [======================                 ] 56% Downloading sdk-tools-linux-433379
2026-09-09T12:33:47.5251827Z [======================                 ] 57% Downloading sdk-tools-linux-433379
2026-09-09T12:33:47.5524154Z [=======================                ] 58% Downloading sdk-tools-linux-433379
2026-09-09T12:33:47.5747552Z [=======================                ] 59% Downloading sdk-tools-linux-433379
2026-09-09T12:33:47.5886759Z [=======================                ] 60% Downloading sdk-tools-linux-433379
2026-09-09T12:33:47.5999183Z [========================               ] 60% Downloading sdk-tools-linux-433379
2026-09-09T12:33:47.6249439Z [========================               ] 61% Downloading sdk-tools-linux-433379
2026-09-09T12:33:47.6493266Z [========================               ] 62% Downloading sdk-tools-linux-433379
2026-09-09T12:33:47.6733451Z [=========================              ] 63% Downloading sdk-tools-linux-433379
2026-09-09T12:33:47.6975435Z [=========================              ] 64% Downloading sdk-tools-linux-433379
2026-09-09T12:33:47.7087134Z [=========================              ] 65% Downloading sdk-tools-linux-433379
2026-09-09T12:33:47.7222686Z [==========================             ] 65% Downloading sdk-tools-linux-433379
2026-09-09T12:33:47.7385696Z [==========================             ] 66% Downloading sdk-tools-linux-433379
2026-09-09T12:33:47.7883279Z [==========================             ] 66% Unzipping... emulator/lib64/gles_a
2026-09-09T12:33:47.7884793Z [==========================             ] 66% Unzipping... tools/               
2026-09-09T12:33:47.7885742Z [==========================             ] 66% Unzipping... tools/proguard/      
2026-09-09T12:33:47.7887894Z [==========================             ] 66% Unzipping... tools/proguard/licens
2026-09-09T12:33:47.7888790Z [==========================             ] 66% Unzipping... tools/proguard/lib/  
2026-09-09T12:33:47.7937273Z [==========================             ] 66% Unzipping... tools/proguard/lib/pr
2026-09-09T12:33:47.7939617Z [==========================             ] 66% Unzipping... tools/proguard/lib/re
2026-09-09T12:33:47.7948875Z [==========================             ] 66% Unzipping... tools/proguard/lib/pr
2026-09-09T12:33:47.7949637Z [==========================             ] 66% Unzipping... tools/proguard/ant/  
2026-09-09T12:33:47.7951992Z [==========================             ] 66% Unzipping... tools/proguard/ant/ta
2026-09-09T12:33:47.7952825Z [==========================             ] 66% Unzipping... tools/proguard/docs/ 
2026-09-09T12:33:47.7954408Z [==========================             ] 66% Unzipping... tools/proguard/docs/f
2026-09-09T12:33:47.7961213Z [==========================             ] 66% Unzipping... tools/proguard/docs/s
2026-09-09T12:33:47.7962955Z [==========================             ] 66% Unzipping... tools/proguard/docs/d
2026-09-09T12:33:47.7965944Z [==========================             ] 66% Unzipping... tools/proguard/docs/s
2026-09-09T12:33:47.7968659Z [==========================             ] 66% Unzipping... tools/proguard/docs/F
2026-09-09T12:33:47.7972235Z [==========================             ] 66% Unzipping... tools/proguard/docs/s
2026-09-09T12:33:47.7974384Z [==========================             ] 66% Unzipping... tools/proguard/docs/l
2026-09-09T12:33:47.7978570Z [==========================             ] 66% Unzipping... tools/proguard/docs/s
2026-09-09T12:33:47.7981802Z [==========================             ] 66% Unzipping... tools/proguard/docs/d
2026-09-09T12:33:47.7988069Z [==========================             ] 66% Unzipping... tools/proguard/docs/s
2026-09-09T12:33:47.7989793Z [==========================             ] 66% Unzipping... tools/proguard/docs/r
2026-09-09T12:33:47.7991638Z [==========================             ] 66% Unzipping... tools/proguard/docs/d
2026-09-09T12:33:47.7994206Z [==========================             ] 66% Unzipping... tools/proguard/docs/t
2026-09-09T12:33:47.7996119Z [==========================             ] 66% Unzipping... tools/proguard/docs/f
2026-09-09T12:33:47.7999420Z [==========================             ] 66% Unzipping... tools/proguard/docs/s
2026-09-09T12:33:47.8001526Z [==========================             ] 66% Unzipping... tools/proguard/docs/t
2026-09-09T12:33:47.8003687Z [==========================             ] 66% Unzipping... tools/proguard/docs/i
2026-09-09T12:33:47.8006653Z [==========================             ] 66% Unzipping... tools/proguard/docs/s
2026-09-09T12:33:47.8009153Z [==========================             ] 66% Unzipping... tools/proguard/docs/m
2026-09-09T12:33:47.8011285Z [==========================             ] 66% Unzipping... tools/proguard/docs/s
2026-09-09T12:33:47.8013279Z [==========================             ] 66% Unzipping... tools/proguard/docs/q
2026-09-09T12:33:47.8015966Z [==========================             ] 66% Unzipping... tools/proguard/docs/G
2026-09-09T12:33:47.8018158Z [==========================             ] 66% Unzipping... tools/proguard/docs/t
2026-09-09T12:33:47.8035112Z [==========================             ] 66% Unzipping... tools/proguard/docs/s
2026-09-09T12:33:47.8088691Z [==========================             ] 66% Unzipping... tools/proguard/docs/m
2026-09-09T12:33:47.8089498Z [==========================             ] 66% Unzipping... tools/proguard/docs/s
2026-09-09T12:33:47.8092544Z [==========================             ] 66% Unzipping... tools/proguard/docs/G
2026-09-09T12:33:47.8093633Z [==========================             ] 66% Unzipping... tools/proguard/docs/c
2026-09-09T12:33:47.8098288Z [==========================             ] 66% Unzipping... tools/proguard/docs/a
2026-09-09T12:33:47.8108353Z [==========================             ] 66% Unzipping... tools/proguard/docs/s
2026-09-09T12:33:47.8112609Z [==========================             ] 66% Unzipping... tools/proguard/docs/d
2026-09-09T12:33:47.8219929Z [==========================             ] 66% Unzipping... tools/proguard/exampl
2026-09-09T12:33:47.8222514Z [==========================             ] 66% Unzipping... tools/proguard/bin/  
2026-09-09T12:33:47.8225983Z [==========================             ] 66% Unzipping... tools/proguard/bin/pr
2026-09-09T12:33:47.8229093Z [==========================             ] 66% Unzipping... tools/proguard/bin/re
2026-09-09T12:33:47.8232039Z [==========================             ] 66% Unzipping... tools/proguard/README
2026-09-09T12:33:47.8257533Z [==========================             ] 66% Unzipping... tools/proguard/progua
2026-09-09T12:33:47.8268122Z [==========================             ] 66% Unzipping... tools/lib/           
2026-09-09T12:33:47.8295193Z [==========================             ] 66% Unzipping... tools/lib/bcpkix-jdk1
2026-09-09T12:33:47.8296191Z [==========================             ] 66% Unzipping... tools/lib/org-eclipse
2026-09-09T12:33:47.8303831Z [==========================             ] 66% Unzipping... tools/lib/manifest-me
2026-09-09T12:33:47.8311078Z [==========================             ] 66% Unzipping... tools/lib/jcommander-
2026-09-09T12:33:47.8324238Z [==========================             ] 66% Unzipping... tools/lib/gson-2.3.ja
2026-09-09T12:33:47.8327362Z [==========================             ] 66% Unzipping... tools/lib/ddms-26.0.0
2026-09-09T12:33:47.8331908Z [==========================             ] 66% Unzipping... tools/lib/asm-tree-5.
2026-09-09T12:33:47.8377525Z [==========================             ] 66% Unzipping... tools/lib/uast-26.0.0
2026-09-09T12:33:47.8387093Z [==========================             ] 66% Unzipping... tools/lib/dexlib2-2.2
2026-09-09T12:33:47.8436396Z [==========================             ] 67% Unzipping... tools/lib/dexlib2-2.2
2026-09-09T12:33:47.8442891Z [==========================             ] 67% Unzipping... tools/lib/android.el 
2026-09-09T12:33:47.8445098Z [==========================             ] 67% Unzipping... tools/lib/apkanalyzer
2026-09-09T12:33:47.8561256Z [==========================             ] 67% Unzipping... tools/lib/guava-22.0.
2026-09-09T12:33:47.8591630Z [==========================             ] 67% Unzipping... tools/lib/lint-api-26
2026-09-09T12:33:47.8597620Z [==========================             ] 67% Unzipping... tools/lib/baksmali-2.
2026-09-09T12:33:47.8601429Z [==========================             ] 67% Unzipping... tools/lib/shared.jar 
2026-09-09T12:33:47.8605327Z [==========================             ] 67% Unzipping... tools/lib/jsr305-1.3.
2026-09-09T12:33:47.8628289Z [==========================             ] 67% Unzipping... tools/lib/httpclient-
2026-09-09T12:33:47.8732595Z [==========================             ] 67% Unzipping... tools/lib/ecj-4.6.1.j
2026-09-09T12:33:47.8736423Z [==========================             ] 67% Unzipping... tools/lib/jobb-26.0.0
2026-09-09T12:33:47.8753963Z [==========================             ] 67% Unzipping... tools/lib/jcommon-1.0
2026-09-09T12:33:47.8758523Z [==========================             ] 67% Unzipping... tools/lib/kxml2-2.3.0
2026-09-09T12:33:47.8826344Z [==========================             ] 67% Unzipping... tools/lib/jfreechart-
2026-09-09T12:33:47.8831860Z [==========================             ] 67% Unzipping... tools/lib/common-26.0
2026-09-09T12:33:47.8884348Z [==========================             ] 67% Unzipping... tools/lib/lint-checks
2026-09-09T12:33:47.8992337Z [==========================             ] 67% Unzipping... tools/lib/kotlin-refl
2026-09-09T12:33:47.8995966Z [==========================             ] 67% Unzipping... tools/lib/builder-mod
2026-09-09T12:33:47.9029842Z [==========================             ] 67% Unzipping... tools/lib/sdklib-26.0
2026-09-09T12:33:47.9040594Z [==========================             ] 67% Unzipping... tools/lib/layoutlib-a
2026-09-09T12:33:47.9041362Z [==========================             ] 67% Unzipping... tools/lib/annotations
2026-09-09T12:33:47.9048481Z [==========================             ] 67% Unzipping... tools/lib/fat32lib.ja
2026-09-09T12:33:47.9051475Z [==========================             ] 67% Unzipping... tools/lib/jsr305-3.0.
2026-09-09T12:33:47.9102902Z [==========================             ] 67% Unzipping... tools/lib/org-eclipse
2026-09-09T12:33:47.9104704Z [==========================             ] 67% Unzipping... tools/lib/error_prone
2026-09-09T12:33:47.9113196Z [==========================             ] 67% Unzipping... tools/lib/org-eclipse
2026-09-09T12:33:47.9115706Z [==========================             ] 67% Unzipping... tools/lib/animal-snif
2026-09-09T12:33:47.9150361Z [==========================             ] 67% Unzipping... tools/lib/asset-studi
2026-09-09T12:33:47.9177386Z [===========================            ] 68% Unzipping... tools/lib/asset-studi
2026-09-09T12:33:47.9189628Z [===========================            ] 68% Unzipping... tools/lib/repository-
2026-09-09T12:33:47.9193229Z [===========================            ] 68% Unzipping... tools/lib/dvlib-26.0.
2026-09-09T12:33:47.9221047Z [===========================            ] 68% Unzipping... tools/lib/jsilver-1.0
2026-09-09T12:33:47.9225950Z [===========================            ] 68% Unzipping... tools/lib/asm-5.1.jar
2026-09-09T12:33:47.9229518Z [===========================            ] 68% Unzipping... tools/lib/devices.xml
2026-09-09T12:33:47.9231781Z [===========================            ] 68% Unzipping... tools/lib/asm-analysi
2026-09-09T12:33:47.9253746Z [===========================            ] 68% Unzipping... tools/lib/hierarchyvi
2026-09-09T12:33:47.9261273Z [===========================            ] 68% Unzipping... tools/lib/monkeyrunne
2026-09-09T12:33:47.9269226Z [===========================            ] 68% Unzipping... tools/lib/uiautomator
2026-09-09T12:33:47.9269973Z [===========================            ] 68% Unzipping... tools/lib/archquery-2
2026-09-09T12:33:47.9274421Z [===========================            ] 68% Unzipping... tools/lib/chimpchat-2
2026-09-09T12:33:47.9277715Z [===========================            ] 68% Unzipping... tools/lib/explainer.j
2026-09-09T12:33:47.9301109Z [===========================            ] 68% Unzipping... tools/lib/ddmlib-26.0
2026-09-09T12:33:47.9347488Z [===========================            ] 68% Unzipping... tools/lib/swtmenubar-
2026-09-09T12:33:47.9401039Z [===========================            ] 68% Unzipping... tools/lib/osgi-4.0.0.
2026-09-09T12:33:47.9401936Z [===========================            ] 68% Unzipping... tools/lib/x86_64/    
2026-09-09T12:33:47.9471918Z [===========================            ] 68% Unzipping... tools/lib/x86_64/swt.
2026-09-09T12:33:47.9883852Z [===========================            ] 68% Unzipping... tools/lib/monitor-x86
2026-09-09T12:33:48.0650851Z [===========================            ] 69% Unzipping... tools/lib/monitor-x86
2026-09-09T12:33:48.1191181Z [===========================            ] 70% Unzipping... tools/lib/monitor-x86
2026-09-09T12:33:48.1610563Z [============================           ] 70% Unzipping... tools/lib/monitor-x86
2026-09-09T12:33:48.3060816Z [============================           ] 71% Unzipping... tools/lib/monitor-x86
2026-09-09T12:33:48.3062269Z [============================           ] 71% Unzipping... tools/lib/httpmime-4.
2026-09-09T12:33:48.3064652Z [============================           ] 71% Unzipping... tools/lib/annotations
2026-09-09T12:33:48.3079285Z [============================           ] 71% Unzipping... tools/lib/lint-26.0.0
2026-09-09T12:33:48.3092351Z [============================           ] 71% Unzipping... tools/lib/apkanalyzer
2026-09-09T12:33:48.3097222Z [============================           ] 71% Unzipping... tools/lib/binary-reso
2026-09-09T12:33:48.3099834Z [============================           ] 71% Unzipping... tools/lib/jopt-simple
2026-09-09T12:33:48.3107083Z [============================           ] 71% Unzipping... tools/lib/util-2.2.1.
2026-09-09T12:33:48.3124178Z [============================           ] 71% Unzipping... tools/lib/ddmuilib-26
2026-09-09T12:33:48.3138382Z [============================           ] 72% Unzipping... tools/lib/ddmuilib-26
2026-09-09T12:33:48.3183245Z [============================           ] 72% Unzipping... tools/lib/sdk-common-
2026-09-09T12:33:48.3193150Z [============================           ] 72% Unzipping... tools/lib/traceview-2
2026-09-09T12:33:48.3206664Z [============================           ] 72% Unzipping... tools/lib/httpcore-4.
2026-09-09T12:33:48.3209513Z [============================           ] 72% Unzipping... tools/lib/screenshot2
2026-09-09T12:33:48.3221908Z [============================           ] 72% Unzipping... tools/lib/commons-cod
2026-09-09T12:33:48.3223241Z [============================           ] 72% Unzipping... tools/lib/proguard-pr
2026-09-09T12:33:48.3759679Z [============================           ] 72% Unzipping... tools/lib/jython-stan
2026-09-09T12:33:48.3809026Z [=============================          ] 73% Unzipping... tools/lib/jython-stan
2026-09-09T12:33:48.3811632Z [=============================          ] 73% Unzipping... tools/lib/annotations
2026-09-09T12:33:48.3816690Z [=============================          ] 73% Unzipping... tools/lib/commons-log
2026-09-09T12:33:48.3879244Z [=============================          ] 73% Unzipping... tools/lib/protobuf-ja
2026-09-09T12:33:48.3883620Z [=============================          ] 73% Unzipping... tools/lib/fakeadbserv
2026-09-09T12:33:48.4030988Z [=============================          ] 73% Unzipping... tools/lib/bcprov-jdk1
2026-09-09T12:33:48.4031852Z [=============================          ] 73% Unzipping... tools/lib/x86/       
2026-09-09T12:33:48.4094579Z [=============================          ] 73% Unzipping... tools/lib/x86/swt.jar
2026-09-09T12:33:48.4136304Z [=============================          ] 73% Unzipping... tools/lib/kotlin-stdl
2026-09-09T12:33:48.4158835Z [=============================          ] 73% Unzipping... tools/lib/commons-com
2026-09-09T12:33:48.4193899Z [=============================          ] 73% Unzipping... tools/lib/lombok-ast-
2026-09-09T12:33:48.4221839Z [=============================          ] 73% Unzipping... tools/lib/trove4j-201
2026-09-09T12:33:48.4443413Z [=============================          ] 73% Unzipping... tools/lib/intellij-co
2026-09-09T12:33:48.4584200Z [=============================          ] 74% Unzipping... tools/lib/intellij-co
2026-09-09T12:33:48.4595689Z [=============================          ] 74% Unzipping... tools/lib/jimfs-1.1.j
2026-09-09T12:33:48.4597511Z [=============================          ] 74% Unzipping... tools/lib/j2objc-anno
2026-09-09T12:33:48.4603469Z [=============================          ] 74% Unzipping... tools/lib/jfreechart-
2026-09-09T12:33:48.5045826Z [=============================          ] 74% Unzipping... tools/lib/monitor-x86
2026-09-09T12:33:48.5431463Z [=============================          ] 75% Unzipping... tools/lib/monitor-x86
2026-09-09T12:33:48.5779966Z [==============================         ] 75% Unzipping... tools/lib/monitor-x86
2026-09-09T12:33:48.6605477Z [==============================         ] 76% Unzipping... tools/lib/monitor-x86
2026-09-09T12:33:48.8085525Z [==============================         ] 77% Unzipping... tools/lib/monitor-x86
2026-09-09T12:33:48.8090371Z [==============================         ] 77% Unzipping... tools/lib/generator.j
2026-09-09T12:33:48.8091566Z [==============================         ] 77% Unzipping... tools/source.properti
2026-09-09T12:33:48.8092310Z [==============================         ] 77% Unzipping... tools/bin/           
2026-09-09T12:33:48.8094517Z [==============================         ] 77% Unzipping... tools/bin/avdmanager 
2026-09-09T12:33:48.8096988Z [==============================         ] 77% Unzipping... tools/bin/jobb       
2026-09-09T12:33:48.8098974Z [==============================         ] 77% Unzipping... tools/bin/uiautomator
2026-09-09T12:33:48.8101324Z [==============================         ] 77% Unzipping... tools/bin/apkanalyzer
2026-09-09T12:33:48.8103290Z [==============================         ] 77% Unzipping... tools/bin/monkeyrunne
2026-09-09T12:33:48.8105501Z [==============================         ] 77% Unzipping... tools/bin/archquery  
2026-09-09T12:33:48.8107564Z [==============================         ] 77% Unzipping... tools/bin/sdkmanager 
2026-09-09T12:33:48.8110171Z [==============================         ] 77% Unzipping... tools/bin/lint       
2026-09-09T12:33:48.8112322Z [==============================         ] 77% Unzipping... tools/bin/screenshot2
2026-09-09T12:33:48.8134238Z [==============================         ] 77% Unzipping... tools/NOTICE.txt     
2026-09-09T12:33:48.8169531Z [==============================         ] 77% Unzipping... tools/emulator       
2026-09-09T12:33:48.8192739Z [==============================         ] 77% Unzipping... tools/emulator-check 
2026-09-09T12:33:48.8194957Z [==============================         ] 77% Unzipping... tools/monitor        
2026-09-09T12:33:48.8197499Z [==============================         ] 77% Unzipping... tools/android        
2026-09-09T12:33:48.8200273Z [==============================         ] 77% Unzipping... tools/mksdcard       
2026-09-09T12:33:48.8201111Z [==============================         ] 77% Unzipping... tools/support/       
2026-09-09T12:33:48.8205613Z [==============================         ] 77% Unzipping... tools/support/typos-d
2026-09-09T12:33:48.8209290Z [==============================         ] 77% Unzipping... tools/support/typos-e
2026-09-09T12:33:48.8210768Z [==============================         ] 77% Unzipping... tools/support/annotat
2026-09-09T12:33:48.8218822Z [==============================         ] 77% Unzipping... tools/support/typos-e
2026-09-09T12:33:48.8222414Z [==============================         ] 77% Unzipping... tools/support/typos-t
2026-09-09T12:33:48.8226564Z [==============================         ] 77% Unzipping... tools/support/typos-p
2026-09-09T12:33:48.8230653Z [==============================         ] 77% Unzipping... tools/support/typos-i
2026-09-09T12:33:48.8233489Z [==============================         ] 77% Unzipping... tools/support/typos-n
2026-09-09T12:33:48.8237183Z [==============================         ] 77% Unzipping... tools/support/typos-h
2026-09-09T12:33:48.8516438Z [==============================         ] 78% Unzipping... tools/support/typos-h
2026-09-09T12:33:48.8517589Z [=======================================] 100% Unzipping... tools/support/typos-
2026-09-09T12:33:48.8558869Z 
2026-09-09T12:33:48.8690887Z [command]/usr/local/lib/android/sdk/cmdline-tools/16.0/bin/sdkmanager platform-tools
2026-09-09T12:33:49.6551548Z Loading package information...                                                  
2026-09-09T12:33:49.7599853Z Loading local repository...                                                     
2026-09-09T12:33:49.7600996Z [                                       ] 3% Loading local repository...        
2026-09-09T12:33:49.7694444Z [                                       ] 3% Fetch remote repository...         
2026-09-09T12:33:50.0756609Z [=                                      ] 3% Fetch remote repository...         
2026-09-09T12:33:50.2141308Z [=                                      ] 4% Fetch remote repository...         
2026-09-09T12:33:50.2460865Z [=                                      ] 5% Fetch remote repository...         
2026-09-09T12:33:50.3049870Z [==                                     ] 5% Fetch remote repository...         
2026-09-09T12:33:50.3783826Z [==                                     ] 6% Fetch remote repository...         
2026-09-09T12:33:50.4707388Z [==                                     ] 7% Fetch remote repository...         
2026-09-09T12:33:50.4737673Z [==                                     ] 7% Computing updates...               
2026-09-09T12:33:50.4827410Z [===                                    ] 8% Computing updates...               
2026-09-09T12:33:50.4886326Z [===                                    ] 10% Computing updates...              
2026-09-09T12:33:50.4888613Z [=======================================] 100% Computing updates...             
2026-09-09T12:33:50.4889426Z 
2026-09-09T12:33:50.5310425Z Prepare all required actions
2026-09-09T12:33:50.5311008Z Getting action download info
2026-09-09T12:33:50.6498832Z Download action repository 'subosito/flutter-action@v2' (SHA:1a449444c387b1966244ae4d4f8c696479add0b2)
2026-09-09T12:33:51.0127145Z Getting action download info
2026-09-09T12:33:51.1411938Z Download action repository 'actions/cache@v5' (SHA:caa296126883cff596d87d8935842f9db880ef25)
2026-09-09T12:33:51.2667445Z ##[group]Run ./.github/actions/setup-fluvi-flutter
2026-09-09T12:33:51.2667784Z env:
2026-09-09T12:33:51.2668099Z   JAVA_HOME: /opt/hostedtoolcache/Java_Temurin-Hotspot_jdk/17.0.20-1/x64
2026-09-09T12:33:51.2668607Z   JAVA_HOME_17_X64: /opt/hostedtoolcache/Java_Temurin-Hotspot_jdk/17.0.20-1/x64
2026-09-09T12:33:51.2668992Z   MAVEN_ARGS: -ntp
2026-09-09T12:33:51.2669224Z   ANDROID_HOME: /usr/local/lib/android/sdk
2026-09-09T12:33:51.2669542Z   ANDROID_SDK_ROOT: /usr/local/lib/android/sdk
2026-09-09T12:33:51.2669816Z ##[endgroup]
2026-09-09T12:33:51.2734591Z ##[start-action display=Run subosito/flutter-action@v2;id=__self.__subosito_flutter-action]
2026-09-09T12:33:51.2904109Z ##[group]Run subosito/flutter-action@v2
2026-09-09T12:33:51.2904393Z with:
2026-09-09T12:33:51.2904593Z   flutter-version: 3.41.4
2026-09-09T12:33:51.2904828Z   channel: stable
2026-09-09T12:33:51.2905028Z   cache: true
2026-09-09T12:33:51.2905224Z   architecture: X64
2026-09-09T12:33:51.2905441Z   pub-cache-path: default
2026-09-09T12:33:51.2905663Z   dry-run: false
2026-09-09T12:33:51.2905929Z   git-source: https://github.com/flutter/flutter.git
2026-09-09T12:33:51.2906238Z env:
2026-09-09T12:33:51.2906533Z   JAVA_HOME: /opt/hostedtoolcache/Java_Temurin-Hotspot_jdk/17.0.20-1/x64
2026-09-09T12:33:51.2907313Z   JAVA_HOME_17_X64: /opt/hostedtoolcache/Java_Temurin-Hotspot_jdk/17.0.20-1/x64
2026-09-09T12:33:51.2907702Z   MAVEN_ARGS: -ntp
2026-09-09T12:33:51.2907937Z   ANDROID_HOME: /usr/local/lib/android/sdk
2026-09-09T12:33:51.2908252Z   ANDROID_SDK_ROOT: /usr/local/lib/android/sdk
2026-09-09T12:33:51.2908539Z ##[endgroup]
2026-09-09T12:33:51.2913953Z ##[start-action display=Make yq tool available on Windows runners;id=__self.__subosito_flutter-action.__run]
2026-09-09T12:33:51.2924799Z ##[end-action id=__self.__subosito_flutter-action.__run;outcome=skipped;conclusion=skipped;duration_ms=0]
2026-09-09T12:33:51.2927251Z ##[start-action display=Make setup script executable;id=__self.__subosito_flutter-action.__run_2]
2026-09-09T12:33:51.2951486Z ##[group]Run chmod +x "$GITHUB_ACTION_PATH/setup.sh"
2026-09-09T12:33:51.2951901Z [36;1mchmod +x "$GITHUB_ACTION_PATH/setup.sh"[0m
2026-09-09T12:33:51.2989927Z shell: /usr/bin/bash --noprofile --norc -e -o pipefail {0}
2026-09-09T12:33:51.2990281Z env:
2026-09-09T12:33:51.2990590Z   JAVA_HOME: /opt/hostedtoolcache/Java_Temurin-Hotspot_jdk/17.0.20-1/x64
2026-09-09T12:33:51.2991109Z   JAVA_HOME_17_X64: /opt/hostedtoolcache/Java_Temurin-Hotspot_jdk/17.0.20-1/x64
2026-09-09T12:33:51.2991536Z   MAVEN_ARGS: -ntp
2026-09-09T12:33:51.2991770Z   ANDROID_HOME: /usr/local/lib/android/sdk
2026-09-09T12:33:51.2992068Z   ANDROID_SDK_ROOT: /usr/local/lib/android/sdk
2026-09-09T12:33:51.2992351Z ##[endgroup]
2026-09-09T12:33:51.3151181Z ##[end-action id=__self.__subosito_flutter-action.__run_2;outcome=success;conclusion=success;duration_ms=22]
2026-09-09T12:33:51.3153469Z ##[start-action display=Set action inputs;id=__self.__subosito_flutter-action.flutter-action]
2026-09-09T12:33:51.3188063Z ##[group]Run $GITHUB_ACTION_PATH/setup.sh -p \
2026-09-09T12:33:51.3188461Z [36;1m$GITHUB_ACTION_PATH/setup.sh -p \[0m
2026-09-09T12:33:51.3188751Z [36;1m  -n '3.41.4' \[0m
2026-09-09T12:33:51.3188977Z [36;1m  -f '' \[0m
2026-09-09T12:33:51.3189183Z [36;1m  -a 'X64' \[0m
2026-09-09T12:33:51.3189387Z [36;1m  -k '' \[0m
2026-09-09T12:33:51.3189589Z [36;1m  -c '' \[0m
2026-09-09T12:33:51.3189783Z [36;1m  -l '' \[0m
2026-09-09T12:33:51.3189985Z [36;1m  -d 'default' \[0m
2026-09-09T12:33:51.3190455Z [36;1m  -g 'https://github.com/flutter/flutter.git' \[0m
2026-09-09T12:33:51.3190949Z [36;1m  stable[0m
2026-09-09T12:33:51.3224295Z shell: /usr/bin/bash --noprofile --norc -e -o pipefail {0}
2026-09-09T12:33:51.3224640Z env:
2026-09-09T12:33:51.3224945Z   JAVA_HOME: /opt/hostedtoolcache/Java_Temurin-Hotspot_jdk/17.0.20-1/x64
2026-09-09T12:33:51.3225452Z   JAVA_HOME_17_X64: /opt/hostedtoolcache/Java_Temurin-Hotspot_jdk/17.0.20-1/x64
2026-09-09T12:33:51.3225836Z   MAVEN_ARGS: -ntp
2026-09-09T12:33:51.3226066Z   ANDROID_HOME: /usr/local/lib/android/sdk
2026-09-09T12:33:51.3226380Z   ANDROID_SDK_ROOT: /usr/local/lib/android/sdk
2026-09-09T12:33:51.3226666Z ##[endgroup]
2026-09-09T12:33:51.5329278Z ##[end-action id=__self.__subosito_flutter-action.flutter-action;outcome=success;conclusion=success;duration_ms=217]
2026-09-09T12:33:51.5334134Z ##[start-action display=Cache Flutter;id=__self.__subosito_flutter-action.cache-flutter]
2026-09-09T12:33:51.5372149Z ##[group]Run actions/cache@v5
2026-09-09T12:33:51.5372401Z with:
2026-09-09T12:33:51.5372657Z   path: /opt/hostedtoolcache/flutter/stable-3.41.4-x64
2026-09-09T12:33:51.5373133Z   key: flutter-linux-stable-3.41.4-x64-ff37bef603469fb030f2b72995ab929ccfc227f0
2026-09-09T12:33:51.5373564Z   enableCrossOsArchive: false
2026-09-09T12:33:51.5373817Z   fail-on-cache-miss: false
2026-09-09T12:33:51.5374048Z   lookup-only: false
2026-09-09T12:33:51.5374256Z   save-always: false
2026-09-09T12:33:51.5374457Z env:
2026-09-09T12:33:51.5374752Z   JAVA_HOME: /opt/hostedtoolcache/Java_Temurin-Hotspot_jdk/17.0.20-1/x64
2026-09-09T12:33:51.5375270Z   JAVA_HOME_17_X64: /opt/hostedtoolcache/Java_Temurin-Hotspot_jdk/17.0.20-1/x64
2026-09-09T12:33:51.5375653Z   MAVEN_ARGS: -ntp
2026-09-09T12:33:51.5375883Z   ANDROID_HOME: /usr/local/lib/android/sdk
2026-09-09T12:33:51.5376190Z   ANDROID_SDK_ROOT: /usr/local/lib/android/sdk
2026-09-09T12:33:51.5376465Z ##[endgroup]
2026-09-09T12:33:51.8651128Z Cache hit for: flutter-linux-stable-3.41.4-x64-ff37bef603469fb030f2b72995ab929ccfc227f0
2026-09-09T12:33:53.0950857Z Received 33554432 of 1660707274 (2.0%), 32.0 MBs/sec
2026-09-09T12:33:54.0981624Z Received 222298112 of 1660707274 (13.4%), 105.8 MBs/sec
2026-09-09T12:33:55.1028260Z Received 436207616 of 1660707274 (26.3%), 138.4 MBs/sec
2026-09-09T12:33:56.1019548Z Received 666894336 of 1660707274 (40.2%), 158.7 MBs/sec
2026-09-09T12:33:57.1108465Z Received 880803840 of 1660707274 (53.0%), 167.6 MBs/sec
2026-09-09T12:33:58.1136467Z Received 1086324736 of 1660707274 (65.4%), 172.1 MBs/sec
2026-09-09T12:33:59.1135082Z Received 1333788672 of 1660707274 (80.3%), 181.2 MBs/sec
2026-09-09T12:34:00.1143562Z Received 1514143744 of 1660707274 (91.2%), 180.0 MBs/sec
2026-09-09T12:34:00.8382603Z Received 1660707274 of 1660707274 (100.0%), 181.1 MBs/sec
2026-09-09T12:34:00.8385136Z Cache Size: ~1584 MB (1660707274 B)
2026-09-09T12:34:00.8460342Z [command]/usr/bin/tar -xf /home/runner/work/_temp/883149ec-66c1-4342-a708-787c9f0a621b/cache.tzst -P -C /home/runner/work/exptv2/exptv2 --use-compress-program unzstd
2026-09-09T12:34:05.7158290Z Cache restored successfully
2026-09-09T12:34:05.7925127Z Cache restored from key: flutter-linux-stable-3.41.4-x64-ff37bef603469fb030f2b72995ab929ccfc227f0
2026-09-09T12:34:05.8053481Z ##[end-action id=__self.__subosito_flutter-action.cache-flutter;outcome=success;conclusion=success;duration_ms=14271]
2026-09-09T12:34:05.8056205Z ##[start-action display=Cache pub dependencies;id=__self.__subosito_flutter-action.cache-pub]
2026-09-09T12:34:05.9964057Z ##[group]Run actions/cache@v5
2026-09-09T12:34:05.9964318Z with:
2026-09-09T12:34:05.9964528Z   path: /home/runner/.pub-cache
2026-09-09T12:34:05.9965276Z   key: flutter-pub-linux-stable-3.41.4-x64-ff37bef603469fb030f2b72995ab929ccfc227f0-3da74abe0bcb4ea3ee040ccd40bcdef95f40382992cc63b2474d58c085587002
2026-09-09T12:34:05.9966051Z   enableCrossOsArchive: false
2026-09-09T12:34:05.9966313Z   fail-on-cache-miss: false
2026-09-09T12:34:05.9966550Z   lookup-only: false
2026-09-09T12:34:05.9967291Z   save-always: false
2026-09-09T12:34:05.9967503Z env:
2026-09-09T12:34:05.9967988Z   JAVA_HOME: /opt/hostedtoolcache/Java_Temurin-Hotspot_jdk/17.0.20-1/x64
2026-09-09T12:34:05.9968521Z   JAVA_HOME_17_X64: /opt/hostedtoolcache/Java_Temurin-Hotspot_jdk/17.0.20-1/x64
2026-09-09T12:34:05.9968929Z   MAVEN_ARGS: -ntp
2026-09-09T12:34:05.9969165Z   ANDROID_HOME: /usr/local/lib/android/sdk
2026-09-09T12:34:05.9969477Z   ANDROID_SDK_ROOT: /usr/local/lib/android/sdk
2026-09-09T12:34:05.9969760Z ##[endgroup]
2026-09-09T12:34:06.4821085Z Cache hit for: flutter-pub-linux-stable-3.41.4-x64-ff37bef603469fb030f2b72995ab929ccfc227f0-3da74abe0bcb4ea3ee040ccd40bcdef95f40382992cc63b2474d58c085587002
2026-09-09T12:34:07.6887375Z Received 20971520 of 24689928 (84.9%), 20.0 MBs/sec
2026-09-09T12:34:07.7660411Z Received 24689928 of 24689928 (100.0%), 21.9 MBs/sec
2026-09-09T12:34:07.7661092Z Cache Size: ~24 MB (24689928 B)
2026-09-09T12:34:07.7766006Z [command]/usr/bin/tar -xf /home/runner/work/_temp/e811d38d-5caf-4b6b-8316-620889e84506/cache.tzst -P -C /home/runner/work/exptv2/exptv2 --use-compress-program unzstd
2026-09-09T12:34:08.4414497Z Cache restored successfully
2026-09-09T12:34:08.4504121Z Cache restored from key: flutter-pub-linux-stable-3.41.4-x64-ff37bef603469fb030f2b72995ab929ccfc227f0-3da74abe0bcb4ea3ee040ccd40bcdef95f40382992cc63b2474d58c085587002
2026-09-09T12:34:08.4590436Z ##[end-action id=__self.__subosito_flutter-action.cache-pub;outcome=success;conclusion=success;duration_ms=2653]
2026-09-09T12:34:08.4592817Z ##[start-action display=Run setup script;id=__self.__subosito_flutter-action.__run_3]
2026-09-09T12:34:08.4625420Z ##[group]Run $GITHUB_ACTION_PATH/setup.sh \
2026-09-09T12:34:08.4625773Z [36;1m$GITHUB_ACTION_PATH/setup.sh \[0m
2026-09-09T12:34:08.4626064Z [36;1m  -n '3.41.4' \[0m
2026-09-09T12:34:08.4626302Z [36;1m  -a 'x64' \[0m
2026-09-09T12:34:08.4626630Z [36;1m  -c '/opt/hostedtoolcache/flutter/stable-3.41.4-x64' \[0m
2026-09-09T12:34:08.4627623Z [36;1m  -d '/home/runner/.pub-cache' \[0m
2026-09-09T12:34:08.4627947Z [36;1m  stable[0m
2026-09-09T12:34:08.4662557Z shell: /usr/bin/bash --noprofile --norc -e -o pipefail {0}
2026-09-09T12:34:08.4662918Z env:
2026-09-09T12:34:08.4663245Z   JAVA_HOME: /opt/hostedtoolcache/Java_Temurin-Hotspot_jdk/17.0.20-1/x64
2026-09-09T12:34:08.4663772Z   JAVA_HOME_17_X64: /opt/hostedtoolcache/Java_Temurin-Hotspot_jdk/17.0.20-1/x64
2026-09-09T12:34:08.4664169Z   MAVEN_ARGS: -ntp
2026-09-09T12:34:08.4664414Z   ANDROID_HOME: /usr/local/lib/android/sdk
2026-09-09T12:34:08.4664729Z   ANDROID_SDK_ROOT: /usr/local/lib/android/sdk
2026-09-09T12:34:08.4665017Z ##[endgroup]
2026-09-09T12:34:08.6582792Z ##[end-action id=__self.__subosito_flutter-action.__run_3;outcome=success;conclusion=success;duration_ms=198]
2026-09-09T12:34:08.6615679Z ##[end-action id=__self.__subosito_flutter-action;outcome=success;conclusion=success;duration_ms=17388]
2026-09-09T12:34:08.6618075Z ##[start-action display=Get Flutter packages;id=__self.__run]
2026-09-09T12:34:08.6633307Z ##[group]Run flutter pub get
2026-09-09T12:34:08.6633600Z [36;1mflutter pub get[0m
2026-09-09T12:34:08.6668594Z shell: /usr/bin/bash --noprofile --norc -e -o pipefail {0}
2026-09-09T12:34:08.6668958Z env:
2026-09-09T12:34:08.6669272Z   JAVA_HOME: /opt/hostedtoolcache/Java_Temurin-Hotspot_jdk/17.0.20-1/x64
2026-09-09T12:34:08.6669806Z   JAVA_HOME_17_X64: /opt/hostedtoolcache/Java_Temurin-Hotspot_jdk/17.0.20-1/x64
2026-09-09T12:34:08.6670213Z   MAVEN_ARGS: -ntp
2026-09-09T12:34:08.6670455Z   ANDROID_HOME: /usr/local/lib/android/sdk
2026-09-09T12:34:08.6670772Z   ANDROID_SDK_ROOT: /usr/local/lib/android/sdk
2026-09-09T12:34:08.6671163Z   FLUTTER_ROOT: /opt/hostedtoolcache/flutter/stable-3.41.4-x64/flutter
2026-09-09T12:34:08.6671555Z   PUB_CACHE: /home/runner/.pub-cache
2026-09-09T12:34:08.6671818Z ##[endgroup]
2026-09-09T12:34:08.8352402Z Resolving dependencies...
2026-09-09T12:34:08.8745492Z Downloading packages...
2026-09-09T12:34:08.9353523Z   clock 1.1.2 (1.1.3 available)
2026-09-09T12:34:08.9354172Z   matcher 0.12.19 (0.12.20 available)
2026-09-09T12:34:08.9355142Z   material_color_utilities 0.13.0 (0.13.1 available)
2026-09-09T12:34:08.9355992Z   meta 1.17.0 (1.19.0 available)
2026-09-09T12:34:08.9356561Z   platform 3.1.6 (3.2.0 available)
2026-09-09T12:34:08.9357437Z   process 5.0.5 (5.0.6 available)
2026-09-09T12:34:08.9358017Z   stack_trace 1.12.1 (1.12.2 available)
2026-09-09T12:34:08.9358600Z   test_api 0.7.10 (0.7.14 available)
2026-09-09T12:34:08.9359217Z   vector_graphics 1.2.2 (1.2.3 available)
2026-09-09T12:34:08.9359833Z   vector_math 2.2.0 (2.4.2 available)
2026-09-09T12:34:08.9360425Z   vm_service 15.2.0 (15.3.0 available)
2026-09-09T12:34:08.9360975Z Got dependencies!
2026-09-09T12:34:08.9361752Z 11 packages have newer versions incompatible with dependency constraints.
2026-09-09T12:34:08.9362660Z Try `flutter pub outdated` for more information.
2026-09-09T12:34:09.1590758Z ##[end-action id=__self.__run;outcome=success;conclusion=success;duration_ms=497]
2026-09-09T12:34:09.1631335Z ##[group]Run test -e /dev/kvm
2026-09-09T12:34:09.1631689Z [36;1mtest -e /dev/kvm[0m
2026-09-09T12:34:09.1631951Z [36;1msudo chmod 0666 /dev/kvm[0m
2026-09-09T12:34:09.1632221Z [36;1mtest -r /dev/kvm[0m
2026-09-09T12:34:09.1632454Z [36;1mtest -w /dev/kvm[0m
2026-09-09T12:34:09.1632678Z [36;1mlscpu[0m
2026-09-09T12:34:09.1632974Z [36;1mprofile_curl_home="$RUNNER_TEMP/fluvi-profile-curl"[0m
2026-09-09T12:34:09.1633349Z [36;1mmkdir -p "$profile_curl_home"[0m
2026-09-09T12:34:09.1633635Z [36;1mprintf '%s\n' \[0m
2026-09-09T12:34:09.1633867Z [36;1m  'retry = 5' \[0m
2026-09-09T12:34:09.1634108Z [36;1m  'retry-all-errors' \[0m
2026-09-09T12:34:09.1634381Z [36;1m  'retry-delay = 2' \[0m
2026-09-09T12:34:09.1634635Z [36;1m  'continue-at = -' \[0m
2026-09-09T12:34:09.1634912Z [36;1m  > "$profile_curl_home/.curlrc"[0m
2026-09-09T12:34:09.1635296Z [36;1mprintf 'CURL_HOME=%s\n' "$profile_curl_home" >> "$GITHUB_ENV"[0m
2026-09-09T12:34:09.1671887Z shell: /usr/bin/bash -e {0}
2026-09-09T12:34:09.1672148Z env:
2026-09-09T12:34:09.1672478Z   JAVA_HOME: /opt/hostedtoolcache/Java_Temurin-Hotspot_jdk/17.0.20-1/x64
2026-09-09T12:34:09.1673017Z   JAVA_HOME_17_X64: /opt/hostedtoolcache/Java_Temurin-Hotspot_jdk/17.0.20-1/x64
2026-09-09T12:34:09.1673413Z   MAVEN_ARGS: -ntp
2026-09-09T12:34:09.1673658Z   ANDROID_HOME: /usr/local/lib/android/sdk
2026-09-09T12:34:09.1673970Z   ANDROID_SDK_ROOT: /usr/local/lib/android/sdk
2026-09-09T12:34:09.1674367Z   FLUTTER_ROOT: /opt/hostedtoolcache/flutter/stable-3.41.4-x64/flutter
2026-09-09T12:34:09.1674766Z   PUB_CACHE: /home/runner/.pub-cache
2026-09-09T12:34:09.1675037Z ##[endgroup]
2026-09-09T12:34:09.1838828Z Architecture:                            x86_64
2026-09-09T12:34:09.1839525Z CPU op-mode(s):                          32-bit, 64-bit
2026-09-09T12:34:09.1840057Z Address sizes:                           48 bits physical, 48 bits virtual
2026-09-09T12:34:09.1840547Z Byte Order:                              Little Endian
2026-09-09T12:34:09.1840942Z CPU(s):                                  4
2026-09-09T12:34:09.1841395Z On-line CPU(s) list:                     0-3
2026-09-09T12:34:09.1842103Z Vendor ID:                               AuthenticAMD
2026-09-09T12:34:09.1842927Z Model name:                              AMD EPYC 7763 64-Core Processor
2026-09-09T12:34:09.1843375Z CPU family:                              25
2026-09-09T12:34:09.1843723Z Model:                                   1
2026-09-09T12:34:09.1844060Z Thread(s) per core:                      2
2026-09-09T12:34:09.1844400Z Core(s) per socket:                      2
2026-09-09T12:34:09.1844725Z Socket(s):                               1
2026-09-09T12:34:09.1845060Z Stepping:                                1
2026-09-09T12:34:09.1845410Z BogoMIPS:                                4890.85
2026-09-09T12:34:09.1849069Z Flags:                                   fpu vme de pse tsc msr pae mce cx8 apic sep mtrr pge mca cmov pat pse36 clflush mmx fxsr sse sse2 ht syscall nx mmxext fxsr_opt pdpe1gb rdtscp lm constant_tsc rep_good nopl tsc_reliable nonstop_tsc cpuid extd_apicid aperfmperf tsc_known_freq pni pclmulqdq ssse3 fma cx16 pcid sse4_1 sse4_2 movbe popcnt aes xsave avx f16c rdrand hypervisor lahf_lm cmp_legacy svm cr8_legacy abm sse4a misalignsse 3dnowprefetch osvw topoext vmmcall fsgsbase bmi1 avx2 smep bmi2 erms invpcid rdseed adx smap clflushopt clwb sha_ni xsaveopt xsavec xgetbv1 xsaves user_shstk clzero xsaveerptr rdpru arat npt nrip_save tsc_scale vmcb_clean flushbyasid decodeassists pausefilter pfthreshold v_vmsave_vmload umip vaes vpclmulqdq rdpid fsrm
2026-09-09T12:34:09.1852018Z Virtualization:                          AMD-V
2026-09-09T12:34:09.1852425Z Hypervisor vendor:                       Microsoft
2026-09-09T12:34:09.1852814Z Virtualization type:                     full
2026-09-09T12:34:09.1853236Z L1d cache:                               64 KiB (2 instances)
2026-09-09T12:34:09.1853676Z L1i cache:                               64 KiB (2 instances)
2026-09-09T12:34:09.1854261Z L2 cache:                                1 MiB (2 instances)
2026-09-09T12:34:09.1854717Z L3 cache:                                32 MiB (1 instance)
2026-09-09T12:34:09.1855101Z NUMA node(s):                            1
2026-09-09T12:34:09.1855798Z NUMA node0 CPU(s):                       0-3
2026-09-09T12:34:09.1856555Z Vulnerability Gather data sampling:      Not affected
2026-09-09T12:34:09.1857506Z Vulnerability Ghostwrite:                Not affected
2026-09-09T12:34:09.1857954Z Vulnerability Indirect target selection: Not affected
2026-09-09T12:34:09.1858412Z Vulnerability Itlb multihit:             Not affected
2026-09-09T12:34:09.1858847Z Vulnerability L1tf:                      Not affected
2026-09-09T12:34:09.1859267Z Vulnerability Mds:                       Not affected
2026-09-09T12:34:09.1859684Z Vulnerability Meltdown:                  Not affected
2026-09-09T12:34:09.1860090Z Vulnerability Mmio stale data:           Not affected
2026-09-09T12:34:09.1860508Z Vulnerability Old microcode:             Not affected
2026-09-09T12:34:09.1860936Z Vulnerability Reg file data sampling:    Not affected
2026-09-09T12:34:09.1861350Z Vulnerability Retbleed:                  Not affected
2026-09-09T12:34:09.1861878Z Vulnerability Spec rstack overflow:      Vulnerable: Safe RET, no microcode
2026-09-09T12:34:09.1862389Z Vulnerability Spec store bypass:         Vulnerable
2026-09-09T12:34:09.1863045Z Vulnerability Spectre v1:                Mitigation; usercopy/swapgs barriers and __user pointer sanitization
2026-09-09T12:34:09.1863974Z Vulnerability Spectre v2:                Mitigation; Retpolines; STIBP disabled; RSB filling; PBRSB-eIBRS Not affected; BHI Not affected
2026-09-09T12:34:09.1864658Z Vulnerability Srbds:                     Not affected
2026-09-09T12:34:09.1865128Z Vulnerability Tsa:                       Vulnerable: No microcode
2026-09-09T12:34:09.1865580Z Vulnerability Tsx async abort:           Not affected
2026-09-09T12:34:09.1866005Z Vulnerability Vmscape:                   Not affected
2026-09-09T12:34:09.1924460Z ##[group]Run reactivecircus/android-emulator-runner@v2
2026-09-09T12:34:09.1924826Z with:
2026-09-09T12:34:09.1925023Z   api-level: 35
2026-09-09T12:34:09.1925247Z   emulator-build: 15081367
2026-09-09T12:34:09.1925491Z   target: default
2026-09-09T12:34:09.1925695Z   arch: x86_64
2026-09-09T12:34:09.1925912Z   profile: pixel_7
2026-09-09T12:34:09.1926118Z   cores: 4
2026-09-09T12:34:09.1926311Z   ram-size: 2048M
2026-09-09T12:34:09.1926544Z   disable-animations: false
2026-09-09T12:34:09.1927381Z   emulator-options: -no-window -gpu swangle -feature -Vulkan -accel on -no-snapshot -noaudio -no-boot-anim -camera-back none
2026-09-09T12:34:09.1929886Z   pre-emulator-launch-script: flutter build apk --profile --target=integration_test/dashboard_interaction_profile_test.dart --dart-define=FLUVI_VERBOSE_FLOW=false --dart-define=FLUVI_RAIL_FLIGHT_RECORDER=true --dart-define=FLUVI_PHYSICAL_RAIL_DIAGNOSTICS=true --dart-define=FLUVI_ONSCREEN_DIAGNOSTICS=true --dart-define=FLUVI_BUILD_PURPOSE=automated_profile_test --dart-define=FLUVI_AUTOMATED_SCENARIO_RUNNER_PRESENT=true --dart-define=FLUVI_AUTOMATED_INPUT_DRIVER_ACTIVE=true --dart-define=FLUVI_BUILD_COMMIT=a047e216803d3ac01d97b4d5ffd03842a1579db3 && (cd android && ./gradlew --stop)
2026-09-09T12:34:09.1932641Z   script: ./scripts/run-dashboard-profile.sh --use-application-binary=build/app/outputs/flutter-apk/app-profile.apk
2026-09-09T12:34:09.1933204Z   avd-name: test
2026-09-09T12:34:09.1933424Z   force-avd-creation: true
2026-09-09T12:34:09.1933681Z   emulator-boot-timeout: 600
2026-09-09T12:34:09.1933940Z   emulator-port: 5554
2026-09-09T12:34:09.1934180Z   disable-spellchecker: false
2026-09-09T12:34:09.1934450Z   disable-linux-hw-accel: auto
2026-09-09T12:34:09.1934713Z   enable-hw-keyboard: false
2026-09-09T12:34:09.1934955Z   channel: stable
2026-09-09T12:34:09.1935161Z env:
2026-09-09T12:34:09.1935472Z   JAVA_HOME: /opt/hostedtoolcache/Java_Temurin-Hotspot_jdk/17.0.20-1/x64
2026-09-09T12:34:09.1935983Z   JAVA_HOME_17_X64: /opt/hostedtoolcache/Java_Temurin-Hotspot_jdk/17.0.20-1/x64
2026-09-09T12:34:09.1936385Z   MAVEN_ARGS: -ntp
2026-09-09T12:34:09.1936627Z   ANDROID_HOME: /usr/local/lib/android/sdk
2026-09-09T12:34:09.1937142Z   ANDROID_SDK_ROOT: /usr/local/lib/android/sdk
2026-09-09T12:34:09.1937536Z   FLUTTER_ROOT: /opt/hostedtoolcache/flutter/stable-3.41.4-x64/flutter
2026-09-09T12:34:09.1937922Z   PUB_CACHE: /home/runner/.pub-cache
2026-09-09T12:34:09.1938258Z   CURL_HOME: /home/runner/work/_temp/fluvi-profile-curl
2026-09-09T12:34:09.1938575Z ##[endgroup]
2026-09-09T12:34:09.2499501Z ##[group]Configure emulator
2026-09-09T12:34:09.2502536Z API level: 35
2026-09-09T12:34:09.2503367Z System image API level: 35
2026-09-09T12:34:09.2503934Z target: default
2026-09-09T12:34:09.2504602Z CPU architecture: x86_64
2026-09-09T12:34:09.2505328Z Hardware profile: pixel_7
2026-09-09T12:34:09.2505932Z Cores: 4
2026-09-09T12:34:09.2506459Z RAM size: 2048M
2026-09-09T12:34:09.2507231Z Heap size: 
2026-09-09T12:34:09.2507829Z SD card path or size: 
2026-09-09T12:34:09.2508369Z Disk size: 
2026-09-09T12:34:09.2508939Z AVD name: test
2026-09-09T12:34:09.2509503Z force avd creation: true
2026-09-09T12:34:09.2510235Z Emulator boot timeout: 600
2026-09-09T12:34:09.2510951Z emulator port: 5554
2026-09-09T12:34:09.2512440Z emulator options: -no-window -gpu swangle -feature -Vulkan -accel on -no-snapshot -noaudio -no-boot-anim -camera-back none
2026-09-09T12:34:09.2513809Z disable animations: false
2026-09-09T12:34:09.2514520Z disable spellchecker: false
2026-09-09T12:34:09.2515354Z disable Linux hardware acceleration: false
2026-09-09T12:34:09.2516211Z enable hardware keyboard: false
2026-09-09T12:34:09.2517189Z using emulator build: 15081367
2026-09-09T12:34:09.2517747Z Channel: 0 (stable)
2026-09-09T12:34:09.2518135Z Script:
2026-09-09T12:34:09.2519246Z ./scripts/run-dashboard-profile.sh --use-application-binary=build/app/outputs/flutter-apk/app-profile.apk
2026-09-09T12:34:09.2520387Z Pre emulator launch script:
2026-09-09T12:34:09.2525813Z flutter build apk --profile --target=integration_test/dashboard_interaction_profile_test.dart --dart-define=FLUVI_VERBOSE_FLOW=false --dart-define=FLUVI_RAIL_FLIGHT_RECORDER=true --dart-define=FLUVI_PHYSICAL_RAIL_DIAGNOSTICS=true --dart-define=FLUVI_ONSCREEN_DIAGNOSTICS=true --dart-define=FLUVI_BUILD_PURPOSE=automated_profile_test --dart-define=FLUVI_AUTOMATED_SCENARIO_RUNNER_PRESENT=true --dart-define=FLUVI_AUTOMATED_INPUT_DRIVER_ACTIVE=true --dart-define=FLUVI_BUILD_COMMIT=a047e216803d3ac01d97b4d5ffd03842a1579db3 && (cd android && ./gradlew --stop)
2026-09-09T12:34:09.2529719Z ##[endgroup]
2026-09-09T12:34:09.2530408Z ##[group]Install Android SDK
2026-09-09T12:34:09.2570380Z [command]/usr/bin/sh -c \yes | sdkmanager --licenses > /dev/null
2026-09-09T12:34:10.6219948Z Warning: This version only understands SDK XML versions up to 3 but an SDK XML file of version 4 was encountered. This can happen if you use versions of Android Studio and the command-line tools that were released at different times.
2026-09-09T12:34:12.1495687Z Installing latest build tools, platform tools, and platform.
2026-09-09T12:34:12.1512847Z [command]/usr/bin/sh -c \sdkmanager --install 'build-tools;37.0.0' platform-tools 'platforms;android-35'> /dev/null
2026-09-09T12:34:12.7489939Z Warning: This version only understands SDK XML versions up to 3 but an SDK XML file of version 4 was encountered. This can happen if you use versions of Android Studio and the command-line tools that were released at different times.
2026-09-09T12:34:13.6588067Z Installing latest emulator.
2026-09-09T12:34:13.6603323Z [command]/usr/bin/sh -c \sdkmanager --install emulator --channel=0 > /dev/null
2026-09-09T12:34:14.2702590Z Warning: This version only understands SDK XML versions up to 3 but an SDK XML file of version 4 was encountered. This can happen if you use versions of Android Studio and the command-line tools that were released at different times.
2026-09-09T12:34:15.2899183Z Installing emulator build 15081367.
2026-09-09T12:34:15.2920960Z [command]/usr/bin/curl -fo emulator.zip https://dl.google.com/android/repository/emulator-linux_x64-15081367.zip
2026-09-09T12:34:15.2987494Z   % Total    % Received % Xferd  Average Speed   Time    Time     Time  Current
2026-09-09T12:34:15.2988569Z                                  Dload  Upload   Total   Spent    Left  Speed
2026-09-09T12:34:15.2989022Z 
2026-09-09T12:34:15.8047796Z   0     0    0     0    0     0      0      0 --:--:-- --:--:-- --:--:--     0
2026-09-09T12:34:16.2532942Z  35  316M   35  112M    0     0   222M      0  0:00:01 --:--:--  0:00:01  222M
2026-09-09T12:34:16.2534113Z 100  316M  100  316M    0     0   331M      0 --:--:-- --:--:-- --:--:--  331M
2026-09-09T12:34:16.2576578Z [command]/usr/bin/unzip -o -q emulator.zip -d /usr/local/lib/android/sdk
2026-09-09T12:34:22.2025129Z Installing system images.
2026-09-09T12:34:22.2043145Z [command]/usr/bin/sh -c \sdkmanager --install 'system-images;android-35;default;x86_64' --channel=0 > /dev/null
2026-09-09T12:34:22.7862872Z Warning: This version only understands SDK XML versions up to 3 but an SDK XML file of version 4 was encountered. This can happen if you use versions of Android Studio and the command-line tools that were released at different times.
2026-09-09T12:34:37.2408550Z ##[endgroup]
2026-09-09T12:34:37.2409951Z ##[group]Create AVD
2026-09-09T12:34:37.2410477Z Creating AVD.
2026-09-09T12:34:37.2432334Z [command]/usr/bin/sh -c \echo no | avdmanager create avd --force -n test --package 'system-images;android-35;default;x86_64' --device 'pixel_7'
2026-09-09T12:34:37.8788377Z Loading local repository...                                                     
2026-09-09T12:34:37.8807841Z Warning: This version only understands SDK XML versions up to 3 but an SDK XML file of version 4 was encountered. This can happen if you use versions of Android Studio and the command-line tools that were released at different times.
2026-09-09T12:34:38.0113356Z [=========                              ] 25% Loading local repository...       
2026-09-09T12:34:38.0137292Z [=========                              ] 25% Fetch remote repository...        
2026-09-09T12:34:38.0137925Z [=======================================] 100% Fetch remote repository...       
2026-09-09T12:34:38.0650354Z Auto-selecting single ABI x86_64
2026-09-09T12:34:38.4638978Z [command]/usr/bin/sh -c \printf 'hw.cpu.ncore=4\nhw.ramSize=2048M\n' >> /home/runner/.android/avd/test.avd/config.ini
2026-09-09T12:34:38.4659532Z ##[endgroup]
2026-09-09T12:34:38.4660277Z ##[group]Run pre emulator launch script
2026-09-09T12:34:38.4679992Z [command]/usr/bin/sh -c flutter build apk --profile --target=integration_test/dashboard_interaction_profile_test.dart --dart-define=FLUVI_VERBOSE_FLOW=false --dart-define=FLUVI_RAIL_FLIGHT_RECORDER=true --dart-define=FLUVI_PHYSICAL_RAIL_DIAGNOSTICS=true --dart-define=FLUVI_ONSCREEN_DIAGNOSTICS=true --dart-define=FLUVI_BUILD_PURPOSE=automated_profile_test --dart-define=FLUVI_AUTOMATED_SCENARIO_RUNNER_PRESENT=true --dart-define=FLUVI_AUTOMATED_INPUT_DRIVER_ACTIVE=true --dart-define=FLUVI_BUILD_COMMIT=a047e216803d3ac01d97b4d5ffd03842a1579db3 && (cd android && ./gradlew --stop)
2026-09-09T12:34:38.6805793Z Resolving dependencies...
2026-09-09T12:34:38.7185933Z Downloading packages...
2026-09-09T12:34:38.7768268Z   clock 1.1.2 (1.1.3 available)
2026-09-09T12:34:38.7769231Z   matcher 0.12.19 (0.12.20 available)
2026-09-09T12:34:38.7770107Z   material_color_utilities 0.13.0 (0.13.1 available)
2026-09-09T12:34:38.7770898Z   meta 1.17.0 (1.19.0 available)
2026-09-09T12:34:38.7771503Z   platform 3.1.6 (3.2.0 available)
2026-09-09T12:34:38.7772078Z   process 5.0.5 (5.0.6 available)
2026-09-09T12:34:38.7772679Z   stack_trace 1.12.1 (1.12.2 available)
2026-09-09T12:34:38.7773259Z   test_api 0.7.10 (0.7.14 available)
2026-09-09T12:34:38.7773841Z   vector_graphics 1.2.2 (1.2.3 available)
2026-09-09T12:34:38.7774431Z   vector_math 2.2.0 (2.4.2 available)
2026-09-09T12:34:38.7774847Z   vm_service 15.2.0 (15.3.0 available)
2026-09-09T12:34:38.7775164Z Got dependencies!
2026-09-09T12:34:38.7775638Z 11 packages have newer versions incompatible with dependency constraints.
2026-09-09T12:34:38.7776176Z Try `flutter pub outdated` for more information.
2026-09-09T12:36:43.0938333Z Running Gradle task 'assembleProfile'...                        
2026-09-09T12:36:43.0958907Z Font asset "IconsaxPlusBold.ttf" was tree-shaken, reducing it from 244128 to 1744 bytes (99.3% reduction). Tree-shaking can be disabled by providing the --no-tree-shake-icons flag when building your app.
2026-09-09T12:36:43.0988789Z Font asset "IconsaxPlusLinear.ttf" was tree-shaken, reducing it from 521560 to 3188 bytes (99.4% reduction). Tree-shaking can be disabled by providing the --no-tree-shake-icons flag when building your app.
2026-09-09T12:36:43.1649366Z Font asset "MaterialIcons-Regular.otf" was tree-shaken, reducing it from 1645184 to 5460 bytes (99.7% reduction). Tree-shaking can be disabled by providing the --no-tree-shake-icons flag when building your app.
2026-09-09T12:38:34.1659859Z Checking the license for package CMake 3.22.1 in /usr/local/lib/android/sdk/licenses
2026-09-09T12:38:34.1728037Z License for package CMake 3.22.1 accepted.
2026-09-09T12:38:34.1785295Z Preparing "Install CMake 3.22.1 v.3.22.1".
2026-09-09T12:38:35.5626170Z "Install CMake 3.22.1 v.3.22.1" ready.
2026-09-09T12:38:35.5656444Z Installing CMake 3.22.1 in /usr/local/lib/android/sdk/cmake/3.22.1
2026-09-09T12:38:35.5674509Z "Install CMake 3.22.1 v.3.22.1" complete.
2026-09-09T12:38:35.8613774Z "Install CMake 3.22.1 v.3.22.1" finished.
2026-09-09T12:39:10.6363490Z Running Gradle task 'assembleProfile'...                          271.6s
2026-09-09T12:39:11.3358590Z ✓ Built build/app/outputs/flutter-apk/app-profile.apk (86.6MB)
2026-09-09T12:39:12.2791969Z 
2026-09-09T12:39:12.2828030Z Welcome to Gradle 8.14!
2026-09-09T12:39:12.2837394Z 
2026-09-09T12:39:12.2853956Z Here are the highlights of this release:
2026-09-09T12:39:12.2854821Z  - Java 24 support
2026-09-09T12:39:12.2855677Z  - GraalVM Native Image toolchain selection
2026-09-09T12:39:12.2857029Z  - Enhancements to test reporting
2026-09-09T12:39:12.2857706Z  - Build Authoring improvements
2026-09-09T12:39:12.2858067Z 
2026-09-09T12:39:12.2858577Z For more details see https://docs.gradle.org/8.14/release-notes.html
2026-09-09T12:39:12.2859131Z 
2026-09-09T12:39:12.3744052Z Stopping Daemon(s)
2026-09-09T12:39:12.3767630Z 1 Daemon stopped
2026-09-09T12:39:12.3918253Z ##[endgroup]
2026-09-09T12:39:12.3939943Z ##[group]Launch Emulator
2026-09-09T12:39:12.3967447Z Starting emulator.
2026-09-09T12:39:12.3969339Z [command]/usr/bin/sh -c \/usr/local/lib/android/sdk/emulator/emulator -port 5554 -avd test -no-window -gpu swangle -feature -Vulkan -accel on -no-snapshot -noaudio -no-boot-anim -camera-back none &
2026-09-09T12:39:12.4324790Z INFO         | Android emulator version 36.5.10.0 (build_id 15081367) (CL:N/A)
2026-09-09T12:39:12.4331630Z INFO         | Graphics backend: gfxstream
2026-09-09T12:39:12.4334343Z INFO         | Found systemPath /usr/local/lib/android/sdk/system-images/android-35/default/x86_64/
2026-09-09T12:39:12.9605144Z INFO         | Feature 'Vulkan' (21) is overridden to 'disabled'
2026-09-09T12:39:12.9605906Z INFO         | Increasing RAM size to 2048MB
2026-09-09T12:39:12.9606351Z INFO         | Guest GLES Driver: Auto (ext controls)
2026-09-09T12:39:12.9607236Z INFO         | emuglConfig_init: vulkan_mode_selected:swiftshader gles_mode_selected:swangle
2026-09-09T12:39:12.9607803Z INFO         | Checking system compatibility:
2026-09-09T12:39:12.9608218Z INFO         |   Checking: hasSufficientDiskSpace
2026-09-09T12:39:12.9608698Z INFO         |      Ok: Disk space requirements to run avd: `test` are met
2026-09-09T12:39:12.9609147Z INFO         |   Checking: hasSufficientHwGpu
2026-09-09T12:39:12.9609596Z INFO         |      Ok: Hardware GPU compatibility checks are not required
2026-09-09T12:39:12.9610042Z INFO         |   Checking: hasSufficientSystem
2026-09-09T12:39:12.9610488Z INFO         |      Ok: System requirements to run avd: `test` are met
2026-09-09T12:39:12.9610986Z ERROR        | Unable to connect to adb daemon on port: 5037
2026-09-09T12:39:12.9613916Z INFO         | Storing crashdata in: /tmp/android-runner/emu-crash-36.5.10.db, detection is enabled for process: 3935
2026-09-09T12:39:12.9615054Z INFO         | Initializing gfxstream backend
2026-09-09T12:39:12.9623259Z INFO         | android_startOpenglesRenderer: gpu info
2026-09-09T12:39:12.9623870Z INFO         | 
2026-09-09T12:39:12.9713186Z INFO         | SharedLibrary::open for [libX11]
2026-09-09T12:39:12.9714691Z WARNING      | Could not open libX11.so, try libX11.so.6
2026-09-09T12:39:12.9715479Z INFO         | SharedLibrary::open for [libX11.so.6]
2026-09-09T12:39:12.9716246Z INFO         | SharedLibrary::open for [libX11-xcb]
2026-09-09T12:39:12.9717250Z WARNING      | Could not open libX11-xcb.so, try libX11-xcb.so.1
2026-09-09T12:39:12.9718085Z INFO         | SharedLibrary::open for [libX11-xcb.so.1]
2026-09-09T12:39:12.9761368Z INFO         | Graphics Adapter Vendor Google (Google Inc. (Google))
2026-09-09T12:39:12.9763303Z INFO         | Graphics Adapter Android Emulator OpenGL ES Translator (ANGLE (Google, Vulkan 1.2.0 (SwiftShader Device (Subzero) (0x0000C0DE)), SwiftShader driver-5.0.0))
2026-09-09T12:39:12.9765013Z INFO         | Graphics API Version OpenGL ES 3.0 (OpenGL ES 3.1.0 (ANGLE 2.1.17841 git hash: 5fa2e61da947))
2026-09-09T12:39:12.9768645Z INFO         | Graphics API Extensions GL_OES_EGL_sync GL_OES_EGL_image GL_OES_EGL_image_external GL_OES_depth24 GL_OES_depth32 GL_OES_element_index_uint GL_OES_texture_float GL_OES_texture_float_linear GL_OES_compressed_paletted_texture GL_OES_compressed_ETC1_RGB8_texture GL_OES_depth_texture GL_OES_texture_half_float GL_OES_texture_half_float_linear GL_OES_packed_depth_stencil GL_OES_vertex_half_float GL_OES_standard_derivatives GL_OES_texture_npot GL_OES_rgb8_rgba8 GL_OVR_multiview2 GL_EXT_color_buffer_float GL_EXT_color_buffer_half_float GL_EXT_texture_format_BGRA8888 GL_APPLE_texture_format_BGRA8888 GL_EXT_draw_buffers_indexed GL_EXT_clip_cull_distance 
2026-09-09T12:39:12.9772870Z INFO         | Graphics Device Extensions N/A
2026-09-09T12:39:12.9779971Z ERROR        | Setting read-only feature 'GLAsyncSwap' to '0'
2026-09-09T12:39:12.9781120Z INFO         | Feature 'GLAsyncSwap' (50) is overridden to 'disabled'
2026-09-09T12:39:12.9791388Z INFO         | Sending adb public key [QAAAAA+SA+4R48DExglZBUm9uvqEXbEqZ/06+49fyttgrM751/0XPpzl2ha7FygA8yVMsSvmgoyMpr7OL6AB8uImoa5ur7TjnJCIhtDCg6YsK7C5WLSdPiB68+4Gi+Gphtq/8t5KadIabvmUPGcR2yj1aZFa2bXMPqge24rxcVEUwnaGE0zHk+PGO6h9cZIjYiBTPJtNxvHHieFZ8qC85Jir5S8HRDmxRmJD1bdNlBZECIGy0AwgG/dYrY5XqX96jrCMRIKVfVKX+7b2AFivzi9v9XlkoupanrrqX4dl3toMiGi9nytim3OSwgh1Ga1hvKL6dIMxNxx8EDJbbvLPlqkq2LoAGh/TwnnuHwYM+iJnePf0Bo+EhkYcEXx2zIf9AtJuxa0iBb/vFd1ZLS/ANWh+ck4zto93F3CcMLC/n/CKu3oB439O0Vmh7VLzAQnEGcz7lm3YdBzxV3xx/o5s+QnVtVl/7tw7zU6irhXYk7ioxCK8JnkRe0xvpu5CIsbXzhLPw7jTFzMtXqs9Xbqj0KBXUaAsOFLaCG+PmiVmXh8HWzmQ1eLcIOw7Ouxwx1XN9PdOc/vV9lDPEo2Os+0gaLRwF0/7Zo1Atv/mB0aa8eFiABq+G+ZaXn6FvFJLHPerNZqQBK+tv+/TD301SIktyVCMkfa26nP6AZOkvOgw1ya1bN6Lp6YhcAEAAQA= runner@unknown]
2026-09-09T12:39:12.9798121Z INFO         | Userspace boot properties:
2026-09-09T12:39:12.9799569Z INFO         |   androidboot.boot_devices=pci0000:00/0000:00:03.0 pci0000:00/0000:00:06.0
2026-09-09T12:39:12.9800526Z INFO         |   androidboot.dalvik.vm.heapsize=512m
2026-09-09T12:39:12.9801463Z INFO         |   androidboot.debug.hwui.renderer=skiagl
2026-09-09T12:39:12.9802250Z INFO         |   androidboot.debug.sf.nobootanimation=1
2026-09-09T12:39:12.9802956Z INFO         |   androidboot.hardware=ranchu
2026-09-09T12:39:12.9803665Z INFO         |   androidboot.hardware.gltransport=pipe
2026-09-09T12:39:12.9804347Z INFO         |   androidboot.logcat=*:V
2026-09-09T12:39:12.9805023Z INFO         |   androidboot.opengles.version=196609
2026-09-09T12:39:12.9805413Z INFO         |   androidboot.qemu=1
2026-09-09T12:39:12.9810487Z INFO         |   androidboot.qemu.adb.pubkey=QAAAAA+SA+4R48DExglZBUm9uvqEXbEqZ/06+49fyttgrM751/0XPpzl2ha7FygA8yVMsSvmgoyMpr7OL6AB8uImoa5ur7TjnJCIhtDCg6YsK7C5WLSdPiB68+4Gi+Gphtq/8t5KadIabvmUPGcR2yj1aZFa2bXMPqge24rxcVEUwnaGE0zHk+PGO6h9cZIjYiBTPJtNxvHHieFZ8qC85Jir5S8HRDmxRmJD1bdNlBZECIGy0AwgG/dYrY5XqX96jrCMRIKVfVKX+7b2AFivzi9v9XlkoupanrrqX4dl3toMiGi9nytim3OSwgh1Ga1hvKL6dIMxNxx8EDJbbvLPlqkq2LoAGh/TwnnuHwYM+iJnePf0Bo+EhkYcEXx2zIf9AtJuxa0iBb/vFd1ZLS/ANWh+ck4zto93F3CcMLC/n/CKu3oB439O0Vmh7VLzAQnEGcz7lm3YdBzxV3xx/o5s+QnVtVl/7tw7zU6irhXYk7ioxCK8JnkRe0xvpu5CIsbXzhLPw7jTFzMtXqs9Xbqj0KBXUaAsOFLaCG+PmiVmXh8HWzmQ1eLcIOw7Ouxwx1XN9PdOc/vV9lDPEo2Os+0gaLRwF0/7Zo1Atv/mB0aa8eFiABq+G+ZaXn6FvFJLHPerNZqQBK+tv+/TD301SIktyVCMkfa26nP6AZOkvOgw1ya1bN6Lp6YhcAEAAQA= runner@unknown
2026-09-09T12:39:12.9813908Z INFO         |   androidboot.qemu.avd_name=test
2026-09-09T12:39:12.9814353Z INFO         |   androidboot.qemu.camera_hq_edge_processing=0
2026-09-09T12:39:12.9814807Z INFO         |   androidboot.qemu.camera_protocol_ver=1
2026-09-09T12:39:12.9815250Z INFO         |   androidboot.qemu.cpuvulkan.version=4202496
2026-09-09T12:39:12.9815767Z INFO         |   androidboot.qemu.gltransport.drawFlushInterval=800
2026-09-09T12:39:12.9816247Z INFO         |   androidboot.qemu.gltransport.name=pipe
2026-09-09T12:39:12.9816671Z INFO         |   androidboot.qemu.hwcodec.avcdec=2
2026-09-09T12:39:12.9817239Z INFO         |   androidboot.qemu.hwcodec.hevcdec=2
2026-09-09T12:39:12.9817657Z INFO         |   androidboot.qemu.hwcodec.vpxdec=2
2026-09-09T12:39:12.9818194Z INFO         |   androidboot.qemu.settings.system.screen_off_timeout=2147483647
2026-09-09T12:39:12.9818689Z INFO         |   androidboot.qemu.skin=1080x2400
2026-09-09T12:39:12.9819078Z INFO         |   androidboot.qemu.virtiowifi=1
2026-09-09T12:39:12.9819450Z INFO         |   androidboot.qemu.vsync=60
2026-09-09T12:39:12.9819853Z INFO         |   androidboot.serialno=EMULATOR36X5X10X0
2026-09-09T12:39:12.9820496Z INFO         |   androidboot.vbmeta.digest=602b0c809848f3be570a96601071931225108ec3b3739d99a1dc41db38efe83c
2026-09-09T12:39:12.9821093Z INFO         |   androidboot.vbmeta.hash_alg=sha256
2026-09-09T12:39:12.9821654Z INFO         |   androidboot.vbmeta.size=6720
2026-09-09T12:39:12.9822056Z INFO         |   androidboot.veritymode=enforcing
2026-09-09T12:39:12.9998600Z WARNING: cannnot unmap ptr 0x7fbebf401000 as it is in the protected range from 0x7fbe3f400000 to 0x7fbebf600000
2026-09-09T12:39:13.0166971Z INFO         | Monitoring duration of emulator setup.
2026-09-09T12:39:16.0210239Z INFO         | Activated packet streamer for bluetooth emulation
2026-09-09T12:39:16.0238580Z INFO         | Successfully initialized netsim WiFi
2026-09-09T12:39:16.0255211Z INFO         | Setting display: 0 configuration to: 1080x2400, dpi: 420x420 
2026-09-09T12:39:16.0256134Z INFO         | setDisplayActiveConfig: id:0, 1080x2400
2026-09-09T12:39:16.0257865Z INFO         | emulatorSetupEnvironment: Setting up screen background view and display layout at env:1080x2400, lcd:1080x2400
2026-09-09T12:39:16.0259366Z INFO         | emulatorSetupEnvironment: Environment scene is not required
2026-09-09T12:39:16.0383175Z USER_INFO    | Emulator is performing a full startup. This may take upto two minutes, or more.
2026-09-09T12:39:16.0384992Z WARNING      | Failed to process .ini file /home/runner/.android/emu-update-last-check.ini for reading.
2026-09-09T12:39:16.2508029Z WARNING      | Failed to process .ini file /home/runner/.android/emu-update-last-check.ini for reading.
2026-09-09T12:39:22.4058545Z [command]/usr/local/lib/android/sdk/platform-tools/adb -s emulator-5554 shell getprop sys.boot_completed
2026-09-09T12:39:22.4097701Z * daemon not running; starting now at tcp:5037
2026-09-09T12:39:22.4794418Z * daemon started successfully
2026-09-09T12:39:22.4795243Z adb: device offline
2026-09-09T12:39:22.4807879Z The process '/usr/local/lib/android/sdk/platform-tools/adb' failed with exit code 1
2026-09-09T12:39:24.4877122Z [command]/usr/local/lib/android/sdk/platform-tools/adb -s emulator-5554 shell getprop sys.boot_completed
2026-09-09T12:39:24.4945848Z The process '/usr/local/lib/android/sdk/platform-tools/adb' failed with exit code 1
2026-09-09T12:39:24.4946659Z adb: device offline
2026-09-09T12:39:26.5009149Z [command]/usr/local/lib/android/sdk/platform-tools/adb -s emulator-5554 shell getprop sys.boot_completed
2026-09-09T12:39:26.5097510Z adb: device offline
2026-09-09T12:39:26.5113286Z The process '/usr/local/lib/android/sdk/platform-tools/adb' failed with exit code 1
2026-09-09T12:39:28.5168357Z [command]/usr/local/lib/android/sdk/platform-tools/adb -s emulator-5554 shell getprop sys.boot_completed
2026-09-09T12:39:28.5406106Z 
2026-09-09T12:39:30.5520124Z [command]/usr/local/lib/android/sdk/platform-tools/adb -s emulator-5554 shell getprop sys.boot_completed
2026-09-09T12:39:30.5857176Z 
2026-09-09T12:39:32.5978868Z [command]/usr/local/lib/android/sdk/platform-tools/adb -s emulator-5554 shell getprop sys.boot_completed
2026-09-09T12:39:32.6492805Z 
2026-09-09T12:39:34.6582125Z [command]/usr/local/lib/android/sdk/platform-tools/adb -s emulator-5554 shell getprop sys.boot_completed
2026-09-09T12:39:34.6893630Z 
2026-09-09T12:39:36.7028068Z [command]/usr/local/lib/android/sdk/platform-tools/adb -s emulator-5554 shell getprop sys.boot_completed
2026-09-09T12:39:36.7491503Z 
2026-09-09T12:39:37.6297996Z INFO         | Boot completed in 25170 ms
2026-09-09T12:39:37.6298980Z INFO         | Increasing screen off timeout, logcat buffer size to 2M.
2026-09-09T12:39:38.7560023Z [command]/usr/local/lib/android/sdk/platform-tools/adb -s emulator-5554 shell getprop sys.boot_completed
2026-09-09T12:39:38.8055264Z 1
2026-09-09T12:39:38.8078696Z Emulator booted.
2026-09-09T12:39:38.8117938Z [command]/usr/local/lib/android/sdk/platform-tools/adb -s emulator-5554 shell input keyevent 82
2026-09-09T12:39:44.1845859Z ##[endgroup]
2026-09-09T12:39:44.1988338Z [command]/usr/bin/sh -c ./scripts/run-dashboard-profile.sh --use-application-binary=build/app/outputs/flutter-apk/app-profile.apk
2026-09-09T12:39:44.2984412Z Loopers drained!
2026-09-09T12:39:44.3109614Z Test barrier failed due to b63c54f 1475:com.android.documentsui/u0a62 not runnable because EMPTY
2026-09-09T12:39:44.3167695Z Test barrier passed
2026-09-09T12:39:44.6457809Z Finished application barriers!
2026-09-09T12:39:45.0670740Z Finished application barriers!
2026-09-09T12:39:45.8108327Z Resolving dependencies...
2026-09-09T12:39:45.8869506Z Downloading packages...
2026-09-09T12:39:45.9843148Z   clock 1.1.2 (1.1.3 available)
2026-09-09T12:39:45.9863122Z   matcher 0.12.19 (0.12.20 available)
2026-09-09T12:39:45.9927126Z   material_color_utilities 0.13.0 (0.13.1 available)
2026-09-09T12:39:45.9967633Z   meta 1.17.0 (1.19.0 available)
2026-09-09T12:39:46.0016675Z   platform 3.1.6 (3.2.0 available)
2026-09-09T12:39:46.0060851Z   process 5.0.5 (5.0.6 available)
2026-09-09T12:39:46.0156369Z   stack_trace 1.12.1 (1.12.2 available)
2026-09-09T12:39:46.0187486Z   test_api 0.7.10 (0.7.14 available)
2026-09-09T12:39:46.0207966Z   vector_graphics 1.2.2 (1.2.3 available)
2026-09-09T12:39:46.0237425Z   vector_math 2.2.0 (2.4.2 available)
2026-09-09T12:39:46.0297345Z   vm_service 15.2.0 (15.3.0 available)
2026-09-09T12:39:46.0366530Z Got dependencies!
2026-09-09T12:39:46.0423169Z 11 packages have newer versions incompatible with dependency constraints.
2026-09-09T12:39:46.0490961Z Try `flutter pub outdated` for more information.
2026-09-09T12:39:49.6751046Z Installing build/app/outputs/flutter-apk/app-profile.apk...      1,350ms
2026-09-09T12:39:51.5449139Z W/HWUI    ( 2346): Failed to choose config with EGL_SWAP_BEHAVIOR_PRESERVED, retrying without...
2026-09-09T12:39:51.5485393Z W/HWUI    ( 2346): Failed to initialize 101010-2 format, error = EGL_SUCCESS
2026-09-09T12:39:51.7059070Z I/flutter ( 2346): [IMPORTANT:flutter/shell/platform/android/android_context_gl_impeller.cc(104)] Using the Impeller rendering backend (OpenGLES).
2026-09-09T12:39:51.7159655Z I/Gralloc4( 2346): mapper 4.x is not supported
2026-09-09T12:39:52.5791108Z I/com.fluvi.app( 2346): Compiler allocated 5174KB to compile void android.view.ViewRootImpl.performTraversals()
2026-09-09T12:39:52.7124970Z I/Choreographer( 2346): Skipped 82 frames!  The application may be doing too much work on its main thread.
2026-09-09T12:39:53.6985640Z VMServiceFlutterDriver: Connecting to Flutter application at http://127.0.0.1:46191/oSW2hkoXxPs=/
2026-09-09T12:39:53.8279483Z VMServiceFlutterDriver: Isolate found with number: 8464464714668755
2026-09-09T12:39:53.8510408Z VMServiceFlutterDriver: Isolate 8464464714668755 is runnable.
2026-09-09T12:39:53.8573994Z VMServiceFlutterDriver: Isolate is paused at start.
2026-09-09T12:39:53.8575105Z VMServiceFlutterDriver: Attempting to resume isolate
2026-09-09T12:39:53.8695468Z I/flutter ( 2346): 00:00 +0: profiles dashboard motion-data isolation scenarios A through K
2026-09-09T12:39:53.8861934Z D/FluviDashboard( 2346): [FLOW][D0] SEED_STARTED forceReset=true flowId=- queryKey=- direction=- scope=dbPath=/data/user/0/com.fluvi.app/databases/fluvi_core.db revision=- totalMinor=- entryCount=-
2026-09-09T12:39:54.3851347Z I/Choreographer( 2346): Skipped 30 frames!  The application may be doing too much work on its main thread.
2026-09-09T12:39:54.5145227Z VMServiceFlutterDriver: Connected to Flutter application.
2026-09-09T12:39:55.7379273Z D/EGL_emulation( 2346): app_time_stats: avg=567.80ms min=375.07ms max=684.17ms count=3
2026-09-09T12:39:56.2007897Z D/ProfileInstaller( 2346): Installing profile for com.fluvi.app
2026-09-09T12:39:57.0552797Z D/EGL_emulation( 2346): app_time_stats: avg=318.92ms min=297.09ms max=351.68ms count=3
2026-09-09T12:39:57.9371973Z D/EGL_emulation( 2346): app_time_stats: avg=433.00ms min=350.15ms max=515.85ms count=2
2026-09-09T12:39:58.9539383Z D/EGL_emulation( 2346): app_time_stats: avg=229.96ms min=215.11ms max=267.00ms count=4
2026-09-09T12:39:59.8968825Z I/com.fluvi.app( 2346): Background concurrent mark compact GC freed 39MB AllocSpace bytes, 0(0B) LOS objects, 49% free, 10MB/21MB, paused 134us,1.779ms total 188.868ms
2026-09-09T12:40:00.1053583Z D/EGL_emulation( 2346): app_time_stats: avg=206.01ms min=189.57ms max=219.30ms count=5
2026-09-09T12:40:00.7384077Z I/com.fluvi.app( 2346): Background concurrent mark compact GC freed 15MB AllocSpace bytes, 0(0B) LOS objects, 49% free, 8462KB/16MB, paused 176us,2.346ms total 125.792ms
2026-09-09T12:40:01.1307183Z D/EGL_emulation( 2346): app_time_stats: avg=233.96ms min=209.89ms max=274.75ms count=4
2026-09-09T12:40:01.1532757Z I/com.fluvi.app( 2346): Background concurrent mark compact GC freed 9448KB AllocSpace bytes, 0(0B) LOS objects, 49% free, 8550KB/16MB, paused 176us,1.468ms total 113.692ms
2026-09-09T12:40:01.5586497Z D/FluviDashboard( 2346): [FLOW][D1] SEED_COMMITTED seedVersion=5 createdEntries=4304 createdCategories=10 createdPartners=27 alreadySeeded=false flowId=- queryKey=- direction=- scope=- revision=- totalMinor=- entryCount=-
2026-09-09T12:40:01.6541412Z D/FluviDashboard( 2346): [FLOW][D2] DB_VERIFIED allIncome=1277100000/1846 allExpense=1275700000/2458 julyIncome=70700000/6 julyExpense=68900000/94 flowId=- queryKey=- direction=- scope=dbPath=/data/user/0/com.fluvi.app/databases/fluvi_core.db revision=- totalMinor=68900000 entryCount=94
2026-09-09T12:40:01.6656356Z I/flutter ( 2346): [PROFILE][SCENARIO_START] I_first_fling
2026-09-09T12:40:01.8170369Z I/flutter ( 2346): [FluviDiagnostic] stage=DASHBOARD_STARTUP_ATTEMPT_STARTED scope=attemptGeneration=1 stage=bootstrap entryCount=- error=- message=-
2026-09-09T12:40:01.9793283Z I/flutter ( 2346): [FluviDiagnostic] stage=READINESS_PHASE_ENTERED scope=- entryCount=- error=- message=databasePending
2026-09-09T12:40:01.9896065Z I/flutter ( 2346): [FluviDiagnostic] stage=READINESS_PHASE_ENTERED scope=- entryCount=- error=- message=indexBuilding
2026-09-09T12:40:01.9978402Z I/flutter ( 2346): [FluviDiagnostic] stage=READINESS_TASK_STARTED scope=- entryCount=- error=- message=viewportPayload
2026-09-09T12:40:02.0727724Z D/FluviDashboard( 2346): [FLOW][INDEX_BUILD_STARTED] INDEX_BUILD_STARTED flowId=- queryKey=- direction=- scope=generation=1 acquisitionReason=bootstrap requestIdentity=rev=2|income=income|periods:|categories:|partners:|refinements:min=,max=,hasNote=false|expense=expense|periods:|categories:|partners:|refinements:min=,max=,hasNote=false|page=24|window=2014-2038 revision=2 totalMinor=- entryCount=-
2026-09-09T12:40:02.5644512Z D/EGL_emulation( 2346): app_time_stats: avg=214.68ms min=189.75ms max=278.06ms count=5
2026-09-09T12:40:03.4048855Z I/com.fluvi.app( 2346): Background concurrent mark compact GC freed 4516KB AllocSpace bytes, 0(0B) LOS objects, 49% free, 5179KB/10MB, paused 208us,7.052ms total 118.954ms
2026-09-09T12:40:04.0657968Z I/com.fluvi.app( 2346): Background concurrent mark compact GC freed 4268KB AllocSpace bytes, 4(256KB) LOS objects, 49% free, 7643KB/14MB, paused 240us,2.014ms total 144.778ms
2026-09-09T12:40:04.1270159Z D/EGL_emulation( 2346): app_time_stats: avg=238.45ms min=37.50ms max=342.66ms count=5
2026-09-09T12:40:04.2721553Z D/FluviDashboard( 2346): [FLOW][INDEX_BUILD_READY] INDEX_BUILD_READY flowId=- queryKey=- direction=- scope=generation=1 acquisitionReason=bootstrap requestIdentity=rev=2|income=income|periods:|categories:|partners:|refinements:min=,max=,hasNote=false|expense=expense|periods:|categories:|partners:|refinements:min=,max=,hasNote=false|page=24|window=2014-2038 sqlCalls=5 sqlMicros=1107027 frames=1012 rows=4304 payloadBytes=2175073 serializationMicros=262107 revision=2 totalMinor=- entryCount=-
2026-09-09T12:40:04.2988704Z I/com.fluvi.app( 2346): Background concurrent mark compact GC freed 3656KB AllocSpace bytes, 5(5984KB) LOS objects, 49% free, 13MB/27MB, paused 179us,21.088ms total 96.139ms
2026-09-09T12:40:05.0570787Z D/FluviDashboard( 2346): [FLOW][FINANCIAL_LIMIT_SNAPSHOT_PREPARE_STARTED] FINANCIAL_LIMIT_SNAPSHOT_PREPARE_STARTED flowId=- queryKey=- direction=- scope=yearWindowStart=2014 yearWindowEnd=2038 revision=2 totalMinor=- entryCount=-
2026-09-09T12:40:05.1943773Z D/EGL_emulation( 2346): app_time_stats: avg=161.01ms min=11.00ms max=270.87ms count=5
2026-09-09T12:40:05.4668622Z D/FluviDashboard( 2346): [FLOW][FINANCIAL_LIMIT_SNAPSHOT_READY] FINANCIAL_LIMIT_SNAPSHOT_READY flowId=- queryKey=- direction=- scope=incomeTargetCount=3 incomeCategoryCount=2 expenseTargetCount=9 expenseCategoryCount=8 periodSliceCount=326 payloadBytes=320072 sqlCalls=5 nativeSqlMicros=375779 revision=2 totalMinor=- entryCount=-
2026-09-09T12:40:05.4971982Z D/FluviDashboard( 2346): [FLOW][BUDGET_PARTNER_SNAPSHOT_PREPARE_STARTED] BUDGET_PARTNER_SNAPSHOT_PREPARE_STARTED flowId=- queryKey=- direction=- scope=yearWindowStart=2014 yearWindowEnd=2038 revision=2 totalMinor=- entryCount=-
2026-09-09T12:40:06.1284193Z D/FluviDashboard( 2346): [FLOW][BUDGET_PARTNER_SNAPSHOT_READY] BUDGET_PARTNER_SNAPSHOT_READY flowId=- queryKey=- direction=- scope=incomePartnerCount=4 expensePartnerCount=23 periodSlices=326 payloadBytes=347027 sqlCalls=5 nativeSqlMicros=468529 revision=2 totalMinor=- entryCount=-
2026-09-09T12:40:06.1727219Z I/flutter ( 2346): [FluviDiagnostic] stage=READINESS_TASK_COMPLETED scope=- entryCount=- error=- message=viewportPayload
2026-09-09T12:40:06.1768077Z I/flutter ( 2346): [FluviDiagnostic] stage=READINESS_PHASE_ENTERED scope=- entryCount=- error=- message=presentationPreparing
2026-09-09T12:40:06.1799327Z I/flutter ( 2346): [FluviDiagnostic] stage=READINESS_TASK_STARTED scope=- entryCount=- error=- message=renderResources
2026-09-09T12:40:06.2031584Z I/com.fluvi.app( 2346): Background concurrent mark compact GC freed 12MB AllocSpace bytes, 23(11MB) LOS objects, 49% free, 4279KB/8559KB, paused 143us,10.243ms total 117.571ms
2026-09-09T12:40:06.2790029Z D/EGL_emulation( 2346): app_time_stats: avg=231.52ms min=199.05ms max=258.86ms count=4
2026-09-09T12:40:06.2931048Z I/flutter ( 2346): [FluviDiagnostic] stage=READINESS_TASK_COMPLETED scope=- entryCount=- error=- message=renderResources
2026-09-09T12:40:06.2952523Z I/flutter ( 2346): [FluviDiagnostic] stage=READINESS_PHASE_ENTERED scope=- entryCount=- error=- message=renderCriticalWarmup
2026-09-09T12:40:06.2967942Z I/flutter ( 2346): [FluviDiagnostic] stage=READINESS_TASK_STARTED scope=- entryCount=- error=- message=logBoxSurface
2026-09-09T12:40:06.5210120Z I/flutter ( 2346): [FluviDiagnostic] stage=BUDGET_HEADER_VALUE_BOUND scope=generation=0 plane=day targetHandle=0 modelBindVsyncMicros=50120718 displayNumeratorScaled100=2839954 displayDenominatorScaled100=2778226 hasLimit=true canonicalLimitScaled100=86125000 entryCount=- error=- message=-
2026-09-09T12:40:06.5215505Z I/flutter ( 2346): [FluviDiagnostic] stage=HEADER_PORTAL_EFFECT_CATALOG_VERIFIED scope=- entryCount=- error=- message=innerOptionCount=5 backgroundOptionCount=5 sameOptions=true sameRenderer=false sameParameterSchema=true sameDefaults=true sameState=false sameClockSource=true
2026-09-09T12:40:06.5250120Z I/flutter ( 2346): [FluviDiagnostic] stage=BUDGET_HEADER_COOL_COLOR_BOUND scope=source=cool driver=userGlobal positionPct=50 windowWidthPct=28 leftRawPct=36.0 centerRawPct=50.0 rightRawPct=64.0 leftSamplePct=36.0 centerSamplePct=50.0 rightSamplePct=64.0 colorAArgb=4284604923 colorMidArgb=4279551457 colorBArgb=4278423754 settingsGeneration=0 entryCount=- error=- message=-
2026-09-09T12:40:06.5458126Z I/flutter ( 2346): [FluviDiagnostic] stage=READINESS_TASK_COMPLETED scope=- entryCount=- error=- message=logBoxSurface
2026-09-09T12:40:06.5487966Z I/flutter ( 2346): [FluviDiagnostic] stage=READINESS_TASK_STARTED scope=- entryCount=- error=- message=logBoxLayout
2026-09-09T12:40:06.5489996Z I/flutter ( 2346): [FluviDiagnostic] stage=READINESS_TASK_COMPLETED scope=- entryCount=- error=- message=logBoxLayout
2026-09-09T12:40:06.5517975Z I/flutter ( 2346): [FluviDiagnostic] stage=READINESS_TASK_STARTED scope=- entryCount=- error=- message=textLayoutSlots
2026-09-09T12:40:06.5548204Z I/flutter ( 2346): [FluviDiagnostic] stage=SCENE_WINDOW_PREPARE_STARTED scope=owner=renderCriticalReadiness priority=5 entryCount=130 error=- message=-
2026-09-09T12:40:06.5707317Z I/flutter ( 2346): [FluviDiagnostic] stage=HEADER_RENDER_BACKEND_BOUND scope=commitSha=a047e216803d3ac01d97b4d5ffd03842a1579db3 backend=fragmentShader logicalWidth=375.4757281553398 logicalHeight=123.8252427184466 devicePixelRatio=2.6260019651445416 physicalWidth=986.0 physicalHeight=326.0 backendIdentity=323175876 entryCount=- error=- message=-
2026-09-09T12:40:06.5905523Z I/flutter ( 2346): [FluviDiagnostic] stage=HEADER_PORTAL_INNER_CHANNEL_BOUND scope=enabled=true effectId=wandering-mist settingsGeneration=0 phaseOwnerIdentity=456053682 controllerIdentity=713124974 fragmentBackendIdentity=323175876 programIdentity=323175876 shaderIdentity=323175876 canonicalFieldStopCount=2 canonicalFieldStopHash=43d59ffd portalColorModel=paletteCoordinate inputSignature=10ff5b19 entryCount=- error=- message=-
2026-09-09T12:40:06.6027846Z I/flutter ( 2346): [FluviDiagnostic] stage=HEADER_PORTAL_BACKGROUND_CHANNEL_BOUND scope=enabled=true effectId=wandering-mist settingsGeneration=0 phaseOwnerIdentity=456053682 controllerIdentity=713124974 fragmentBackendIdentity=323175876 programIdentity=323175876 shaderIdentity=323175876 canonicalFieldStopCount=2 canonicalFieldStopHash=43d59ffd portalColorModel=paletteCoordinate inputSignature=10ff5b19 entryCount=- error=- message=-
2026-09-09T12:40:06.6091560Z I/flutter ( 2346): [FluviDiagnostic] stage=HEADER_PORTAL_FRAGMENT_INPUT_BOUND scope=innerEnabled=true innerEffect=wandering-mist innerSettingsHash=d6060b backgroundEnabled=true backgroundEffect=wandering-mist backgroundSettingsHash=d6060b uniformLayoutVersion=3 fragmentConfigurationGeneration=1 fragmentBackendIdentity=323175876 programIdentity=323175876 shaderIdentity=323175876 canonicalFieldStopCount=2 canonicalFieldStopHash=43d59ffd portalColorModel=paletteCoordinate entryCount=- error=- message=-
2026-09-09T12:40:06.6279463Z I/flutter ( 2346): [FluviDiagnostic] stage=HEADER_SHADER_READY scope=asset=shaders/dashboard_header_field.frag programIdentity=22724915 shaderIdentity=299830606 flutterVersion=3.41.4 rendererBackend=runtimeEffect engineBackend=notExposedByDart entryCount=- error=- message=-
2026-09-09T12:40:06.6397076Z I/flutter ( 2346): [FluviDiagnostic] stage=SCENE_WINDOW_ATOMIC_WORK_UNIT_OVER_BUDGET scope=workUnit=rowText:amount elapsedMicros=3644 budgetMicros=1000 entryCount=130 error=- message=-
2026-09-09T12:40:06.6399911Z I/flutter ( 2346): [FluviDiagnostic] stage=SCENE_WINDOW_SLICE_OVER_BUDGET scope=boundary=rowTextParagraph elapsedMicros=3933 budgetMicros=1000 entryCount=130 error=- message=-
2026-09-09T12:40:06.6512902Z I/flutter ( 2346): [FluviDiagnostic] stage=SCENE_WINDOW_ATOMIC_WORK_UNIT_OVER_BUDGET scope=workUnit=rowText:time elapsedMicros=2828 budgetMicros=1000 entryCount=130 error=- message=-
2026-09-09T12:40:06.6528566Z I/flutter ( 2346): [FluviDiagnostic] stage=SCENE_WINDOW_ATOMIC_WORK_UNIT_OVER_BUDGET scope=workUnit=rowText:secondary elapsedMicros=2642 budgetMicros=1000 entryCount=130 error=- message=-
2026-09-09T12:40:06.6558283Z I/flutter ( 2346): [FluviDiagnostic] stage=SCENE_WINDOW_SLICE_OVER_BUDGET scope=boundary=rowText elapsedMicros=2698 budgetMicros=1000 entryCount=130 error=- message=-
2026-09-09T12:40:06.6821814Z I/flutter ( 2346): [FluviDiagnostic] stage=SCENE_WINDOW_ATOMIC_WORK_UNIT_OVER_BUDGET scope=workUnit=dayHeaderText elapsedMicros=1223 budgetMicros=1000 entryCount=130 error=- message=-
2026-09-09T12:40:06.6879247Z I/flutter ( 2346): [FluviDiagnostic] stage=SCENE_WINDOW_SLICE_OVER_BUDGET scope=boundary=dayHeader elapsedMicros=2084 budgetMicros=1000 entryCount=130 error=- message=-
2026-09-09T12:40:06.6886531Z I/flutter ( 2346): [FluviDiagnostic] stage=SCENE_WINDOW_PREPARE_COMPLETED scope=owner=renderCriticalReadiness priority=5 entryCount=130 error=- message=uiIsolateMicros=51854 largestContiguousUiSliceMicros=4324 yields=73 richRowProjectionMicros=123 richFrameProjectionMicros=551 projectedUniqueRows=96 projectedFrames=38 reusedProjectedRows=30 reusedProjectedFrames=0 uniqueRowLayouts=100 reusedRowLayouts=0 newRowLayouts=100 sceneNew=39 sceneReuse=0 pauseCount=0 resumeCount=0 semanticsWork=0 rasterWork=0 allocationCount=170
2026-09-09T12:40:06.6891808Z I/flutter ( 2346): [FluviDiagnostic] stage=SCENE_WINDOW_PREPARE_STARTED scope=owner=liveInteractionResource priority=4 entryCount=130 error=- message=-
2026-09-09T12:40:06.6893766Z I/flutter ( 2346): [FluviDiagnostic] stage=READINESS_TASK_COMPLETED scope=- entryCount=- error=- message=textLayoutSlots
2026-09-09T12:40:06.6895725Z I/flutter ( 2346): [FluviDiagnostic] stage=READINESS_PHASE_ENTERED scope=- entryCount=- error=- message=ready
2026-09-09T12:40:06.6897855Z I/flutter ( 2346): [FluviDiagnostic] stage=DASHBOARD_STARTUP_READY scope=attemptGeneration=1 stage=ready readinessTask=- entryCount=- error=- message=-
2026-09-09T12:40:06.6899554Z I/flutter ( 2346): [FluviDiagnostic] stage=READINESS_READY scope=- entryCount=- error=- message=-
2026-09-09T12:40:06.6903274Z I/flutter ( 2346): [FluviDiagnostic] stage=SCENE_WINDOW_PREPARE_COMPLETED scope=owner=liveInteractionResource priority=4 entryCount=130 error=- message=uiIsolateMicros=526 largestContiguousUiSliceMicros=225 yields=6 richRowProjectionMicros=0 richFrameProjectionMicros=0 projectedUniqueRows=0 projectedFrames=0 reusedProjectedRows=0 reusedProjectedFrames=0 uniqueRowLayouts=100 reusedRowLayouts=100 newRowLayouts=0 sceneNew=0 sceneReuse=39 pauseCount=0 resumeCount=0 semanticsWork=0 rasterWork=0 allocationCount=0
2026-09-09T12:40:06.7158670Z I/flutter ( 2346): [FluviDiagnostic] stage=SCENE_WINDOW_PREPARE_STARTED scope=owner=foregroundNavigation priority=3 entryCount=226 error=- message=-
2026-09-09T12:40:06.7172705Z I/flutter ( 2346): [FluviDiagnostic] stage=SCENE_WINDOW_SLICE_OVER_BUDGET scope=boundary=rowDiscovery elapsedMicros=2444 budgetMicros=1000 entryCount=226 error=- message=-
2026-09-09T12:40:06.7175499Z I/flutter ( 2346): [FluviDiagnostic] stage=SCENE_WINDOW_ATOMIC_WORK_UNIT_OVER_BUDGET scope=workUnit=rowText:secondary elapsedMicros=1027 budgetMicros=1000 entryCount=226 error=- message=-
2026-09-09T12:40:06.7178382Z I/flutter ( 2346): [FluviDiagnostic] stage=SCENE_WINDOW_SLICE_OVER_BUDGET scope=boundary=rowText elapsedMicros=1106 budgetMicros=1000 entryCount=226 error=- message=-
2026-09-09T12:40:06.7249432Z I/flutter ( 2346): [FluviDiagnostic] stage=SCENE_WINDOW_ATOMIC_WORK_UNIT_OVER_BUDGET scope=workUnit=dayHeaderText elapsedMicros=1794 budgetMicros=1000 entryCount=226 error=- message=-
2026-09-09T12:40:06.7337944Z I/flutter ( 2346): [FluviDiagnostic] stage=SCENE_WINDOW_SLICE_OVER_BUDGET scope=boundary=dayHeader elapsedMicros=3599 budgetMicros=1000 entryCount=226 error=- message=-
2026-09-09T12:40:06.7401292Z I/flutter ( 2346): [FluviDiagnostic] stage=SCENE_WINDOW_PREPARE_COMPLETED scope=owner=foregroundNavigation priority=3 entryCount=226 error=- message=uiIsolateMicros=11140 largestContiguousUiSliceMicros=3599 yields=21 richRowProjectionMicros=22 richFrameProjectionMicros=318 projectedUniqueRows=18 projectedFrames=4 reusedProjectedRows=78 reusedProjectedFrames=0 uniqueRowLayouts=118 reusedRowLayouts=100 newRowLayouts=18 sceneNew=4 sceneReuse=39 pauseCount=0 resumeCount=0 semanticsWork=0 rasterWork=0 allocationCount=40
2026-09-09T12:40:06.7457961Z I/flutter ( 2346): [FluviDiagnostic] stage=SUMMARY_PARENT_HOTSET_PREPARE_STARTED scope=- entryCount=130 error=- message=-
2026-09-09T12:40:06.7518191Z I/flutter ( 2346): [FluviDiagnostic] stage=SCENE_WINDOW_PREPARE_STARTED scope=owner=speculativeMaintenance priority=1 entryCount=130 error=- message=-
2026-09-09T12:40:06.7520734Z I/flutter ( 2346): [FluviDiagnostic] stage=SCENE_WINDOW_ATOMIC_WORK_UNIT_OVER_BUDGET scope=workUnit=rowText:title elapsedMicros=2792 budgetMicros=1000 entryCount=130 error=- message=-
2026-09-09T12:40:06.7578426Z I/flutter ( 2346): [FluviDiagnostic] stage=SCENE_WINDOW_SLICE_OVER_BUDGET scope=boundary=rowTextParagraph elapsedMicros=3101 budgetMicros=1000 entryCount=130 error=- message=-
2026-09-09T12:40:06.7608336Z I/flutter ( 2346): [FluviDiagnostic] stage=SCENE_WINDOW_ATOMIC_WORK_UNIT_OVER_BUDGET scope=workUnit=rowText:amount elapsedMicros=2220 budgetMicros=1000 entryCount=130 error=- message=-
2026-09-09T12:40:06.7638326Z I/flutter ( 2346): [FluviDiagnostic] stage=SCENE_WINDOW_ATOMIC_WORK_UNIT_OVER_BUDGET scope=workUnit=rowText:time elapsedMicros=3086 budgetMicros=1000 entryCount=130 error=- message=-
2026-09-09T12:40:06.8040291Z I/flutter ( 2346): [FluviDiagnostic] stage=SCENE_WINDOW_ATOMIC_WORK_UNIT_OVER_BUDGET scope=workUnit=dayHeaderText elapsedMicros=4382 budgetMicros=1000 entryCount=130 error=- message=-
2026-09-09T12:40:06.8118338Z I/flutter ( 2346): [FluviDiagnostic] stage=SCENE_WINDOW_SLICE_OVER_BUDGET scope=boundary=dayHeader elapsedMicros=4574 budgetMicros=1000 entryCount=130 error=- message=-
2026-09-09T12:40:06.8151318Z I/flutter ( 2346): [FluviDiagnostic] stage=SCENE_WINDOW_PREPARE_COMPLETED scope=owner=speculativeMaintenance priority=1 entryCount=130 error=- message=uiIsolateMicros=71184 largestContiguousUiSliceMicros=9930 yields=74 richRowProjectionMicros=177 richFrameProjectionMicros=622 projectedUniqueRows=94 projectedFrames=30 reusedProjectedRows=36 reusedProjectedFrames=0 uniqueRowLayouts=100 reusedRowLayouts=6 newRowLayouts=94 sceneNew=30 sceneReuse=0 pauseCount=0 resumeCount=0 semanticsWork=0 rasterWork=0 allocationCount=140
2026-09-09T12:40:06.8207808Z I/flutter ( 2346): [FluviDiagnostic] stage=SUMMARY_PARENT_HOTSET_PREPARE_READY scope=- entryCount=130 error=- message=-
2026-09-09T12:40:06.8237937Z I/flutter ( 2346): [FluviDiagnostic] stage=SUMMARY_PARENT_HOTSET_PREPARE_STARTED scope=- entryCount=0 error=- message=-
2026-09-09T12:40:06.8307884Z I/flutter ( 2346): [FluviDiagnostic] stage=SUMMARY_PARENT_HOTSET_PREPARE_READY scope=- entryCount=0 error=- message=-
2026-09-09T12:40:06.8471578Z I/flutter ( 2346): [FluviDiagnostic] stage=HEADER_RENDER_FIDELITY_CONFIG scope=outputResolutionMode=nativeSurface fieldEvaluationMode=perFragment logicalWidth=375.4757281553398 logicalHeight=123.8252427184466 physicalWidth=986.0 physicalHeight=326.0 sourceRenderScale=0.6 effectId=dualTide backend=fragmentShader physicalTarget=986.0x326.0 parentTransformScale=notObservableInCanvas touchOverlayBackend=fragmentShaderAnalytic shaderFailureFallback=nativeStaticGradient shaderReady=true shaderFailure=false entryCount=- error=- message=-
2026-09-09T12:40:06.8592905Z I/flutter ( 2346): [FluviDiagnostic] stage=HEADER_TOUCH_RENDER_PATH_BOUND scope=fieldBackend=fragmentShader overlayBackend=fragmentShaderAnalytic trailBackend=fragmentShaderAnalytic logicalSize=375.4757281553398x123.8252427184466 physicalSize=986.0x326.0 usesSaveLayer=false usesOffscreenIntermediate=false entryCount=- error=- message=-
2026-09-09T12:40:06.8790612Z I/flutter ( 2346): [FluviDiagnostic] stage=HEADER_PORTAL_INNER_CHANNEL_BOUND scope=enabled=true effectId=wandering-mist settingsGeneration=0 phaseOwnerIdentity=456053682 controllerIdentity=713124974 fragmentBackendIdentity=323175876 programIdentity=22724915 shaderIdentity=299830606 canonicalFieldStopCount=2 canonicalFieldStopHash=43d59ffd portalColorModel=paletteCoordinate inputSignature=4e3687a entryCount=- error=- message=-
2026-09-09T12:40:06.8911078Z I/flutter ( 2346): [FluviDiagnostic] stage=HEADER_PORTAL_BACKGROUND_CHANNEL_BOUND scope=enabled=true effectId=wandering-mist settingsGeneration=0 phaseOwnerIdentity=456053682 controllerIdentity=713124974 fragmentBackendIdentity=323175876 programIdentity=22724915 shaderIdentity=299830606 canonicalFieldStopCount=2 canonicalFieldStopHash=43d59ffd portalColorModel=paletteCoordinate inputSignature=4e3687a entryCount=- error=- message=-
2026-09-09T12:40:06.8941264Z I/flutter ( 2346): [FluviDiagnostic] stage=HEADER_PORTAL_FRAGMENT_INPUT_BOUND scope=innerEnabled=true innerEffect=wandering-mist innerSettingsHash=d6060b backgroundEnabled=true backgroundEffect=wandering-mist backgroundSettingsHash=d6060b uniformLayoutVersion=3 fragmentConfigurationGeneration=2 fragmentBackendIdentity=323175876 programIdentity=22724915 shaderIdentity=299830606 canonicalFieldStopCount=2 canonicalFieldStopHash=43d59ffd portalColorModel=paletteCoordinate entryCount=- error=- message=-
2026-09-09T12:40:07.0352312Z I/flutter ( 2346): [PROFILE][SCENARIO_PREPARED] I_first_fling plane=month
2026-09-09T12:40:07.0357982Z I/flutter ( 2346): [PROFILE][SCENARIO_STABLE] I_first_fling
2026-09-09T12:40:08.0623131Z D/EGL_emulation( 2346): app_time_stats: avg=522.15ms min=195.62ms max=1041.05ms count=3
2026-09-09T12:40:11.0863923Z D/EGL_emulation( 2346): app_time_stats: avg=3025.29ms min=3025.29ms max=3025.29ms count=1
2026-09-09T12:40:11.0936392Z I/flutter ( 2346): [FluviDiagnostic] stage=BUDGET_HEADER_VALUE_BOUND scope=generation=0 plane=day targetHandle=0 modelBindVsyncMicros=54704051 displayNumeratorScaled100=2839954 displayDenominatorScaled100=2778226 hasLimit=true canonicalLimitScaled100=86125000 entryCount=- error=- message=-
2026-09-09T12:40:13.3768726Z D/EGL_emulation( 2346): app_time_stats: avg=2289.22ms min=2289.22ms max=2289.22ms count=1
2026-09-09T12:40:15.5868133Z D/EGL_emulation( 2346): app_time_stats: avg=2205.76ms min=2205.76ms max=2205.76ms count=1
2026-09-09T12:40:15.6080998Z I/flutter ( 2346): [FluviDiagnostic] stage=BUDGET_HEADER_VALUE_BOUND scope=generation=0 plane=day targetHandle=0 modelBindVsyncMicros=59204051 displayNumeratorScaled100=2839954 displayDenominatorScaled100=2778226 hasLimit=true canonicalLimitScaled100=86125000 entryCount=- error=- message=-
2026-09-09T12:40:17.6743191Z D/EGL_emulation( 2346): app_time_stats: avg=2088.69ms min=2088.69ms max=2088.69ms count=1
2026-09-09T12:40:17.6820278Z I/flutter ( 2346): [FluviDiagnostic] stage=BUDGET_HEADER_VALUE_BOUND scope=generation=0 plane=day targetHandle=0 modelBindVsyncMicros=61287384 displayNumeratorScaled100=2839954 displayDenominatorScaled100=2778226 hasLimit=true canonicalLimitScaled100=86125000 entryCount=- error=- message=-
2026-09-09T12:40:19.6191088Z D/EGL_emulation( 2346): app_time_stats: avg=1947.43ms min=1947.43ms max=1947.43ms count=1
2026-09-09T12:40:21.8358669Z D/EGL_emulation( 2346): app_time_stats: avg=2216.43ms min=2216.43ms max=2216.43ms count=1
2026-09-09T12:40:21.8459817Z I/flutter ( 2346): [FluviDiagnostic] stage=BUDGET_HEADER_VALUE_BOUND scope=generation=0 plane=day targetHandle=0 modelBindVsyncMicros=65454051 displayNumeratorScaled100=2839954 displayDenominatorScaled100=2778226 hasLimit=true canonicalLimitScaled100=86125000 entryCount=- error=- message=-
2026-09-09T12:40:23.8128529Z D/EGL_emulation( 2346): app_time_stats: avg=1970.00ms min=1970.00ms max=1970.00ms count=1
2026-09-09T12:40:25.9066188Z D/EGL_emulation( 2346): app_time_stats: avg=2099.28ms min=2099.28ms max=2099.28ms count=1
2026-09-09T12:40:25.9129323Z I/flutter ( 2346): [FluviDiagnostic] stage=BUDGET_HEADER_VALUE_BOUND scope=generation=0 plane=day targetHandle=0 modelBindVsyncMicros=69520717 displayNumeratorScaled100=2839954 displayDenominatorScaled100=2778226 hasLimit=true canonicalLimitScaled100=86125000 entryCount=- error=- message=-
2026-09-09T12:40:28.0229175Z D/EGL_emulation( 2346): app_time_stats: avg=2116.74ms min=2116.74ms max=2116.74ms count=1
2026-09-09T12:40:30.0697994Z D/EGL_emulation( 2346): app_time_stats: avg=2044.49ms min=2044.49ms max=2044.49ms count=1
2026-09-09T12:40:32.1792812Z D/EGL_emulation( 2346): app_time_stats: avg=2112.45ms min=2112.45ms max=2112.45ms count=1
2026-09-09T12:40:34.5181318Z D/EGL_emulation( 2346): app_time_stats: avg=2338.83ms min=2338.83ms max=2338.83ms count=1
2026-09-09T12:40:34.5847362Z I/flutter ( 2346): [FluviDiagnostic] stage=BUDGET_HEADER_VALUE_BOUND scope=generation=0 plane=day targetHandle=0 modelBindVsyncMicros=78137384 displayNumeratorScaled100=2839954 displayDenominatorScaled100=2778226 hasLimit=true canonicalLimitScaled100=86125000 entryCount=- error=- message=-
2026-09-09T12:40:36.6310185Z I/flutter ( 2346): [PROFILE][SCENARIO_READY] I_first_fling
2026-09-09T12:40:36.6348535Z I/flutter ( 2346): [PROFILE][SCENARIO_START] K_avatar_first_target
2026-09-09T12:40:37.0479084Z D/EGL_emulation( 2346): app_time_stats: avg=2529.93ms min=2529.93ms max=2529.93ms count=1
2026-09-09T12:40:37.0741474Z I/flutter ( 2346): [FluviDiagnostic] stage=DASHBOARD_STARTUP_ATTEMPT_STARTED scope=attemptGeneration=1 stage=bootstrap entryCount=- error=- message=-
2026-09-09T12:40:37.1212414Z I/flutter ( 2346): [FluviDiagnostic] stage=READINESS_PHASE_ENTERED scope=- entryCount=- error=- message=databasePending
2026-09-09T12:40:37.1238150Z I/flutter ( 2346): [FluviDiagnostic] stage=READINESS_PHASE_ENTERED scope=- entryCount=- error=- message=indexBuilding
2026-09-09T12:40:37.1268424Z I/flutter ( 2346): [FluviDiagnostic] stage=READINESS_TASK_STARTED scope=- entryCount=- error=- message=viewportPayload
2026-09-09T12:40:37.2030280Z D/FluviDashboard( 2346): [FLOW][INDEX_BUILD_STARTED] INDEX_BUILD_STARTED flowId=- queryKey=- direction=- scope=generation=1 acquisitionReason=bootstrap requestIdentity=rev=2|income=income|periods:|categories:|partners:|refinements:min=,max=,hasNote=false|expense=expense|periods:|categories:|partners:|refinements:min=,max=,hasNote=false|page=24|window=2014-2038 revision=2 totalMinor=- entryCount=-
2026-09-09T12:40:37.4698651Z I/com.fluvi.app( 2346): Background concurrent mark compact GC freed 4804KB AllocSpace bytes, 3(876KB) LOS objects, 49% free, 3427KB/6855KB, paused 129us,2.057ms total 105.138ms
2026-09-09T12:40:38.0119018Z I/com.fluvi.app( 2346): Background concurrent mark compact GC freed 4300KB AllocSpace bytes, 0(0B) LOS objects, 49% free, 4075KB/8151KB, paused 165us,9.803ms total 153.881ms
2026-09-09T12:40:38.4670925Z I/com.fluvi.app( 2346): Background concurrent mark compact GC freed 5136KB AllocSpace bytes, 0(0B) LOS objects, 49% free, 4795KB/9591KB, paused 217us,27.929ms total 205.805ms
2026-09-09T12:40:38.9115707Z I/com.fluvi.app( 2346): Background concurrent mark compact GC freed 4952KB AllocSpace bytes, 0(0B) LOS objects, 49% free, 5867KB/11MB, paused 3.771ms,2.522ms total 186.433ms
2026-09-09T12:40:39.3792285Z D/FluviDashboard( 2346): [FLOW][INDEX_BUILD_READY] INDEX_BUILD_READY flowId=- queryKey=- direction=- scope=generation=1 acquisitionReason=bootstrap requestIdentity=rev=2|income=income|periods:|categories:|partners:|refinements:min=,max=,hasNote=false|expense=expense|periods:|categories:|partners:|refinements:min=,max=,hasNote=false|page=24|window=2014-2038 sqlCalls=5 sqlMicros=1368729 frames=1012 rows=4304 payloadBytes=2175073 serializationMicros=161728 revision=2 totalMinor=- entryCount=-
2026-09-09T12:40:39.4308582Z D/EGL_emulation( 2346): app_time_stats: avg=2383.27ms min=2383.27ms max=2383.27ms count=1
2026-09-09T12:40:39.5688854Z I/com.fluvi.app( 2346): Background concurrent mark compact GC freed 2100KB AllocSpace bytes, 4(9308KB) LOS objects, 49% free, 9851KB/19MB, paused 91us,25.992ms total 191.554ms
2026-09-09T12:40:40.2809380Z D/FluviDashboard( 2346): [FLOW][FINANCIAL_LIMIT_SNAPSHOT_PREPARE_STARTED] FINANCIAL_LIMIT_SNAPSHOT_PREPARE_STARTED flowId=- queryKey=- direction=- scope=yearWindowStart=2014 yearWindowEnd=2038 revision=2 totalMinor=- entryCount=-
2026-09-09T12:40:40.4849795Z D/FluviDashboard( 2346): [FLOW][FINANCIAL_LIMIT_SNAPSHOT_READY] FINANCIAL_LIMIT_SNAPSHOT_READY flowId=- queryKey=- direction=- scope=incomeTargetCount=3 incomeCategoryCount=2 expenseTargetCount=9 expenseCategoryCount=8 periodSliceCount=326 payloadBytes=320072 sqlCalls=5 nativeSqlMicros=193065 revision=2 totalMinor=- entryCount=-
2026-09-09T12:40:40.5028804Z D/FluviDashboard( 2346): [FLOW][BUDGET_PARTNER_SNAPSHOT_PREPARE_STARTED] BUDGET_PARTNER_SNAPSHOT_PREPARE_STARTED flowId=- queryKey=- direction=- scope=yearWindowStart=2014 yearWindowEnd=2038 revision=2 totalMinor=- entryCount=-
2026-09-09T12:40:40.7580621Z D/EGL_emulation( 2346): app_time_stats: avg=305.12ms min=223.00ms max=507.59ms count=4
2026-09-09T12:40:40.9039358Z I/com.fluvi.app( 2346): Background concurrent mark compact GC freed 11MB AllocSpace bytes, 13(6284KB) LOS objects, 49% free, 6219KB/12MB, paused 267us,4.135ms total 231.478ms
2026-09-09T12:40:40.9081935Z D/FluviDashboard( 2346): [FLOW][BUDGET_PARTNER_SNAPSHOT_READY] BUDGET_PARTNER_SNAPSHOT_READY flowId=- queryKey=- direction=- scope=incomePartnerCount=4 expensePartnerCount=23 periodSlices=326 payloadBytes=347027 sqlCalls=5 nativeSqlMicros=283496 revision=2 totalMinor=- entryCount=-
2026-09-09T12:40:40.9137835Z I/flutter ( 2346): [FluviDiagnostic] stage=READINESS_TASK_COMPLETED scope=- entryCount=- error=- message=viewportPayload
2026-09-09T12:40:40.9187059Z I/flutter ( 2346): [FluviDiagnostic] stage=READINESS_PHASE_ENTERED scope=- entryCount=- error=- message=presentationPreparing
2026-09-09T12:40:40.9197178Z I/flutter ( 2346): [FluviDiagnostic] stage=READINESS_TASK_STARTED scope=- entryCount=- error=- message=renderResources
2026-09-09T12:40:40.9208893Z I/flutter ( 2346): [FluviDiagnostic] stage=READINESS_TASK_COMPLETED scope=- entryCount=- error=- message=renderResources
2026-09-09T12:40:40.9211152Z I/flutter ( 2346): [FluviDiagnostic] stage=READINESS_PHASE_ENTERED scope=- entryCount=- error=- message=renderCriticalWarmup
2026-09-09T12:40:40.9216226Z I/flutter ( 2346): [FluviDiagnostic] stage=READINESS_TASK_STARTED scope=- entryCount=- error=- message=logBoxSurface
2026-09-09T12:40:41.2654637Z I/flutter ( 2346): [FluviDiagnostic] stage=BUDGET_HEADER_VALUE_BOUND scope=generation=0 plane=month targetHandle=0 modelBindVsyncMicros=84870717 displayNumeratorScaled100=68900000 displayDenominatorScaled100=86125000 hasLimit=true canonicalLimitScaled100=86125000 entryCount=- error=- message=-
2026-09-09T12:40:41.2729648Z I/flutter ( 2346): [FluviDiagnostic] stage=HEADER_PORTAL_EFFECT_CATALOG_VERIFIED scope=- entryCount=- error=- message=innerOptionCount=5 backgroundOptionCount=5 sameOptions=true sameRenderer=false sameParameterSchema=true sameDefaults=true sameState=false sameClockSource=true
2026-09-09T12:40:41.2789993Z I/flutter ( 2346): [FluviDiagnostic] stage=BUDGET_HEADER_COOL_COLOR_BOUND scope=source=cool driver=userGlobal positionPct=50 windowWidthPct=28 leftRawPct=36.0 centerRawPct=50.0 rightRawPct=64.0 leftSamplePct=36.0 centerSamplePct=50.0 rightSamplePct=64.0 colorAArgb=4284604923 colorMidArgb=4279551457 colorBArgb=4278423754 settingsGeneration=0 entryCount=- error=- message=-
2026-09-09T12:40:41.2817897Z I/flutter ( 2346): [FluviDiagnostic] stage=READINESS_TASK_COMPLETED scope=- entryCount=- error=- message=logBoxSurface
2026-09-09T12:40:41.2847945Z I/flutter ( 2346): [FluviDiagnostic] stage=READINESS_TASK_STARTED scope=- entryCount=- error=- message=logBoxLayout
2026-09-09T12:40:41.2937876Z I/flutter ( 2346): [FluviDiagnostic] stage=READINESS_TASK_COMPLETED scope=- entryCount=- error=- message=logBoxLayout
2026-09-09T12:40:41.2997940Z I/flutter ( 2346): [FluviDiagnostic] stage=READINESS_TASK_STARTED scope=- entryCount=- error=- message=textLayoutSlots
2026-09-09T12:40:41.3028162Z I/flutter ( 2346): [FluviDiagnostic] stage=SCENE_WINDOW_PREPARE_STARTED scope=owner=renderCriticalReadiness priority=5 entryCount=30 error=- message=-
2026-09-09T12:40:41.3119792Z I/flutter ( 2346): [FluviDiagnostic] stage=HEADER_RENDER_BACKEND_BOUND scope=commitSha=a047e216803d3ac01d97b4d5ffd03842a1579db3 backend=fragmentShader logicalWidth=375.4757281553398 logicalHeight=123.8252427184466 devicePixelRatio=2.6260019651445416 physicalWidth=986.0 physicalHeight=326.0 backendIdentity=900315652 entryCount=- error=- message=-
2026-09-09T12:40:41.3178403Z I/flutter ( 2346): [FluviDiagnostic] stage=HEADER_PORTAL_INNER_CHANNEL_BOUND scope=enabled=true effectId=wandering-mist settingsGeneration=0 phaseOwnerIdentity=764448788 controllerIdentity=391062449 fragmentBackendIdentity=900315652 programIdentity=900315652 shaderIdentity=900315652 canonicalFieldStopCount=2 canonicalFieldStopHash=43d59ffd portalColorModel=paletteCoordinate inputSignature=1e04e4c0 entryCount=- error=- message=-
2026-09-09T12:40:41.3210787Z I/flutter ( 2346): [FluviDiagnostic] stage=HEADER_PORTAL_BACKGROUND_CHANNEL_BOUND scope=enabled=true effectId=wandering-mist settingsGeneration=0 phaseOwnerIdentity=764448788 controllerIdentity=391062449 fragmentBackendIdentity=900315652 programIdentity=900315652 shaderIdentity=900315652 canonicalFieldStopCount=2 canonicalFieldStopHash=43d59ffd portalColorModel=paletteCoordinate inputSignature=1e04e4c0 entryCount=- error=- message=-
2026-09-09T12:40:41.3241307Z I/flutter ( 2346): [FluviDiagnostic] stage=HEADER_PORTAL_FRAGMENT_INPUT_BOUND scope=innerEnabled=true innerEffect=wandering-mist innerSettingsHash=d6060b backgroundEnabled=true backgroundEffect=wandering-mist backgroundSettingsHash=d6060b uniformLayoutVersion=3 fragmentConfigurationGeneration=1 fragmentBackendIdentity=900315652 programIdentity=900315652 shaderIdentity=900315652 canonicalFieldStopCount=2 canonicalFieldStopHash=43d59ffd portalColorModel=paletteCoordinate entryCount=- error=- message=-
2026-09-09T12:40:41.3299701Z I/flutter ( 2346): [FluviDiagnostic] stage=HEADER_SHADER_READY scope=asset=shaders/dashboard_header_field.frag programIdentity=22724915 shaderIdentity=625861610 flutterVersion=3.41.4 rendererBackend=runtimeEffect engineBackend=notExposedByDart entryCount=- error=- message=-
2026-09-09T12:40:41.3328464Z I/flutter ( 2346): [FluviDiagnostic] stage=SCENE_WINDOW_ATOMIC_WORK_UNIT_OVER_BUDGET scope=workUnit=rowText:time elapsedMicros=2126 budgetMicros=1000 entryCount=30 error=- message=-
2026-09-09T12:40:41.3388422Z I/flutter ( 2346): [FluviDiagnostic] stage=SCENE_WINDOW_SLICE_OVER_BUDGET scope=boundary=rowTextParagraph elapsedMicros=2429 budgetMicros=1000 entryCount=30 error=- message=-
2026-09-09T12:40:41.3451397Z I/flutter ( 2346): [FluviDiagnostic] stage=SCENE_WINDOW_PREPARE_COMPLETED scope=owner=renderCriticalReadiness priority=5 entryCount=30 error=- message=uiIsolateMicros=6407 largestContiguousUiSliceMicros=2429 yields=13 richRowProjectionMicros=11 richFrameProjectionMicros=53 projectedUniqueRows=6 projectedFrames=1 reusedProjectedRows=0 reusedProjectedFrames=0 uniqueRowLayouts=30 reusedRowLayouts=0 newRowLayouts=30 sceneNew=2 sceneReuse=0 pauseCount=0 resumeCount=0 semanticsWork=0 rasterWork=0 allocationCount=47
2026-09-09T12:40:41.3538237Z I/flutter ( 2346): [FluviDiagnostic] stage=SCENE_WINDOW_PREPARE_STARTED scope=owner=liveInteractionResource priority=4 entryCount=130 error=- message=-
2026-09-09T12:40:41.3569739Z I/flutter ( 2346): [FluviDiagnostic] stage=READINESS_TASK_COMPLETED scope=- entryCount=- error=- message=textLayoutSlots
2026-09-09T12:40:41.3598509Z I/flutter ( 2346): [FluviDiagnostic] stage=SCENE_WINDOW_ATOMIC_WORK_UNIT_OVER_BUDGET scope=workUnit=richProjection elapsedMicros=2110 budgetMicros=1000 entryCount=130 error=- message=-
2026-09-09T12:40:41.3628369Z I/flutter ( 2346): [FluviDiagnostic] stage=SCENE_WINDOW_SLICE_OVER_BUDGET scope=boundary=richProjection elapsedMicros=2552 budgetMicros=1000 entryCount=130 error=- message=-
2026-09-09T12:40:41.3657852Z I/flutter ( 2346): [FluviDiagnostic] stage=READINESS_PHASE_ENTERED scope=- entryCount=- error=- message=ready
2026-09-09T12:40:41.3688237Z I/flutter ( 2346): [FluviDiagnostic] stage=DASHBOARD_STARTUP_READY scope=attemptGeneration=1 stage=ready readinessTask=- entryCount=- error=- message=-
2026-09-09T12:40:41.3689967Z I/flutter ( 2346): [FluviDiagnostic] stage=READINESS_READY scope=- entryCount=- error=- message=-
2026-09-09T12:40:41.3692089Z I/flutter ( 2346): [FluviDiagnostic] stage=SCENE_WINDOW_ATOMIC_WORK_UNIT_OVER_BUDGET scope=workUnit=rowText:amount elapsedMicros=1221 budgetMicros=1000 entryCount=130 error=- message=-
2026-09-09T12:40:41.3694541Z I/flutter ( 2346): [FluviDiagnostic] stage=SCENE_WINDOW_SLICE_OVER_BUDGET scope=boundary=rowTextParagraph elapsedMicros=1460 budgetMicros=1000 entryCount=130 error=- message=-
2026-09-09T12:40:41.3697250Z I/flutter ( 2346): [FluviDiagnostic] stage=SCENE_WINDOW_ATOMIC_WORK_UNIT_OVER_BUDGET scope=workUnit=rowText:time elapsedMicros=1095 budgetMicros=1000 entryCount=130 error=- message=-
2026-09-09T12:40:41.3699844Z I/flutter ( 2346): [FluviDiagnostic] stage=SCENE_WINDOW_ATOMIC_WORK_UNIT_OVER_BUDGET scope=workUnit=rowText:title elapsedMicros=2234 budgetMicros=1000 entryCount=130 error=- message=-
2026-09-09T12:40:41.3702519Z I/flutter ( 2346): [FluviDiagnostic] stage=SCENE_WINDOW_ATOMIC_WORK_UNIT_OVER_BUDGET scope=workUnit=dayHeaderText elapsedMicros=2857 budgetMicros=1000 entryCount=130 error=- message=-
2026-09-09T12:40:41.3705089Z I/flutter ( 2346): [FluviDiagnostic] stage=SCENE_WINDOW_SLICE_OVER_BUDGET scope=boundary=dayHeader elapsedMicros=3256 budgetMicros=1000 entryCount=130 error=- message=-
2026-09-09T12:40:41.3741727Z I/flutter ( 2346): [FluviDiagnostic] stage=SCENE_WINDOW_PREPARE_COMPLETED scope=owner=liveInteractionResource priority=4 entryCount=130 error=- message=uiIsolateMicros=30323 largestContiguousUiSliceMicros=3440 yields=52 richRowProjectionMicros=91 richFrameProjectionMicros=2476 projectedUniqueRows=70 projectedFrames=37 reusedProjectedRows=30 reusedProjectedFrames=0 uniqueRowLayouts=100 reusedRowLayouts=30 newRowLayouts=70 sceneNew=37 sceneReuse=2 pauseCount=0 resumeCount=0 semanticsWork=0 rasterWork=0 allocationCount=123
2026-09-09T12:40:41.4634670Z I/flutter ( 2346): [FluviDiagnostic] stage=SCENE_WINDOW_PREPARE_STARTED scope=owner=foregroundNavigation priority=3 entryCount=226 error=- message=-
2026-09-09T12:40:41.4673887Z I/flutter ( 2346): [FluviDiagnostic] stage=SCENE_WINDOW_ATOMIC_WORK_UNIT_OVER_BUDGET scope=workUnit=rowText:amount elapsedMicros=1094 budgetMicros=1000 entryCount=226 error=- message=-
2026-09-09T12:40:41.4678957Z I/flutter ( 2346): [FluviDiagnostic] stage=SCENE_WINDOW_SLICE_OVER_BUDGET scope=boundary=rowTextParagraph elapsedMicros=1154 budgetMicros=1000 entryCount=226 error=- message=-
2026-09-09T12:40:41.4682247Z I/flutter ( 2346): [FluviDiagnostic] stage=SCENE_WINDOW_ATOMIC_WORK_UNIT_OVER_BUDGET scope=workUnit=rowText:time elapsedMicros=2836 budgetMicros=1000 entryCount=226 error=- message=-
2026-09-09T12:40:41.4766098Z I/flutter ( 2346): [FluviDiagnostic] stage=SCENE_WINDOW_ATOMIC_WORK_UNIT_OVER_BUDGET scope=workUnit=dayHeaderText elapsedMicros=4037 budgetMicros=1000 entryCount=226 error=- message=-
2026-09-09T12:40:41.4799999Z I/flutter ( 2346): [FluviDiagnostic] stage=SCENE_WINDOW_SLICE_OVER_BUDGET scope=boundary=dayHeader elapsedMicros=4477 budgetMicros=1000 entryCount=226 error=- message=-
2026-09-09T12:40:41.4831817Z I/flutter ( 2346): [FluviDiagnostic] stage=SCENE_WINDOW_PREPARE_COMPLETED scope=owner=foregroundNavigation priority=3 entryCount=226 error=- message=uiIsolateMicros=13206 largestContiguousUiSliceMicros=4477 yields=19 richRowProjectionMicros=23 richFrameProjectionMicros=377 projectedUniqueRows=18 projectedFrames=4 reusedProjectedRows=78 reusedProjectedFrames=0 uniqueRowLayouts=118 reusedRowLayouts=100 newRowLayouts=18 sceneNew=41 sceneReuse=2 pauseCount=0 resumeCount=0 semanticsWork=0 rasterWork=0 allocationCount=77
2026-09-09T12:40:41.4858043Z I/flutter ( 2346): [FluviDiagnostic] stage=SUMMARY_PARENT_HOTSET_PREPARE_STARTED scope=- entryCount=130 error=- message=-
2026-09-09T12:40:41.4888259Z I/flutter ( 2346): [FluviDiagnostic] stage=SCENE_WINDOW_PREPARE_STARTED scope=owner=speculativeMaintenance priority=1 entryCount=130 error=- message=-
2026-09-09T12:40:41.4891251Z I/flutter ( 2346): [FluviDiagnostic] stage=SCENE_WINDOW_SLICE_OVER_BUDGET scope=boundary=rowTextParagraph elapsedMicros=1135 budgetMicros=1000 entryCount=130 error=- message=-
2026-09-09T12:40:41.5164796Z I/flutter ( 2346): [FluviDiagnostic] stage=SCENE_WINDOW_ATOMIC_WORK_UNIT_OVER_BUDGET scope=workUnit=rowText:time elapsedMicros=31139 budgetMicros=1000 entryCount=130 error=- message=-
2026-09-09T12:40:41.5181059Z I/flutter ( 2346): [FluviDiagnostic] stage=SCENE_WINDOW_ATOMIC_WORK_UNIT_OVER_BUDGET scope=workUnit=rowText:amount elapsedMicros=1136 budgetMicros=1000 entryCount=130 error=- message=-
2026-09-09T12:40:41.5188543Z I/flutter ( 2346): [FluviDiagnostic] stage=SCENE_WINDOW_SLICE_OVER_BUDGET scope=boundary=rowText elapsedMicros=1136 budgetMicros=1000 entryCount=130 error=- message=-
2026-09-09T12:40:41.5287138Z I/flutter ( 2346): [FluviDiagnostic] stage=SCENE_WINDOW_ATOMIC_WORK_UNIT_OVER_BUDGET scope=workUnit=rowText:title elapsedMicros=1094 budgetMicros=1000 entryCount=130 error=- message=-
2026-09-09T12:40:41.5428708Z I/flutter ( 2346): [FluviDiagnostic] stage=SCENE_WINDOW_ATOMIC_WORK_UNIT_OVER_BUDGET scope=workUnit=dayHeaderText elapsedMicros=1166 budgetMicros=1000 entryCount=130 error=- message=-
2026-09-09T12:40:41.5431690Z I/flutter ( 2346): [FluviDiagnostic] stage=SCENE_WINDOW_SLICE_OVER_BUDGET scope=boundary=dayHeader elapsedMicros=1922 budgetMicros=1000 entryCount=130 error=- message=-
2026-09-09T12:40:41.5488589Z I/flutter ( 2346): [FluviDiagnostic] stage=SCENE_WINDOW_SLICE_OVER_BUDGET scope=boundary=completion elapsedMicros=1636 budgetMicros=1000 entryCount=130 error=- message=-
2026-09-09T12:40:41.5495386Z I/flutter ( 2346): [FluviDiagnostic] stage=SCENE_WINDOW_PREPARE_COMPLETED scope=owner=speculativeMaintenance priority=1 entryCount=130 error=- message=uiIsolateMicros=67373 largestContiguousUiSliceMicros=31394 yields=68 richRowProjectionMicros=120 richFrameProjectionMicros=488 projectedUniqueRows=94 projectedFrames=30 reusedProjectedRows=36 reusedProjectedFrames=0 uniqueRowLayouts=100 reusedRowLayouts=6 newRowLayouts=94 sceneNew=30 sceneReuse=0 pauseCount=0 resumeCount=0 semanticsWork=0 rasterWork=0 allocationCount=140
2026-09-09T12:40:41.5528166Z I/flutter ( 2346): [FluviDiagnostic] stage=SUMMARY_PARENT_HOTSET_PREPARE_READY scope=- entryCount=130 error=- message=-
2026-09-09T12:40:41.5558195Z I/flutter ( 2346): [FluviDiagnostic] stage=SUMMARY_PARENT_HOTSET_PREPARE_STARTED scope=- entryCount=0 error=- message=-
2026-09-09T12:40:41.5559915Z I/flutter ( 2346): [FluviDiagnostic] stage=SUMMARY_PARENT_HOTSET_PREPARE_READY scope=- entryCount=0 error=- message=-
2026-09-09T12:40:41.5565434Z I/flutter ( 2346): [FluviDiagnostic] stage=HEADER_RENDER_FIDELITY_CONFIG scope=outputResolutionMode=nativeSurface fieldEvaluationMode=perFragment logicalWidth=375.4757281553398 logicalHeight=123.8252427184466 physicalWidth=986.0 physicalHeight=326.0 sourceRenderScale=0.6 effectId=dualTide backend=fragmentShader physicalTarget=986.0x326.0 parentTransformScale=notObservableInCanvas touchOverlayBackend=fragmentShaderAnalytic shaderFailureFallback=nativeStaticGradient shaderReady=true shaderFailure=false entryCount=- error=- message=-
2026-09-09T12:40:41.5590092Z I/flutter ( 2346): [FluviDiagnostic] stage=HEADER_TOUCH_RENDER_PATH_BOUND scope=fieldBackend=fragmentShader overlayBackend=fragmentShaderAnalytic trailBackend=fragmentShaderAnalytic logicalSize=375.4757281553398x123.8252427184466 physicalSize=986.0x326.0 usesSaveLayer=false usesOffscreenIntermediate=false entryCount=- error=- message=-
2026-09-09T12:40:41.5596932Z I/flutter ( 2346): [FluviDiagnostic] stage=HEADER_PORTAL_INNER_CHANNEL_BOUND scope=enabled=true effectId=wandering-mist settingsGeneration=0 phaseOwnerIdentity=764448788 controllerIdentity=391062449 fragmentBackendIdentity=900315652 programIdentity=22724915 shaderIdentity=625861610 canonicalFieldStopCount=2 canonicalFieldStopHash=43d59ffd portalColorModel=paletteCoordinate inputSignature=9579bf6 entryCount=- error=- message=-
2026-09-09T12:40:41.5631495Z I/flutter ( 2346): [FluviDiagnostic] stage=HEADER_PORTAL_BACKGROUND_CHANNEL_BOUND scope=enabled=true effectId=wandering-mist settingsGeneration=0 phaseOwnerIdentity=764448788 controllerIdentity=391062449 fragmentBackendIdentity=900315652 programIdentity=22724915 shaderIdentity=625861610 canonicalFieldStopCount=2 canonicalFieldStopHash=43d59ffd portalColorModel=paletteCoordinate inputSignature=9579bf6 entryCount=- error=- message=-
2026-09-09T12:40:41.5837290Z D/FluviDashboard( 2346): [FLOW][VERTICAL_PAGE_NATIVE_READY] VERTICAL_PAGE_NATIVE_READY flowId=- queryKey=expense|month:2026-07|categories:|partners:|refinements: direction=expense scope=pageOrdinal=1 nativeSqlMicros=1629 nativeMappingMicros=326 serializationMicros=354 nativeHandlerQueueMicros=360 authoritativeEntryCount=94 revision=2 totalMinor=- entryCount=24
2026-09-09T12:40:41.5975987Z D/FluviDashboard( 2346): [FLOW][VERTICAL_PAGE_NATIVE_RESULT_SUBMITTED] VERTICAL_PAGE_NATIVE_RESULT_SUBMITTED flowId=- queryKey=- direction=- scope=nativeHandlerQueueMicros=360 nativeResultSubmitMicros=65 revision=- totalMinor=- entryCount=-
2026-09-09T12:40:41.6280341Z D/FluviDashboard( 2346): [FLOW][VERTICAL_PAGE_NATIVE_READY] VERTICAL_PAGE_NATIVE_READY flowId=- queryKey=expense|month:2026-07|categories:|partners:|refinements: direction=expense scope=pageOrdinal=2 nativeSqlMicros=4436 nativeMappingMicros=2173 serializationMicros=425 nativeHandlerQueueMicros=213 authoritativeEntryCount=94 revision=2 totalMinor=- entryCount=24
2026-09-09T12:40:41.6297562Z D/FluviDashboard( 2346): [FLOW][VERTICAL_PAGE_NATIVE_RESULT_SUBMITTED] VERTICAL_PAGE_NATIVE_RESULT_SUBMITTED flowId=- queryKey=- direction=- scope=nativeHandlerQueueMicros=213 nativeResultSubmitMicros=56 revision=- totalMinor=- entryCount=-
2026-09-09T12:40:41.6540519Z D/FluviDashboard( 2346): [FLOW][VERTICAL_PAGE_NATIVE_READY] VERTICAL_PAGE_NATIVE_READY flowId=- queryKey=expense|month:2026-07|categories:|partners:|refinements: direction=expense scope=pageOrdinal=3 nativeSqlMicros=1157 nativeMappingMicros=130 serializationMicros=328 nativeHandlerQueueMicros=858 authoritativeEntryCount=94 revision=2 totalMinor=- entryCount=22
2026-09-09T12:40:41.6608133Z D/FluviDashboard( 2346): [FLOW][VERTICAL_PAGE_NATIVE_RESULT_SUBMITTED] VERTICAL_PAGE_NATIVE_RESULT_SUBMITTED flowId=- queryKey=- direction=- scope=nativeHandlerQueueMicros=858 nativeResultSubmitMicros=62 revision=- totalMinor=- entryCount=-
2026-09-09T12:40:42.0312196Z D/EGL_emulation( 2346): app_time_stats: avg=208.50ms min=39.77ms max=343.53ms count=5
2026-09-09T12:40:42.5625444Z I/flutter ( 2346): [FluviDiagnostic] stage=HEADER_PORTAL_FRAGMENT_INPUT_BOUND scope=innerEnabled=true innerEffect=wandering-mist innerSettingsHash=d6060b backgroundEnabled=true backgroundEffect=wandering-mist backgroundSettingsHash=d6060b uniformLayoutVersion=3 fragmentConfigurationGeneration=2 fragmentBackendIdentity=900315652 programIdentity=22724915 shaderIdentity=625861610 canonicalFieldStopCount=2 canonicalFieldStopHash=43d59ffd portalColorModel=paletteCoordinate entryCount=- error=- message=-
2026-09-09T12:40:42.5644031Z I/flutter ( 2346): [FluviDiagnostic] stage=HEADER_TAP_WAVE_TRIGGERED scope=- entryCount=- error=- message=originXNormalized=0.5 originYNormalized=0.5000000000000001 activeWaveCount=1
2026-09-09T12:40:42.5646680Z I/flutter ( 2346): [FluviDiagnostic] stage=SCENE_WINDOW_PREPARE_STARTED scope=owner=liveInteractionResource priority=4 entryCount=105 error=- message=-
2026-09-09T12:40:42.5679489Z I/flutter ( 2346): [FluviDiagnostic] stage=BUDGET_HEADER_WIDGET_BUILT scope=interactionGeneration=0 targetHandle=0 visiblePresentationEpoch=1 visibleFrameGeneration=1 buildVsyncMicros=85304050 entryCount=- error=- message=-
2026-09-09T12:40:42.5708082Z I/flutter ( 2346): [FluviDiagnostic] stage=HEADER_RENDER_BACKEND_BOUND scope=commitSha=a047e216803d3ac01d97b4d5ffd03842a1579db3 backend=fragmentShader logicalWidth=375.4757281553398 logicalHeight=123.8252427184466 devicePixelRatio=2.6260019651445416 physicalWidth=986.0 physicalHeight=326.0 backendIdentity=978010723 entryCount=- error=- message=-
2026-09-09T12:40:42.5744679Z I/flutter ( 2346): [FluviDiagnostic] stage=HEADER_PORTAL_INNER_CHANNEL_BOUND scope=enabled=true effectId=wandering-mist settingsGeneration=0 phaseOwnerIdentity=764448788 controllerIdentity=391062449 fragmentBackendIdentity=978010723 programIdentity=978010723 shaderIdentity=978010723 canonicalFieldStopCount=3 canonicalFieldStopHash=79f93e3b portalColorModel=paletteCoordinate inputSignature=1553a310 entryCount=- error=- message=-
2026-09-09T12:40:42.5780774Z I/flutter ( 2346): [FluviDiagnostic] stage=HEADER_PORTAL_BACKGROUND_CHANNEL_BOUND scope=enabled=true effectId=wandering-mist settingsGeneration=0 phaseOwnerIdentity=764448788 controllerIdentity=391062449 fragmentBackendIdentity=978010723 programIdentity=978010723 shaderIdentity=978010723 canonicalFieldStopCount=3 canonicalFieldStopHash=79f93e3b portalColorModel=paletteCoordinate inputSignature=1553a310 entryCount=- error=- message=-
2026-09-09T12:40:42.5788490Z I/flutter ( 2346): [FluviDiagnostic] stage=HEADER_PORTAL_FRAGMENT_INPUT_BOUND scope=innerEnabled=true innerEffect=wandering-mist innerSettingsHash=d6060b backgroundEnabled=true backgroundEffect=wandering-mist backgroundSettingsHash=d6060b uniformLayoutVersion=3 fragmentConfigurationGeneration=1 fragmentBackendIdentity=978010723 programIdentity=978010723 shaderIdentity=978010723 canonicalFieldStopCount=3 canonicalFieldStopHash=79f93e3b portalColorModel=paletteCoordinate entryCount=- error=- message=-
2026-09-09T12:40:42.5808886Z I/flutter ( 2346): [FluviDiagnostic] stage=BUDGET_HEADER_PAINTED scope=interactionGeneration=0 targetHandle=0 visiblePresentationEpoch=1 visibleFrameGeneration=1 displayNumeratorScaled100=68900000 displayDenominatorScaled100=86125000 paintVsyncMicros=85304050 entryCount=- error=- message=-
2026-09-09T12:40:42.5839745Z I/flutter ( 2346): [FluviDiagnostic] stage=HEADER_SHADER_READY scope=asset=shaders/dashboard_header_field.frag programIdentity=22724915 shaderIdentity=266061669 flutterVersion=3.41.4 rendererBackend=runtimeEffect engineBackend=notExposedByDart entryCount=- error=- message=-
2026-09-09T12:40:42.5868002Z I/flutter ( 2346): [PROFILE][SCENARIO_PREPARED] K_avatar_first_target plane=month
2026-09-09T12:40:42.5877526Z I/flutter ( 2346): [PROFILE][SCENARIO_STABLE] K_avatar_first_target
2026-09-09T12:40:42.5901769Z I/flutter ( 2346): [FluviDiagnostic] stage=SCENE_WINDOW_PREPARE_COMPLETED scope=owner=liveInteractionResource priority=4 entryCount=105 error=- message=uiIsolateMicros=1353 largestContiguousUiSliceMicros=925 yields=4 richRowProjectionMicros=121 richFrameProjectionMicros=725 projectedUniqueRows=81 projectedFrames=8 reusedProjectedRows=0 reusedProjectedFrames=0 uniqueRowLayouts=81 reusedRowLayouts=81 newRowLayouts=0 sceneNew=8 sceneReuse=1 pauseCount=0 resumeCount=0 semanticsWork=0 rasterWork=0 allocationCount=8
2026-09-09T12:40:42.5931907Z I/flutter ( 2346): [FluviDiagnostic] stage=HEADER_RENDER_FIDELITY_CONFIG scope=outputResolutionMode=nativeSurface fieldEvaluationMode=perFragment logicalWidth=375.4757281553398 logicalHeight=123.8252427184466 physicalWidth=986.0 physicalHeight=326.0 sourceRenderScale=0.6 effectId=dualTide backend=fragmentShader physicalTarget=986.0x326.0 parentTransformScale=notObservableInCanvas touchOverlayBackend=fragmentShaderAnalytic shaderFailureFallback=nativeStaticGradient shaderReady=true shaderFailure=false entryCount=- error=- message=-
2026-09-09T12:40:42.5970065Z I/flutter ( 2346): [FluviDiagnostic] stage=HEADER_TOUCH_RENDER_PATH_BOUND scope=fieldBackend=fragmentShader overlayBackend=fragmentShaderAnalytic trailBackend=fragmentShaderAnalytic logicalSize=375.4757281553398x123.8252427184466 physicalSize=986.0x326.0 usesSaveLayer=false usesOffscreenIntermediate=false entryCount=- error=- message=-
2026-09-09T12:40:42.6000832Z I/flutter ( 2346): [FluviDiagnostic] stage=HEADER_PORTAL_INNER_CHANNEL_BOUND scope=enabled=true effectId=wandering-mist settingsGeneration=0 phaseOwnerIdentity=764448788 controllerIdentity=391062449 fragmentBackendIdentity=978010723 programIdentity=22724915 shaderIdentity=266061669 canonicalFieldStopCount=3 canonicalFieldStopHash=79f93e3b portalColorModel=paletteCoordinate inputSignature=85d76f6 entryCount=- error=- message=-
2026-09-09T12:40:42.6030743Z I/flutter ( 2346): [FluviDiagnostic] stage=HEADER_PORTAL_BACKGROUND_CHANNEL_BOUND scope=enabled=true effectId=wandering-mist settingsGeneration=0 phaseOwnerIdentity=764448788 controllerIdentity=391062449 fragmentBackendIdentity=978010723 programIdentity=22724915 shaderIdentity=266061669 canonicalFieldStopCount=3 canonicalFieldStopHash=79f93e3b portalColorModel=paletteCoordinate inputSignature=85d76f6 entryCount=- error=- message=-
2026-09-09T12:40:42.6038461Z I/flutter ( 2346): [FluviDiagnostic] stage=HEADER_PORTAL_FRAGMENT_INPUT_BOUND scope=innerEnabled=true innerEffect=wandering-mist innerSettingsHash=d6060b backgroundEnabled=true backgroundEffect=wandering-mist backgroundSettingsHash=d6060b uniformLayoutVersion=3 fragmentConfigurationGeneration=2 fragmentBackendIdentity=978010723 programIdentity=22724915 shaderIdentity=266061669 canonicalFieldStopCount=3 canonicalFieldStopHash=79f93e3b portalColorModel=paletteCoordinate entryCount=- error=- message=-
2026-09-09T12:40:44.1659946Z D/EGL_emulation( 2346): app_time_stats: avg=2137.07ms min=2137.07ms max=2137.07ms count=1
2026-09-09T12:40:44.1813042Z I/flutter ( 2346): [FluviDiagnostic] stage=BUDGET_HEADER_VALUE_BOUND scope=generation=1 plane=month targetHandle=1 modelBindVsyncMicros=87787383 displayNumeratorScaled100=1409473 displayDenominatorScaled100=3198457 hasLimit=true canonicalLimitScaled100=3198457 entryCount=- error=- message=-
2026-09-09T12:40:44.5790719Z I/flutter ( 2346): [FluviDiagnostic] stage=BUDGET_HEADER_WIDGET_BUILT scope=interactionGeneration=1 targetHandle=1 visiblePresentationEpoch=1 visibleFrameGeneration=1 buildVsyncMicros=88187383 entryCount=- error=- message=-
2026-09-09T12:40:44.5911052Z I/flutter ( 2346): [FluviDiagnostic] stage=BUDGET_HEADER_PAINTED scope=interactionGeneration=1 targetHandle=1 visiblePresentationEpoch=1 visibleFrameGeneration=1 displayNumeratorScaled100=1409473 displayDenominatorScaled100=3198457 paintVsyncMicros=88187383 entryCount=- error=- message=-
2026-09-09T12:40:44.6074060Z I/flutter ( 2346): [FluviDiagnostic] stage=BUDGET_HEADER_VALUE_BOUND scope=generation=2 plane=month targetHandle=2 modelBindVsyncMicros=88187383 displayNumeratorScaled100=3064905 displayDenominatorScaled100=4730070 hasLimit=true canonicalLimitScaled100=4730070 entryCount=- error=- message=-
2026-09-09T12:40:46.9807488Z D/EGL_emulation( 2346): app_time_stats: avg=1405.72ms min=397.09ms max=2414.34ms count=2
2026-09-09T12:40:46.9899913Z I/flutter ( 2346): [FluviDiagnostic] stage=BUDGET_HEADER_WIDGET_BUILT scope=interactionGeneration=2 targetHandle=2 visiblePresentationEpoch=1 visibleFrameGeneration=1 buildVsyncMicros=90604050 entryCount=- error=- message=-
2026-09-09T12:40:47.0019291Z I/flutter ( 2346): [FluviDiagnostic] stage=BUDGET_HEADER_PAINTED scope=interactionGeneration=2 targetHandle=2 visiblePresentationEpoch=1 visibleFrameGeneration=1 displayNumeratorScaled100=3064905 displayDenominatorScaled100=4730070 paintVsyncMicros=90604050 entryCount=- error=- message=-
2026-09-09T12:40:47.0109995Z I/flutter ( 2346): [FluviDiagnostic] stage=BUDGET_HEADER_VALUE_BOUND scope=generation=3 plane=month targetHandle=3 modelBindVsyncMicros=90604050 displayNumeratorScaled100=2644575 displayDenominatorScaled100=3305718 hasLimit=true canonicalLimitScaled100=3305718 entryCount=- error=- message=-
2026-09-09T12:40:49.3090301Z D/EGL_emulation( 2346): app_time_stats: avg=2327.56ms min=2327.56ms max=2327.56ms count=1
2026-09-09T12:40:49.3108207Z I/flutter ( 2346): [FluviDiagnostic] stage=BUDGET_HEADER_WIDGET_BUILT scope=interactionGeneration=3 targetHandle=3 visiblePresentationEpoch=1 visibleFrameGeneration=1 buildVsyncMicros=92920716 entryCount=- error=- message=-
2026-09-09T12:40:49.3273405Z I/flutter ( 2346): [FluviDiagnostic] stage=BUDGET_HEADER_PAINTED scope=interactionGeneration=3 targetHandle=3 visiblePresentationEpoch=1 visibleFrameGeneration=1 displayNumeratorScaled100=2644575 displayDenominatorScaled100=3305718 paintVsyncMicros=92920716 entryCount=- error=- message=-
2026-09-09T12:40:51.5012517Z D/EGL_emulation( 2346): app_time_stats: avg=2196.02ms min=2196.02ms max=2196.02ms count=1
2026-09-09T12:40:51.5204060Z I/flutter ( 2346): [FluviDiagnostic] stage=BUDGET_HEADER_VALUE_BOUND scope=generation=4 plane=month targetHandle=4 modelBindVsyncMicros=95120716 displayNumeratorScaled100=39000000 displayDenominatorScaled100=8791666 hasLimit=true canonicalLimitScaled100=8791666 entryCount=- error=- message=-
2026-09-09T12:40:53.5468463Z D/EGL_emulation( 2346): app_time_stats: avg=2044.07ms min=2044.07ms max=2044.07ms count=1
2026-09-09T12:40:53.5601125Z I/flutter ( 2346): [FluviDiagnostic] stage=BUDGET_HEADER_WIDGET_BUILT scope=interactionGeneration=4 targetHandle=4 visiblePresentationEpoch=1 visibleFrameGeneration=1 buildVsyncMicros=97170716 entryCount=- error=- message=-
2026-09-09T12:40:53.5662337Z I/flutter ( 2346): [FluviDiagnostic] stage=BUDGET_HEADER_PAINTED scope=interactionGeneration=4 targetHandle=4 visiblePresentationEpoch=1 visibleFrameGeneration=1 displayNumeratorScaled100=39000000 displayDenominatorScaled100=8791666 paintVsyncMicros=97170716 entryCount=- error=- message=-
2026-09-09T12:40:53.5721469Z I/flutter ( 2346): [FluviDiagnostic] stage=BUDGET_HEADER_VALUE_BOUND scope=generation=5 plane=month targetHandle=5 modelBindVsyncMicros=97170716 displayNumeratorScaled100=6000000 displayDenominatorScaled100=1666666 hasLimit=true canonicalLimitScaled100=1666666 entryCount=- error=- message=-
2026-09-09T12:40:55.7987831Z D/EGL_emulation( 2346): app_time_stats: avg=2250.97ms min=2250.97ms max=2250.97ms count=1
2026-09-09T12:40:55.8067404Z I/flutter ( 2346): [FluviDiagnostic] stage=BUDGET_HEADER_WIDGET_BUILT scope=interactionGeneration=5 targetHandle=5 visiblePresentationEpoch=1 visibleFrameGeneration=1 buildVsyncMicros=99420716 entryCount=- error=- message=-
2026-09-09T12:40:55.8153418Z I/flutter ( 2346): [FluviDiagnostic] stage=BUDGET_HEADER_PAINTED scope=interactionGeneration=5 targetHandle=5 visiblePresentationEpoch=1 visibleFrameGeneration=1 displayNumeratorScaled100=6000000 displayDenominatorScaled100=1666666 paintVsyncMicros=99420716 entryCount=- error=- message=-
2026-09-09T12:40:55.8280790Z I/flutter ( 2346): [FluviDiagnostic] stage=BUDGET_HEADER_VALUE_BOUND scope=generation=6 plane=month targetHandle=6 modelBindVsyncMicros=99420716 displayNumeratorScaled100=2882276 displayDenominatorScaled100=3602845 hasLimit=true canonicalLimitScaled100=3602845 entryCount=- error=- message=-
2026-09-09T12:40:58.0701527Z D/EGL_emulation( 2346): app_time_stats: avg=2271.33ms min=2271.33ms max=2271.33ms count=1
2026-09-09T12:40:58.0756507Z I/flutter ( 2346): [FluviDiagnostic] stage=BUDGET_HEADER_WIDGET_BUILT scope=interactionGeneration=6 targetHandle=6 visiblePresentationEpoch=1 visibleFrameGeneration=1 buildVsyncMicros=101687383 entryCount=- error=- message=-
2026-09-09T12:40:58.0880037Z I/flutter ( 2346): [FluviDiagnostic] stage=BUDGET_HEADER_PAINTED scope=interactionGeneration=6 targetHandle=6 visiblePresentationEpoch=1 visibleFrameGeneration=1 displayNumeratorScaled100=2882276 displayDenominatorScaled100=3602845 paintVsyncMicros=101687383 entryCount=- error=- message=-
2026-09-09T12:41:00.0829647Z D/EGL_emulation( 2346): app_time_stats: avg=2012.92ms min=2012.92ms max=2012.92ms count=1
2026-09-09T12:41:00.1299980Z I/flutter ( 2346): [FluviDiagnostic] stage=BUDGET_HEADER_VALUE_BOUND scope=generation=7 plane=month targetHandle=7 modelBindVsyncMicros=103704049 displayNumeratorScaled100=4639396 displayDenominatorScaled100=4891990 hasLimit=true canonicalLimitScaled100=4891990 entryCount=- error=- message=-
2026-09-09T12:41:02.7836115Z D/EGL_emulation( 2346): app_time_stats: avg=2703.09ms min=2703.09ms max=2703.09ms count=1
2026-09-09T12:41:02.8049494Z I/flutter ( 2346): [FluviDiagnostic] stage=BUDGET_HEADER_WIDGET_BUILT scope=interactionGeneration=7 targetHandle=7 visiblePresentationEpoch=1 visibleFrameGeneration=1 buildVsyncMicros=106404049 entryCount=- error=- message=-
2026-09-09T12:41:02.8079383Z I/flutter ( 2346): [FluviDiagnostic] stage=BUDGET_HEADER_PAINTED scope=interactionGeneration=7 targetHandle=7 visiblePresentationEpoch=1 visibleFrameGeneration=1 displayNumeratorScaled100=4639396 displayDenominatorScaled100=4891990 paintVsyncMicros=106404049 entryCount=- error=- message=-
2026-09-09T12:41:04.8471847Z D/EGL_emulation( 2346): app_time_stats: avg=2060.67ms min=2060.67ms max=2060.67ms count=1
2026-09-09T12:41:07.0228962Z D/EGL_emulation( 2346): app_time_stats: avg=2176.68ms min=2176.68ms max=2176.68ms count=1
2026-09-09T12:41:07.0350039Z I/flutter ( 2346): [FluviDiagnostic] stage=BUDGET_HEADER_VALUE_BOUND scope=generation=8 plane=month targetHandle=3 modelBindVsyncMicros=110637382 displayNumeratorScaled100=2644575 displayDenominatorScaled100=3305718 hasLimit=true canonicalLimitScaled100=3305718 entryCount=- error=- message=-
2026-09-09T12:41:07.0421257Z I/flutter ( 2346): [FluviDiagnostic] stage=SCENE_WINDOW_PREPARE_STARTED scope=owner=liveInteractionResource priority=4 entryCount=26 error=- message=-
2026-09-09T12:41:07.0439288Z I/flutter ( 2346): [FluviDiagnostic] stage=SCENE_WINDOW_PREPARE_DEFERRED scope=owner=foregroundNavigation priority=3 blockedBy=liveInteractionResource blockedByPriority=4 entryCount=13 error=- message=-
2026-09-09T12:41:07.0444976Z I/flutter ( 2346): [FluviDiagnostic] stage=SCENE_WINDOW_PREPARE_COMPLETED scope=owner=liveInteractionResource priority=4 entryCount=26 error=- message=uiIsolateMicros=594 largestContiguousUiSliceMicros=593 yields=1 richRowProjectionMicros=14 richFrameProjectionMicros=58 projectedUniqueRows=7 projectedFrames=31 reusedProjectedRows=0 reusedProjectedFrames=0 uniqueRowLayouts=13 reusedRowLayouts=13 newRowLayouts=0 sceneNew=14 sceneReuse=1 pauseCount=0 resumeCount=0 semanticsWork=0 rasterWork=0 allocationCount=14
2026-09-09T12:41:07.0450481Z I/flutter ( 2346): [FluviDiagnostic] stage=SCENE_WINDOW_PREPARE_STARTED scope=owner=foregroundNavigation priority=3 entryCount=13 error=- message=-
2026-09-09T12:41:07.0455985Z I/flutter ( 2346): [FluviDiagnostic] stage=SCENE_WINDOW_PREPARE_COMPLETED scope=owner=foregroundNavigation priority=3 entryCount=13 error=- message=uiIsolateMicros=196 largestContiguousUiSliceMicros=196 yields=1 richRowProjectionMicros=0 richFrameProjectionMicros=0 projectedUniqueRows=0 projectedFrames=0 reusedProjectedRows=0 reusedProjectedFrames=0 uniqueRowLayouts=13 reusedRowLayouts=13 newRowLayouts=0 sceneNew=1 sceneReuse=1 pauseCount=0 resumeCount=0 semanticsWork=0 rasterWork=0 allocationCount=1
2026-09-09T12:41:07.0461603Z I/flutter ( 2346): [FluviDiagnostic] stage=BUDGET_HEADER_WIDGET_BUILT scope=interactionGeneration=8 targetHandle=3 visiblePresentationEpoch=2 visibleFrameGeneration=10 buildVsyncMicros=110637382 entryCount=- error=- message=-
2026-09-09T12:41:07.0528539Z I/flutter ( 2346): [FluviDiagnostic] stage=BUDGET_HEADER_PAINTED scope=interactionGeneration=8 targetHandle=3 visiblePresentationEpoch=2 visibleFrameGeneration=10 displayNumeratorScaled100=2644575 displayDenominatorScaled100=3305718 paintVsyncMicros=110637382 entryCount=- error=- message=-
2026-09-09T12:41:09.2001779Z D/EGL_emulation( 2346): app_time_stats: avg=2177.35ms min=2177.35ms max=2177.35ms count=1
2026-09-09T12:41:11.3165505Z D/EGL_emulation( 2346): app_time_stats: avg=2116.53ms min=2116.53ms max=2116.53ms count=1
2026-09-09T12:41:13.4610909Z D/EGL_emulation( 2346): app_time_stats: avg=2139.90ms min=2139.90ms max=2139.90ms count=1
2026-09-09T12:41:15.9918341Z D/EGL_emulation( 2346): app_time_stats: avg=2531.73ms min=2531.73ms max=2531.73ms count=1
2026-09-09T12:41:16.0188904Z I/flutter ( 2346): [FluviDiagnostic] stage=BUDGET_HEADER_VALUE_BOUND scope=generation=9 plane=month targetHandle=2 modelBindVsyncMicros=119604049 displayNumeratorScaled100=3064905 displayDenominatorScaled100=4730070 hasLimit=true canonicalLimitScaled100=4730070 entryCount=- error=- message=-
2026-09-09T12:41:18.5532424Z D/EGL_emulation( 2346): app_time_stats: avg=2565.76ms min=2565.76ms max=2565.76ms count=1
2026-09-09T12:41:20.4449444Z I/flutter ( 2346): [FluviDiagnostic] stage=BUDGET_HEADER_WIDGET_BUILT scope=interactionGeneration=9 targetHandle=2 visiblePresentationEpoch=2 visibleFrameGeneration=10 buildVsyncMicros=124054048 entryCount=- error=- message=-
2026-09-09T12:41:20.4614565Z I/flutter ( 2346): [FluviDiagnostic] stage=BUDGET_HEADER_PAINTED scope=interactionGeneration=9 targetHandle=2 visiblePresentationEpoch=2 visibleFrameGeneration=10 displayNumeratorScaled100=3064905 displayDenominatorScaled100=4730070 paintVsyncMicros=124054048 entryCount=- error=- message=-
2026-09-09T12:41:20.4956909Z I/flutter ( 2346): [FluviDiagnostic] stage=BUDGET_HEADER_VALUE_BOUND scope=generation=10 plane=month targetHandle=1 modelBindVsyncMicros=124054048 displayNumeratorScaled100=1409473 displayDenominatorScaled100=3198457 hasLimit=true canonicalLimitScaled100=3198457 entryCount=- error=- message=-
2026-09-09T12:41:20.8357358Z D/EGL_emulation( 2346): app_time_stats: avg=402.54ms min=402.54ms max=402.54ms count=1
2026-09-09T12:41:20.8483640Z I/flutter ( 2346): [FluviDiagnostic] stage=BUDGET_HEADER_WIDGET_BUILT scope=interactionGeneration=10 targetHandle=1 visiblePresentationEpoch=2 visibleFrameGeneration=10 buildVsyncMicros=124454048 entryCount=- error=- message=-
2026-09-09T12:41:20.8640001Z I/flutter ( 2346): [FluviDiagnostic] stage=BUDGET_HEADER_PAINTED scope=interactionGeneration=10 targetHandle=1 visiblePresentationEpoch=2 visibleFrameGeneration=10 displayNumeratorScaled100=1409473 displayDenominatorScaled100=3198457 paintVsyncMicros=124454048 entryCount=- error=- message=-
2026-09-09T12:41:20.9249269Z I/flutter ( 2346): [FluviDiagnostic] stage=BUDGET_HEADER_VALUE_BOUND scope=generation=11 plane=month targetHandle=0 modelBindVsyncMicros=124454048 displayNumeratorScaled100=68900000 displayDenominatorScaled100=86125000 hasLimit=true canonicalLimitScaled100=86125000 entryCount=- error=- message=-
2026-09-09T12:41:22.9940973Z D/EGL_emulation( 2346): app_time_stats: avg=2156.37ms min=2156.37ms max=2156.37ms count=1
2026-09-09T12:41:23.0064685Z I/flutter ( 2346): [FluviDiagnostic] stage=BUDGET_HEADER_WIDGET_BUILT scope=interactionGeneration=11 targetHandle=0 visiblePresentationEpoch=2 visibleFrameGeneration=10 buildVsyncMicros=126620715 entryCount=- error=- message=-
2026-09-09T12:41:23.0210712Z I/flutter ( 2346): [FluviDiagnostic] stage=BUDGET_HEADER_PAINTED scope=interactionGeneration=11 targetHandle=0 visiblePresentationEpoch=2 visibleFrameGeneration=10 displayNumeratorScaled100=68900000 displayDenominatorScaled100=86125000 paintVsyncMicros=126620715 entryCount=- error=- message=-
2026-09-09T12:41:25.1931281Z D/EGL_emulation( 2346): app_time_stats: avg=2200.55ms min=2200.55ms max=2200.55ms count=1
2026-09-09T12:41:25.2176605Z I/flutter ( 2346): [FluviDiagnostic] stage=BUDGET_HEADER_VALUE_BOUND scope=generation=12 plane=month targetHandle=8 modelBindVsyncMicros=128820715 displayNumeratorScaled100=9259375 displayDenominatorScaled100=13260096 hasLimit=true canonicalLimitScaled100=13260096 entryCount=- error=- message=-
2026-09-09T12:41:27.1791873Z D/EGL_emulation( 2346): app_time_stats: avg=1981.33ms min=1981.33ms max=1981.33ms count=1
2026-09-09T12:41:27.1809391Z I/flutter ( 2346): [FluviDiagnostic] stage=BUDGET_HEADER_WIDGET_BUILT scope=interactionGeneration=12 targetHandle=8 visiblePresentationEpoch=2 visibleFrameGeneration=10 buildVsyncMicros=130787381 entryCount=- error=- message=-
2026-09-09T12:41:27.1919118Z I/flutter ( 2346): [FluviDiagnostic] stage=BUDGET_HEADER_PAINTED scope=interactionGeneration=12 targetHandle=8 visiblePresentationEpoch=2 visibleFrameGeneration=10 displayNumeratorScaled100=9259375 displayDenominatorScaled100=13260096 paintVsyncMicros=130787381 entryCount=- error=- message=-
2026-09-09T12:41:27.2131161Z I/flutter ( 2346): [FluviDiagnostic] stage=BUDGET_HEADER_VALUE_BOUND scope=generation=13 plane=month targetHandle=7 modelBindVsyncMicros=130787381 displayNumeratorScaled100=4639396 displayDenominatorScaled100=4891990 hasLimit=true canonicalLimitScaled100=4891990 entryCount=- error=- message=-
2026-09-09T12:41:29.2250526Z D/EGL_emulation( 2346): app_time_stats: avg=2050.72ms min=2050.72ms max=2050.72ms count=1
2026-09-09T12:41:29.2463910Z I/flutter ( 2346): [FluviDiagnostic] stage=BUDGET_HEADER_WIDGET_BUILT scope=interactionGeneration=13 targetHandle=7 visiblePresentationEpoch=2 visibleFrameGeneration=10 buildVsyncMicros=132854048 entryCount=- error=- message=-
2026-09-09T12:41:29.2579586Z I/flutter ( 2346): [FluviDiagnostic] stage=BUDGET_HEADER_PAINTED scope=interactionGeneration=13 targetHandle=7 visiblePresentationEpoch=2 visibleFrameGeneration=10 displayNumeratorScaled100=4639396 displayDenominatorScaled100=4891990 paintVsyncMicros=132854048 entryCount=- error=- message=-
2026-09-09T12:41:29.2914580Z I/flutter ( 2346): [FluviDiagnostic] stage=BUDGET_HEADER_VALUE_BOUND scope=generation=14 plane=month targetHandle=6 modelBindVsyncMicros=132854048 displayNumeratorScaled100=2882276 displayDenominatorScaled100=3602845 hasLimit=true canonicalLimitScaled100=3602845 entryCount=- error=- message=-
2026-09-09T12:41:31.3889492Z D/EGL_emulation( 2346): app_time_stats: avg=2162.05ms min=2162.05ms max=2162.05ms count=1
2026-09-09T12:41:31.4004150Z I/flutter ( 2346): [FluviDiagnostic] stage=BUDGET_HEADER_WIDGET_BUILT scope=interactionGeneration=14 targetHandle=6 visiblePresentationEpoch=2 visibleFrameGeneration=10 buildVsyncMicros=135004048 entryCount=- error=- message=-
2026-09-09T12:41:31.4146417Z I/flutter ( 2346): [FluviDiagnostic] stage=BUDGET_HEADER_PAINTED scope=interactionGeneration=14 targetHandle=6 visiblePresentationEpoch=2 visibleFrameGeneration=10 displayNumeratorScaled100=2882276 displayDenominatorScaled100=3602845 paintVsyncMicros=135004048 entryCount=- error=- message=-
2026-09-09T12:41:33.4165037Z D/EGL_emulation( 2346): app_time_stats: avg=2028.64ms min=2028.64ms max=2028.64ms count=1
2026-09-09T12:41:33.4352411Z I/flutter ( 2346): [FluviDiagnostic] stage=BUDGET_HEADER_VALUE_BOUND scope=generation=15 plane=month targetHandle=5 modelBindVsyncMicros=137037381 displayNumeratorScaled100=6000000 displayDenominatorScaled100=1666666 hasLimit=true canonicalLimitScaled100=1666666 entryCount=- error=- message=-
2026-09-09T12:41:35.4825986Z D/EGL_emulation( 2346): app_time_stats: avg=2066.14ms min=2066.14ms max=2066.14ms count=1
2026-09-09T12:41:35.4954554Z I/flutter ( 2346): [FluviDiagnostic] stage=BUDGET_HEADER_WIDGET_BUILT scope=interactionGeneration=15 targetHandle=5 visiblePresentationEpoch=2 visibleFrameGeneration=10 buildVsyncMicros=139104048 entryCount=- error=- message=-
2026-09-09T12:41:35.5174418Z I/flutter ( 2346): [FluviDiagnostic] stage=BUDGET_HEADER_PAINTED scope=interactionGeneration=15 targetHandle=5 visiblePresentationEpoch=2 visibleFrameGeneration=10 displayNumeratorScaled100=6000000 displayDenominatorScaled100=1666666 paintVsyncMicros=139104048 entryCount=- error=- message=-
2026-09-09T12:41:37.6432526Z D/EGL_emulation( 2346): app_time_stats: avg=2161.15ms min=2161.15ms max=2161.15ms count=1
2026-09-09T12:41:39.7863229Z D/EGL_emulation( 2346): app_time_stats: avg=2142.72ms min=2142.72ms max=2142.72ms count=1
2026-09-09T12:41:39.8044390Z I/flutter ( 2346): [FluviDiagnostic] stage=BUDGET_HEADER_VALUE_BOUND scope=generation=16 plane=month targetHandle=0 modelBindVsyncMicros=143404048 displayNumeratorScaled100=68900000 displayDenominatorScaled100=86125000 hasLimit=true canonicalLimitScaled100=86125000 entryCount=- error=- message=-
2026-09-09T12:41:39.8218580Z I/flutter ( 2346): [FluviDiagnostic] stage=SCENE_WINDOW_PREPARE_STARTED scope=owner=liveInteractionResource priority=4 entryCount=130 error=- message=-
2026-09-09T12:41:39.8221442Z I/flutter ( 2346): [FluviDiagnostic] stage=SCENE_WINDOW_PREPARE_DEFERRED scope=owner=foregroundNavigation priority=3 blockedBy=liveInteractionResource blockedByPriority=4 entryCount=30 error=- message=-
2026-09-09T12:41:39.8278766Z I/flutter ( 2346): [FluviDiagnostic] stage=SCENE_WINDOW_ATOMIC_WORK_UNIT_OVER_BUDGET scope=workUnit=rowText:amount elapsedMicros=2859 budgetMicros=1000 entryCount=130 error=- message=-
2026-09-09T12:41:39.8294235Z I/flutter ( 2346): [FluviDiagnostic] stage=SCENE_WINDOW_SLICE_OVER_BUDGET scope=boundary=rowTextParagraph elapsedMicros=3154 budgetMicros=1000 entryCount=130 error=- message=-
2026-09-09T12:41:39.8341374Z I/flutter ( 2346): [FluviDiagnostic] stage=SCENE_WINDOW_PREPARE_COMPLETED scope=owner=liveInteractionResource priority=4 entryCount=130 error=- message=uiIsolateMicros=6536 largestContiguousUiSliceMicros=3154 yields=14 richRowProjectionMicros=0 richFrameProjectionMicros=0 projectedUniqueRows=0 projectedFrames=0 reusedProjectedRows=0 reusedProjectedFrames=0 uniqueRowLayouts=100 reusedRowLayouts=87 newRowLayouts=13 sceneNew=38 sceneReuse=1 pauseCount=0 resumeCount=0 semanticsWork=0 rasterWork=0 allocationCount=51
2026-09-09T12:41:39.8368167Z I/flutter ( 2346): [FluviDiagnostic] stage=SCENE_WINDOW_PREPARE_STARTED scope=owner=foregroundNavigation priority=3 entryCount=30 error=- message=-
2026-09-09T12:41:39.8401419Z I/flutter ( 2346): [FluviDiagnostic] stage=SCENE_WINDOW_PREPARE_COMPLETED scope=owner=foregroundNavigation priority=3 entryCount=30 error=- message=uiIsolateMicros=235 largestContiguousUiSliceMicros=235 yields=1 richRowProjectionMicros=0 richFrameProjectionMicros=0 projectedUniqueRows=0 projectedFrames=0 reusedProjectedRows=0 reusedProjectedFrames=0 uniqueRowLayouts=30 reusedRowLayouts=30 newRowLayouts=0 sceneNew=1 sceneReuse=1 pauseCount=0 resumeCount=0 semanticsWork=0 rasterWork=0 allocationCount=1
2026-09-09T12:41:39.8407086Z I/flutter ( 2346): [FluviDiagnostic] stage=BUDGET_HEADER_WIDGET_BUILT scope=interactionGeneration=16 targetHandle=0 visiblePresentationEpoch=3 visibleFrameGeneration=19 buildVsyncMicros=143404048 entryCount=- error=- message=-
2026-09-09T12:41:39.8501787Z I/flutter ( 2346): [FluviDiagnostic] stage=BUDGET_HEADER_PAINTED scope=interactionGeneration=16 targetHandle=0 visiblePresentationEpoch=3 visibleFrameGeneration=19 displayNumeratorScaled100=68900000 displayDenominatorScaled100=86125000 paintVsyncMicros=143404048 entryCount=- error=- message=-
2026-09-09T12:41:41.7743979Z D/EGL_emulation( 2346): app_time_stats: avg=1986.17ms min=1986.17ms max=1986.17ms count=1
2026-09-09T12:41:44.2464360Z D/EGL_emulation( 2346): app_time_stats: avg=2471.88ms min=2471.88ms max=2471.88ms count=1
2026-09-09T12:41:46.4781254Z D/EGL_emulation( 2346): app_time_stats: avg=2233.25ms min=2233.25ms max=2233.25ms count=1
2026-09-09T12:41:48.7177851Z D/EGL_emulation( 2346): app_time_stats: avg=2236.96ms min=2236.96ms max=2236.96ms count=1
2026-09-09T12:41:48.7389278Z I/flutter ( 2346): [FluviDiagnostic] stage=BUDGET_HEADER_VALUE_BOUND scope=generation=17 plane=month targetHandle=1 modelBindVsyncMicros=152337381 displayNumeratorScaled100=1409473 displayDenominatorScaled100=3198457 hasLimit=true canonicalLimitScaled100=3198457 entryCount=- error=- message=-
2026-09-09T12:41:50.7508531Z D/EGL_emulation( 2346): app_time_stats: avg=2032.31ms min=2032.31ms max=2032.31ms count=1
2026-09-09T12:41:50.7619405Z I/flutter ( 2346): [FluviDiagnostic] stage=BUDGET_HEADER_WIDGET_BUILT scope=interactionGeneration=17 targetHandle=1 visiblePresentationEpoch=3 visibleFrameGeneration=19 buildVsyncMicros=154370714 entryCount=- error=- message=-
2026-09-09T12:41:50.7683018Z I/flutter ( 2346): [FluviDiagnostic] stage=BUDGET_HEADER_PAINTED scope=interactionGeneration=17 targetHandle=1 visiblePresentationEpoch=3 visibleFrameGeneration=19 displayNumeratorScaled100=1409473 displayDenominatorScaled100=3198457 paintVsyncMicros=154370714 entryCount=- error=- message=-
2026-09-09T12:41:50.8227744Z I/flutter ( 2346): [FluviDiagnostic] stage=BUDGET_HEADER_VALUE_BOUND scope=generation=18 plane=month targetHandle=2 modelBindVsyncMicros=154370714 displayNumeratorScaled100=3064905 displayDenominatorScaled100=4730070 hasLimit=true canonicalLimitScaled100=4730070 entryCount=- error=- message=-
2026-09-09T12:41:52.7042626Z D/EGL_emulation( 2346): app_time_stats: avg=1955.86ms min=1955.86ms max=1955.86ms count=1
2026-09-09T12:41:52.7111628Z I/flutter ( 2346): [FluviDiagnostic] stage=BUDGET_HEADER_WIDGET_BUILT scope=interactionGeneration=18 targetHandle=2 visiblePresentationEpoch=3 visibleFrameGeneration=19 buildVsyncMicros=156320714 entryCount=- error=- message=-
2026-09-09T12:41:52.7308712Z I/flutter ( 2346): [FluviDiagnostic] stage=BUDGET_HEADER_PAINTED scope=interactionGeneration=18 targetHandle=2 visiblePresentationEpoch=3 visibleFrameGeneration=19 displayNumeratorScaled100=3064905 displayDenominatorScaled100=4730070 paintVsyncMicros=156320714 entryCount=- error=- message=-
2026-09-09T12:41:52.7428609Z I/flutter ( 2346): [FluviDiagnostic] stage=BUDGET_HEADER_VALUE_BOUND scope=generation=19 plane=month targetHandle=3 modelBindVsyncMicros=156320714 displayNumeratorScaled100=2644575 displayDenominatorScaled100=3305718 hasLimit=true canonicalLimitScaled100=3305718 entryCount=- error=- message=-
2026-09-09T12:41:55.3078323Z D/EGL_emulation( 2346): app_time_stats: avg=2599.62ms min=2599.62ms max=2599.62ms count=1
2026-09-09T12:41:55.3299229Z I/flutter ( 2346): [FluviDiagnostic] stage=BUDGET_HEADER_WIDGET_BUILT scope=interactionGeneration=19 targetHandle=3 visiblePresentationEpoch=3 visibleFrameGeneration=19 buildVsyncMicros=158920714 entryCount=- error=- message=-
2026-09-09T12:41:55.3488101Z I/flutter ( 2346): [FluviDiagnostic] stage=BUDGET_HEADER_PAINTED scope=interactionGeneration=19 targetHandle=3 visiblePresentationEpoch=3 visibleFrameGeneration=19 displayNumeratorScaled100=2644575 displayDenominatorScaled100=3305718 paintVsyncMicros=158920714 entryCount=- error=- message=-
2026-09-09T12:41:58.3366468Z D/EGL_emulation( 2346): app_time_stats: avg=3032.85ms min=3032.85ms max=3032.85ms count=1
2026-09-09T12:41:58.3495019Z I/flutter ( 2346): [FluviDiagnostic] stage=BUDGET_HEADER_VALUE_BOUND scope=generation=20 plane=month targetHandle=4 modelBindVsyncMicros=161954047 displayNumeratorScaled100=39000000 displayDenominatorScaled100=8791666 hasLimit=true canonicalLimitScaled100=8791666 entryCount=- error=- message=-
2026-09-09T12:42:00.6112405Z D/EGL_emulation( 2346): app_time_stats: avg=2273.90ms min=2273.90ms max=2273.90ms count=1
2026-09-09T12:42:00.6371723Z I/flutter ( 2346): [FluviDiagnostic] stage=BUDGET_HEADER_WIDGET_BUILT scope=interactionGeneration=20 targetHandle=4 visiblePresentationEpoch=3 visibleFrameGeneration=19 buildVsyncMicros=164237380 entryCount=- error=- message=-
2026-09-09T12:42:00.6453451Z I/flutter ( 2346): [FluviDiagnostic] stage=BUDGET_HEADER_PAINTED scope=interactionGeneration=20 targetHandle=4 visiblePresentationEpoch=3 visibleFrameGeneration=19 displayNumeratorScaled100=39000000 displayDenominatorScaled100=8791666 paintVsyncMicros=164237380 entryCount=- error=- message=-
2026-09-09T12:42:00.6739638Z I/flutter ( 2346): [FluviDiagnostic] stage=BUDGET_HEADER_VALUE_BOUND scope=generation=21 plane=month targetHandle=5 modelBindVsyncMicros=164237380 displayNumeratorScaled100=6000000 displayDenominatorScaled100=1666666 hasLimit=true canonicalLimitScaled100=1666666 entryCount=- error=- message=-
2026-09-09T12:42:03.0454900Z D/EGL_emulation( 2346): app_time_stats: avg=2435.92ms min=2435.92ms max=2435.92ms count=1
2026-09-09T12:42:03.0620964Z I/flutter ( 2346): [FluviDiagnostic] stage=BUDGET_HEADER_WIDGET_BUILT scope=interactionGeneration=21 targetHandle=5 visiblePresentationEpoch=3 visibleFrameGeneration=19 buildVsyncMicros=166670713 entryCount=- error=- message=-
2026-09-09T12:42:03.0685953Z I/flutter ( 2346): [FluviDiagnostic] stage=BUDGET_HEADER_PAINTED scope=interactionGeneration=21 targetHandle=5 visiblePresentationEpoch=3 visibleFrameGeneration=19 displayNumeratorScaled100=6000000 displayDenominatorScaled100=1666666 paintVsyncMicros=166670713 entryCount=- error=- message=-
2026-09-09T12:42:03.0790373Z I/flutter ( 2346): [FluviDiagnostic] stage=BUDGET_HEADER_VALUE_BOUND scope=generation=22 plane=month targetHandle=6 modelBindVsyncMicros=166670713 displayNumeratorScaled100=2882276 displayDenominatorScaled100=3602845 hasLimit=true canonicalLimitScaled100=3602845 entryCount=- error=- message=-
2026-09-09T12:42:05.2298025Z D/EGL_emulation( 2346): app_time_stats: avg=2183.56ms min=2183.56ms max=2183.56ms count=1
2026-09-09T12:42:05.2444144Z I/flutter ( 2346): [FluviDiagnostic] stage=BUDGET_HEADER_WIDGET_BUILT scope=interactionGeneration=22 targetHandle=6 visiblePresentationEpoch=3 visibleFrameGeneration=19 buildVsyncMicros=168854047 entryCount=- error=- message=-
2026-09-09T12:42:05.2496664Z I/flutter ( 2346): [FluviDiagnostic] stage=BUDGET_HEADER_PAINTED scope=interactionGeneration=22 targetHandle=6 visiblePresentationEpoch=3 visibleFrameGeneration=19 displayNumeratorScaled100=2882276 displayDenominatorScaled100=3602845 paintVsyncMicros=168854047 entryCount=- error=- message=-
2026-09-09T12:42:07.2034376Z D/EGL_emulation( 2346): app_time_stats: avg=1972.84ms min=1972.84ms max=1972.84ms count=1
2026-09-09T12:42:07.2610311Z I/flutter ( 2346): [FluviDiagnostic] stage=BUDGET_HEADER_VALUE_BOUND scope=generation=23 plane=month targetHandle=7 modelBindVsyncMicros=170820713 displayNumeratorScaled100=4639396 displayDenominatorScaled100=4891990 hasLimit=true canonicalLimitScaled100=4891990 entryCount=- error=- message=-
2026-09-09T12:42:09.3449752Z D/EGL_emulation( 2346): app_time_stats: avg=2141.69ms min=2141.69ms max=2141.69ms count=1
2026-09-09T12:42:09.3585232Z I/flutter ( 2346): [FluviDiagnostic] stage=BUDGET_HEADER_WIDGET_BUILT scope=interactionGeneration=23 targetHandle=7 visiblePresentationEpoch=3 visibleFrameGeneration=19 buildVsyncMicros=172970713 entryCount=- error=- message=-
2026-09-09T12:42:09.3672386Z I/flutter ( 2346): [FluviDiagnostic] stage=BUDGET_HEADER_PAINTED scope=interactionGeneration=23 targetHandle=7 visiblePresentationEpoch=3 visibleFrameGeneration=19 displayNumeratorScaled100=4639396 displayDenominatorScaled100=4891990 paintVsyncMicros=172970713 entryCount=- error=- message=-
2026-09-09T12:42:11.5328843Z D/EGL_emulation( 2346): app_time_stats: avg=2187.78ms min=2187.78ms max=2187.78ms count=1
2026-09-09T12:42:13.5648074Z D/EGL_emulation( 2346): app_time_stats: avg=2027.45ms min=2027.45ms max=2027.45ms count=1
2026-09-09T12:42:13.6000454Z I/flutter ( 2346): [FluviDiagnostic] stage=BUDGET_HEADER_VALUE_BOUND scope=generation=24 plane=month targetHandle=3 modelBindVsyncMicros=177187380 displayNumeratorScaled100=2644575 displayDenominatorScaled100=3305718 hasLimit=true canonicalLimitScaled100=3305718 entryCount=- error=- message=-
2026-09-09T12:42:13.6027676Z I/flutter ( 2346): [FluviDiagnostic] stage=SCENE_WINDOW_PREPARE_STARTED scope=owner=liveInteractionResource priority=4 entryCount=26 error=- message=-
2026-09-09T12:42:13.6068179Z I/flutter ( 2346): [FluviDiagnostic] stage=SCENE_WINDOW_PREPARE_DEFERRED scope=owner=foregroundNavigation priority=3 blockedBy=liveInteractionResource blockedByPriority=4 entryCount=13 error=- message=-
2026-09-09T12:42:13.6099510Z I/flutter ( 2346): [FluviDiagnostic] stage=SCENE_WINDOW_PREPARE_COMPLETED scope=owner=liveInteractionResource priority=4 entryCount=26 error=- message=uiIsolateMicros=566 largestContiguousUiSliceMicros=565 yields=1 richRowProjectionMicros=0 richFrameProjectionMicros=0 projectedUniqueRows=0 projectedFrames=0 reusedProjectedRows=0 reusedProjectedFrames=0 uniqueRowLayouts=13 reusedRowLayouts=13 newRowLayouts=0 sceneNew=14 sceneReuse=1 pauseCount=0 resumeCount=0 semanticsWork=0 rasterWork=0 allocationCount=14
2026-09-09T12:42:13.6140188Z I/flutter ( 2346): [FluviDiagnostic] stage=SCENE_WINDOW_PREPARE_STARTED scope=owner=foregroundNavigation priority=3 entryCount=13 error=- message=-
2026-09-09T12:42:13.6174798Z I/flutter ( 2346): [FluviDiagnostic] stage=SCENE_WINDOW_PREPARE_COMPLETED scope=owner=foregroundNavigation priority=3 entryCount=13 error=- message=uiIsolateMicros=162 largestContiguousUiSliceMicros=161 yields=1 richRowProjectionMicros=0 richFrameProjectionMicros=0 projectedUniqueRows=0 projectedFrames=0 reusedProjectedRows=0 reusedProjectedFrames=0 uniqueRowLayouts=13 reusedRowLayouts=13 newRowLayouts=0 sceneNew=1 sceneReuse=1 pauseCount=0 resumeCount=0 semanticsWork=0 rasterWork=0 allocationCount=1
2026-09-09T12:42:13.6198674Z I/flutter ( 2346): [FluviDiagnostic] stage=BUDGET_HEADER_WIDGET_BUILT scope=interactionGeneration=24 targetHandle=3 visiblePresentationEpoch=4 visibleFrameGeneration=28 buildVsyncMicros=177187380 entryCount=- error=- message=-
2026-09-09T12:42:13.6289435Z I/flutter ( 2346): [FluviDiagnostic] stage=BUDGET_HEADER_PAINTED scope=interactionGeneration=24 targetHandle=3 visiblePresentationEpoch=4 visibleFrameGeneration=28 displayNumeratorScaled100=2644575 displayDenominatorScaled100=3305718 paintVsyncMicros=177187380 entryCount=- error=- message=-
2026-09-09T12:42:15.6172315Z D/EGL_emulation( 2346): app_time_stats: avg=2057.27ms min=2057.27ms max=2057.27ms count=1
2026-09-09T12:42:17.8670282Z D/EGL_emulation( 2346): app_time_stats: avg=2246.58ms min=2246.58ms max=2246.58ms count=1
2026-09-09T12:42:20.0342446Z D/EGL_emulation( 2346): app_time_stats: avg=2163.27ms min=2163.27ms max=2163.27ms count=1
2026-09-09T12:42:22.2194080Z D/EGL_emulation( 2346): app_time_stats: avg=2188.55ms min=2188.55ms max=2188.55ms count=1
2026-09-09T12:42:22.2362273Z I/flutter ( 2346): [FluviDiagnostic] stage=BUDGET_HEADER_VALUE_BOUND scope=generation=25 plane=month targetHandle=2 modelBindVsyncMicros=185837379 displayNumeratorScaled100=3064905 displayDenominatorScaled100=4730070 hasLimit=true canonicalLimitScaled100=4730070 entryCount=- error=- message=-
2026-09-09T12:42:24.4685467Z D/EGL_emulation( 2346): app_time_stats: avg=2251.56ms min=2251.56ms max=2251.56ms count=1
2026-09-09T12:42:24.4789390Z I/flutter ( 2346): [FluviDiagnostic] stage=BUDGET_HEADER_WIDGET_BUILT scope=interactionGeneration=25 targetHandle=2 visiblePresentationEpoch=4 visibleFrameGeneration=28 buildVsyncMicros=188087379 entryCount=- error=- message=-
2026-09-09T12:42:24.4860766Z I/flutter ( 2346): [FluviDiagnostic] stage=BUDGET_HEADER_PAINTED scope=interactionGeneration=25 targetHandle=2 visiblePresentationEpoch=4 visibleFrameGeneration=28 displayNumeratorScaled100=3064905 displayDenominatorScaled100=4730070 paintVsyncMicros=188087379 entryCount=- error=- message=-
2026-09-09T12:42:24.5139318Z I/flutter ( 2346): [FluviDiagnostic] stage=BUDGET_HEADER_VALUE_BOUND scope=generation=26 plane=month targetHandle=1 modelBindVsyncMicros=188087379 displayNumeratorScaled100=1409473 displayDenominatorScaled100=3198457 hasLimit=true canonicalLimitScaled100=3198457 entryCount=- error=- message=-
2026-09-09T12:42:26.5012352Z D/EGL_emulation( 2346): app_time_stats: avg=2030.03ms min=2030.03ms max=2030.03ms count=1
2026-09-09T12:42:26.5184309Z I/flutter ( 2346): [FluviDiagnostic] stage=BUDGET_HEADER_WIDGET_BUILT scope=interactionGeneration=26 targetHandle=1 visiblePresentationEpoch=4 visibleFrameGeneration=28 buildVsyncMicros=190120712 entryCount=- error=- message=-
2026-09-09T12:42:26.5247357Z I/flutter ( 2346): [FluviDiagnostic] stage=BUDGET_HEADER_PAINTED scope=interactionGeneration=26 targetHandle=1 visiblePresentationEpoch=4 visibleFrameGeneration=28 displayNumeratorScaled100=1409473 displayDenominatorScaled100=3198457 paintVsyncMicros=190120712 entryCount=- error=- message=-
2026-09-09T12:42:26.5463960Z I/flutter ( 2346): [FluviDiagnostic] stage=BUDGET_HEADER_VALUE_BOUND scope=generation=27 plane=month targetHandle=0 modelBindVsyncMicros=190120712 displayNumeratorScaled100=68900000 displayDenominatorScaled100=86125000 hasLimit=true canonicalLimitScaled100=86125000 entryCount=- error=- message=-
2026-09-09T12:42:28.6992304Z D/EGL_emulation( 2346): app_time_stats: avg=2200.83ms min=2200.83ms max=2200.83ms count=1
2026-09-09T12:42:28.7147837Z I/flutter ( 2346): [FluviDiagnostic] stage=BUDGET_HEADER_WIDGET_BUILT scope=interactionGeneration=27 targetHandle=0 visiblePresentationEpoch=4 visibleFrameGeneration=28 buildVsyncMicros=192320712 entryCount=- error=- message=-
2026-09-09T12:42:28.7210376Z I/flutter ( 2346): [FluviDiagnostic] stage=BUDGET_HEADER_PAINTED scope=interactionGeneration=27 targetHandle=0 visiblePresentationEpoch=4 visibleFrameGeneration=28 displayNumeratorScaled100=68900000 displayDenominatorScaled100=86125000 paintVsyncMicros=192320712 entryCount=- error=- message=-
2026-09-09T12:42:30.8109195Z D/EGL_emulation( 2346): app_time_stats: avg=2108.87ms min=2108.87ms max=2108.87ms count=1
2026-09-09T12:42:30.8245397Z I/flutter ( 2346): [FluviDiagnostic] stage=BUDGET_HEADER_VALUE_BOUND scope=generation=28 plane=month targetHandle=8 modelBindVsyncMicros=194420712 displayNumeratorScaled100=9259375 displayDenominatorScaled100=13260096 hasLimit=true canonicalLimitScaled100=13260096 entryCount=- error=- message=-
2026-09-09T12:42:32.8603816Z D/EGL_emulation( 2346): app_time_stats: avg=2051.49ms min=2051.49ms max=2051.49ms count=1
2026-09-09T12:42:32.8775611Z I/flutter ( 2346): [FluviDiagnostic] stage=BUDGET_HEADER_WIDGET_BUILT scope=interactionGeneration=28 targetHandle=8 visiblePresentationEpoch=4 visibleFrameGeneration=28 buildVsyncMicros=196487379 entryCount=- error=- message=-
2026-09-09T12:42:32.8857223Z I/flutter ( 2346): [FluviDiagnostic] stage=BUDGET_HEADER_PAINTED scope=interactionGeneration=28 targetHandle=8 visiblePresentationEpoch=4 visibleFrameGeneration=28 displayNumeratorScaled100=9259375 displayDenominatorScaled100=13260096 paintVsyncMicros=196487379 entryCount=- error=- message=-
2026-09-09T12:42:32.9020677Z I/flutter ( 2346): [FluviDiagnostic] stage=BUDGET_HEADER_VALUE_BOUND scope=generation=29 plane=month targetHandle=7 modelBindVsyncMicros=196487379 displayNumeratorScaled100=4639396 displayDenominatorScaled100=4891990 hasLimit=true canonicalLimitScaled100=4891990 entryCount=- error=- message=-
2026-09-09T12:42:35.0659467Z D/EGL_emulation( 2346): app_time_stats: avg=2200.94ms min=2200.94ms max=2200.94ms count=1
2026-09-09T12:42:35.0766690Z I/flutter ( 2346): [FluviDiagnostic] stage=BUDGET_HEADER_WIDGET_BUILT scope=interactionGeneration=29 targetHandle=7 visiblePresentationEpoch=4 visibleFrameGeneration=28 buildVsyncMicros=198687379 entryCount=- error=- message=-
2026-09-09T12:42:35.0847744Z I/flutter ( 2346): [FluviDiagnostic] stage=BUDGET_HEADER_PAINTED scope=interactionGeneration=29 targetHandle=7 visiblePresentationEpoch=4 visibleFrameGeneration=28 displayNumeratorScaled100=4639396 displayDenominatorScaled100=4891990 paintVsyncMicros=198687379 entryCount=- error=- message=-
2026-09-09T12:42:35.1080023Z I/flutter ( 2346): [FluviDiagnostic] stage=BUDGET_HEADER_VALUE_BOUND scope=generation=30 plane=month targetHandle=6 modelBindVsyncMicros=198687379 displayNumeratorScaled100=2882276 displayDenominatorScaled100=3602845 hasLimit=true canonicalLimitScaled100=3602845 entryCount=- error=- message=-
2026-09-09T12:42:37.1038618Z D/EGL_emulation( 2346): app_time_stats: avg=2040.16ms min=2040.16ms max=2040.16ms count=1
2026-09-09T12:42:37.1119345Z I/flutter ( 2346): [FluviDiagnostic] stage=BUDGET_HEADER_WIDGET_BUILT scope=interactionGeneration=30 targetHandle=6 visiblePresentationEpoch=4 visibleFrameGeneration=28 buildVsyncMicros=200720712 entryCount=- error=- message=-
2026-09-09T12:42:37.1210008Z I/flutter ( 2346): [FluviDiagnostic] stage=BUDGET_HEADER_PAINTED scope=interactionGeneration=30 targetHandle=6 visiblePresentationEpoch=4 visibleFrameGeneration=28 displayNumeratorScaled100=2882276 displayDenominatorScaled100=3602845 paintVsyncMicros=200720712 entryCount=- error=- message=-
2026-09-09T12:42:39.1041502Z D/EGL_emulation( 2346): app_time_stats: avg=2003.01ms min=2003.01ms max=2003.01ms count=1
2026-09-09T12:42:39.1304377Z I/flutter ( 2346): [FluviDiagnostic] stage=BUDGET_HEADER_VALUE_BOUND scope=generation=31 plane=month targetHandle=5 modelBindVsyncMicros=202720712 displayNumeratorScaled100=6000000 displayDenominatorScaled100=1666666 hasLimit=true canonicalLimitScaled100=1666666 entryCount=- error=- message=-
2026-09-09T12:42:41.2578411Z D/EGL_emulation( 2346): app_time_stats: avg=2148.84ms min=2148.84ms max=2148.84ms count=1
2026-09-09T12:42:41.2665169Z I/flutter ( 2346): [FluviDiagnostic] stage=BUDGET_HEADER_WIDGET_BUILT scope=interactionGeneration=31 targetHandle=5 visiblePresentationEpoch=4 visibleFrameGeneration=28 buildVsyncMicros=204870712 entryCount=- error=- message=-
2026-09-09T12:42:41.2671169Z I/flutter ( 2346): [FluviDiagnostic] stage=BUDGET_HEADER_PAINTED scope=interactionGeneration=31 targetHandle=5 visiblePresentationEpoch=4 visibleFrameGeneration=28 displayNumeratorScaled100=6000000 displayDenominatorScaled100=1666666 paintVsyncMicros=204870712 entryCount=- error=- message=-
2026-09-09T12:42:43.2107152Z D/EGL_emulation( 2346): app_time_stats: avg=1956.53ms min=1956.53ms max=1956.53ms count=1
2026-09-09T12:42:45.2950612Z D/EGL_emulation( 2346): app_time_stats: avg=2085.87ms min=2085.87ms max=2085.87ms count=1
2026-09-09T12:42:45.3204191Z I/flutter ( 2346): [FluviDiagnostic] stage=BUDGET_HEADER_VALUE_BOUND scope=generation=32 plane=month targetHandle=0 modelBindVsyncMicros=208920712 displayNumeratorScaled100=68900000 displayDenominatorScaled100=86125000 hasLimit=true canonicalLimitScaled100=86125000 entryCount=- error=- message=-
2026-09-09T12:42:45.3278698Z I/flutter ( 2346): [FluviDiagnostic] stage=SCENE_WINDOW_PREPARE_STARTED scope=owner=liveInteractionResource priority=4 entryCount=130 error=- message=-
2026-09-09T12:42:45.3299042Z I/flutter ( 2346): [FluviDiagnostic] stage=SCENE_WINDOW_PREPARE_DEFERRED scope=owner=foregroundNavigation priority=3 blockedBy=liveInteractionResource blockedByPriority=4 entryCount=30 error=- message=-
2026-09-09T12:42:45.3358657Z I/flutter ( 2346): [FluviDiagnostic] stage=SCENE_WINDOW_SLICE_OVER_BUDGET scope=boundary=rowTextParagraph elapsedMicros=1013 budgetMicros=1000 entryCount=130 error=- message=-
2026-09-09T12:42:45.3401341Z I/flutter ( 2346): [FluviDiagnostic] stage=SCENE_WINDOW_PREPARE_COMPLETED scope=owner=liveInteractionResource priority=4 entryCount=130 error=- message=uiIsolateMicros=4020 largestContiguousUiSliceMicros=1013 yields=14 richRowProjectionMicros=0 richFrameProjectionMicros=0 projectedUniqueRows=0 projectedFrames=0 reusedProjectedRows=0 reusedProjectedFrames=0 uniqueRowLayouts=100 reusedRowLayouts=87 newRowLayouts=13 sceneNew=38 sceneReuse=1 pauseCount=0 resumeCount=0 semanticsWork=0 rasterWork=0 allocationCount=51
2026-09-09T12:42:45.3413713Z I/flutter ( 2346): [FluviDiagnostic] stage=SCENE_WINDOW_PREPARE_STARTED scope=owner=foregroundNavigation priority=3 entryCount=30 error=- message=-
2026-09-09T12:42:45.3419930Z I/flutter ( 2346): [FluviDiagnostic] stage=SCENE_WINDOW_PREPARE_COMPLETED scope=owner=foregroundNavigation priority=3 entryCount=30 error=- message=uiIsolateMicros=206 largestContiguousUiSliceMicros=205 yields=1 richRowProjectionMicros=0 richFrameProjectionMicros=0 projectedUniqueRows=0 projectedFrames=0 reusedProjectedRows=0 reusedProjectedFrames=0 uniqueRowLayouts=30 reusedRowLayouts=30 newRowLayouts=0 sceneNew=1 sceneReuse=1 pauseCount=0 resumeCount=0 semanticsWork=0 rasterWork=0 allocationCount=1
2026-09-09T12:42:45.3439379Z I/flutter ( 2346): [FluviDiagnostic] stage=BUDGET_HEADER_WIDGET_BUILT scope=interactionGeneration=32 targetHandle=0 visiblePresentationEpoch=5 visibleFrameGeneration=37 buildVsyncMicros=208920712 entryCount=- error=- message=-
2026-09-09T12:42:45.3562357Z I/flutter ( 2346): [FluviDiagnostic] stage=BUDGET_HEADER_PAINTED scope=interactionGeneration=32 targetHandle=0 visiblePresentationEpoch=5 visibleFrameGeneration=37 displayNumeratorScaled100=68900000 displayDenominatorScaled100=86125000 paintVsyncMicros=208920712 entryCount=- error=- message=-
2026-09-09T12:42:47.5130859Z D/EGL_emulation( 2346): app_time_stats: avg=2218.03ms min=2218.03ms max=2218.03ms count=1
2026-09-09T12:42:49.5382929Z D/EGL_emulation( 2346): app_time_stats: avg=2022.69ms min=2022.69ms max=2022.69ms count=1
2026-09-09T12:42:51.5619351Z D/EGL_emulation( 2346): app_time_stats: avg=2019.43ms min=2019.43ms max=2019.43ms count=1
2026-09-09T12:42:53.7038248Z D/EGL_emulation( 2346): app_time_stats: avg=2146.03ms min=2146.03ms max=2146.03ms count=1
2026-09-09T12:42:55.2507027Z I/flutter ( 2346): [PROFILE][SCENARIO_READY] K_avatar_first_target
2026-09-09T12:42:55.2516181Z I/flutter ( 2346): [PROFILE][SCENARIO_START] A_summary_sum_year_month
2026-09-09T12:42:55.7275235Z D/EGL_emulation( 2346): app_time_stats: avg=2022.41ms min=2022.41ms max=2022.41ms count=1
2026-09-09T12:42:55.7430814Z I/flutter ( 2346): [FluviDiagnostic] stage=DASHBOARD_STARTUP_ATTEMPT_STARTED scope=attemptGeneration=1 stage=bootstrap entryCount=- error=- message=-
2026-09-09T12:42:55.7577741Z I/flutter ( 2346): [FluviDiagnostic] stage=READINESS_PHASE_ENTERED scope=- entryCount=- error=- message=databasePending
2026-09-09T12:42:55.7611055Z I/flutter ( 2346): [FluviDiagnostic] stage=READINESS_PHASE_ENTERED scope=- entryCount=- error=- message=indexBuilding
2026-09-09T12:42:55.7618391Z I/flutter ( 2346): [FluviDiagnostic] stage=READINESS_TASK_STARTED scope=- entryCount=- error=- message=viewportPayload
2026-09-09T12:42:55.8743789Z D/FluviDashboard( 2346): [FLOW][INDEX_BUILD_STARTED] INDEX_BUILD_STARTED flowId=- queryKey=- direction=- scope=generation=1 acquisitionReason=bootstrap requestIdentity=rev=2|income=income|periods:|categories:|partners:|refinements:min=,max=,hasNote=false|expense=expense|periods:|categories:|partners:|refinements:min=,max=,hasNote=false|page=24|window=2014-2038 revision=2 totalMinor=- entryCount=-
2026-09-09T12:42:56.3168629Z I/com.fluvi.app( 2346): Background concurrent mark compact GC freed 8204KB AllocSpace bytes, 12(2192KB) LOS objects, 49% free, 4767KB/9535KB, paused 150us,23.129ms total 274.871ms
2026-09-09T12:42:56.7918837Z I/com.fluvi.app( 2346): Background concurrent mark compact GC freed 6788KB AllocSpace bytes, 0(0B) LOS objects, 49% free, 4371KB/8743KB, paused 321us,2.536ms total 202.148ms
2026-09-09T12:42:57.3157601Z I/com.fluvi.app( 2346): Background concurrent mark compact GC freed 5992KB AllocSpace bytes, 0(0B) LOS objects, 49% free, 5359KB/10MB, paused 415us,7.488ms total 305.024ms
2026-09-09T12:42:57.8188787Z I/com.fluvi.app( 2346): Background concurrent mark compact GC freed 5096KB AllocSpace bytes, 0(0B) LOS objects, 49% free, 6251KB/12MB, paused 1.717ms,3.239ms total 173.121ms
2026-09-09T12:42:57.9895265Z D/EGL_emulation( 2346): app_time_stats: avg=2258.91ms min=2258.91ms max=2258.91ms count=1
2026-09-09T12:42:58.1522108Z D/FluviDashboard( 2346): [FLOW][INDEX_BUILD_READY] INDEX_BUILD_READY flowId=- queryKey=- direction=- scope=generation=1 acquisitionReason=bootstrap requestIdentity=rev=2|income=income|periods:|categories:|partners:|refinements:min=,max=,hasNote=false|expense=expense|periods:|categories:|partners:|refinements:min=,max=,hasNote=false|page=24|window=2014-2038 sqlCalls=5 sqlMicros=1384127 frames=1012 rows=4304 payloadBytes=2175073 serializationMicros=245690 revision=2 totalMinor=- entryCount=-
2026-09-09T12:42:58.1589708Z I/com.fluvi.app( 2346): Background concurrent mark compact GC freed 4280KB AllocSpace bytes, 7(2060KB) LOS objects, 49% free, 18MB/37MB, paused 563us,5.347ms total 155.343ms
2026-09-09T12:42:59.0195134Z D/FluviDashboard( 2346): [FLOW][FINANCIAL_LIMIT_SNAPSHOT_PREPARE_STARTED] FINANCIAL_LIMIT_SNAPSHOT_PREPARE_STARTED flowId=- queryKey=- direction=- scope=yearWindowStart=2014 yearWindowEnd=2038 revision=2 totalMinor=- entryCount=-
2026-09-09T12:42:59.1808513Z D/FluviDashboard( 2346): [FLOW][FINANCIAL_LIMIT_SNAPSHOT_READY] FINANCIAL_LIMIT_SNAPSHOT_READY flowId=- queryKey=- direction=- scope=incomeTargetCount=3 incomeCategoryCount=2 expenseTargetCount=9 expenseCategoryCount=8 periodSliceCount=326 payloadBytes=320072 sqlCalls=5 nativeSqlMicros=168212 revision=2 totalMinor=- entryCount=-
2026-09-09T12:42:59.1878938Z D/FluviDashboard( 2346): [FLOW][BUDGET_PARTNER_SNAPSHOT_PREPARE_STARTED] BUDGET_PARTNER_SNAPSHOT_PREPARE_STARTED flowId=- queryKey=- direction=- scope=yearWindowStart=2014 yearWindowEnd=2038 revision=2 totalMinor=- entryCount=-
2026-09-09T12:42:59.2334276Z D/EGL_emulation( 2346): app_time_stats: avg=220.57ms min=194.26ms max=242.57ms count=5
2026-09-09T12:42:59.5000857Z D/FluviDashboard( 2346): [FLOW][BUDGET_PARTNER_SNAPSHOT_READY] BUDGET_PARTNER_SNAPSHOT_READY flowId=- queryKey=- direction=- scope=incomePartnerCount=4 expensePartnerCount=23 periodSlices=326 payloadBytes=347027 sqlCalls=5 nativeSqlMicros=238842 revision=2 totalMinor=- entryCount=-
2026-09-09T12:42:59.5932378Z I/flutter ( 2346): [FluviDiagnostic] stage=READINESS_TASK_COMPLETED scope=- entryCount=- error=- message=viewportPayload
2026-09-09T12:42:59.5934599Z I/flutter ( 2346): [FluviDiagnostic] stage=READINESS_PHASE_ENTERED scope=- entryCount=- error=- message=presentationPreparing
2026-09-09T12:42:59.5964934Z I/flutter ( 2346): [FluviDiagnostic] stage=READINESS_TASK_STARTED scope=- entryCount=- error=- message=renderResources
2026-09-09T12:42:59.6022037Z I/flutter ( 2346): [FluviDiagnostic] stage=READINESS_TASK_COMPLETED scope=- entryCount=- error=- message=renderResources
2026-09-09T12:42:59.6088734Z I/flutter ( 2346): [FluviDiagnostic] stage=READINESS_PHASE_ENTERED scope=- entryCount=- error=- message=renderCriticalWarmup
2026-09-09T12:42:59.6118183Z I/flutter ( 2346): [FluviDiagnostic] stage=READINESS_TASK_STARTED scope=- entryCount=- error=- message=logBoxSurface
2026-09-09T12:42:59.7149924Z I/flutter ( 2346): [FluviDiagnostic] stage=BUDGET_HEADER_VALUE_BOUND scope=generation=0 plane=sum targetHandle=0 modelBindVsyncMicros=223320711 displayNumeratorScaled100=67044444 displayDenominatorScaled100=66442707 hasLimit=true canonicalLimitScaled100=66442707 entryCount=- error=- message=-
2026-09-09T12:42:59.7189233Z I/flutter ( 2346): [FluviDiagnostic] stage=HEADER_PORTAL_EFFECT_CATALOG_VERIFIED scope=- entryCount=- error=- message=innerOptionCount=5 backgroundOptionCount=5 sameOptions=true sameRenderer=false sameParameterSchema=true sameDefaults=true sameState=false sameClockSource=true
2026-09-09T12:42:59.7208984Z I/flutter ( 2346): [FluviDiagnostic] stage=BUDGET_HEADER_COOL_COLOR_BOUND scope=source=cool driver=userGlobal positionPct=50 windowWidthPct=28 leftRawPct=36.0 centerRawPct=50.0 rightRawPct=64.0 leftSamplePct=36.0 centerSamplePct=50.0 rightSamplePct=64.0 colorAArgb=4284604923 colorMidArgb=4279551457 colorBArgb=4278423754 settingsGeneration=0 entryCount=- error=- message=-
2026-09-09T12:42:59.7347820Z I/flutter ( 2346): [FluviDiagnostic] stage=READINESS_TASK_COMPLETED scope=- entryCount=- error=- message=logBoxSurface
2026-09-09T12:42:59.7349530Z I/flutter ( 2346): [FluviDiagnostic] stage=READINESS_TASK_STARTED scope=- entryCount=- error=- message=logBoxLayout
2026-09-09T12:42:59.7377914Z I/flutter ( 2346): [FluviDiagnostic] stage=READINESS_TASK_COMPLETED scope=- entryCount=- error=- message=logBoxLayout
2026-09-09T12:42:59.7407202Z I/flutter ( 2346): [FluviDiagnostic] stage=READINESS_TASK_STARTED scope=- entryCount=- error=- message=textLayoutSlots
2026-09-09T12:42:59.7438073Z I/flutter ( 2346): [FluviDiagnostic] stage=SCENE_WINDOW_PREPARE_STARTED scope=owner=renderCriticalReadiness priority=5 entryCount=48 error=- message=-
2026-09-09T12:42:59.7458901Z I/flutter ( 2346): [FluviDiagnostic] stage=HEADER_RENDER_BACKEND_BOUND scope=commitSha=a047e216803d3ac01d97b4d5ffd03842a1579db3 backend=fragmentShader logicalWidth=375.4757281553398 logicalHeight=123.8252427184466 devicePixelRatio=2.6260019651445416 physicalWidth=986.0 physicalHeight=326.0 backendIdentity=318072939 entryCount=- error=- message=-
2026-09-09T12:42:59.7500553Z I/flutter ( 2346): [FluviDiagnostic] stage=HEADER_PORTAL_INNER_CHANNEL_BOUND scope=enabled=true effectId=wandering-mist settingsGeneration=0 phaseOwnerIdentity=555554580 controllerIdentity=792493280 fragmentBackendIdentity=318072939 programIdentity=318072939 shaderIdentity=318072939 canonicalFieldStopCount=2 canonicalFieldStopHash=43d59ffd portalColorModel=paletteCoordinate inputSignature=39bc640 entryCount=- error=- message=-
2026-09-09T12:42:59.7530604Z I/flutter ( 2346): [FluviDiagnostic] stage=HEADER_PORTAL_BACKGROUND_CHANNEL_BOUND scope=enabled=true effectId=wandering-mist settingsGeneration=0 phaseOwnerIdentity=555554580 controllerIdentity=792493280 fragmentBackendIdentity=318072939 programIdentity=318072939 shaderIdentity=318072939 canonicalFieldStopCount=2 canonicalFieldStopHash=43d59ffd portalColorModel=paletteCoordinate inputSignature=39bc640 entryCount=- error=- message=-
2026-09-09T12:42:59.7571309Z I/flutter ( 2346): [FluviDiagnostic] stage=HEADER_PORTAL_FRAGMENT_INPUT_BOUND scope=innerEnabled=true innerEffect=wandering-mist innerSettingsHash=d6060b backgroundEnabled=true backgroundEffect=wandering-mist backgroundSettingsHash=d6060b uniformLayoutVersion=3 fragmentConfigurationGeneration=1 fragmentBackendIdentity=318072939 programIdentity=318072939 shaderIdentity=318072939 canonicalFieldStopCount=2 canonicalFieldStopHash=43d59ffd portalColorModel=paletteCoordinate entryCount=- error=- message=-
2026-09-09T12:42:59.7599157Z I/flutter ( 2346): [FluviDiagnostic] stage=HEADER_SHADER_READY scope=asset=shaders/dashboard_header_field.frag programIdentity=22724915 shaderIdentity=678409640 flutterVersion=3.41.4 rendererBackend=runtimeEffect engineBackend=notExposedByDart entryCount=- error=- message=-
2026-09-09T12:42:59.7748310Z I/flutter ( 2346): [FluviDiagnostic] stage=SCENE_WINDOW_ATOMIC_WORK_UNIT_OVER_BUDGET scope=workUnit=rowText:time elapsedMicros=1273 budgetMicros=1000 entryCount=48 error=- message=-
2026-09-09T12:42:59.7778265Z I/flutter ( 2346): [FluviDiagnostic] stage=SCENE_WINDOW_SLICE_OVER_BUDGET scope=boundary=rowTextParagraph elapsedMicros=1610 budgetMicros=1000 entryCount=48 error=- message=-
2026-09-09T12:42:59.7808300Z I/flutter ( 2346): [FluviDiagnostic] stage=SCENE_WINDOW_ATOMIC_WORK_UNIT_OVER_BUDGET scope=workUnit=rowText:title elapsedMicros=2633 budgetMicros=1000 entryCount=48 error=- message=-
2026-09-09T12:42:59.7888371Z I/flutter ( 2346): [FluviDiagnostic] stage=SCENE_WINDOW_ATOMIC_WORK_UNIT_OVER_BUDGET scope=workUnit=dayHeaderText elapsedMicros=4373 budgetMicros=1000 entryCount=48 error=- message=-
2026-09-09T12:42:59.7913600Z I/flutter ( 2346): [FluviDiagnostic] stage=SCENE_WINDOW_SLICE_OVER_BUDGET scope=boundary=dayHeader elapsedMicros=4799 budgetMicros=1000 entryCount=48 error=- message=-
2026-09-09T12:42:59.7941476Z I/flutter ( 2346): [FluviDiagnostic] stage=SCENE_WINDOW_PREPARE_COMPLETED scope=owner=renderCriticalReadiness priority=5 entryCount=48 error=- message=uiIsolateMicros=16068 largestContiguousUiSliceMicros=4799 yields=22 richRowProjectionMicros=34 richFrameProjectionMicros=176 projectedUniqueRows=24 projectedFrames=1 reusedProjectedRows=0 reusedProjectedFrames=0 uniqueRowLayouts=48 reusedRowLayouts=0 newRowLayouts=48 sceneNew=2 sceneReuse=0 pauseCount=0 resumeCount=0 semanticsWork=0 rasterWork=0 allocationCount=83
2026-09-09T12:42:59.7957393Z I/flutter ( 2346): [FluviDiagnostic] stage=SCENE_WINDOW_PREPARE_STARTED scope=owner=liveInteractionResource priority=4 entryCount=144 error=- message=-
2026-09-09T12:42:59.7984638Z I/flutter ( 2346): [FluviDiagnostic] stage=READINESS_TASK_COMPLETED scope=- entryCount=- error=- message=textLayoutSlots
2026-09-09T12:42:59.7997712Z I/flutter ( 2346): [FluviDiagnostic] stage=READINESS_PHASE_ENTERED scope=- entryCount=- error=- message=ready
2026-09-09T12:42:59.8025321Z I/flutter ( 2346): [FluviDiagnostic] stage=DASHBOARD_STARTUP_READY scope=attemptGeneration=1 stage=ready readinessTask=- entryCount=- error=- message=-
2026-09-09T12:42:59.8045189Z I/flutter ( 2346): [FluviDiagnostic] stage=READINESS_READY scope=- entryCount=- error=- message=-
2026-09-09T12:42:59.8088363Z I/flutter ( 2346): [FluviDiagnostic] stage=SCENE_WINDOW_ATOMIC_WORK_UNIT_OVER_BUDGET scope=workUnit=rowText:title elapsedMicros=3133 budgetMicros=1000 entryCount=144 error=- message=-
2026-09-09T12:42:59.8208310Z I/flutter ( 2346): [FluviDiagnostic] stage=SCENE_WINDOW_SLICE_OVER_BUDGET scope=boundary=rowTextParagraph elapsedMicros=3429 budgetMicros=1000 entryCount=144 error=- message=-
2026-09-09T12:42:59.8221898Z I/flutter ( 2346): [FluviDiagnostic] stage=SCENE_WINDOW_ATOMIC_WORK_UNIT_OVER_BUDGET scope=workUnit=rowText:secondary elapsedMicros=8854 budgetMicros=1000 entryCount=144 error=- message=-
2026-09-09T12:42:59.8248161Z I/flutter ( 2346): [FluviDiagnostic] stage=SCENE_WINDOW_SLICE_OVER_BUDGET scope=boundary=rowText elapsedMicros=10625 budgetMicros=1000 entryCount=144 error=- message=-
2026-09-09T12:42:59.8278294Z I/flutter ( 2346): [FluviDiagnostic] stage=SCENE_WINDOW_ATOMIC_WORK_UNIT_OVER_BUDGET scope=workUnit=rowText:time elapsedMicros=5238 budgetMicros=1000 entryCount=144 error=- message=-
2026-09-09T12:42:59.8305379Z I/flutter ( 2346): [FluviDiagnostic] stage=SCENE_WINDOW_PREPARE_COMPLETED scope=owner=liveInteractionResource priority=4 entryCount=144 error=- message=uiIsolateMicros=28158 largestContiguousUiSliceMicros=10625 yields=34 richRowProjectionMicros=61 richFrameProjectionMicros=375 projectedUniqueRows=48 projectedFrames=4 reusedProjectedRows=48 reusedProjectedFrames=0 uniqueRowLayouts=96 reusedRowLayouts=48 newRowLayouts=48 sceneNew=4 sceneReuse=2 pauseCount=0 resumeCount=0 semanticsWork=0 rasterWork=0 allocationCount=59
2026-09-09T12:42:59.9169635Z I/flutter ( 2346): [FluviDiagnostic] stage=SCENE_WINDOW_PREPARE_STARTED scope=owner=foregroundNavigation priority=3 entryCount=178 error=- message=-
2026-09-09T12:42:59.9225098Z I/flutter ( 2346): [FluviDiagnostic] stage=SCENE_WINDOW_ATOMIC_WORK_UNIT_OVER_BUDGET scope=workUnit=dayHeaderText elapsedMicros=2137 budgetMicros=1000 entryCount=178 error=- message=-
2026-09-09T12:42:59.9294218Z I/flutter ( 2346): [FluviDiagnostic] stage=SCENE_WINDOW_SLICE_OVER_BUDGET scope=boundary=dayHeader elapsedMicros=2514 budgetMicros=1000 entryCount=178 error=- message=-
2026-09-09T12:42:59.9318961Z I/flutter ( 2346): [FluviDiagnostic] stage=SCENE_WINDOW_SLICE_OVER_BUDGET scope=boundary=sceneAssembly elapsedMicros=1395 budgetMicros=1000 entryCount=178 error=- message=-
2026-09-09T12:42:59.9351994Z I/flutter ( 2346): [FluviDiagnostic] stage=SCENE_WINDOW_PREPARE_COMPLETED scope=owner=foregroundNavigation priority=3 entryCount=178 error=- message=uiIsolateMicros=5498 largestContiguousUiSliceMicros=2514 yields=11 richRowProjectionMicros=12 richFrameProjectionMicros=120 projectedUniqueRows=4 projectedFrames=3 reusedProjectedRows=30 reusedProjectedFrames=0 uniqueRowLayouts=100 reusedRowLayouts=96 newRowLayouts=4 sceneNew=7 sceneReuse=2 pauseCount=0 resumeCount=0 semanticsWork=0 rasterWork=0 allocationCount=12
2026-09-09T12:42:59.9401896Z I/flutter ( 2346): [FluviDiagnostic] stage=HEADER_RENDER_FIDELITY_CONFIG scope=outputResolutionMode=nativeSurface fieldEvaluationMode=perFragment logicalWidth=375.4757281553398 logicalHeight=123.8252427184466 physicalWidth=986.0 physicalHeight=326.0 sourceRenderScale=0.6 effectId=dualTide backend=fragmentShader physicalTarget=986.0x326.0 parentTransformScale=notObservableInCanvas touchOverlayBackend=fragmentShaderAnalytic shaderFailureFallback=nativeStaticGradient shaderReady=true shaderFailure=false entryCount=- error=- message=-
2026-09-09T12:42:59.9408783Z I/flutter ( 2346): [FluviDiagnostic] stage=HEADER_TOUCH_RENDER_PATH_BOUND scope=fieldBackend=fragmentShader overlayBackend=fragmentShaderAnalytic trailBackend=fragmentShaderAnalytic logicalSize=375.4757281553398x123.8252427184466 physicalSize=986.0x326.0 usesSaveLayer=false usesOffscreenIntermediate=false entryCount=- error=- message=-
2026-09-09T12:42:59.9441086Z I/flutter ( 2346): [FluviDiagnostic] stage=HEADER_PORTAL_INNER_CHANNEL_BOUND scope=enabled=true effectId=wandering-mist settingsGeneration=0 phaseOwnerIdentity=555554580 controllerIdentity=792493280 fragmentBackendIdentity=318072939 programIdentity=22724915 shaderIdentity=678409640 canonicalFieldStopCount=2 canonicalFieldStopHash=43d59ffd portalColorModel=paletteCoordinate inputSignature=822025d entryCount=- error=- message=-
2026-09-09T12:42:59.9471112Z I/flutter ( 2346): [FluviDiagnostic] stage=HEADER_PORTAL_BACKGROUND_CHANNEL_BOUND scope=enabled=true effectId=wandering-mist settingsGeneration=0 phaseOwnerIdentity=555554580 controllerIdentity=792493280 fragmentBackendIdentity=318072939 programIdentity=22724915 shaderIdentity=678409640 canonicalFieldStopCount=2 canonicalFieldStopHash=43d59ffd portalColorModel=paletteCoordinate inputSignature=822025d entryCount=- error=- message=-
2026-09-09T12:42:59.9501808Z I/flutter ( 2346): [FluviDiagnostic] stage=HEADER_PORTAL_FRAGMENT_INPUT_BOUND scope=innerEnabled=true innerEffect=wandering-mist innerSettingsHash=d6060b backgroundEnabled=true backgroundEffect=wandering-mist backgroundSettingsHash=d6060b uniformLayoutVersion=3 fragmentConfigurationGeneration=2 fragmentBackendIdentity=318072939 programIdentity=22724915 shaderIdentity=678409640 canonicalFieldStopCount=2 canonicalFieldStopHash=43d59ffd portalColorModel=paletteCoordinate entryCount=- error=- message=-
2026-09-09T12:43:00.0376124Z I/flutter ( 2346): [PROFILE][SCENARIO_PREPARED] A_summary_sum_year_month plane=sum
2026-09-09T12:43:00.0407691Z I/flutter ( 2346): [PROFILE][SCENARIO_STABLE] A_summary_sum_year_month
2026-09-09T12:43:00.0440200Z D/FluviDashboard( 2346): [FLOW][VERTICAL_PAGE_NATIVE_READY] VERTICAL_PAGE_NATIVE_READY flowId=- queryKey=expense|all|categories:|partners:|refinements: direction=expense scope=pageOrdinal=1 nativeSqlMicros=1267 nativeMappingMicros=149 serializationMicros=382 nativeHandlerQueueMicros=865 authoritativeEntryCount=2458 revision=2 totalMinor=- entryCount=24
2026-09-09T12:43:00.0489324Z D/FluviDashboard( 2346): [FLOW][VERTICAL_PAGE_NATIVE_RESULT_SUBMITTED] VERTICAL_PAGE_NATIVE_RESULT_SUBMITTED flowId=- queryKey=- direction=- scope=nativeHandlerQueueMicros=865 nativeResultSubmitMicros=68 revision=- totalMinor=- entryCount=-
2026-09-09T12:43:00.0842534Z D/FluviDashboard( 2346): [FLOW][VERTICAL_PAGE_NATIVE_READY] VERTICAL_PAGE_NATIVE_READY flowId=- queryKey=expense|all|categories:|partners:|refinements: direction=expense scope=pageOrdinal=2 nativeSqlMicros=4495 nativeMappingMicros=145 serializationMicros=2650 nativeHandlerQueueMicros=128 authoritativeEntryCount=2458 revision=2 totalMinor=- entryCount=24
2026-09-09T12:43:00.0849483Z D/FluviDashboard( 2346): [FLOW][VERTICAL_PAGE_NATIVE_RESULT_SUBMITTED] VERTICAL_PAGE_NATIVE_RESULT_SUBMITTED flowId=- queryKey=- direction=- scope=nativeHandlerQueueMicros=128 nativeResultSubmitMicros=67 revision=- totalMinor=- entryCount=-
2026-09-09T12:43:00.1118182Z D/FluviDashboard( 2346): [FLOW][VERTICAL_PAGE_NATIVE_READY] VERTICAL_PAGE_NATIVE_READY flowId=- queryKey=expense|all|categories:|partners:|refinements: direction=expense scope=pageOrdinal=3 nativeSqlMicros=3010 nativeMappingMicros=202 serializationMicros=2033 nativeHandlerQueueMicros=7468 authoritativeEntryCount=2458 revision=2 totalMinor=- entryCount=24
2026-09-09T12:43:00.1139479Z D/FluviDashboard( 2346): [FLOW][VERTICAL_PAGE_NATIVE_RESULT_SUBMITTED] VERTICAL_PAGE_NATIVE_RESULT_SUBMITTED flowId=- queryKey=- direction=- scope=nativeHandlerQueueMicros=7468 nativeResultSubmitMicros=66 revision=- totalMinor=- entryCount=-
2026-09-09T12:43:00.1478695Z D/FluviDashboard( 2346): [FLOW][VERTICAL_PAGE_NATIVE_READY] VERTICAL_PAGE_NATIVE_READY flowId=- queryKey=expense|all|categories:|partners:|refinements: direction=expense scope=pageOrdinal=4 nativeSqlMicros=1159 nativeMappingMicros=147 serializationMicros=3737 nativeHandlerQueueMicros=1407 authoritativeEntryCount=2458 revision=2 totalMinor=- entryCount=24
2026-09-09T12:43:00.1499193Z D/FluviDashboard( 2346): [FLOW][VERTICAL_PAGE_NATIVE_RESULT_SUBMITTED] VERTICAL_PAGE_NATIVE_RESULT_SUBMITTED flowId=- queryKey=- direction=- scope=nativeHandlerQueueMicros=1407 nativeResultSubmitMicros=63 revision=- totalMinor=- entryCount=-
2026-09-09T12:43:00.1990381Z D/FluviDashboard( 2346): [FLOW][VERTICAL_PAGE_NATIVE_READY] VERTICAL_PAGE_NATIVE_READY flowId=- queryKey=expense|all|categories:|partners:|refinements: direction=expense scope=pageOrdinal=5 nativeSqlMicros=1058 nativeMappingMicros=198 serializationMicros=427 nativeHandlerQueueMicros=201 authoritativeEntryCount=2458 revision=2 totalMinor=- entryCount=24
2026-09-09T12:43:00.2043921Z D/FluviDashboard( 2346): [FLOW][VERTICAL_PAGE_NATIVE_RESULT_SUBMITTED] VERTICAL_PAGE_NATIVE_RESULT_SUBMITTED flowId=- queryKey=- direction=- scope=nativeHandlerQueueMicros=201 nativeResultSubmitMicros=74 revision=- totalMinor=- entryCount=-
2026-09-09T12:43:00.6667706Z D/EGL_emulation( 2346): app_time_stats: avg=263.43ms min=176.40ms max=558.30ms count=5
2026-09-09T12:43:02.0757582Z I/flutter ( 2346): 
2026-09-09T12:43:02.0777348Z I/flutter ( 2346): Warning: A call to fling() with finder "Found 1 widget with key [<'dashboard-summary-shell-transform'>]: [
2026-09-09T12:43:02.0807698Z I/flutter ( 2346):   Instance of 'SingleChildRenderObjectElement',
2026-09-09T12:43:02.0837906Z I/flutter ( 2346): ]" derived an Offset (Instance of 'Offset') that would not hit test on the specified widget.
2026-09-09T12:43:02.0868269Z I/flutter ( 2346): Maybe the widget is actually off-screen, or another widget is obscuring it, or the widget cannot receive pointer events.
2026-09-09T12:43:02.0870275Z I/flutter ( 2346): The finder corresponds to this RenderBox: Instance of 'RenderTransform'
2026-09-09T12:43:02.0897754Z I/flutter ( 2346): The hit test result at that offset is: Instance of 'HitTestResult'
2026-09-09T12:43:02.0929133Z I/flutter ( 2346): #0      WidgetController._getElementPoint (package:flutter_test/src/controller.dart:2158)
2026-09-09T12:43:02.0948315Z I/flutter ( 2346): #1      WidgetController.getCenter (package:flutter_test/src/controller.dart:1942)
2026-09-09T12:43:02.0967784Z I/flutter ( 2346): #2      WidgetController.fling (package:flutter_test/src/controller.dart:1297)
2026-09-09T12:43:02.0988405Z I/flutter ( 2346): #3      _flingSummary (file:///home/runner/work/exptv2/exptv2/integration_test/dashboard_interaction_profile_test.dart:1669)
2026-09-09T12:43:02.1018378Z I/flutter ( 2346): #4      _runMeasuredScenario (file:///home/runner/work/exptv2/exptv2/integration_test/dashboard_interaction_profile_test.dart:1258)
2026-09-09T12:43:02.1048702Z I/flutter ( 2346): #5      _runScenario.<anonymous closure>.<anonymous closure> (file:///home/runner/work/exptv2/exptv2/integration_test/dashboard_interaction_profile_test.dart:419)
2026-09-09T12:43:02.1058099Z I/flutter ( 2346): #6      _timelineStep (file:///home/runner/work/exptv2/exptv2/integration_test/dashboard_interaction_profile_test.dart:1750)
2026-09-09T12:43:02.1078541Z I/flutter ( 2346): #7      _runScenario.<anonymous closure> (file:///home/runner/work/exptv2/exptv2/integration_test/dashboard_interaction_profile_test.dart:411)
2026-09-09T12:43:02.1108262Z I/flutter ( 2346): #8      IntegrationTestWidgetsFlutterBinding.traceTimeline (package:integration_test/integration_test.dart:304)
2026-09-09T12:43:02.1137434Z I/flutter ( 2346): <asynchronous suspension>
2026-09-09T12:43:02.1168212Z I/flutter ( 2346): #9      IntegrationTestWidgetsFlutterBinding.traceAction (package:integration_test/integration_test.dart:356)
2026-09-09T12:43:02.1170262Z I/flutter ( 2346): <asynchronous suspension>
2026-09-09T12:43:02.1198399Z I/flutter ( 2346): #10     _captureProfilePerformance (file:///home/runner/work/exptv2/exptv2/integration_test/dashboard_interaction_profile_test.dart:1773)
2026-09-09T12:43:02.1222872Z I/flutter ( 2346): <asynchronous suspension>
2026-09-09T12:43:02.1248519Z I/flutter ( 2346): #11     _runScenario (file:///home/runner/work/exptv2/exptv2/integration_test/dashboard_interaction_profile_test.dart:409)
2026-09-09T12:43:02.1277472Z I/flutter ( 2346): <asynchronous suspension>
2026-09-09T12:43:02.1288226Z I/flutter ( 2346): #12     main.<anonymous closure> (file:///home/runner/work/exptv2/exptv2/integration_test/dashboard_interaction_profile_test.dart:52)
2026-09-09T12:43:02.1307532Z I/flutter ( 2346): <asynchronous suspension>
2026-09-09T12:43:02.1338152Z I/flutter ( 2346): #13     testWidgets.<anonymous closure>.<anonymous closure> (package:flutter_test/src/widget_tester.dart:192)
2026-09-09T12:43:02.1367438Z I/flutter ( 2346): <asynchronous suspension>
2026-09-09T12:43:02.1387858Z I/flutter ( 2346): #14     TestWidgetsFlutterBinding._runTestBody (package:flutter_test/src/binding.dart:1682)
2026-09-09T12:43:02.1397520Z I/flutter ( 2346): <asynchronous suspension>
2026-09-09T12:43:02.1428352Z I/flutter ( 2346): #15     TestWidgetsFlutterBinding._createTestCompletionHandler.<anonymous closure> (package:flutter_test/src/binding.dart:1437)
2026-09-09T12:43:02.1457475Z I/flutter ( 2346): <asynchronous suspension>
2026-09-09T12:43:02.1477581Z I/flutter ( 2346): To silence this warning, pass "warnIfMissed: false" to "fling()".
2026-09-09T12:43:02.1488004Z I/flutter ( 2346): To make this warning fatal, set WidgetController.hitTestWarningShouldBeFatal to true.
2026-09-09T12:43:02.1517302Z I/flutter ( 2346): 
2026-09-09T12:43:03.0158922Z D/EGL_emulation( 2346): app_time_stats: avg=2353.60ms min=2353.60ms max=2353.60ms count=1
2026-09-09T12:43:05.3260273Z D/EGL_emulation( 2346): app_time_stats: avg=372.98ms min=372.98ms max=372.98ms count=1
2026-09-09T12:43:07.2915101Z D/EGL_emulation( 2346): app_time_stats: avg=1961.31ms min=1961.31ms max=1961.31ms count=1
2026-09-09T12:43:09.3695870Z D/EGL_emulation( 2346): app_time_stats: avg=2081.12ms min=2081.12ms max=2081.12ms count=1
2026-09-09T12:43:11.3242961Z D/EGL_emulation( 2346): app_time_stats: avg=1955.84ms min=1955.84ms max=1955.84ms count=1
2026-09-09T12:43:13.4268102Z D/EGL_emulation( 2346): app_time_stats: avg=2101.11ms min=2101.11ms max=2101.11ms count=1
2026-09-09T12:43:15.4373696Z D/EGL_emulation( 2346): app_time_stats: avg=2012.10ms min=2012.10ms max=2012.10ms count=1
2026-09-09T12:43:17.4315387Z D/EGL_emulation( 2346): app_time_stats: avg=1992.23ms min=1992.23ms max=1992.23ms count=1
2026-09-09T12:43:17.4508722Z I/flutter ( 2346): [FluviDiagnostic] stage=BUDGET_HEADER_VALUE_BOUND scope=generation=1 plane=month targetHandle=0 modelBindVsyncMicros=241054044 displayNumeratorScaled100=68900000 displayDenominatorScaled100=86125000 hasLimit=true canonicalLimitScaled100=86125000 entryCount=- error=- message=-
2026-09-09T12:43:18.9592625Z I/flutter ( 2346): 
2026-09-09T12:43:18.9601801Z I/flutter ( 2346): Warning: A call to fling() with finder "Found 1 widget with key [<'dashboard-summary-shell-transform'>]: [
2026-09-09T12:43:18.9638786Z I/flutter ( 2346):   Instance of 'SingleChildRenderObjectElement',
2026-09-09T12:43:18.9658019Z I/flutter ( 2346): ]" derived an Offset (Instance of 'Offset') that would not hit test on the specified widget.
2026-09-09T12:43:18.9660121Z I/flutter ( 2346): Maybe the widget is actually off-screen, or another widget is obscuring it, or the widget cannot receive pointer events.
2026-09-09T12:43:18.9706638Z I/flutter ( 2346): The finder corresponds to this RenderBox: Instance of 'RenderTransform'
2026-09-09T12:43:18.9727056Z I/flutter ( 2346): The hit test result at that offset is: Instance of 'HitTestResult'
2026-09-09T12:43:18.9747960Z I/flutter ( 2346): #0      WidgetController._getElementPoint (package:flutter_test/src/controller.dart:2158)
2026-09-09T12:43:18.9757347Z I/flutter ( 2346): #1      WidgetController.getCenter (package:flutter_test/src/controller.dart:1942)
2026-09-09T12:43:18.9777825Z I/flutter ( 2346): #2      WidgetController.fling (package:flutter_test/src/controller.dart:1297)
2026-09-09T12:43:18.9808178Z I/flutter ( 2346): #3      _flingSummary (file:///home/runner/work/exptv2/exptv2/integration_test/dashboard_interaction_profile_test.dart:1669)
2026-09-09T12:43:18.9838323Z I/flutter ( 2346): #4      _runMeasuredScenario (file:///home/runner/work/exptv2/exptv2/integration_test/dashboard_interaction_profile_test.dart:1259)
2026-09-09T12:43:18.9856304Z I/flutter ( 2346): <asynchronous suspension>
2026-09-09T12:43:18.9868546Z I/flutter ( 2346): #5      _runScenario.<anonymous closure>.<anonymous closure> (file:///home/runner/work/exptv2/exptv2/integration_test/dashboard_interaction_profile_test.dart:419)
2026-09-09T12:43:18.9897527Z I/flutter ( 2346): <asynchronous suspension>
2026-09-09T12:43:18.9928218Z I/flutter ( 2346): #6      _timelineStep (file:///home/runner/work/exptv2/exptv2/integration_test/dashboard_interaction_profile_test.dart:1750)
2026-09-09T12:43:18.9939227Z I/flutter ( 2346): <asynchronous suspension>
2026-09-09T12:43:18.9958197Z I/flutter ( 2346): #7      IntegrationTestWidgetsFlutterBinding.traceTimeline (package:integration_test/integration_test.dart:304)
2026-09-09T12:43:18.9987380Z I/flutter ( 2346): <asynchronous suspension>
2026-09-09T12:43:19.0018252Z I/flutter ( 2346): #8      IntegrationTestWidgetsFlutterBinding.traceAction (package:integration_test/integration_test.dart:356)
2026-09-09T12:43:19.0031435Z I/flutter ( 2346): <asynchronous suspension>
2026-09-09T12:43:19.0052176Z I/flutter ( 2346): #9      _captureProfilePerformance (file:///home/runner/work/exptv2/exptv2/integration_test/dashboard_interaction_profile_test.dart:1773)
2026-09-09T12:43:19.0082610Z I/flutter ( 2346): <asynchronous suspension>
2026-09-09T12:43:19.0108183Z I/flutter ( 2346): #10     _runScenario (file:///home/runner/work/exptv2/exptv2/integration_test/dashboard_interaction_profile_test.dart:409)
2026-09-09T12:43:19.0112198Z I/flutter ( 2346): <asynchronous suspension>
2026-09-09T12:43:19.0144921Z I/flutter ( 2346): #11     main.<anonymous closure> (file:///home/runner/work/exptv2/exptv2/integration_test/dashboard_interaction_profile_test.dart:52)
2026-09-09T12:43:19.0167394Z I/flutter ( 2346): <asynchronous suspension>
2026-09-09T12:43:19.0191909Z I/flutter ( 2346): #12     testWidgets.<anonymous closure>.<anonymous closure> (package:flutter_test/src/widget_tester.dart:192)
2026-09-09T12:43:19.0193293Z I/flutter ( 2346): <asynchronous suspension>
2026-09-09T12:43:19.0195603Z I/flutter ( 2346): #13     TestWidgetsFlutterBinding._runTestBody (package:flutter_test/src/binding.dart:1682)
2026-09-09T12:43:19.0197225Z I/flutter ( 2346): <asynchronous suspension>
2026-09-09T12:43:19.0206617Z I/flutter ( 2346): #14     TestWidgetsFlutterBinding._createTestCompletionHandler.<anonymous closure> (package:flutter_test/src/binding.dart:1437)
2026-09-09T12:43:19.0208155Z I/flutter ( 2346): <asynchronous suspension>
2026-09-09T12:43:19.0209181Z I/flutter ( 2346): To silence this warning, pass "warnIfMissed: false" to "fling()".
2026-09-09T12:43:19.0210625Z I/flutter ( 2346): To make this warning fatal, set WidgetController.hitTestWarningShouldBeFatal to true.
2026-09-09T12:43:19.0211609Z I/flutter ( 2346): 
2026-09-09T12:43:19.0213090Z I/flutter ( 2346): [FluviDiagnostic] stage=SCENE_WINDOW_PREPARE_STARTED scope=owner=liveInteractionResource priority=4 entryCount=130 error=- message=-
2026-09-09T12:43:19.0215962Z I/flutter ( 2346): [FluviDiagnostic] stage=SCENE_WINDOW_ATOMIC_WORK_UNIT_OVER_BUDGET scope=workUnit=rowText:amount elapsedMicros=10225 budgetMicros=1000 entryCount=130 error=- message=-
2026-09-09T12:43:19.0218811Z I/flutter ( 2346): [FluviDiagnostic] stage=SCENE_WINDOW_SLICE_OVER_BUDGET scope=boundary=rowTextParagraph elapsedMicros=10473 budgetMicros=1000 entryCount=130 error=- message=-
2026-09-09T12:43:19.0221734Z I/flutter ( 2346): [FluviDiagnostic] stage=SCENE_WINDOW_ATOMIC_WORK_UNIT_OVER_BUDGET scope=workUnit=rowText:time elapsedMicros=6192 budgetMicros=1000 entryCount=130 error=- message=-
2026-09-09T12:43:19.0224471Z I/flutter ( 2346): [FluviDiagnostic] stage=SCENE_WINDOW_ATOMIC_WORK_UNIT_OVER_BUDGET scope=workUnit=rowText:title elapsedMicros=3330 budgetMicros=1000 entryCount=130 error=- message=-
2026-09-09T12:43:19.0237789Z I/flutter ( 2346): [FluviDiagnostic] stage=SCENE_WINDOW_SLICE_OVER_BUDGET scope=boundary=dayHeader elapsedMicros=1019 budgetMicros=1000 entryCount=130 error=- message=-
2026-09-09T12:43:19.0243483Z I/flutter ( 2346): [FluviDiagnostic] stage=SCENE_WINDOW_PREPARE_COMPLETED scope=owner=liveInteractionResource priority=4 entryCount=130 error=- message=uiIsolateMicros=46667 largestContiguousUiSliceMicros=10473 yields=54 richRowProjectionMicros=115 richFrameProjectionMicros=566 projectedUniqueRows=66 projectedFrames=36 reusedProjectedRows=30 reusedProjectedFrames=0 uniqueRowLayouts=100 reusedRowLayouts=34 newRowLayouts=66 sceneNew=36 sceneReuse=3 pauseCount=0 resumeCount=0 semanticsWork=0 rasterWork=0 allocationCount=117
2026-09-09T12:43:19.4785328Z D/EGL_emulation( 2346): app_time_stats: avg=2048.64ms min=2048.64ms max=2048.64ms count=1
2026-09-09T12:43:21.4550110Z D/EGL_emulation( 2346): app_time_stats: avg=1975.19ms min=1975.19ms max=1975.19ms count=1
2026-09-09T12:43:23.7548906Z D/EGL_emulation( 2346): app_time_stats: avg=2298.39ms min=2298.39ms max=2298.39ms count=1
2026-09-09T12:43:25.8087534Z D/EGL_emulation( 2346): app_time_stats: avg=2055.37ms min=2055.37ms max=2055.37ms count=1
2026-09-09T12:43:27.6319398Z D/EGL_emulation( 2346): app_time_stats: avg=1817.94ms min=1817.94ms max=1817.94ms count=1
2026-09-09T12:43:29.6971829Z D/EGL_emulation( 2346): app_time_stats: avg=163.92ms min=163.92ms max=163.92ms count=1
2026-09-09T12:43:31.8866574Z D/EGL_emulation( 2346): app_time_stats: avg=350.66ms min=350.66ms max=350.66ms count=1
2026-09-09T12:43:34.0420124Z D/EGL_emulation( 2346): app_time_stats: avg=2151.28ms min=2151.28ms max=2151.28ms count=1
2026-09-09T12:43:34.0541867Z I/flutter ( 2346): [FluviDiagnostic] stage=BUDGET_HEADER_VALUE_BOUND scope=generation=2 plane=year targetHandle=0 modelBindVsyncMicros=257654043 displayNumeratorScaled100=492500000 displayDenominatorScaled100=794391656 hasLimit=true canonicalLimitScaled100=794391656 entryCount=- error=- message=-
2026-09-09T12:43:36.4106531Z D/EGL_emulation( 2346): app_time_stats: avg=2370.74ms min=2370.74ms max=2370.74ms count=1
2026-09-09T12:43:36.4509154Z I/flutter ( 2346): [FluviDiagnostic] stage=SCENE_WINDOW_PREPARE_STARTED scope=owner=liveInteractionResource priority=4 entryCount=258 error=- message=-
2026-09-09T12:43:36.5220233Z D/FluviDashboard( 2346): [FLOW][VERTICAL_PAGE_NATIVE_READY] VERTICAL_PAGE_NATIVE_READY flowId=- queryKey=expense|year:2026|categories:|partners:|refinements: direction=expense scope=pageOrdinal=1 nativeSqlMicros=2995 nativeMappingMicros=165 serializationMicros=428 nativeHandlerQueueMicros=1384 authoritativeEntryCount=658 revision=2 totalMinor=- entryCount=24
2026-09-09T12:43:36.5291168Z D/FluviDashboard( 2346): [FLOW][VERTICAL_PAGE_NATIVE_RESULT_SUBMITTED] VERTICAL_PAGE_NATIVE_RESULT_SUBMITTED flowId=- queryKey=- direction=- scope=nativeHandlerQueueMicros=1384 nativeResultSubmitMicros=69 revision=- totalMinor=- entryCount=-
2026-09-09T12:43:38.0123101Z I/flutter ( 2346): [PROFILE][SCENARIO_READY] A_summary_sum_year_month
2026-09-09T12:43:38.0148374Z I/flutter ( 2346): [PROFILE][SCENARIO_START] B_year_month_rail_populated
2026-09-09T12:43:38.4631607Z D/EGL_emulation( 2346): app_time_stats: avg=2054.26ms min=2054.26ms max=2054.26ms count=1
2026-09-09T12:43:40.4022764Z I/flutter ( 2346): [FluviDiagnostic] stage=DASHBOARD_STARTUP_ATTEMPT_STARTED scope=attemptGeneration=1 stage=bootstrap entryCount=- error=- message=-
2026-09-09T12:43:40.4205238Z I/flutter ( 2346): [FluviDiagnostic] stage=READINESS_PHASE_ENTERED scope=- entryCount=- error=- message=databasePending
2026-09-09T12:43:40.4253948Z I/flutter ( 2346): [FluviDiagnostic] stage=READINESS_PHASE_ENTERED scope=- entryCount=- error=- message=indexBuilding
2026-09-09T12:43:40.4292989Z I/flutter ( 2346): [FluviDiagnostic] stage=READINESS_TASK_STARTED scope=- entryCount=- error=- message=viewportPayload
2026-09-09T12:43:40.4503454Z D/FluviDashboard( 2346): [FLOW][INDEX_BUILD_STARTED] INDEX_BUILD_STARTED flowId=- queryKey=- direction=- scope=generation=1 acquisitionReason=bootstrap requestIdentity=rev=2|income=income|periods:|categories:|partners:|refinements:min=,max=,hasNote=false|expense=expense|periods:|categories:|partners:|refinements:min=,max=,hasNote=false|page=24|window=2014-2038 revision=2 totalMinor=- entryCount=-
2026-09-09T12:43:40.6368106Z I/com.fluvi.app( 2346): Background concurrent mark compact GC freed 17MB AllocSpace bytes, 28(16MB) LOS objects, 49% free, 4003KB/8007KB, paused 120us,8.824ms total 81.997ms
2026-09-09T12:43:40.6638324Z D/EGL_emulation( 2346): app_time_stats: avg=261.07ms min=261.07ms max=261.07ms count=1
2026-09-09T12:43:40.8938807Z I/com.fluvi.app( 2346): Background concurrent mark compact GC freed 5320KB AllocSpace bytes, 0(0B) LOS objects, 49% free, 5383KB/10MB, paused 219us,1.372ms total 129.827ms
2026-09-09T12:43:41.9159846Z D/EGL_emulation( 2346): app_time_stats: avg=310.44ms min=38.74ms max=493.61ms count=4
2026-09-09T12:43:41.9449035Z I/com.fluvi.app( 2346): Background concurrent mark compact GC freed 4160KB AllocSpace bytes, 6(1032KB) LOS objects, 49% free, 7715KB/15MB, paused 90us,1.517ms total 144.991ms
2026-09-09T12:43:42.0434617Z D/FluviDashboard( 2346): [FLOW][INDEX_BUILD_READY] INDEX_BUILD_READY flowId=- queryKey=- direction=- scope=generation=1 acquisitionReason=bootstrap requestIdentity=rev=2|income=income|periods:|categories:|partners:|refinements:min=,max=,hasNote=false|expense=expense|periods:|categories:|partners:|refinements:min=,max=,hasNote=false|page=24|window=2014-2038 sqlCalls=5 sqlMicros=855258 frames=1012 rows=4304 payloadBytes=2175073 serializationMicros=194012 revision=2 totalMinor=- entryCount=-
2026-09-09T12:43:42.9456007Z D/FluviDashboard( 2346): [FLOW][FINANCIAL_LIMIT_SNAPSHOT_PREPARE_STARTED] FINANCIAL_LIMIT_SNAPSHOT_PREPARE_STARTED flowId=- queryKey=- direction=- scope=yearWindowStart=2014 yearWindowEnd=2038 revision=2 totalMinor=- entryCount=-
2026-09-09T12:43:42.9573700Z D/EGL_emulation( 2346): app_time_stats: avg=260.56ms min=244.42ms max=281.24ms count=4
2026-09-09T12:43:43.1309290Z D/FluviDashboard( 2346): [FLOW][FINANCIAL_LIMIT_SNAPSHOT_READY] FINANCIAL_LIMIT_SNAPSHOT_READY flowId=- queryKey=- direction=- scope=incomeTargetCount=3 incomeCategoryCount=2 expenseTargetCount=9 expenseCategoryCount=8 periodSliceCount=326 payloadBytes=320072 sqlCalls=5 nativeSqlMicros=164093 revision=2 totalMinor=- entryCount=-
2026-09-09T12:43:43.1578921Z D/FluviDashboard( 2346): [FLOW][BUDGET_PARTNER_SNAPSHOT_PREPARE_STARTED] BUDGET_PARTNER_SNAPSHOT_PREPARE_STARTED flowId=- queryKey=- direction=- scope=yearWindowStart=2014 yearWindowEnd=2038 revision=2 totalMinor=- entryCount=-
2026-09-09T12:43:43.4938823Z D/FluviDashboard( 2346): [FLOW][BUDGET_PARTNER_SNAPSHOT_READY] BUDGET_PARTNER_SNAPSHOT_READY flowId=- queryKey=- direction=- scope=incomePartnerCount=4 expensePartnerCount=23 periodSlices=326 payloadBytes=347027 sqlCalls=5 nativeSqlMicros=285281 revision=2 totalMinor=- entryCount=-
2026-09-09T12:43:43.5058062Z I/flutter ( 2346): [FluviDiagnostic] stage=READINESS_TASK_COMPLETED scope=- entryCount=- error=- message=viewportPayload
2026-09-09T12:43:43.5117947Z I/flutter ( 2346): [FluviDiagnostic] stage=READINESS_PHASE_ENTERED scope=- entryCount=- error=- message=presentationPreparing
2026-09-09T12:43:43.5147806Z I/flutter ( 2346): [FluviDiagnostic] stage=READINESS_TASK_STARTED scope=- entryCount=- error=- message=renderResources
2026-09-09T12:43:43.5183398Z I/flutter ( 2346): [FluviDiagnostic] stage=READINESS_TASK_COMPLETED scope=- entryCount=- error=- message=renderResources
2026-09-09T12:43:43.5207854Z I/flutter ( 2346): [FluviDiagnostic] stage=READINESS_PHASE_ENTERED scope=- entryCount=- error=- message=renderCriticalWarmup
2026-09-09T12:43:43.5210017Z I/flutter ( 2346): [FluviDiagnostic] stage=READINESS_TASK_STARTED scope=- entryCount=- error=- message=logBoxSurface
2026-09-09T12:43:43.5634628Z I/com.fluvi.app( 2346): Background concurrent mark compact GC freed 11MB AllocSpace bytes, 22(10232KB) LOS objects, 49% free, 4551KB/9103KB, paused 126us,4.502ms total 167.529ms
2026-09-09T12:43:43.6852170Z I/flutter ( 2346): [FluviDiagnostic] stage=BUDGET_HEADER_VALUE_BOUND scope=generation=0 plane=month targetHandle=0 modelBindVsyncMicros=267287376 displayNumeratorScaled100=68900000 displayDenominatorScaled100=86125000 hasLimit=true canonicalLimitScaled100=86125000 entryCount=- error=- message=-
2026-09-09T12:43:43.6925479Z I/flutter ( 2346): [FluviDiagnostic] stage=HEADER_PORTAL_EFFECT_CATALOG_VERIFIED scope=- entryCount=- error=- message=innerOptionCount=5 backgroundOptionCount=5 sameOptions=true sameRenderer=false sameParameterSchema=true sameDefaults=true sameState=false sameClockSource=true
2026-09-09T12:43:43.6930926Z I/flutter ( 2346): [FluviDiagnostic] stage=BUDGET_HEADER_COOL_COLOR_BOUND scope=source=cool driver=userGlobal positionPct=50 windowWidthPct=28 leftRawPct=36.0 centerRawPct=50.0 rightRawPct=64.0 leftSamplePct=36.0 centerSamplePct=50.0 rightSamplePct=64.0 colorAArgb=4284604923 colorMidArgb=4279551457 colorBArgb=4278423754 settingsGeneration=0 entryCount=- error=- message=-
2026-09-09T12:43:43.6992131Z I/flutter ( 2346): [FluviDiagnostic] stage=READINESS_TASK_COMPLETED scope=- entryCount=- error=- message=logBoxSurface
2026-09-09T12:43:43.7048349Z I/flutter ( 2346): [FluviDiagnostic] stage=READINESS_TASK_STARTED scope=- entryCount=- error=- message=logBoxLayout
2026-09-09T12:43:43.7077798Z I/flutter ( 2346): [FluviDiagnostic] stage=READINESS_TASK_COMPLETED scope=- entryCount=- error=- message=logBoxLayout
2026-09-09T12:43:43.7079657Z I/flutter ( 2346): [FluviDiagnostic] stage=READINESS_TASK_STARTED scope=- entryCount=- error=- message=textLayoutSlots
2026-09-09T12:43:43.7112491Z I/flutter ( 2346): [FluviDiagnostic] stage=SCENE_WINDOW_PREPARE_STARTED scope=owner=renderCriticalReadiness priority=5 entryCount=258 error=- message=-
2026-09-09T12:43:43.7138371Z I/flutter ( 2346): [FluviDiagnostic] stage=SCENE_WINDOW_SLICE_OVER_BUDGET scope=boundary=richProjection elapsedMicros=1002 budgetMicros=1000 entryCount=258 error=- message=-
2026-09-09T12:43:43.7165244Z I/flutter ( 2346): [FluviDiagnostic] stage=HEADER_RENDER_BACKEND_BOUND scope=commitSha=a047e216803d3ac01d97b4d5ffd03842a1579db3 backend=fragmentShader logicalWidth=375.4757281553398 logicalHeight=123.8252427184466 devicePixelRatio=2.6260019651445416 physicalWidth=986.0 physicalHeight=326.0 backendIdentity=304810201 entryCount=- error=- message=-
2026-09-09T12:43:43.7200726Z I/flutter ( 2346): [FluviDiagnostic] stage=HEADER_PORTAL_INNER_CHANNEL_BOUND scope=enabled=true effectId=wandering-mist settingsGeneration=0 phaseOwnerIdentity=219993706 controllerIdentity=440759355 fragmentBackendIdentity=304810201 programIdentity=304810201 shaderIdentity=304810201 canonicalFieldStopCount=2 canonicalFieldStopHash=43d59ffd portalColorModel=paletteCoordinate inputSignature=93b453a entryCount=- error=- message=-
2026-09-09T12:43:43.7230579Z I/flutter ( 2346): [FluviDiagnostic] stage=HEADER_PORTAL_BACKGROUND_CHANNEL_BOUND scope=enabled=true effectId=wandering-mist settingsGeneration=0 phaseOwnerIdentity=219993706 controllerIdentity=440759355 fragmentBackendIdentity=304810201 programIdentity=304810201 shaderIdentity=304810201 canonicalFieldStopCount=2 canonicalFieldStopHash=43d59ffd portalColorModel=paletteCoordinate inputSignature=93b453a entryCount=- error=- message=-
2026-09-09T12:43:43.7261209Z I/flutter ( 2346): [FluviDiagnostic] stage=HEADER_PORTAL_FRAGMENT_INPUT_BOUND scope=innerEnabled=true innerEffect=wandering-mist innerSettingsHash=d6060b backgroundEnabled=true backgroundEffect=wandering-mist backgroundSettingsHash=d6060b uniformLayoutVersion=3 fragmentConfigurationGeneration=1 fragmentBackendIdentity=304810201 programIdentity=304810201 shaderIdentity=304810201 canonicalFieldStopCount=2 canonicalFieldStopHash=43d59ffd portalColorModel=paletteCoordinate entryCount=- error=- message=-
2026-09-09T12:43:43.7279576Z I/flutter ( 2346): [FluviDiagnostic] stage=HEADER_SHADER_READY scope=asset=shaders/dashboard_header_field.frag programIdentity=22724915 shaderIdentity=292484204 flutterVersion=3.41.4 rendererBackend=runtimeEffect engineBackend=notExposedByDart entryCount=- error=- message=-
2026-09-09T12:43:43.7473501Z I/flutter ( 2346): [FluviDiagnostic] stage=SCENE_WINDOW_ATOMIC_WORK_UNIT_OVER_BUDGET scope=workUnit=rowText:time elapsedMicros=1123 budgetMicros=1000 entryCount=258 error=- message=-
2026-09-09T12:43:43.7508370Z I/flutter ( 2346): [FluviDiagnostic] stage=SCENE_WINDOW_SLICE_OVER_BUDGET scope=boundary=rowTextParagraph elapsedMicros=1234 budgetMicros=1000 entryCount=258 error=- message=-
2026-09-09T12:43:43.7542688Z I/flutter ( 2346): [FluviDiagnostic] stage=SCENE_WINDOW_ATOMIC_WORK_UNIT_OVER_BUDGET scope=workUnit=rowText:title elapsedMicros=1115 budgetMicros=1000 entryCount=258 error=- message=-
2026-09-09T12:43:43.7598276Z I/flutter ( 2346): [FluviDiagnostic] stage=SCENE_WINDOW_ATOMIC_WORK_UNIT_OVER_BUDGET scope=workUnit=rowText:amount elapsedMicros=1746 budgetMicros=1000 entryCount=258 error=- message=-
2026-09-09T12:43:43.7898441Z I/flutter ( 2346): [FluviDiagnostic] stage=SCENE_WINDOW_SLICE_OVER_BUDGET scope=boundary=dayHeader elapsedMicros=1011 budgetMicros=1000 entryCount=258 error=- message=-
2026-09-09T12:43:43.7932674Z I/flutter ( 2346): [FluviDiagnostic] stage=SCENE_WINDOW_ATOMIC_WORK_UNIT_OVER_BUDGET scope=workUnit=dayHeaderText elapsedMicros=2815 budgetMicros=1000 entryCount=258 error=- message=-
2026-09-09T12:43:43.8059353Z I/flutter ( 2346): [FluviDiagnostic] stage=SCENE_WINDOW_SLICE_OVER_BUDGET scope=boundary=resourceLease elapsedMicros=1286 budgetMicros=1000 entryCount=258 error=- message=-
2026-09-09T12:43:43.8081635Z I/flutter ( 2346): [FluviDiagnostic] stage=SCENE_WINDOW_PREPARE_COMPLETED scope=owner=renderCriticalReadiness priority=5 entryCount=258 error=- message=uiIsolateMicros=74208 largestContiguousUiSliceMicros=5014 yields=140 richRowProjectionMicros=292 richFrameProjectionMicros=1164 projectedUniqueRows=186 projectedFrames=15 reusedProjectedRows=48 reusedProjectedFrames=0 uniqueRowLayouts=210 reusedRowLayouts=0 newRowLayouts=210 sceneNew=16 sceneReuse=0 pauseCount=0 resumeCount=0 semanticsWork=0 rasterWork=0 allocationCount=316
2026-09-09T12:43:43.8118159Z I/flutter ( 2346): [FluviDiagnostic] stage=SCENE_WINDOW_PREPARE_STARTED scope=owner=liveInteractionResource priority=4 entryCount=258 error=- message=-
2026-09-09T12:43:43.8147873Z I/flutter ( 2346): [FluviDiagnostic] stage=READINESS_TASK_COMPLETED scope=- entryCount=- error=- message=textLayoutSlots
2026-09-09T12:43:43.8177828Z I/flutter ( 2346): [FluviDiagnostic] stage=READINESS_PHASE_ENTERED scope=- entryCount=- error=- message=ready
2026-09-09T12:43:43.8179904Z I/flutter ( 2346): [FluviDiagnostic] stage=DASHBOARD_STARTUP_READY scope=attemptGeneration=1 stage=ready readinessTask=- entryCount=- error=- message=-
2026-09-09T12:43:43.8207644Z I/flutter ( 2346): [FluviDiagnostic] stage=READINESS_READY scope=- entryCount=- error=- message=-
2026-09-09T12:43:43.8238252Z I/flutter ( 2346): [FluviDiagnostic] stage=SCENE_WINDOW_SLICE_OVER_BUDGET scope=boundary=rowText elapsedMicros=1093 budgetMicros=1000 entryCount=258 error=- message=-
2026-09-09T12:43:43.8271415Z I/flutter ( 2346): [FluviDiagnostic] stage=SCENE_WINDOW_PREPARE_COMPLETED scope=owner=liveInteractionResource priority=4 entryCount=258 error=- message=uiIsolateMicros=2009 largestContiguousUiSliceMicros=1093 yields=13 richRowProjectionMicros=0 richFrameProjectionMicros=0 projectedUniqueRows=0 projectedFrames=0 reusedProjectedRows=0 reusedProjectedFrames=0 uniqueRowLayouts=210 reusedRowLayouts=210 newRowLayouts=0 sceneNew=0 sceneReuse=16 pauseCount=0 resumeCount=0 semanticsWork=0 rasterWork=0 allocationCount=0
2026-09-09T12:43:43.9145542Z I/flutter ( 2346): [FluviDiagnostic] stage=SCENE_WINDOW_PREPARE_STARTED scope=owner=foregroundNavigation priority=3 entryCount=310 error=- message=-
2026-09-09T12:43:43.9213999Z I/flutter ( 2346): [FluviDiagnostic] stage=SCENE_WINDOW_ATOMIC_WORK_UNIT_OVER_BUDGET scope=workUnit=rowText:title elapsedMicros=1877 budgetMicros=1000 entryCount=310 error=- message=-
2026-09-09T12:43:43.9220767Z I/flutter ( 2346): [FluviDiagnostic] stage=SCENE_WINDOW_SLICE_OVER_BUDGET scope=boundary=rowTextParagraph elapsedMicros=2363 budgetMicros=1000 entryCount=310 error=- message=-
2026-09-09T12:43:43.9223437Z I/flutter ( 2346): [FluviDiagnostic] stage=SCENE_WINDOW_SLICE_OVER_BUDGET scope=boundary=rowText elapsedMicros=1558 budgetMicros=1000 entryCount=310 error=- message=-
2026-09-09T12:43:43.9226104Z I/flutter ( 2346): [FluviDiagnostic] stage=SCENE_WINDOW_SLICE_OVER_BUDGET scope=boundary=resourceLease elapsedMicros=1478 budgetMicros=1000 entryCount=310 error=- message=-
2026-09-09T12:43:43.9231753Z I/flutter ( 2346): [FluviDiagnostic] stage=SCENE_WINDOW_PREPARE_COMPLETED scope=owner=foregroundNavigation priority=3 entryCount=310 error=- message=uiIsolateMicros=7457 largestContiguousUiSliceMicros=2363 yields=17 richRowProjectionMicros=10 richFrameProjectionMicros=188 projectedUniqueRows=4 projectedFrames=3 reusedProjectedRows=48 reusedProjectedFrames=0 uniqueRowLayouts=214 reusedRowLayouts=210 newRowLayouts=4 sceneNew=3 sceneReuse=16 pauseCount=0 resumeCount=0 semanticsWork=0 rasterWork=0 allocationCount=8
2026-09-09T12:43:43.9236406Z I/flutter ( 2346): [FluviDiagnostic] stage=SUMMARY_PARENT_HOTSET_PREPARE_STARTED scope=- entryCount=624 error=- message=-
2026-09-09T12:43:43.9238656Z I/flutter ( 2346): [FluviDiagnostic] stage=SCENE_WINDOW_PREPARE_STARTED scope=owner=speculativeMaintenance priority=1 entryCount=624 error=- message=-
2026-09-09T12:43:43.9241070Z I/flutter ( 2346): [FluviDiagnostic] stage=SCENE_WINDOW_SLICE_OVER_BUDGET scope=boundary=richProjection elapsedMicros=1001 budgetMicros=1000 entryCount=624 error=- message=-
2026-09-09T12:43:43.9264743Z I/flutter ( 2346): [FluviDiagnostic] stage=SCENE_WINDOW_ATOMIC_WORK_UNIT_OVER_BUDGET scope=workUnit=richProjection elapsedMicros=3713 budgetMicros=1000 entryCount=624 error=- message=-
2026-09-09T12:43:43.9308843Z I/flutter ( 2346): [FluviDiagnostic] stage=SCENE_WINDOW_SLICE_OVER_BUDGET scope=boundary=rowDiscovery elapsedMicros=2486 budgetMicros=1000 entryCount=624 error=- message=-
2026-09-09T12:43:43.9373303Z I/flutter ( 2346): [FluviDiagnostic] stage=SCENE_WINDOW_ATOMIC_WORK_UNIT_OVER_BUDGET scope=workUnit=rowText:amount elapsedMicros=3148 budgetMicros=1000 entryCount=624 error=- message=-
2026-09-09T12:43:43.9398579Z I/flutter ( 2346): [FluviDiagnostic] stage=SCENE_WINDOW_SLICE_OVER_BUDGET scope=boundary=rowTextParagraph elapsedMicros=3282 budgetMicros=1000 entryCount=624 error=- message=-
2026-09-09T12:43:43.9428540Z I/flutter ( 2346): [FluviDiagnostic] stage=SCENE_WINDOW_ATOMIC_WORK_UNIT_OVER_BUDGET scope=workUnit=rowText:time elapsedMicros=1986 budgetMicros=1000 entryCount=624 error=- message=-
2026-09-09T12:43:43.9548451Z I/flutter ( 2346): [FluviDiagnostic] stage=SCENE_WINDOW_ATOMIC_WORK_UNIT_OVER_BUDGET scope=workUnit=rowText:title elapsedMicros=3029 budgetMicros=1000 entryCount=624 error=- message=-
2026-09-09T12:43:43.9908714Z I/flutter ( 2346): [FluviDiagnostic] stage=SCENE_WINDOW_ATOMIC_WORK_UNIT_OVER_BUDGET scope=workUnit=rowText:secondary elapsedMicros=3465 budgetMicros=1000 entryCount=624 error=- message=-
2026-09-09T12:43:43.9938276Z I/flutter ( 2346): [FluviDiagnostic] stage=SCENE_WINDOW_SLICE_OVER_BUDGET scope=boundary=rowText elapsedMicros=3600 budgetMicros=1000 entryCount=624 error=- message=-
2026-09-09T12:43:44.1269122Z D/EGL_emulation( 2346): app_time_stats: avg=233.21ms min=40.60ms max=416.67ms count=5
2026-09-09T12:43:44.1308712Z I/flutter ( 2346): [FluviDiagnostic] stage=SCENE_WINDOW_SLICE_OVER_BUDGET scope=boundary=dayHeader elapsedMicros=1030 budgetMicros=1000 entryCount=624 error=- message=-
2026-09-09T12:43:44.1320032Z I/flutter ( 2346): [FluviDiagnostic] stage=SCENE_WINDOW_ATOMIC_WORK_UNIT_OVER_BUDGET scope=workUnit=dayHeaderText elapsedMicros=1481 budgetMicros=1000 entryCount=624 error=- message=-
2026-09-09T12:43:44.1498983Z I/flutter ( 2346): [FluviDiagnostic] stage=SCENE_WINDOW_SLICE_OVER_BUDGET scope=boundary=completion elapsedMicros=1140 budgetMicros=1000 entryCount=624 error=- message=-
2026-09-09T12:43:44.1531450Z I/flutter ( 2346): [FluviDiagnostic] stage=SCENE_WINDOW_PREPARE_COMPLETED scope=owner=speculativeMaintenance priority=1 entryCount=624 error=- message=uiIsolateMicros=215940 largestContiguousUiSliceMicros=5143 yields=392 richRowProjectionMicros=621 richFrameProjectionMicros=5624 projectedUniqueRows=576 projectedFrames=26 reusedProjectedRows=48 reusedProjectedFrames=0 uniqueRowLayouts=576 reusedRowLayouts=0 newRowLayouts=576 sceneNew=26 sceneReuse=0 pauseCount=0 resumeCount=0 semanticsWork=0 rasterWork=0 allocationCount=673
2026-09-09T12:43:44.1587866Z I/flutter ( 2346): [FluviDiagnostic] stage=SUMMARY_PARENT_HOTSET_PREPARE_READY scope=- entryCount=624 error=- message=-
2026-09-09T12:43:44.1647946Z I/flutter ( 2346): [FluviDiagnostic] stage=SUMMARY_PARENT_HOTSET_PREPARE_STARTED scope=- entryCount=0 error=- message=-
2026-09-09T12:43:44.1651181Z I/flutter ( 2346): [FluviDiagnostic] stage=SUMMARY_PARENT_HOTSET_PREPARE_READY scope=- entryCount=0 error=- message=-
2026-09-09T12:43:44.1805755Z I/flutter ( 2346): [FluviDiagnostic] stage=HEADER_RENDER_FIDELITY_CONFIG scope=outputResolutionMode=nativeSurface fieldEvaluationMode=perFragment logicalWidth=375.4757281553398 logicalHeight=123.8252427184466 physicalWidth=986.0 physicalHeight=326.0 sourceRenderScale=0.6 effectId=dualTide backend=fragmentShader physicalTarget=986.0x326.0 parentTransformScale=notObservableInCanvas touchOverlayBackend=fragmentShaderAnalytic shaderFailureFallback=nativeStaticGradient shaderReady=true shaderFailure=false entryCount=- error=- message=-
2026-09-09T12:43:44.1870118Z I/flutter ( 2346): [FluviDiagnostic] stage=HEADER_TOUCH_RENDER_PATH_BOUND scope=fieldBackend=fragmentShader overlayBackend=fragmentShaderAnalytic trailBackend=fragmentShaderAnalytic logicalSize=375.4757281553398x123.8252427184466 physicalSize=986.0x326.0 usesSaveLayer=false usesOffscreenIntermediate=false entryCount=- error=- message=-
2026-09-09T12:43:44.1880750Z I/flutter ( 2346): [FluviDiagnostic] stage=HEADER_PORTAL_INNER_CHANNEL_BOUND scope=enabled=true effectId=wandering-mist settingsGeneration=0 phaseOwnerIdentity=219993706 controllerIdentity=440759355 fragmentBackendIdentity=304810201 programIdentity=22724915 shaderIdentity=292484204 canonicalFieldStopCount=2 canonicalFieldStopHash=43d59ffd portalColorModel=paletteCoordinate inputSignature=51e3421 entryCount=- error=- message=-
2026-09-09T12:43:44.1969843Z D/FluviDashboard( 2346): [FLOW][VERTICAL_PAGE_NATIVE_READY] VERTICAL_PAGE_NATIVE_READY flowId=- queryKey=expense|month:2026-07|categories:|partners:|refinements: direction=expense scope=pageOrdinal=1 nativeSqlMicros=1173 nativeMappingMicros=160 serializationMicros=334 nativeHandlerQueueMicros=318 authoritativeEntryCount=94 revision=2 totalMinor=- entryCount=24
2026-09-09T12:43:44.1992326Z D/FluviDashboard( 2346): [FLOW][VERTICAL_PAGE_NATIVE_RESULT_SUBMITTED] VERTICAL_PAGE_NATIVE_RESULT_SUBMITTED flowId=- queryKey=- direction=- scope=nativeHandlerQueueMicros=318 nativeResultSubmitMicros=68 revision=- totalMinor=- entryCount=-
2026-09-09T12:43:44.2293025Z D/FluviDashboard( 2346): [FLOW][VERTICAL_PAGE_NATIVE_READY] VERTICAL_PAGE_NATIVE_READY flowId=- queryKey=expense|month:2026-07|categories:|partners:|refinements: direction=expense scope=pageOrdinal=2 nativeSqlMicros=1057 nativeMappingMicros=136 serializationMicros=402 nativeHandlerQueueMicros=213 authoritativeEntryCount=94 revision=2 totalMinor=- entryCount=24
2026-09-09T12:43:44.2313410Z D/FluviDashboard( 2346): [FLOW][VERTICAL_PAGE_NATIVE_RESULT_SUBMITTED] VERTICAL_PAGE_NATIVE_RESULT_SUBMITTED flowId=- queryKey=- direction=- scope=nativeHandlerQueueMicros=213 nativeResultSubmitMicros=69 revision=- totalMinor=- entryCount=-
2026-09-09T12:43:44.2569663Z D/FluviDashboard( 2346): [FLOW][VERTICAL_PAGE_NATIVE_READY] VERTICAL_PAGE_NATIVE_READY flowId=- queryKey=expense|month:2026-07|categories:|partners:|refinements: direction=expense scope=pageOrdinal=3 nativeSqlMicros=995 nativeMappingMicros=130 serializationMicros=451 nativeHandlerQueueMicros=164 authoritativeEntryCount=94 revision=2 totalMinor=- entryCount=22
2026-09-09T12:43:44.2574216Z D/FluviDashboard( 2346): [FLOW][VERTICAL_PAGE_NATIVE_RESULT_SUBMITTED] VERTICAL_PAGE_NATIVE_RESULT_SUBMITTED flowId=- queryKey=- direction=- scope=nativeHandlerQueueMicros=164 nativeResultSubmitMicros=65 revision=- totalMinor=- entryCount=-
2026-09-09T12:43:45.1851223Z I/flutter ( 2346): [FluviDiagnostic] stage=HEADER_PORTAL_BACKGROUND_CHANNEL_BOUND scope=enabled=true effectId=wandering-mist settingsGeneration=0 phaseOwnerIdentity=219993706 controllerIdentity=440759355 fragmentBackendIdentity=304810201 programIdentity=22724915 shaderIdentity=292484204 canonicalFieldStopCount=2 canonicalFieldStopHash=43d59ffd portalColorModel=paletteCoordinate inputSignature=51e3421 entryCount=- error=- message=-
2026-09-09T12:43:45.1931469Z I/flutter ( 2346): [FluviDiagnostic] stage=HEADER_PORTAL_FRAGMENT_INPUT_BOUND scope=innerEnabled=true innerEffect=wandering-mist innerSettingsHash=d6060b backgroundEnabled=true backgroundEffect=wandering-mist backgroundSettingsHash=d6060b uniformLayoutVersion=3 fragmentConfigurationGeneration=2 fragmentBackendIdentity=304810201 programIdentity=22724915 shaderIdentity=292484204 canonicalFieldStopCount=2 canonicalFieldStopHash=43d59ffd portalColorModel=paletteCoordinate entryCount=- error=- message=-
2026-09-09T12:43:45.1967607Z I/flutter ( 2346): [PROFILE][SCENARIO_PREPARED] B_year_month_rail_populated plane=year
2026-09-09T12:43:45.1997467Z I/flutter ( 2346): [PROFILE][SCENARIO_STABLE] B_year_month_rail_populated
2026-09-09T12:43:46.3866508Z D/EGL_emulation( 2346): app_time_stats: avg=1127.59ms min=350.10ms max=1905.08ms count=2
2026-09-09T12:43:48.3240145Z D/EGL_emulation( 2346): app_time_stats: avg=1941.98ms min=1941.98ms max=1941.98ms count=1
2026-09-09T12:43:48.3315652Z I/flutter ( 2346): [FluviDiagnostic] stage=BUDGET_HEADER_VALUE_BOUND scope=generation=0 plane=month targetHandle=0 modelBindVsyncMicros=271937376 displayNumeratorScaled100=0 displayDenominatorScaled100=66442707 hasLimit=true canonicalLimitScaled100=66442707 entryCount=- error=- message=-
2026-09-09T12:43:50.2458580Z D/EGL_emulation( 2346): app_time_stats: avg=1920.51ms min=1920.51ms max=1920.51ms count=1
2026-09-09T12:43:52.4232914Z D/EGL_emulation( 2346): app_time_stats: avg=2175.49ms min=2175.49ms max=2175.49ms count=1
2026-09-09T12:43:52.4314208Z I/flutter ( 2346): [FluviDiagnostic] stage=BUDGET_HEADER_VALUE_BOUND scope=generation=0 plane=month targetHandle=0 modelBindVsyncMicros=276037376 displayNumeratorScaled100=0 displayDenominatorScaled100=66442707 hasLimit=true canonicalLimitScaled100=66442707 entryCount=- error=- message=-
2026-09-09T12:43:54.5849650Z D/EGL_emulation( 2346): app_time_stats: avg=2161.31ms min=2161.31ms max=2161.31ms count=1
2026-09-09T12:43:54.6023059Z I/flutter ( 2346): [FluviDiagnostic] stage=BUDGET_HEADER_VALUE_BOUND scope=generation=0 plane=month targetHandle=0 modelBindVsyncMicros=278204042 displayNumeratorScaled100=0 displayDenominatorScaled100=4600000 hasLimit=true canonicalLimitScaled100=4600000 entryCount=- error=- message=-
2026-09-09T12:43:56.6934613Z D/EGL_emulation( 2346): app_time_stats: avg=2106.60ms min=2106.60ms max=2106.60ms count=1
2026-09-09T12:43:58.8313413Z D/EGL_emulation( 2346): app_time_stats: avg=2142.43ms min=2142.43ms max=2142.43ms count=1
2026-09-09T12:43:58.8475316Z I/flutter ( 2346): [FluviDiagnostic] stage=BUDGET_HEADER_VALUE_BOUND scope=generation=0 plane=month targetHandle=0 modelBindVsyncMicros=282454042 displayNumeratorScaled100=0 displayDenominatorScaled100=66442707 hasLimit=true canonicalLimitScaled100=66442707 entryCount=- error=- message=-
2026-09-09T12:44:00.9045836Z D/EGL_emulation( 2346): app_time_stats: avg=2074.01ms min=2074.01ms max=2074.01ms count=1
2026-09-09T12:44:03.5118469Z D/EGL_emulation( 2346): app_time_stats: avg=2607.38ms min=2607.38ms max=2607.38ms count=1
2026-09-09T12:44:03.5389171Z I/flutter ( 2346): [FluviDiagnostic] stage=BUDGET_HEADER_VALUE_BOUND scope=generation=0 plane=month targetHandle=0 modelBindVsyncMicros=287137375 displayNumeratorScaled100=0 displayDenominatorScaled100=66442707 hasLimit=true canonicalLimitScaled100=66442707 entryCount=- error=- message=-
2026-09-09T12:44:05.9184978Z D/EGL_emulation( 2346): app_time_stats: avg=2406.97ms min=2406.97ms max=2406.97ms count=1
2026-09-09T12:44:08.8318577Z D/EGL_emulation( 2346): app_time_stats: avg=2911.67ms min=2911.67ms max=2911.67ms count=1
2026-09-09T12:44:10.8041043Z D/EGL_emulation( 2346): app_time_stats: avg=1973.61ms min=1973.61ms max=1973.61ms count=1
2026-09-09T12:44:12.7616351Z D/EGL_emulation( 2346): app_time_stats: avg=1939.44ms min=1939.44ms max=1939.44ms count=1
2026-09-09T12:44:12.7837069Z I/flutter ( 2346): [FluviDiagnostic] stage=BUDGET_HEADER_VALUE_BOUND scope=generation=0 plane=month targetHandle=0 modelBindVsyncMicros=296370708 displayNumeratorScaled100=73500000 displayDenominatorScaled100=91875000 hasLimit=true canonicalLimitScaled100=91875000 entryCount=- error=- message=-
2026-09-09T12:44:15.5361879Z D/EGL_emulation( 2346): app_time_stats: avg=2792.17ms min=2792.17ms max=2792.17ms count=1
2026-09-09T12:44:15.5560513Z I/flutter ( 2346): [FluviDiagnostic] stage=BUDGET_HEADER_VALUE_BOUND scope=generation=0 plane=month targetHandle=0 modelBindVsyncMicros=299154041 displayNumeratorScaled100=61200000 displayDenominatorScaled100=66442707 hasLimit=true canonicalLimitScaled100=66442707 entryCount=- error=- message=-
2026-09-09T12:44:17.6291872Z D/EGL_emulation( 2346): app_time_stats: avg=2093.07ms min=2093.07ms max=2093.07ms count=1
2026-09-09T12:44:19.6819176Z D/EGL_emulation( 2346): app_time_stats: avg=2051.88ms min=2051.88ms max=2051.88ms count=1
2026-09-09T12:44:19.7080539Z I/flutter ( 2346): [FluviDiagnostic] stage=BUDGET_HEADER_VALUE_BOUND scope=generation=0 plane=month targetHandle=0 modelBindVsyncMicros=303304041 displayNumeratorScaled100=79800000 displayDenominatorScaled100=66442707 hasLimit=true canonicalLimitScaled100=66442707 entryCount=- error=- message=-
2026-09-09T12:44:21.7937953Z D/EGL_emulation( 2346): app_time_stats: avg=2110.06ms min=2110.06ms max=2110.06ms count=1
2026-09-09T12:44:21.8139521Z I/flutter ( 2346): [FluviDiagnostic] stage=BUDGET_HEADER_VALUE_BOUND scope=generation=0 plane=month targetHandle=0 modelBindVsyncMicros=305404041 displayNumeratorScaled100=68900000 displayDenominatorScaled100=86125000 hasLimit=true canonicalLimitScaled100=86125000 entryCount=- error=- message=-
2026-09-09T12:44:23.7922065Z D/EGL_emulation( 2346): app_time_stats: avg=2000.54ms min=2000.54ms max=2000.54ms count=1
2026-09-09T12:44:25.9135736Z D/EGL_emulation( 2346): app_time_stats: avg=2121.01ms min=2121.01ms max=2121.01ms count=1
2026-09-09T12:44:25.9389739Z I/flutter ( 2346): [FluviDiagnostic] stage=BUDGET_HEADER_VALUE_BOUND scope=generation=0 plane=month targetHandle=0 modelBindVsyncMicros=309537374 displayNumeratorScaled100=0 displayDenominatorScaled100=66442707 hasLimit=true canonicalLimitScaled100=66442707 entryCount=- error=- message=-
2026-09-09T12:44:27.8882743Z D/EGL_emulation( 2346): app_time_stats: avg=1971.01ms min=1971.01ms max=1971.01ms count=1
2026-09-09T12:44:30.0018519Z D/EGL_emulation( 2346): app_time_stats: avg=2112.85ms min=2112.85ms max=2112.85ms count=1
2026-09-09T12:44:30.0109476Z I/flutter ( 2346): [FluviDiagnostic] stage=BUDGET_HEADER_VALUE_BOUND scope=generation=0 plane=month targetHandle=0 modelBindVsyncMicros=313620707 displayNumeratorScaled100=0 displayDenominatorScaled100=66442707 hasLimit=true canonicalLimitScaled100=66442707 entryCount=- error=- message=-
2026-09-09T12:44:32.0473500Z D/EGL_emulation( 2346): app_time_stats: avg=2048.26ms min=2048.26ms max=2048.26ms count=1
2026-09-09T12:44:34.0371059Z D/EGL_emulation( 2346): app_time_stats: avg=1988.29ms min=1988.29ms max=1988.29ms count=1
2026-09-09T12:44:36.0584006Z D/EGL_emulation( 2346): app_time_stats: avg=2025.08ms min=2025.08ms max=2025.08ms count=1
2026-09-09T12:44:38.1784389Z D/EGL_emulation( 2346): app_time_stats: avg=2110.43ms min=2110.43ms max=2110.43ms count=1
2026-09-09T12:44:38.1909706Z I/flutter ( 2346): [FluviDiagnostic] stage=BUDGET_HEADER_VALUE_BOUND scope=generation=0 plane=month targetHandle=0 modelBindVsyncMicros=321787374 displayNumeratorScaled100=64200000 displayDenominatorScaled100=80250000 hasLimit=true canonicalLimitScaled100=80250000 entryCount=- error=- message=-
2026-09-09T12:44:40.2123675Z D/EGL_emulation( 2346): app_time_stats: avg=2042.68ms min=2042.68ms max=2042.68ms count=1
2026-09-09T12:44:40.3009138Z I/flutter ( 2346): [FluviDiagnostic] stage=BUDGET_HEADER_VALUE_BOUND scope=generation=0 plane=month targetHandle=0 modelBindVsyncMicros=323837374 displayNumeratorScaled100=78100000 displayDenominatorScaled100=66442707 hasLimit=true canonicalLimitScaled100=66442707 entryCount=- error=- message=-
2026-09-09T12:44:42.3189604Z D/EGL_emulation( 2346): app_time_stats: avg=2104.35ms min=2104.35ms max=2104.35ms count=1
2026-09-09T12:44:44.4551932Z D/EGL_emulation( 2346): app_time_stats: avg=2131.22ms min=2131.22ms max=2131.22ms count=1
2026-09-09T12:44:44.4714307Z I/flutter ( 2346): [FluviDiagnostic] stage=BUDGET_HEADER_VALUE_BOUND scope=generation=0 plane=month targetHandle=0 modelBindVsyncMicros=328070707 displayNumeratorScaled100=66800000 displayDenominatorScaled100=66442707 hasLimit=true canonicalLimitScaled100=66442707 entryCount=- error=- message=-
2026-09-09T12:44:46.4504610Z D/EGL_emulation( 2346): app_time_stats: avg=2001.43ms min=2001.43ms max=2001.43ms count=1
2026-09-09T12:44:46.4717764Z I/flutter ( 2346): [FluviDiagnostic] stage=BUDGET_HEADER_VALUE_BOUND scope=generation=0 plane=month targetHandle=0 modelBindVsyncMicros=330070707 displayNumeratorScaled100=73500000 displayDenominatorScaled100=91875000 hasLimit=true canonicalLimitScaled100=91875000 entryCount=- error=- message=-
2026-09-09T12:44:48.4971275Z D/EGL_emulation( 2346): app_time_stats: avg=2046.23ms min=2046.23ms max=2046.23ms count=1
2026-09-09T12:44:50.4258095Z D/EGL_emulation( 2346): app_time_stats: avg=1925.23ms min=1925.23ms max=1925.23ms count=1
2026-09-09T12:44:50.5047823Z I/flutter ( 2346): [FluviDiagnostic] stage=BUDGET_HEADER_VALUE_BOUND scope=generation=0 plane=month targetHandle=0 modelBindVsyncMicros=334037373 displayNumeratorScaled100=61200000 displayDenominatorScaled100=66442707 hasLimit=true canonicalLimitScaled100=66442707 entryCount=- error=- message=-
2026-09-09T12:44:52.4142128Z D/EGL_emulation( 2346): app_time_stats: avg=1991.52ms min=1991.52ms max=1991.52ms count=1
2026-09-09T12:44:54.8392546Z D/EGL_emulation( 2346): app_time_stats: avg=2426.20ms min=2426.20ms max=2426.20ms count=1
2026-09-09T12:44:54.8687695Z I/flutter ( 2346): [FluviDiagnostic] stage=BUDGET_HEADER_VALUE_BOUND scope=generation=0 plane=month targetHandle=0 modelBindVsyncMicros=338454040 displayNumeratorScaled100=79800000 displayDenominatorScaled100=66442707 hasLimit=true canonicalLimitScaled100=66442707 entryCount=- error=- message=-
2026-09-09T12:44:57.1549874Z D/EGL_emulation( 2346): app_time_stats: avg=2314.97ms min=2314.97ms max=2314.97ms count=1
2026-09-09T12:44:59.3715427Z D/EGL_emulation( 2346): app_time_stats: avg=364.82ms min=364.82ms max=364.82ms count=1
2026-09-09T12:45:01.8459121Z D/EGL_emulation( 2346): app_time_stats: avg=2474.60ms min=2474.60ms max=2474.60ms count=1
2026-09-09T12:45:03.8159790Z D/EGL_emulation( 2346): app_time_stats: avg=1964.84ms min=1964.84ms max=1964.84ms count=1
2026-09-09T12:45:03.8361690Z I/flutter ( 2346): [FluviDiagnostic] stage=BUDGET_HEADER_VALUE_BOUND scope=generation=0 plane=month targetHandle=0 modelBindVsyncMicros=347437373 displayNumeratorScaled100=0 displayDenominatorScaled100=4600000 hasLimit=true canonicalLimitScaled100=4600000 entryCount=- error=- message=-
2026-09-09T12:45:05.9595227Z D/EGL_emulation( 2346): app_time_stats: avg=2148.67ms min=2148.67ms max=2148.67ms count=1
2026-09-09T12:45:05.9697223Z I/flutter ( 2346): [FluviDiagnostic] stage=BUDGET_HEADER_VALUE_BOUND scope=generation=0 plane=month targetHandle=0 modelBindVsyncMicros=349570706 displayNumeratorScaled100=0 displayDenominatorScaled100=66442707 hasLimit=true canonicalLimitScaled100=66442707 entryCount=- error=- message=-
2026-09-09T12:45:08.0942267Z D/EGL_emulation( 2346): app_time_stats: avg=2132.87ms min=2132.87ms max=2132.87ms count=1
2026-09-09T12:45:10.2325629Z D/EGL_emulation( 2346): app_time_stats: avg=2139.71ms min=2139.71ms max=2139.71ms count=1
2026-09-09T12:45:10.2433185Z I/flutter ( 2346): [FluviDiagnostic] stage=BUDGET_HEADER_VALUE_BOUND scope=generation=0 plane=month targetHandle=0 modelBindVsyncMicros=353854039 displayNumeratorScaled100=0 displayDenominatorScaled100=66442707 hasLimit=true canonicalLimitScaled100=66442707 entryCount=- error=- message=-
2026-09-09T12:45:12.2932006Z D/EGL_emulation( 2346): app_time_stats: avg=2057.22ms min=2057.22ms max=2057.22ms count=1
2026-09-09T12:45:12.3170163Z I/flutter ( 2346): [FluviDiagnostic] stage=BUDGET_HEADER_VALUE_BOUND scope=generation=0 plane=month targetHandle=0 modelBindVsyncMicros=355904039 displayNumeratorScaled100=64200000 displayDenominatorScaled100=80250000 hasLimit=true canonicalLimitScaled100=80250000 entryCount=- error=- message=-
2026-09-09T12:45:14.3436144Z D/EGL_emulation( 2346): app_time_stats: avg=2056.67ms min=2056.67ms max=2056.67ms count=1
2026-09-09T12:45:16.3898351Z D/EGL_emulation( 2346): app_time_stats: avg=2043.57ms min=2043.57ms max=2043.57ms count=1
2026-09-09T12:45:16.4030373Z I/flutter ( 2346): [FluviDiagnostic] stage=BUDGET_HEADER_VALUE_BOUND scope=generation=0 plane=month targetHandle=0 modelBindVsyncMicros=360004039 displayNumeratorScaled100=78100000 displayDenominatorScaled100=66442707 hasLimit=true canonicalLimitScaled100=66442707 entryCount=- error=- message=-
2026-09-09T12:45:18.4813511Z D/EGL_emulation( 2346): app_time_stats: avg=2090.11ms min=2090.11ms max=2090.11ms count=1
2026-09-09T12:45:20.6497747Z D/EGL_emulation( 2346): app_time_stats: avg=2162.57ms min=2162.57ms max=2162.57ms count=1
2026-09-09T12:45:20.7599918Z I/flutter ( 2346): [FluviDiagnostic] stage=BUDGET_HEADER_VALUE_BOUND scope=generation=0 plane=month targetHandle=0 modelBindVsyncMicros=364254039 displayNumeratorScaled100=66800000 displayDenominatorScaled100=66442707 hasLimit=true canonicalLimitScaled100=66442707 entryCount=- error=- message=-
2026-09-09T12:45:22.5974438Z D/EGL_emulation( 2346): app_time_stats: avg=1954.75ms min=1954.75ms max=1954.75ms count=1
2026-09-09T12:45:24.6830916Z D/EGL_emulation( 2346): app_time_stats: avg=2087.17ms min=2087.17ms max=2087.17ms count=1
2026-09-09T12:45:26.6745206Z D/EGL_emulation( 2346): app_time_stats: avg=1991.54ms min=1991.54ms max=1991.54ms count=1
2026-09-09T12:45:28.7431853Z D/EGL_emulation( 2346): app_time_stats: avg=2068.26ms min=2068.26ms max=2068.26ms count=1
2026-09-09T12:45:28.8521715Z I/flutter ( 2346): [FluviDiagnostic] stage=BUDGET_HEADER_VALUE_BOUND scope=generation=0 plane=month targetHandle=0 modelBindVsyncMicros=372370705 displayNumeratorScaled100=68900000 displayDenominatorScaled100=86125000 hasLimit=true canonicalLimitScaled100=86125000 entryCount=- error=- message=-
2026-09-09T12:45:30.7807172Z D/EGL_emulation( 2346): app_time_stats: avg=2037.37ms min=2037.37ms max=2037.37ms count=1
2026-09-09T12:45:30.7983071Z I/flutter ( 2346): [FluviDiagnostic] stage=BUDGET_HEADER_VALUE_BOUND scope=generation=0 plane=month targetHandle=0 modelBindVsyncMicros=374404038 displayNumeratorScaled100=0 displayDenominatorScaled100=66442707 hasLimit=true canonicalLimitScaled100=66442707 entryCount=- error=- message=-
2026-09-09T12:45:32.9411844Z D/EGL_emulation( 2346): app_time_stats: avg=2155.85ms min=2155.85ms max=2155.85ms count=1
2026-09-09T12:45:35.0241551Z D/EGL_emulation( 2346): app_time_stats: avg=2084.00ms min=2084.00ms max=2084.00ms count=1
2026-09-09T12:45:35.0301993Z I/flutter ( 2346): [FluviDiagnostic] stage=BUDGET_HEADER_VALUE_BOUND scope=generation=0 plane=month targetHandle=0 modelBindVsyncMicros=378637372 displayNumeratorScaled100=0 displayDenominatorScaled100=66442707 hasLimit=true canonicalLimitScaled100=66442707 entryCount=- error=- message=-
2026-09-09T12:45:37.1306859Z D/EGL_emulation( 2346): app_time_stats: avg=2109.82ms min=2109.82ms max=2109.82ms count=1
2026-09-09T12:45:37.1455250Z I/flutter ( 2346): [FluviDiagnostic] stage=BUDGET_HEADER_VALUE_BOUND scope=generation=0 plane=month targetHandle=0 modelBindVsyncMicros=380754038 displayNumeratorScaled100=0 displayDenominatorScaled100=4600000 hasLimit=true canonicalLimitScaled100=4600000 entryCount=- error=- message=-
2026-09-09T12:45:39.0442536Z D/EGL_emulation( 2346): app_time_stats: avg=1914.85ms min=1914.85ms max=1914.85ms count=1
2026-09-09T12:45:41.1734396Z D/EGL_emulation( 2346): app_time_stats: avg=2125.05ms min=2125.05ms max=2125.05ms count=1
2026-09-09T12:45:41.1876198Z I/flutter ( 2346): [FluviDiagnostic] stage=BUDGET_HEADER_VALUE_BOUND scope=generation=0 plane=month targetHandle=0 modelBindVsyncMicros=384787371 displayNumeratorScaled100=0 displayDenominatorScaled100=66442707 hasLimit=true canonicalLimitScaled100=66442707 entryCount=- error=- message=-
2026-09-09T12:45:43.2835339Z D/EGL_emulation( 2346): app_time_stats: avg=2113.15ms min=2113.15ms max=2113.15ms count=1
2026-09-09T12:45:45.2516011Z D/EGL_emulation( 2346): app_time_stats: avg=1966.57ms min=1966.57ms max=1966.57ms count=1
2026-09-09T12:45:45.2628010Z I/flutter ( 2346): [FluviDiagnostic] stage=BUDGET_HEADER_VALUE_BOUND scope=generation=0 plane=month targetHandle=0 modelBindVsyncMicros=388870704 displayNumeratorScaled100=0 displayDenominatorScaled100=66442707 hasLimit=true canonicalLimitScaled100=66442707 entryCount=- error=- message=-
2026-09-09T12:45:47.1598458Z D/EGL_emulation( 2346): app_time_stats: avg=1907.04ms min=1907.04ms max=1907.04ms count=1
2026-09-09T12:45:49.2935257Z D/EGL_emulation( 2346): app_time_stats: avg=2135.95ms min=2135.95ms max=2135.95ms count=1
2026-09-09T12:45:51.3751130Z D/EGL_emulation( 2346): app_time_stats: avg=2079.90ms min=2079.90ms max=2079.90ms count=1
2026-09-09T12:45:53.3227568Z D/EGL_emulation( 2346): app_time_stats: avg=1949.51ms min=1949.51ms max=1949.51ms count=1
2026-09-09T12:45:53.3433378Z I/flutter ( 2346): [FluviDiagnostic] stage=BUDGET_HEADER_VALUE_BOUND scope=generation=0 plane=month targetHandle=0 modelBindVsyncMicros=396937371 displayNumeratorScaled100=73500000 displayDenominatorScaled100=91875000 hasLimit=true canonicalLimitScaled100=91875000 entryCount=- error=- message=-
2026-09-09T12:45:55.5047693Z D/EGL_emulation( 2346): app_time_stats: avg=2181.92ms min=2181.92ms max=2181.92ms count=1
2026-09-09T12:45:55.6040143Z I/flutter ( 2346): [FluviDiagnostic] stage=BUDGET_HEADER_VALUE_BOUND scope=generation=0 plane=month targetHandle=0 modelBindVsyncMicros=399120704 displayNumeratorScaled100=61200000 displayDenominatorScaled100=66442707 hasLimit=true canonicalLimitScaled100=66442707 entryCount=- error=- message=-
2026-09-09T12:45:57.6954044Z D/EGL_emulation( 2346): app_time_stats: avg=2190.75ms min=2190.75ms max=2190.75ms count=1
2026-09-09T12:45:59.8713348Z D/EGL_emulation( 2346): app_time_stats: avg=2171.32ms min=2171.32ms max=2171.32ms count=1
2026-09-09T12:45:59.9355171Z I/flutter ( 2346): [FluviDiagnostic] stage=BUDGET_HEADER_VALUE_BOUND scope=generation=0 plane=month targetHandle=0 modelBindVsyncMicros=403487371 displayNumeratorScaled100=79800000 displayDenominatorScaled100=66442707 hasLimit=true canonicalLimitScaled100=66442707 entryCount=- error=- message=-
2026-09-09T12:46:02.5034763Z D/EGL_emulation( 2346): app_time_stats: avg=2634.53ms min=2634.53ms max=2634.53ms count=1
2026-09-09T12:46:02.5320191Z I/flutter ( 2346): [FluviDiagnostic] stage=BUDGET_HEADER_VALUE_BOUND scope=generation=0 plane=month targetHandle=0 modelBindVsyncMicros=406120704 displayNumeratorScaled100=68900000 displayDenominatorScaled100=86125000 hasLimit=true canonicalLimitScaled100=86125000 entryCount=- error=- message=-
2026-09-09T12:46:04.5534231Z D/EGL_emulation( 2346): app_time_stats: avg=2051.74ms min=2051.74ms max=2051.74ms count=1
2026-09-09T12:46:06.5664378Z D/EGL_emulation( 2346): app_time_stats: avg=2012.05ms min=2012.05ms max=2012.05ms count=1
2026-09-09T12:46:06.5767345Z I/flutter ( 2346): [FluviDiagnostic] stage=BUDGET_HEADER_VALUE_BOUND scope=generation=0 plane=month targetHandle=0 modelBindVsyncMicros=410187370 displayNumeratorScaled100=0 displayDenominatorScaled100=66442707 hasLimit=true canonicalLimitScaled100=66442707 entryCount=- error=- message=-
2026-09-09T12:46:08.6831476Z D/EGL_emulation( 2346): app_time_stats: avg=2115.92ms min=2115.92ms max=2115.92ms count=1
2026-09-09T12:46:10.8717678Z D/EGL_emulation( 2346): app_time_stats: avg=2188.41ms min=2188.41ms max=2188.41ms count=1
2026-09-09T12:46:10.8839607Z I/flutter ( 2346): [FluviDiagnostic] stage=BUDGET_HEADER_VALUE_BOUND scope=generation=0 plane=month targetHandle=0 modelBindVsyncMicros=414487370 displayNumeratorScaled100=0 displayDenominatorScaled100=66442707 hasLimit=true canonicalLimitScaled100=66442707 entryCount=- error=- message=-
2026-09-09T12:46:12.9502489Z D/EGL_emulation( 2346): app_time_stats: avg=2076.65ms min=2076.65ms max=2076.65ms count=1
2026-09-09T12:46:15.0679101Z D/EGL_emulation( 2346): app_time_stats: avg=2119.95ms min=2119.95ms max=2119.95ms count=1
2026-09-09T12:46:17.2618208Z D/EGL_emulation( 2346): app_time_stats: avg=2190.65ms min=2190.65ms max=2190.65ms count=1
2026-09-09T12:46:19.3974195Z D/EGL_emulation( 2346): app_time_stats: avg=2139.38ms min=2139.38ms max=2139.38ms count=1
2026-09-09T12:46:19.4270092Z I/flutter ( 2346): [FluviDiagnostic] stage=BUDGET_HEADER_VALUE_BOUND scope=generation=0 plane=month targetHandle=0 modelBindVsyncMicros=423020703 displayNumeratorScaled100=64200000 displayDenominatorScaled100=80250000 hasLimit=true canonicalLimitScaled100=80250000 entryCount=- error=- message=-
2026-09-09T12:46:21.4765238Z D/EGL_emulation( 2346): app_time_stats: avg=2077.84ms min=2077.84ms max=2077.84ms count=1
2026-09-09T12:46:21.6574533Z I/flutter ( 2346): [FluviDiagnostic] stage=BUDGET_HEADER_VALUE_BOUND scope=generation=0 plane=month targetHandle=0 modelBindVsyncMicros=425104036 displayNumeratorScaled100=78100000 displayDenominatorScaled100=66442707 hasLimit=true canonicalLimitScaled100=66442707 entryCount=- error=- message=-
2026-09-09T12:46:23.4615876Z D/EGL_emulation( 2346): app_time_stats: avg=1986.06ms min=1986.06ms max=1986.06ms count=1
2026-09-09T12:46:25.5890043Z D/EGL_emulation( 2346): app_time_stats: avg=2127.28ms min=2127.28ms max=2127.28ms count=1
2026-09-09T12:46:25.6544876Z I/flutter ( 2346): [FluviDiagnostic] stage=BUDGET_HEADER_VALUE_BOUND scope=generation=0 plane=month targetHandle=0 modelBindVsyncMicros=429204036 displayNumeratorScaled100=66800000 displayDenominatorScaled100=66442707 hasLimit=true canonicalLimitScaled100=66442707 entryCount=- error=- message=-
2026-09-09T12:46:27.6071198Z D/EGL_emulation( 2346): app_time_stats: avg=2015.19ms min=2015.19ms max=2015.19ms count=1
2026-09-09T12:46:27.6789827Z I/flutter ( 2346): [FluviDiagnostic] stage=BUDGET_HEADER_VALUE_BOUND scope=generation=0 plane=month targetHandle=0 modelBindVsyncMicros=431220703 displayNumeratorScaled100=73500000 displayDenominatorScaled100=91875000 hasLimit=true canonicalLimitScaled100=91875000 entryCount=- error=- message=-
2026-09-09T12:46:29.6178164Z D/EGL_emulation( 2346): app_time_stats: avg=1999.26ms min=1999.26ms max=1999.26ms count=1
2026-09-09T12:46:31.6956036Z D/EGL_emulation( 2346): app_time_stats: avg=2091.73ms min=2091.73ms max=2091.73ms count=1
2026-09-09T12:46:31.7229967Z I/flutter ( 2346): [FluviDiagnostic] stage=BUDGET_HEADER_VALUE_BOUND scope=generation=0 plane=month targetHandle=0 modelBindVsyncMicros=435320703 displayNumeratorScaled100=61200000 displayDenominatorScaled100=66442707 hasLimit=true canonicalLimitScaled100=66442707 entryCount=- error=- message=-
2026-09-09T12:46:33.8477127Z D/EGL_emulation( 2346): app_time_stats: avg=2151.26ms min=2151.26ms max=2151.26ms count=1
2026-09-09T12:46:35.6622970Z D/EGL_emulation( 2346): app_time_stats: avg=1814.50ms min=1814.50ms max=1814.50ms count=1
2026-09-09T12:46:35.6938892Z I/flutter ( 2346): [FluviDiagnostic] stage=BUDGET_HEADER_VALUE_BOUND scope=generation=0 plane=month targetHandle=0 modelBindVsyncMicros=439287369 displayNumeratorScaled100=79800000 displayDenominatorScaled100=66442707 hasLimit=true canonicalLimitScaled100=66442707 entryCount=- error=- message=-
2026-09-09T12:46:37.7395954Z D/EGL_emulation( 2346): app_time_stats: avg=2076.71ms min=2076.71ms max=2076.71ms count=1
2026-09-09T12:46:39.9748110Z D/EGL_emulation( 2346): app_time_stats: avg=366.70ms min=366.70ms max=366.70ms count=1
2026-09-09T12:46:42.0453991Z D/EGL_emulation( 2346): app_time_stats: avg=2070.56ms min=2070.56ms max=2070.56ms count=1
2026-09-09T12:46:44.0688059Z D/EGL_emulation( 2346): app_time_stats: avg=2025.26ms min=2025.26ms max=2025.26ms count=1
2026-09-09T12:46:44.0859234Z I/flutter ( 2346): [FluviDiagnostic] stage=BUDGET_HEADER_VALUE_BOUND scope=generation=0 plane=month targetHandle=0 modelBindVsyncMicros=447687369 displayNumeratorScaled100=0 displayDenominatorScaled100=4600000 hasLimit=true canonicalLimitScaled100=4600000 entryCount=- error=- message=-
2026-09-09T12:46:46.2252722Z D/EGL_emulation( 2346): app_time_stats: avg=2155.95ms min=2155.95ms max=2155.95ms count=1
2026-09-09T12:46:46.2328276Z I/flutter ( 2346): [FluviDiagnostic] stage=BUDGET_HEADER_VALUE_BOUND scope=generation=0 plane=month targetHandle=0 modelBindVsyncMicros=449837369 displayNumeratorScaled100=0 displayDenominatorScaled100=66442707 hasLimit=true canonicalLimitScaled100=66442707 entryCount=- error=- message=-
2026-09-09T12:46:48.1961628Z D/EGL_emulation( 2346): app_time_stats: avg=1967.70ms min=1967.70ms max=1967.70ms count=1
2026-09-09T12:46:50.1250209Z D/EGL_emulation( 2346): app_time_stats: avg=1931.76ms min=1931.76ms max=1931.76ms count=1
2026-09-09T12:46:50.1347242Z I/flutter ( 2346): [FluviDiagnostic] stage=BUDGET_HEADER_VALUE_BOUND scope=generation=0 plane=month targetHandle=0 modelBindVsyncMicros=453737368 displayNumeratorScaled100=0 displayDenominatorScaled100=66442707 hasLimit=true canonicalLimitScaled100=66442707 entryCount=- error=- message=-
2026-09-09T12:46:52.1752217Z D/EGL_emulation( 2346): app_time_stats: avg=2046.97ms min=2046.97ms max=2046.97ms count=1
2026-09-09T12:46:52.1917358Z I/flutter ( 2346): [FluviDiagnostic] stage=BUDGET_HEADER_VALUE_BOUND scope=generation=0 plane=month targetHandle=0 modelBindVsyncMicros=455787368 displayNumeratorScaled100=64200000 displayDenominatorScaled100=80250000 hasLimit=true canonicalLimitScaled100=80250000 entryCount=- error=- message=-
2026-09-09T12:46:54.2988318Z D/EGL_emulation( 2346): app_time_stats: avg=2126.28ms min=2126.28ms max=2126.28ms count=1
2026-09-09T12:46:56.2915447Z D/EGL_emulation( 2346): app_time_stats: avg=1990.24ms min=1990.24ms max=1990.24ms count=1
2026-09-09T12:46:56.3908954Z I/flutter ( 2346): [FluviDiagnostic] stage=BUDGET_HEADER_VALUE_BOUND scope=generation=0 plane=month targetHandle=0 modelBindVsyncMicros=459904035 displayNumeratorScaled100=78100000 displayDenominatorScaled100=66442707 hasLimit=true canonicalLimitScaled100=66442707 entryCount=- error=- message=-
2026-09-09T12:46:58.4275032Z D/EGL_emulation( 2346): app_time_stats: avg=2137.38ms min=2137.38ms max=2137.38ms count=1
2026-09-09T12:47:00.9048446Z D/EGL_emulation( 2346): app_time_stats: avg=2475.90ms min=2475.90ms max=2475.90ms count=1
2026-09-09T12:47:00.9229576Z I/flutter ( 2346): [FluviDiagnostic] stage=BUDGET_HEADER_VALUE_BOUND scope=generation=0 plane=month targetHandle=0 modelBindVsyncMicros=464520701 displayNumeratorScaled100=66800000 displayDenominatorScaled100=66442707 hasLimit=true canonicalLimitScaled100=66442707 entryCount=- error=- message=-
2026-09-09T12:47:02.8777801Z D/EGL_emulation( 2346): app_time_stats: avg=1973.02ms min=1973.02ms max=1973.02ms count=1
2026-09-09T12:47:04.9422022Z D/EGL_emulation( 2346): app_time_stats: avg=2066.48ms min=2066.48ms max=2066.48ms count=1
2026-09-09T12:47:06.8333757Z D/EGL_emulation( 2346): app_time_stats: avg=1889.31ms min=1889.31ms max=1889.31ms count=1
2026-09-09T12:47:09.0017175Z D/EGL_emulation( 2346): app_time_stats: avg=2167.45ms min=2167.45ms max=2167.45ms count=1
2026-09-09T12:47:09.0347147Z I/flutter ( 2346): [FluviDiagnostic] stage=BUDGET_HEADER_VALUE_BOUND scope=generation=0 plane=month targetHandle=0 modelBindVsyncMicros=472620701 displayNumeratorScaled100=68900000 displayDenominatorScaled100=86125000 hasLimit=true canonicalLimitScaled100=86125000 entryCount=- error=- message=-
2026-09-09T12:47:11.1175927Z D/EGL_emulation( 2346): app_time_stats: avg=2116.30ms min=2116.30ms max=2116.30ms count=1
2026-09-09T12:47:11.1257757Z I/flutter ( 2346): [FluviDiagnostic] stage=BUDGET_HEADER_VALUE_BOUND scope=generation=0 plane=month targetHandle=0 modelBindVsyncMicros=474737368 displayNumeratorScaled100=0 displayDenominatorScaled100=66442707 hasLimit=true canonicalLimitScaled100=66442707 entryCount=- error=- message=-
2026-09-09T12:47:13.4319306Z D/EGL_emulation( 2346): app_time_stats: avg=2317.49ms min=2317.49ms max=2317.49ms count=1
2026-09-09T12:47:15.8002119Z D/EGL_emulation( 2346): app_time_stats: avg=2368.01ms min=2368.01ms max=2368.01ms count=1
2026-09-09T12:47:17.7995765Z I/flutter ( 2346): [FluviDiagnostic] stage=BUDGET_HEADER_VALUE_BOUND scope=generation=0 plane=month targetHandle=0 modelBindVsyncMicros=481404034 displayNumeratorScaled100=0 displayDenominatorScaled100=66442707 hasLimit=true canonicalLimitScaled100=66442707 entryCount=- error=- message=-
2026-09-09T12:47:17.9791058Z D/EGL_emulation( 2346): app_time_stats: avg=202.01ms min=202.01ms max=202.01ms count=1
2026-09-09T12:47:17.9988273Z I/flutter ( 2346): [FluviDiagnostic] stage=BUDGET_HEADER_VALUE_BOUND scope=generation=0 plane=month targetHandle=0 modelBindVsyncMicros=481604034 displayNumeratorScaled100=0 displayDenominatorScaled100=4600000 hasLimit=true canonicalLimitScaled100=4600000 entryCount=- error=- message=-
2026-09-09T12:47:20.1687196Z D/EGL_emulation( 2346): app_time_stats: avg=2187.98ms min=2187.98ms max=2187.98ms count=1
2026-09-09T12:47:22.1548486Z D/EGL_emulation( 2346): app_time_stats: avg=170.02ms min=170.02ms max=170.02ms count=1
2026-09-09T12:47:24.0820571Z I/flutter ( 2346): [FluviDiagnostic] stage=BUDGET_HEADER_VALUE_BOUND scope=generation=0 plane=month targetHandle=0 modelBindVsyncMicros=487687367 displayNumeratorScaled100=0 displayDenominatorScaled100=66442707 hasLimit=true canonicalLimitScaled100=66442707 entryCount=- error=- message=-
2026-09-09T12:47:24.2625477Z D/EGL_emulation( 2346): app_time_stats: avg=196.17ms min=196.17ms max=196.17ms count=1
2026-09-09T12:47:26.4290669Z D/EGL_emulation( 2346): app_time_stats: avg=211.68ms min=211.68ms max=211.68ms count=1
2026-09-09T12:47:28.3139064Z I/flutter ( 2346): [FluviDiagnostic] stage=BUDGET_HEADER_VALUE_BOUND scope=generation=0 plane=month targetHandle=0 modelBindVsyncMicros=491904034 displayNumeratorScaled100=0 displayDenominatorScaled100=66442707 hasLimit=true canonicalLimitScaled100=66442707 entryCount=- error=- message=-
2026-09-09T12:47:28.7333362Z D/EGL_emulation( 2346): app_time_stats: avg=450.67ms min=450.67ms max=450.67ms count=1
2026-09-09T12:47:30.6805666Z D/EGL_emulation( 2346): app_time_stats: avg=1939.73ms min=1939.73ms max=1939.73ms count=1
2026-09-09T12:47:36.0452219Z D/EGL_emulation( 2346): app_time_stats: avg=2576.59ms min=2576.59ms max=2576.59ms count=1
2026-09-09T12:47:36.2577575Z D/EGL_emulation( 2346): app_time_stats: avg=3004.83ms min=3004.83ms max=3004.83ms count=1
2026-09-09T12:47:36.3529910Z I/flutter ( 2346): [FluviDiagnostic] stage=BUDGET_HEADER_VALUE_BOUND scope=generation=0 plane=month targetHandle=0 modelBindVsyncMicros=499870700 displayNumeratorScaled100=73500000 displayDenominatorScaled100=91875000 hasLimit=true canonicalLimitScaled100=91875000 entryCount=- error=- message=-
2026-09-09T12:47:38.1261280Z D/EGL_emulation( 2346): app_time_stats: avg=1871.54ms min=1871.54ms max=1871.54ms count=1
2026-09-09T12:47:38.1899819Z I/flutter ( 2346): [FluviDiagnostic] stage=BUDGET_HEADER_VALUE_BOUND scope=generation=0 plane=month targetHandle=0 modelBindVsyncMicros=501754033 displayNumeratorScaled100=61200000 displayDenominatorScaled100=66442707 hasLimit=true canonicalLimitScaled100=66442707 entryCount=- error=- message=-
2026-09-09T12:47:40.4328989Z D/EGL_emulation( 2346): app_time_stats: avg=2305.05ms min=2305.05ms max=2305.05ms count=1
2026-09-09T12:47:42.3882577Z D/EGL_emulation( 2346): app_time_stats: avg=1953.29ms min=1953.29ms max=1953.29ms count=1
2026-09-09T12:47:42.4100400Z I/flutter ( 2346): [FluviDiagnostic] stage=BUDGET_HEADER_VALUE_BOUND scope=generation=0 plane=month targetHandle=0 modelBindVsyncMicros=506004033 displayNumeratorScaled100=79800000 displayDenominatorScaled100=66442707 hasLimit=true canonicalLimitScaled100=66442707 entryCount=- error=- message=-
2026-09-09T12:47:44.3901015Z D/EGL_emulation( 2346): app_time_stats: avg=2003.67ms min=2003.67ms max=2003.67ms count=1
2026-09-09T12:47:44.4079817Z I/flutter ( 2346): [FluviDiagnostic] stage=BUDGET_HEADER_VALUE_BOUND scope=generation=0 plane=month targetHandle=0 modelBindVsyncMicros=508004033 displayNumeratorScaled100=68900000 displayDenominatorScaled100=86125000 hasLimit=true canonicalLimitScaled100=86125000 entryCount=- error=- message=-
2026-09-09T12:47:46.5263955Z D/EGL_emulation( 2346): app_time_stats: avg=2136.76ms min=2136.76ms max=2136.76ms count=1
2026-09-09T12:47:48.6681324Z D/EGL_emulation( 2346): app_time_stats: avg=2141.04ms min=2141.04ms max=2141.04ms count=1
2026-09-09T12:47:48.6758658Z I/flutter ( 2346): [FluviDiagnostic] stage=BUDGET_HEADER_VALUE_BOUND scope=generation=0 plane=month targetHandle=0 modelBindVsyncMicros=512287366 displayNumeratorScaled100=0 displayDenominatorScaled100=66442707 hasLimit=true canonicalLimitScaled100=66442707 entryCount=- error=- message=-
2026-09-09T12:47:50.7683992Z D/EGL_emulation( 2346): app_time_stats: avg=2097.32ms min=2097.32ms max=2097.32ms count=1
2026-09-09T12:47:52.7469569Z D/EGL_emulation( 2346): app_time_stats: avg=1977.90ms min=1977.90ms max=1977.90ms count=1
2026-09-09T12:47:52.7655816Z I/flutter ( 2346): [FluviDiagnostic] stage=BUDGET_HEADER_VALUE_BOUND scope=generation=0 plane=month targetHandle=0 modelBindVsyncMicros=516370699 displayNumeratorScaled100=0 displayDenominatorScaled100=66442707 hasLimit=true canonicalLimitScaled100=66442707 entryCount=- error=- message=-
2026-09-09T12:47:55.1885254Z D/EGL_emulation( 2346): app_time_stats: avg=2444.41ms min=2444.41ms max=2444.41ms count=1
2026-09-09T12:47:57.3080845Z D/EGL_emulation( 2346): app_time_stats: avg=2119.72ms min=2119.72ms max=2119.72ms count=1
2026-09-09T12:47:59.4408041Z D/EGL_emulation( 2346): app_time_stats: avg=2132.80ms min=2132.80ms max=2132.80ms count=1
2026-09-09T12:48:01.9293746Z D/EGL_emulation( 2346): app_time_stats: avg=2488.66ms min=2488.66ms max=2488.66ms count=1
2026-09-09T12:48:01.9677487Z I/flutter ( 2346): [FluviDiagnostic] stage=BUDGET_HEADER_VALUE_BOUND scope=generation=0 plane=month targetHandle=0 modelBindVsyncMicros=525554032 displayNumeratorScaled100=64200000 displayDenominatorScaled100=80250000 hasLimit=true canonicalLimitScaled100=80250000 entryCount=- error=- message=-
2026-09-09T12:48:02.0088263Z I/flutter ( 2346): [FluviDiagnostic] stage=SCENE_WINDOW_PREPARE_STARTED scope=owner=foregroundNavigation priority=3 entryCount=307 error=- message=-
2026-09-09T12:48:02.0132068Z I/flutter ( 2346): [FluviDiagnostic] stage=SCENE_WINDOW_SLICE_OVER_BUDGET scope=boundary=rowDiscovery elapsedMicros=3129 budgetMicros=1000 entryCount=307 error=- message=-
2026-09-09T12:48:02.0172079Z I/flutter ( 2346): [FluviDiagnostic] stage=SCENE_WINDOW_PREPARE_COMPLETED scope=owner=foregroundNavigation priority=3 entryCount=307 error=- message=uiIsolateMicros=5176 largestContiguousUiSliceMicros=3129 yields=15 richRowProjectionMicros=7 richFrameProjectionMicros=20 projectedUniqueRows=1 projectedFrames=1 reusedProjectedRows=0 reusedProjectedFrames=0 uniqueRowLayouts=211 reusedRowLayouts=210 newRowLayouts=1 sceneNew=1 sceneReuse=18 pauseCount=0 resumeCount=0 semanticsWork=0 rasterWork=0 allocationCount=3
2026-09-09T12:48:03.6233161Z I/flutter ( 2346): [PROFILE][SCENARIO_READY] B_year_month_rail_populated
2026-09-09T12:48:03.6257669Z I/flutter ( 2346): [PROFILE][SCENARIO_START] C_year_month_rail_empty
2026-09-09T12:48:04.0835598Z D/EGL_emulation( 2346): app_time_stats: avg=2153.00ms min=2153.00ms max=2153.00ms count=1
2026-09-09T12:48:04.1018180Z I/flutter ( 2346): [FluviDiagnostic] stage=DASHBOARD_STARTUP_ATTEMPT_STARTED scope=attemptGeneration=1 stage=bootstrap entryCount=- error=- message=-
2026-09-09T12:48:04.1284281Z I/flutter ( 2346): [FluviDiagnostic] stage=READINESS_PHASE_ENTERED scope=- entryCount=- error=- message=databasePending
2026-09-09T12:48:04.1308217Z I/flutter ( 2346): [FluviDiagnostic] stage=READINESS_PHASE_ENTERED scope=- entryCount=- error=- message=indexBuilding
2026-09-09T12:48:04.1367845Z I/flutter ( 2346): [FluviDiagnostic] stage=READINESS_TASK_STARTED scope=- entryCount=- error=- message=viewportPayload
2026-09-09T12:48:04.2254400Z D/FluviDashboard( 2346): [FLOW][INDEX_BUILD_STARTED] INDEX_BUILD_STARTED flowId=- queryKey=- direction=- scope=generation=1 acquisitionReason=bootstrap requestIdentity=rev=2|income=income|periods:|categories:|partners:|refinements:min=,max=,hasNote=false|expense=expense|periods:|categories:|partners:|refinements:min=,max=,hasNote=false|page=24|window=2012-2036 revision=2 totalMinor=- entryCount=-
2026-09-09T12:48:04.5305326Z I/com.fluvi.app( 2346): Background concurrent mark compact GC freed 6725KB AllocSpace bytes, 3(140KB) LOS objects, 49% free, 4099KB/8199KB, paused 301us,3.184ms total 209.753ms
2026-09-09T12:48:04.9398571Z I/com.fluvi.app( 2346): Background concurrent mark compact GC freed 5792KB AllocSpace bytes, 0(0B) LOS objects, 49% free, 4419KB/8839KB, paused 333us,4.631ms total 199.318ms
2026-09-09T12:48:05.3830728Z I/com.fluvi.app( 2346): Background concurrent mark compact GC freed 6212KB AllocSpace bytes, 0(0B) LOS objects, 49% free, 5095KB/10191KB, paused 3.770ms,24.935ms total 248.548ms
2026-09-09T12:48:06.1536398Z I/com.fluvi.app( 2346): Background concurrent mark compact GC freed 3440KB AllocSpace bytes, 5(516KB) LOS objects, 49% free, 8931KB/17MB, paused 347us,2.208ms total 116.999ms
2026-09-09T12:48:06.2127775Z D/FluviDashboard( 2346): [FLOW][INDEX_BUILD_READY] INDEX_BUILD_READY flowId=- queryKey=- direction=- scope=generation=1 acquisitionReason=bootstrap requestIdentity=rev=2|income=income|periods:|categories:|partners:|refinements:min=,max=,hasNote=false|expense=expense|periods:|categories:|partners:|refinements:min=,max=,hasNote=false|page=24|window=2012-2036 sqlCalls=5 sqlMicros=1252426 frames=1012 rows=4304 payloadBytes=2175073 serializationMicros=146347 revision=2 totalMinor=- entryCount=-
2026-09-09T12:48:06.3358334Z D/EGL_emulation( 2346): app_time_stats: avg=2250.48ms min=2250.48ms max=2250.48ms count=1
2026-09-09T12:48:07.1230836Z D/FluviDashboard( 2346): [FLOW][FINANCIAL_LIMIT_SNAPSHOT_PREPARE_STARTED] FINANCIAL_LIMIT_SNAPSHOT_PREPARE_STARTED flowId=- queryKey=- direction=- scope=yearWindowStart=2012 yearWindowEnd=2036 revision=2 totalMinor=- entryCount=-
2026-09-09T12:48:07.2909220Z D/FluviDashboard( 2346): [FLOW][FINANCIAL_LIMIT_SNAPSHOT_READY] FINANCIAL_LIMIT_SNAPSHOT_READY flowId=- queryKey=- direction=- scope=incomeTargetCount=3 incomeCategoryCount=2 expenseTargetCount=9 expenseCategoryCount=8 periodSliceCount=326 payloadBytes=320072 sqlCalls=5 nativeSqlMicros=149372 revision=2 totalMinor=- entryCount=-
2026-09-09T12:48:07.3171068Z D/FluviDashboard( 2346): [FLOW][BUDGET_PARTNER_SNAPSHOT_PREPARE_STARTED] BUDGET_PARTNER_SNAPSHOT_PREPARE_STARTED flowId=- queryKey=- direction=- scope=yearWindowStart=2012 yearWindowEnd=2036 revision=2 totalMinor=- entryCount=-
2026-09-09T12:48:07.4828308Z D/EGL_emulation( 2346): app_time_stats: avg=199.32ms min=191.17ms max=211.86ms count=5
2026-09-09T12:48:07.6878636Z D/FluviDashboard( 2346): [FLOW][BUDGET_PARTNER_SNAPSHOT_READY] BUDGET_PARTNER_SNAPSHOT_READY flowId=- queryKey=- direction=- scope=incomePartnerCount=4 expensePartnerCount=23 periodSlices=326 payloadBytes=347027 sqlCalls=5 nativeSqlMicros=274816 revision=2 totalMinor=- entryCount=-
2026-09-09T12:48:07.7110362Z I/flutter ( 2346): [FluviDiagnostic] stage=READINESS_TASK_COMPLETED scope=- entryCount=- error=- message=viewportPayload
2026-09-09T12:48:07.7128059Z I/flutter ( 2346): [FluviDiagnostic] stage=READINESS_PHASE_ENTERED scope=- entryCount=- error=- message=presentationPreparing
2026-09-09T12:48:07.7139894Z I/flutter ( 2346): [FluviDiagnostic] stage=READINESS_TASK_STARTED scope=- entryCount=- error=- message=renderResources
2026-09-09T12:48:07.7144309Z I/flutter ( 2346): [FluviDiagnostic] stage=READINESS_TASK_COMPLETED scope=- entryCount=- error=- message=renderResources
2026-09-09T12:48:07.7158926Z I/flutter ( 2346): [FluviDiagnostic] stage=READINESS_PHASE_ENTERED scope=- entryCount=- error=- message=renderCriticalWarmup
2026-09-09T12:48:07.7160707Z I/flutter ( 2346): [FluviDiagnostic] stage=READINESS_TASK_STARTED scope=- entryCount=- error=- message=logBoxSurface
2026-09-09T12:48:07.7232337Z I/com.fluvi.app( 2346): Background concurrent mark compact GC freed 11MB AllocSpace bytes, 22(10MB) LOS objects, 49% free, 4535KB/9071KB, paused 111us,2.697ms total 141.402ms
2026-09-09T12:48:07.7618624Z I/flutter ( 2346): [FluviDiagnostic] stage=BUDGET_HEADER_VALUE_BOUND scope=generation=0 plane=month targetHandle=0 modelBindVsyncMicros=531370699 displayNumeratorScaled100=0 displayDenominatorScaled100=66442707 hasLimit=true canonicalLimitScaled100=66442707 entryCount=- error=- message=-
2026-09-09T12:48:07.7709347Z I/flutter ( 2346): [FluviDiagnostic] stage=HEADER_PORTAL_EFFECT_CATALOG_VERIFIED scope=- entryCount=- error=- message=innerOptionCount=5 backgroundOptionCount=5 sameOptions=true sameRenderer=false sameParameterSchema=true sameDefaults=true sameState=false sameClockSource=true
2026-09-09T12:48:07.7739894Z I/flutter ( 2346): [FluviDiagnostic] stage=BUDGET_HEADER_COOL_COLOR_BOUND scope=source=cool driver=userGlobal positionPct=50 windowWidthPct=28 leftRawPct=36.0 centerRawPct=50.0 rightRawPct=64.0 leftSamplePct=36.0 centerSamplePct=50.0 rightSamplePct=64.0 colorAArgb=4284604923 colorMidArgb=4279551457 colorBArgb=4278423754 settingsGeneration=0 entryCount=- error=- message=-
2026-09-09T12:48:07.7797795Z I/flutter ( 2346): [FluviDiagnostic] stage=READINESS_TASK_COMPLETED scope=- entryCount=- error=- message=logBoxSurface
2026-09-09T12:48:07.7827721Z I/flutter ( 2346): [FluviDiagnostic] stage=READINESS_TASK_STARTED scope=- entryCount=- error=- message=logBoxLayout
2026-09-09T12:48:07.7857749Z I/flutter ( 2346): [FluviDiagnostic] stage=READINESS_TASK_COMPLETED scope=- entryCount=- error=- message=logBoxLayout
2026-09-09T12:48:07.7917772Z I/flutter ( 2346): [FluviDiagnostic] stage=READINESS_TASK_STARTED scope=- entryCount=- error=- message=textLayoutSlots
2026-09-09T12:48:07.7978034Z I/flutter ( 2346): [FluviDiagnostic] stage=SCENE_WINDOW_PREPARE_STARTED scope=owner=renderCriticalReadiness priority=5 entryCount=0 error=- message=-
2026-09-09T12:48:07.8009720Z I/flutter ( 2346): [FluviDiagnostic] stage=HEADER_RENDER_BACKEND_BOUND scope=commitSha=a047e216803d3ac01d97b4d5ffd03842a1579db3 backend=fragmentShader logicalWidth=375.4757281553398 logicalHeight=123.8252427184466 devicePixelRatio=2.6260019651445416 physicalWidth=986.0 physicalHeight=326.0 backendIdentity=908702785 entryCount=- error=- message=-
2026-09-09T12:48:07.8040619Z I/flutter ( 2346): [FluviDiagnostic] stage=HEADER_PORTAL_INNER_CHANNEL_BOUND scope=enabled=true effectId=wandering-mist settingsGeneration=0 phaseOwnerIdentity=440038947 controllerIdentity=1019364972 fragmentBackendIdentity=908702785 programIdentity=908702785 shaderIdentity=908702785 canonicalFieldStopCount=2 canonicalFieldStopHash=43d59ffd portalColorModel=paletteCoordinate inputSignature=1cd52813 entryCount=- error=- message=-
2026-09-09T12:48:07.8100623Z I/flutter ( 2346): [FluviDiagnostic] stage=HEADER_PORTAL_BACKGROUND_CHANNEL_BOUND scope=enabled=true effectId=wandering-mist settingsGeneration=0 phaseOwnerIdentity=440038947 controllerIdentity=1019364972 fragmentBackendIdentity=908702785 programIdentity=908702785 shaderIdentity=908702785 canonicalFieldStopCount=2 canonicalFieldStopHash=43d59ffd portalColorModel=paletteCoordinate inputSignature=1cd52813 entryCount=- error=- message=-
2026-09-09T12:48:07.8131470Z I/flutter ( 2346): [FluviDiagnostic] stage=HEADER_PORTAL_FRAGMENT_INPUT_BOUND scope=innerEnabled=true innerEffect=wandering-mist innerSettingsHash=d6060b backgroundEnabled=true backgroundEffect=wandering-mist backgroundSettingsHash=d6060b uniformLayoutVersion=3 fragmentConfigurationGeneration=1 fragmentBackendIdentity=908702785 programIdentity=908702785 shaderIdentity=908702785 canonicalFieldStopCount=2 canonicalFieldStopHash=43d59ffd portalColorModel=paletteCoordinate entryCount=- error=- message=-
2026-09-09T12:48:07.8188929Z I/flutter ( 2346): [FluviDiagnostic] stage=HEADER_SHADER_READY scope=asset=shaders/dashboard_header_field.frag programIdentity=22724915 shaderIdentity=196248129 flutterVersion=3.41.4 rendererBackend=runtimeEffect engineBackend=notExposedByDart entryCount=- error=- message=-
2026-09-09T12:48:07.8248171Z I/flutter ( 2346): [FluviDiagnostic] stage=SCENE_WINDOW_SLICE_OVER_BUDGET scope=boundary=completion elapsedMicros=38301 budgetMicros=1000 entryCount=0 error=- message=-
2026-09-09T12:48:07.8280865Z I/flutter ( 2346): [FluviDiagnostic] stage=SCENE_WINDOW_PREPARE_COMPLETED scope=owner=renderCriticalReadiness priority=5 entryCount=0 error=- message=uiIsolateMicros=38301 largestContiguousUiSliceMicros=38301 yields=0 richRowProjectionMicros=0 richFrameProjectionMicros=0 projectedUniqueRows=0 projectedFrames=0 reusedProjectedRows=0 reusedProjectedFrames=0 uniqueRowLayouts=0 reusedRowLayouts=0 newRowLayouts=0 sceneNew=0 sceneReuse=0 pauseCount=0 resumeCount=0 semanticsWork=0 rasterWork=0 allocationCount=0
2026-09-09T12:48:07.8285368Z I/flutter ( 2346): [FluviDiagnostic] stage=SCENE_WINDOW_PREPARE_STARTED scope=owner=liveInteractionResource priority=4 entryCount=0 error=- message=-
2026-09-09T12:48:07.8307794Z I/flutter ( 2346): [FluviDiagnostic] stage=READINESS_TASK_COMPLETED scope=- entryCount=- error=- message=textLayoutSlots
2026-09-09T12:48:07.8347694Z I/flutter ( 2346): [FluviDiagnostic] stage=SUMMARY_PARENT_HOTSET_PREPARE_STARTED scope=- entryCount=0 error=- message=-
2026-09-09T12:48:07.8421495Z I/flutter ( 2346): [FluviDiagnostic] stage=SCENE_WINDOW_PREPARE_COMPLETED scope=owner=liveInteractionResource priority=4 entryCount=0 error=- message=uiIsolateMicros=44 largestContiguousUiSliceMicros=42 yields=1 richRowProjectionMicros=0 richFrameProjectionMicros=0 projectedUniqueRows=0 projectedFrames=0 reusedProjectedRows=0 reusedProjectedFrames=0 uniqueRowLayouts=0 reusedRowLayouts=0 newRowLayouts=0 sceneNew=0 sceneReuse=0 pauseCount=0 resumeCount=0 semanticsWork=0 rasterWork=0 allocationCount=0
2026-09-09T12:48:07.8425813Z I/flutter ( 2346): [FluviDiagnostic] stage=READINESS_PHASE_ENTERED scope=- entryCount=- error=- message=ready
2026-09-09T12:48:07.8558712Z I/flutter ( 2346): [FluviDiagnostic] stage=DASHBOARD_STARTUP_READY scope=attemptGeneration=1 stage=ready readinessTask=- entryCount=- error=- message=-
2026-09-09T12:48:07.8617480Z I/flutter ( 2346): [FluviDiagnostic] stage=READINESS_READY scope=- entryCount=- error=- message=-
2026-09-09T12:48:07.8677778Z I/flutter ( 2346): [FluviDiagnostic] stage=SUMMARY_PARENT_HOTSET_PREPARE_READY scope=- entryCount=0 error=- message=-
2026-09-09T12:48:07.8707772Z I/flutter ( 2346): [FluviDiagnostic] stage=SUMMARY_PARENT_HOTSET_PREPARE_STARTED scope=- entryCount=624 error=- message=-
2026-09-09T12:48:07.8757973Z I/flutter ( 2346): [FluviDiagnostic] stage=SCENE_WINDOW_PREPARE_STARTED scope=owner=speculativeMaintenance priority=1 entryCount=624 error=- message=-
2026-09-09T12:48:07.8788141Z I/flutter ( 2346): [FluviDiagnostic] stage=SCENE_WINDOW_SLICE_OVER_BUDGET scope=boundary=richProjection elapsedMicros=1002 budgetMicros=1000 entryCount=624 error=- message=-
2026-09-09T12:48:07.8818202Z I/flutter ( 2346): [FluviDiagnostic] stage=SCENE_WINDOW_ATOMIC_WORK_UNIT_OVER_BUDGET scope=workUnit=richProjection elapsedMicros=4472 budgetMicros=1000 entryCount=624 error=- message=-
2026-09-09T12:48:07.8878049Z I/flutter ( 2346): [FluviDiagnostic] stage=SCENE_WINDOW_SLICE_OVER_BUDGET scope=boundary=rowText elapsedMicros=3356 budgetMicros=1000 entryCount=624 error=- message=-
2026-09-09T12:48:07.8908352Z I/flutter ( 2346): [FluviDiagnostic] stage=SCENE_WINDOW_ATOMIC_WORK_UNIT_OVER_BUDGET scope=workUnit=rowText:secondary elapsedMicros=3967 budgetMicros=1000 entryCount=624 error=- message=-
2026-09-09T12:48:07.8938281Z I/flutter ( 2346): [FluviDiagnostic] stage=SCENE_WINDOW_ATOMIC_WORK_UNIT_OVER_BUDGET scope=workUnit=rowText:time elapsedMicros=1497 budgetMicros=1000 entryCount=624 error=- message=-
2026-09-09T12:48:07.8998611Z I/flutter ( 2346): [FluviDiagnostic] stage=SCENE_WINDOW_SLICE_OVER_BUDGET scope=boundary=rowTextParagraph elapsedMicros=1789 budgetMicros=1000 entryCount=624 error=- message=-
2026-09-09T12:48:07.9028198Z I/flutter ( 2346): [FluviDiagnostic] stage=SCENE_WINDOW_ATOMIC_WORK_UNIT_OVER_BUDGET scope=workUnit=rowText:amount elapsedMicros=1209 budgetMicros=1000 entryCount=624 error=- message=-
2026-09-09T12:48:08.0031917Z I/flutter ( 2346): [FluviDiagnostic] stage=SCENE_WINDOW_SLICE_OVER_BUDGET scope=boundary=dayHeader elapsedMicros=1037 budgetMicros=1000 entryCount=624 error=- message=-
2026-09-09T12:48:08.0044478Z I/flutter ( 2346): [FluviDiagnostic] stage=SCENE_WINDOW_PREPARE_COMPLETED scope=owner=speculativeMaintenance priority=1 entryCount=624 error=- message=uiIsolateMicros=167250 largestContiguousUiSliceMicros=5148 yields=422 richRowProjectionMicros=741 richFrameProjectionMicros=6874 projectedUniqueRows=576 projectedFrames=26 reusedProjectedRows=48 reusedProjectedFrames=0 uniqueRowLayouts=576 reusedRowLayouts=0 newRowLayouts=576 sceneNew=26 sceneReuse=0 pauseCount=0 resumeCount=0 semanticsWork=0 rasterWork=0 allocationCount=673
2026-09-09T12:48:08.0051568Z I/flutter ( 2346): [FluviDiagnostic] stage=SUMMARY_PARENT_HOTSET_PREPARE_READY scope=- entryCount=624 error=- message=-
2026-09-09T12:48:08.0178059Z I/flutter ( 2346): [FluviDiagnostic] stage=SCENE_WINDOW_PREPARE_STARTED scope=owner=foregroundNavigation priority=3 entryCount=48 error=- message=-
2026-09-09T12:48:08.0268244Z I/flutter ( 2346): [FluviDiagnostic] stage=SCENE_WINDOW_SLICE_OVER_BUDGET scope=boundary=rowDiscovery elapsedMicros=6413 budgetMicros=1000 entryCount=48 error=- message=-
2026-09-09T12:48:08.0298643Z I/flutter ( 2346): [FluviDiagnostic] stage=SCENE_WINDOW_ATOMIC_WORK_UNIT_OVER_BUDGET scope=workUnit=rowText:time elapsedMicros=3158 budgetMicros=1000 entryCount=48 error=- message=-
2026-09-09T12:48:08.0358415Z I/flutter ( 2346): [FluviDiagnostic] stage=SCENE_WINDOW_SLICE_OVER_BUDGET scope=boundary=rowTextParagraph elapsedMicros=3334 budgetMicros=1000 entryCount=48 error=- message=-
2026-09-09T12:48:08.0418445Z I/flutter ( 2346): [FluviDiagnostic] stage=SCENE_WINDOW_ATOMIC_WORK_UNIT_OVER_BUDGET scope=workUnit=rowText:amount elapsedMicros=3239 budgetMicros=1000 entryCount=48 error=- message=-
2026-09-09T12:48:08.0458488Z I/flutter ( 2346): [FluviDiagnostic] stage=SCENE_WINDOW_ATOMIC_WORK_UNIT_OVER_BUDGET scope=workUnit=rowText:title elapsedMicros=2273 budgetMicros=1000 entryCount=48 error=- message=-
2026-09-09T12:48:08.0508300Z I/flutter ( 2346): [FluviDiagnostic] stage=SCENE_WINDOW_SLICE_OVER_BUDGET scope=boundary=rowText elapsedMicros=3460 budgetMicros=1000 entryCount=48 error=- message=-
2026-09-09T12:48:08.0568189Z I/flutter ( 2346): [FluviDiagnostic] stage=SCENE_WINDOW_SLICE_OVER_BUDGET scope=boundary=dayHeader elapsedMicros=1005 budgetMicros=1000 entryCount=48 error=- message=-
2026-09-09T12:48:08.0598539Z I/flutter ( 2346): [FluviDiagnostic] stage=SCENE_WINDOW_ATOMIC_WORK_UNIT_OVER_BUDGET scope=workUnit=dayHeaderText elapsedMicros=3139 budgetMicros=1000 entryCount=48 error=- message=-
2026-09-09T12:48:08.0631226Z I/flutter ( 2346): [FluviDiagnostic] stage=SCENE_WINDOW_PREPARE_COMPLETED scope=owner=foregroundNavigation priority=3 entryCount=48 error=- message=uiIsolateMicros=36791 largestContiguousUiSliceMicros=6413 yields=44 richRowProjectionMicros=123 richFrameProjectionMicros=391 projectedUniqueRows=48 projectedFrames=2 reusedProjectedRows=0 reusedProjectedFrames=0 uniqueRowLayouts=48 reusedRowLayouts=0 newRowLayouts=48 sceneNew=2 sceneReuse=0 pauseCount=0 resumeCount=0 semanticsWork=0 rasterWork=0 allocationCount=83
2026-09-09T12:48:08.0962117Z I/flutter ( 2346): [FluviDiagnostic] stage=HEADER_RENDER_FIDELITY_CONFIG scope=outputResolutionMode=nativeSurface fieldEvaluationMode=perFragment logicalWidth=375.4757281553398 logicalHeight=123.8252427184466 physicalWidth=986.0 physicalHeight=326.0 sourceRenderScale=0.6 effectId=dualTide backend=fragmentShader physicalTarget=986.0x326.0 parentTransformScale=notObservableInCanvas touchOverlayBackend=fragmentShaderAnalytic shaderFailureFallback=nativeStaticGradient shaderReady=true shaderFailure=false entryCount=- error=- message=-
2026-09-09T12:48:08.1029710Z I/flutter ( 2346): [FluviDiagnostic] stage=HEADER_TOUCH_RENDER_PATH_BOUND scope=fieldBackend=fragmentShader overlayBackend=fragmentShaderAnalytic trailBackend=fragmentShaderAnalytic logicalSize=375.4757281553398x123.8252427184466 physicalSize=986.0x326.0 usesSaveLayer=false usesOffscreenIntermediate=false entryCount=- error=- message=-
2026-09-09T12:48:08.1035710Z I/flutter ( 2346): [FluviDiagnostic] stage=HEADER_PORTAL_INNER_CHANNEL_BOUND scope=enabled=true effectId=wandering-mist settingsGeneration=0 phaseOwnerIdentity=440038947 controllerIdentity=1019364972 fragmentBackendIdentity=908702785 programIdentity=22724915 shaderIdentity=196248129 canonicalFieldStopCount=2 canonicalFieldStopHash=43d59ffd portalColorModel=paletteCoordinate inputSignature=1220f1df entryCount=- error=- message=-
2026-09-09T12:48:08.1100757Z I/flutter ( 2346): [FluviDiagnostic] stage=HEADER_PORTAL_BACKGROUND_CHANNEL_BOUND scope=enabled=true effectId=wandering-mist settingsGeneration=0 phaseOwnerIdentity=440038947 controllerIdentity=1019364972 fragmentBackendIdentity=908702785 programIdentity=22724915 shaderIdentity=196248129 canonicalFieldStopCount=2 canonicalFieldStopHash=43d59ffd portalColorModel=paletteCoordinate inputSignature=1220f1df entryCount=- error=- message=-
2026-09-09T12:48:08.1131266Z I/flutter ( 2346): [FluviDiagnostic] stage=HEADER_PORTAL_FRAGMENT_INPUT_BOUND scope=innerEnabled=true innerEffect=wandering-mist innerSettingsHash=d6060b backgroundEnabled=true backgroundEffect=wandering-mist backgroundSettingsHash=d6060b uniformLayoutVersion=3 fragmentConfigurationGeneration=2 fragmentBackendIdentity=908702785 programIdentity=22724915 shaderIdentity=196248129 canonicalFieldStopCount=2 canonicalFieldStopHash=43d59ffd portalColorModel=paletteCoordinate entryCount=- error=- message=-
2026-09-09T12:48:08.1187493Z I/flutter ( 2346): [PROFILE][SCENARIO_PREPARED] C_year_month_rail_empty plane=year
2026-09-09T12:48:08.1217365Z I/flutter ( 2346): [PROFILE][SCENARIO_STABLE] C_year_month_rail_empty
2026-09-09T12:48:08.6823739Z D/EGL_emulation( 2346): app_time_stats: avg=240.17ms min=202.08ms max=320.60ms count=4
2026-09-09T12:48:10.8267086Z D/EGL_emulation( 2346): app_time_stats: avg=2144.09ms min=2144.09ms max=2144.09ms count=1
2026-09-09T12:48:12.8679425Z D/EGL_emulation( 2346): app_time_stats: avg=2041.75ms min=2041.75ms max=2041.75ms count=1
2026-09-09T12:48:12.8841213Z I/flutter ( 2346): [FluviDiagnostic] stage=BUDGET_HEADER_VALUE_BOUND scope=generation=0 plane=month targetHandle=0 modelBindVsyncMicros=536487365 displayNumeratorScaled100=0 displayDenominatorScaled100=66442707 hasLimit=true canonicalLimitScaled100=66442707 entryCount=- error=- message=-
2026-09-09T12:48:14.8390106Z D/EGL_emulation( 2346): app_time_stats: avg=1968.54ms min=1968.54ms max=1968.54ms count=1
2026-09-09T12:48:16.8133866Z D/EGL_emulation( 2346): app_time_stats: avg=1971.45ms min=1971.45ms max=1971.45ms count=1
2026-09-09T12:48:16.8191778Z I/flutter ( 2346): [FluviDiagnostic] stage=BUDGET_HEADER_VALUE_BOUND scope=generation=0 plane=month targetHandle=0 modelBindVsyncMicros=540420698 displayNumeratorScaled100=0 displayDenominatorScaled100=66442707 hasLimit=true canonicalLimitScaled100=66442707 entryCount=- error=- message=-
2026-09-09T12:48:19.0047707Z D/EGL_emulation( 2346): app_time_stats: avg=2192.51ms min=2192.51ms max=2192.51ms count=1
2026-09-09T12:48:19.0169682Z I/flutter ( 2346): [FluviDiagnostic] stage=BUDGET_HEADER_VALUE_BOUND scope=generation=0 plane=month targetHandle=0 modelBindVsyncMicros=542620698 displayNumeratorScaled100=0 displayDenominatorScaled100=66442707 hasLimit=true canonicalLimitScaled100=66442707 entryCount=- error=- message=-
2026-09-09T12:48:21.1197785Z D/EGL_emulation( 2346): app_time_stats: avg=2118.07ms min=2118.07ms max=2118.07ms count=1
2026-09-09T12:48:23.0306696Z D/EGL_emulation( 2346): app_time_stats: avg=1908.15ms min=1908.15ms max=1908.15ms count=1
2026-09-09T12:48:23.0436557Z I/flutter ( 2346): [FluviDiagnostic] stage=BUDGET_HEADER_VALUE_BOUND scope=generation=0 plane=month targetHandle=0 modelBindVsyncMicros=546654031 displayNumeratorScaled100=0 displayDenominatorScaled100=66442707 hasLimit=true canonicalLimitScaled100=66442707 entryCount=- error=- message=-
2026-09-09T12:48:25.1658165Z D/EGL_emulation( 2346): app_time_stats: avg=2137.52ms min=2137.52ms max=2137.52ms count=1
2026-09-09T12:48:27.0853537Z D/EGL_emulation( 2346): app_time_stats: avg=1916.72ms min=1916.72ms max=1916.72ms count=1
2026-09-09T12:48:27.0969531Z I/flutter ( 2346): [FluviDiagnostic] stage=BUDGET_HEADER_VALUE_BOUND scope=generation=0 plane=month targetHandle=0 modelBindVsyncMicros=550704031 displayNumeratorScaled100=0 displayDenominatorScaled100=66442707 hasLimit=true canonicalLimitScaled100=66442707 entryCount=- error=- message=-
2026-09-09T12:48:29.0677439Z D/EGL_emulation( 2346): app_time_stats: avg=1985.79ms min=1985.79ms max=1985.79ms count=1
2026-09-09T12:48:31.2344034Z D/EGL_emulation( 2346): app_time_stats: avg=2166.26ms min=2166.26ms max=2166.26ms count=1
2026-09-09T12:48:33.4113813Z D/EGL_emulation( 2346): app_time_stats: avg=2173.79ms min=2173.79ms max=2173.79ms count=1
2026-09-09T12:48:35.5294875Z D/EGL_emulation( 2346): app_time_stats: avg=2115.75ms min=2115.75ms max=2115.75ms count=1
2026-09-09T12:48:35.5359256Z I/flutter ( 2346): [FluviDiagnostic] stage=BUDGET_HEADER_VALUE_BOUND scope=generation=0 plane=month targetHandle=0 modelBindVsyncMicros=559137364 displayNumeratorScaled100=0 displayDenominatorScaled100=66442707 hasLimit=true canonicalLimitScaled100=66442707 entryCount=- error=- message=-
2026-09-09T12:48:37.5134440Z D/EGL_emulation( 2346): app_time_stats: avg=1985.14ms min=1985.14ms max=1985.14ms count=1
2026-09-09T12:48:37.5309561Z I/flutter ( 2346): [FluviDiagnostic] stage=BUDGET_HEADER_VALUE_BOUND scope=generation=0 plane=month targetHandle=0 modelBindVsyncMicros=561137364 displayNumeratorScaled100=0 displayDenominatorScaled100=66442707 hasLimit=true canonicalLimitScaled100=66442707 entryCount=- error=- message=-
2026-09-09T12:48:39.7188769Z D/EGL_emulation( 2346): app_time_stats: avg=2204.07ms min=2204.07ms max=2204.07ms count=1
2026-09-09T12:48:41.8554529Z D/EGL_emulation( 2346): app_time_stats: avg=173.95ms min=173.95ms max=173.95ms count=1
2026-09-09T12:48:43.6777121Z I/flutter ( 2346): [FluviDiagnostic] stage=BUDGET_HEADER_VALUE_BOUND scope=generation=0 plane=month targetHandle=0 modelBindVsyncMicros=567287364 displayNumeratorScaled100=0 displayDenominatorScaled100=66442707 hasLimit=true canonicalLimitScaled100=66442707 entryCount=- error=- message=-
2026-09-09T12:48:43.8332468Z D/EGL_emulation( 2346): app_time_stats: avg=169.80ms min=169.80ms max=169.80ms count=1
2026-09-09T12:48:45.7419985Z I/flutter ( 2346): [FluviDiagnostic] stage=BUDGET_HEADER_VALUE_BOUND scope=generation=0 plane=month targetHandle=0 modelBindVsyncMicros=569337364 displayNumeratorScaled100=0 displayDenominatorScaled100=66442707 hasLimit=true canonicalLimitScaled100=66442707 entryCount=- error=- message=-
2026-09-09T12:48:45.8936425Z D/EGL_emulation( 2346): app_time_stats: avg=169.07ms min=169.07ms max=169.07ms count=1
2026-09-09T12:48:47.9612174Z D/EGL_emulation( 2346): app_time_stats: avg=206.95ms min=206.95ms max=206.95ms count=1
2026-09-09T12:48:47.9887427Z I/flutter ( 2346): [FluviDiagnostic] stage=BUDGET_HEADER_VALUE_BOUND scope=generation=0 plane=month targetHandle=0 modelBindVsyncMicros=571587364 displayNumeratorScaled100=0 displayDenominatorScaled100=66442707 hasLimit=true canonicalLimitScaled100=66442707 entryCount=- error=- message=-
2026-09-09T12:48:50.1395202Z D/EGL_emulation( 2346): app_time_stats: avg=2177.79ms min=2177.79ms max=2177.79ms count=1
2026-09-09T12:48:52.2022833Z D/EGL_emulation( 2346): app_time_stats: avg=190.95ms min=190.95ms max=190.95ms count=1
2026-09-09T12:48:54.2042119Z I/flutter ( 2346): [FluviDiagnostic] stage=BUDGET_HEADER_VALUE_BOUND scope=generation=0 plane=month targetHandle=0 modelBindVsyncMicros=577804030 displayNumeratorScaled100=0 displayDenominatorScaled100=66442707 hasLimit=true canonicalLimitScaled100=66442707 entryCount=- error=- message=-
2026-09-09T12:48:54.3691542Z D/EGL_emulation( 2346): app_time_stats: avg=175.50ms min=175.50ms max=175.50ms count=1
2026-09-09T12:48:56.5316420Z D/EGL_emulation( 2346): app_time_stats: avg=404.76ms min=404.76ms max=404.76ms count=1
2026-09-09T12:48:58.5769262Z D/EGL_emulation( 2346): app_time_stats: avg=2040.43ms min=2040.43ms max=2040.43ms count=1
2026-09-09T12:49:00.9651131Z D/EGL_emulation( 2346): app_time_stats: avg=2387.97ms min=2387.97ms max=2387.97ms count=1
2026-09-09T12:49:00.9657904Z I/flutter ( 2346): [FluviDiagnostic] stage=BUDGET_HEADER_VALUE_BOUND scope=generation=0 plane=month targetHandle=0 modelBindVsyncMicros=584570697 displayNumeratorScaled100=0 displayDenominatorScaled100=66442707 hasLimit=true canonicalLimitScaled100=66442707 entryCount=- error=- message=-
2026-09-09T12:49:03.0463663Z D/EGL_emulation( 2346): app_time_stats: avg=2083.85ms min=2083.85ms max=2083.85ms count=1
2026-09-09T12:49:03.0609450Z I/flutter ( 2346): [FluviDiagnostic] stage=BUDGET_HEADER_VALUE_BOUND scope=generation=0 plane=month targetHandle=0 modelBindVsyncMicros=586670697 displayNumeratorScaled100=0 displayDenominatorScaled100=66442707 hasLimit=true canonicalLimitScaled100=66442707 entryCount=- error=- message=-
2026-09-09T12:49:05.1245356Z D/EGL_emulation( 2346): app_time_stats: avg=2080.95ms min=2080.95ms max=2080.95ms count=1
2026-09-09T12:49:07.0611370Z D/EGL_emulation( 2346): app_time_stats: avg=1932.82ms min=1932.82ms max=1932.82ms count=1
2026-09-09T12:49:07.0699073Z I/flutter ( 2346): [FluviDiagnostic] stage=BUDGET_HEADER_VALUE_BOUND scope=generation=0 plane=month targetHandle=0 modelBindVsyncMicros=590670696 displayNumeratorScaled100=0 displayDenominatorScaled100=66442707 hasLimit=true canonicalLimitScaled100=66442707 entryCount=- error=- message=-
2026-09-09T12:49:09.0573100Z D/EGL_emulation( 2346): app_time_stats: avg=1996.53ms min=1996.53ms max=1996.53ms count=1
2026-09-09T12:49:09.0672570Z I/flutter ( 2346): [FluviDiagnostic] stage=BUDGET_HEADER_VALUE_BOUND scope=generation=0 plane=month targetHandle=0 modelBindVsyncMicros=592670696 displayNumeratorScaled100=0 displayDenominatorScaled100=66442707 hasLimit=true canonicalLimitScaled100=66442707 entryCount=- error=- message=-
2026-09-09T12:49:11.1531166Z D/EGL_emulation( 2346): app_time_stats: avg=2098.05ms min=2098.05ms max=2098.05ms count=1
2026-09-09T12:49:13.3127206Z D/EGL_emulation( 2346): app_time_stats: avg=2159.73ms min=2159.73ms max=2159.73ms count=1
2026-09-09T12:49:13.3344861Z I/flutter ( 2346): [FluviDiagnostic] stage=BUDGET_HEADER_VALUE_BOUND scope=generation=0 plane=month targetHandle=0 modelBindVsyncMicros=596937363 displayNumeratorScaled100=0 displayDenominatorScaled100=66442707 hasLimit=true canonicalLimitScaled100=66442707 entryCount=- error=- message=-
2026-09-09T12:49:15.3240543Z D/EGL_emulation( 2346): app_time_stats: avg=2007.67ms min=2007.67ms max=2007.67ms count=1
2026-09-09T12:49:17.4420947Z D/EGL_emulation( 2346): app_time_stats: avg=2122.34ms min=2122.34ms max=2122.34ms count=1
2026-09-09T12:49:17.4469066Z I/flutter ( 2346): [FluviDiagnostic] stage=BUDGET_HEADER_VALUE_BOUND scope=generation=0 plane=month targetHandle=0 modelBindVsyncMicros=601054029 displayNumeratorScaled100=0 displayDenominatorScaled100=66442707 hasLimit=true canonicalLimitScaled100=66442707 entryCount=- error=- message=-
2026-09-09T12:49:19.5592748Z D/EGL_emulation( 2346): app_time_stats: avg=2116.39ms min=2116.39ms max=2116.39ms count=1
2026-09-09T12:49:21.7372538Z D/EGL_emulation( 2346): app_time_stats: avg=2176.81ms min=2176.81ms max=2176.81ms count=1
2026-09-09T12:49:23.8985632Z D/EGL_emulation( 2346): app_time_stats: avg=2159.47ms min=2159.47ms max=2159.47ms count=1
2026-09-09T12:49:26.0438790Z D/EGL_emulation( 2346): app_time_stats: avg=2148.30ms min=2148.30ms max=2148.30ms count=1
2026-09-09T12:49:26.0649157Z I/flutter ( 2346): [FluviDiagnostic] stage=BUDGET_HEADER_VALUE_BOUND scope=generation=0 plane=month targetHandle=0 modelBindVsyncMicros=609670696 displayNumeratorScaled100=0 displayDenominatorScaled100=66442707 hasLimit=true canonicalLimitScaled100=66442707 entryCount=- error=- message=-
2026-09-09T12:49:27.9298914Z D/EGL_emulation( 2346): app_time_stats: avg=1884.24ms min=1884.24ms max=1884.24ms count=1
2026-09-09T12:49:27.9505320Z I/flutter ( 2346): [FluviDiagnostic] stage=BUDGET_HEADER_VALUE_BOUND scope=generation=0 plane=month targetHandle=0 modelBindVsyncMicros=611554029 displayNumeratorScaled100=0 displayDenominatorScaled100=66442707 hasLimit=true canonicalLimitScaled100=66442707 entryCount=- error=- message=-
2026-09-09T12:49:29.8544280Z D/EGL_emulation( 2346): app_time_stats: avg=1926.07ms min=1926.07ms max=1926.07ms count=1
2026-09-09T12:49:31.9020664Z D/EGL_emulation( 2346): app_time_stats: avg=2043.43ms min=2043.43ms max=2043.43ms count=1
2026-09-09T12:49:31.9191986Z I/flutter ( 2346): [FluviDiagnostic] stage=BUDGET_HEADER_VALUE_BOUND scope=generation=0 plane=month targetHandle=0 modelBindVsyncMicros=615520695 displayNumeratorScaled100=0 displayDenominatorScaled100=66442707 hasLimit=true canonicalLimitScaled100=66442707 entryCount=- error=- message=-
2026-09-09T12:49:34.0469025Z D/EGL_emulation( 2346): app_time_stats: avg=2147.36ms min=2147.36ms max=2147.36ms count=1
2026-09-09T12:49:36.4372655Z I/flutter ( 2346): [FluviDiagnostic] stage=BUDGET_HEADER_VALUE_BOUND scope=generation=0 plane=month targetHandle=0 modelBindVsyncMicros=617670695 displayNumeratorScaled100=0 displayDenominatorScaled100=66442707 hasLimit=true canonicalLimitScaled100=66442707 entryCount=- error=- message=-
2026-09-09T12:49:36.5907719Z D/EGL_emulation( 2346): app_time_stats: avg=2544.30ms min=2544.30ms max=2544.30ms count=1
2026-09-09T12:49:38.8026205Z D/EGL_emulation( 2346): app_time_stats: avg=389.37ms min=389.37ms max=389.37ms count=1
2026-09-09T12:49:38.8220197Z I/flutter ( 2346): [FluviDiagnostic] stage=BUDGET_HEADER_VALUE_BOUND scope=generation=0 plane=month targetHandle=0 modelBindVsyncMicros=622420695 displayNumeratorScaled100=0 displayDenominatorScaled100=66442707 hasLimit=true canonicalLimitScaled100=66442707 entryCount=- error=- message=-
2026-09-09T12:49:40.9300475Z D/EGL_emulation( 2346): app_time_stats: avg=2130.12ms min=2130.12ms max=2130.12ms count=1
2026-09-09T12:49:43.0024261Z D/EGL_emulation( 2346): app_time_stats: avg=2074.80ms min=2074.80ms max=2074.80ms count=1
2026-09-09T12:49:43.0158200Z I/flutter ( 2346): [FluviDiagnostic] stage=BUDGET_HEADER_VALUE_BOUND scope=generation=0 plane=month targetHandle=0 modelBindVsyncMicros=626620695 displayNumeratorScaled100=0 displayDenominatorScaled100=66442707 hasLimit=true canonicalLimitScaled100=66442707 entryCount=- error=- message=-
2026-09-09T12:49:45.0628202Z D/EGL_emulation( 2346): app_time_stats: avg=2053.56ms min=2053.56ms max=2053.56ms count=1
2026-09-09T12:49:47.3251352Z D/EGL_emulation( 2346): app_time_stats: avg=2268.71ms min=2268.71ms max=2268.71ms count=1
2026-09-09T12:49:49.4444012Z D/EGL_emulation( 2346): app_time_stats: avg=2114.76ms min=2114.76ms max=2114.76ms count=1
2026-09-09T12:49:51.6002392Z D/EGL_emulation( 2346): app_time_stats: avg=2158.28ms min=2158.28ms max=2158.28ms count=1
2026-09-09T12:49:51.6123797Z I/flutter ( 2346): [FluviDiagnostic] stage=BUDGET_HEADER_VALUE_BOUND scope=generation=0 plane=month targetHandle=0 modelBindVsyncMicros=635220695 displayNumeratorScaled100=0 displayDenominatorScaled100=66442707 hasLimit=true canonicalLimitScaled100=66442707 entryCount=- error=- message=-
2026-09-09T12:49:53.5609065Z D/EGL_emulation( 2346): app_time_stats: avg=1961.05ms min=1961.05ms max=1961.05ms count=1
2026-09-09T12:49:53.5819905Z I/flutter ( 2346): [FluviDiagnostic] stage=BUDGET_HEADER_VALUE_BOUND scope=generation=0 plane=month targetHandle=0 modelBindVsyncMicros=637187361 displayNumeratorScaled100=0 displayDenominatorScaled100=66442707 hasLimit=true canonicalLimitScaled100=66442707 entryCount=- error=- message=-
2026-09-09T12:49:55.6983224Z D/EGL_emulation( 2346): app_time_stats: avg=2138.21ms min=2138.21ms max=2138.21ms count=1
2026-09-09T12:49:57.7032326Z D/EGL_emulation( 2346): app_time_stats: avg=2003.82ms min=2003.82ms max=2003.82ms count=1
2026-09-09T12:49:57.7121390Z I/flutter ( 2346): [FluviDiagnostic] stage=BUDGET_HEADER_VALUE_BOUND scope=generation=0 plane=month targetHandle=0 modelBindVsyncMicros=641320694 displayNumeratorScaled100=0 displayDenominatorScaled100=66442707 hasLimit=true canonicalLimitScaled100=66442707 entryCount=- error=- message=-
2026-09-09T12:49:59.7236706Z D/EGL_emulation( 2346): app_time_stats: avg=2017.65ms min=2017.65ms max=2017.65ms count=1
2026-09-09T12:49:59.7329346Z I/flutter ( 2346): [FluviDiagnostic] stage=BUDGET_HEADER_VALUE_BOUND scope=generation=0 plane=month targetHandle=0 modelBindVsyncMicros=643337361 displayNumeratorScaled100=0 displayDenominatorScaled100=66442707 hasLimit=true canonicalLimitScaled100=66442707 entryCount=- error=- message=-
2026-09-09T12:50:02.2319665Z D/EGL_emulation( 2346): app_time_stats: avg=2510.16ms min=2510.16ms max=2510.16ms count=1
2026-09-09T12:50:04.8359955Z D/EGL_emulation( 2346): app_time_stats: avg=2599.23ms min=2599.23ms max=2599.23ms count=1
2026-09-09T12:50:04.8563831Z I/flutter ( 2346): [FluviDiagnostic] stage=BUDGET_HEADER_VALUE_BOUND scope=generation=0 plane=month targetHandle=0 modelBindVsyncMicros=648454027 displayNumeratorScaled100=0 displayDenominatorScaled100=66442707 hasLimit=true canonicalLimitScaled100=66442707 entryCount=- error=- message=-
2026-09-09T12:50:06.9205711Z D/EGL_emulation( 2346): app_time_stats: avg=2087.71ms min=2087.71ms max=2087.71ms count=1
2026-09-09T12:50:09.0194310Z D/EGL_emulation( 2346): app_time_stats: avg=2098.80ms min=2098.80ms max=2098.80ms count=1
2026-09-09T12:50:09.0310847Z I/flutter ( 2346): [FluviDiagnostic] stage=BUDGET_HEADER_VALUE_BOUND scope=generation=0 plane=month targetHandle=0 modelBindVsyncMicros=652637361 displayNumeratorScaled100=0 displayDenominatorScaled100=66442707 hasLimit=true canonicalLimitScaled100=66442707 entryCount=- error=- message=-
2026-09-09T12:50:10.9982844Z D/EGL_emulation( 2346): app_time_stats: avg=1978.79ms min=1978.79ms max=1978.79ms count=1
2026-09-09T12:50:13.1050776Z D/EGL_emulation( 2346): app_time_stats: avg=2109.15ms min=2109.15ms max=2109.15ms count=1
2026-09-09T12:50:15.4300675Z D/EGL_emulation( 2346): app_time_stats: avg=2323.95ms min=2323.95ms max=2323.95ms count=1
2026-09-09T12:50:17.3463007Z D/EGL_emulation( 2346): app_time_stats: avg=1914.73ms min=1914.73ms max=1914.73ms count=1
2026-09-09T12:50:19.2028694Z I/flutter ( 2346): [FluviDiagnostic] stage=BUDGET_HEADER_VALUE_BOUND scope=generation=0 plane=month targetHandle=0 modelBindVsyncMicros=662804027 displayNumeratorScaled100=0 displayDenominatorScaled100=66442707 hasLimit=true canonicalLimitScaled100=66442707 entryCount=- error=- message=-
2026-09-09T12:50:19.3678846Z D/EGL_emulation( 2346): app_time_stats: avg=182.81ms min=182.81ms max=182.81ms count=1
2026-09-09T12:50:21.2050081Z I/flutter ( 2346): [FluviDiagnostic] stage=BUDGET_HEADER_VALUE_BOUND scope=generation=0 plane=month targetHandle=0 modelBindVsyncMicros=664804027 displayNumeratorScaled100=0 displayDenominatorScaled100=66442707 hasLimit=true canonicalLimitScaled100=66442707 entryCount=- error=- message=-
2026-09-09T12:50:21.3741462Z D/EGL_emulation( 2346): app_time_stats: avg=191.76ms min=191.76ms max=191.76ms count=1
2026-09-09T12:50:23.6047542Z D/EGL_emulation( 2346): app_time_stats: avg=358.78ms min=358.78ms max=358.78ms count=1
2026-09-09T12:50:23.6200997Z I/flutter ( 2346): [FluviDiagnostic] stage=BUDGET_HEADER_VALUE_BOUND scope=generation=0 plane=month targetHandle=0 modelBindVsyncMicros=667220693 displayNumeratorScaled100=0 displayDenominatorScaled100=66442707 hasLimit=true canonicalLimitScaled100=66442707 entryCount=- error=- message=-
2026-09-09T12:50:25.5888827Z D/EGL_emulation( 2346): app_time_stats: avg=1980.60ms min=1980.60ms max=1980.60ms count=1
2026-09-09T12:50:25.5960391Z I/flutter ( 2346): [FluviDiagnostic] stage=BUDGET_HEADER_VALUE_BOUND scope=generation=0 plane=month targetHandle=0 modelBindVsyncMicros=669204027 displayNumeratorScaled100=0 displayDenominatorScaled100=66442707 hasLimit=true canonicalLimitScaled100=66442707 entryCount=- error=- message=-
2026-09-09T12:50:27.6785044Z D/EGL_emulation( 2346): app_time_stats: avg=2092.94ms min=2092.94ms max=2092.94ms count=1
2026-09-09T12:50:29.8050680Z D/EGL_emulation( 2346): app_time_stats: avg=2124.57ms min=2124.57ms max=2124.57ms count=1
2026-09-09T12:50:29.8137565Z I/flutter ( 2346): [FluviDiagnostic] stage=BUDGET_HEADER_VALUE_BOUND scope=generation=0 plane=month targetHandle=0 modelBindVsyncMicros=673420693 displayNumeratorScaled100=0 displayDenominatorScaled100=66442707 hasLimit=true canonicalLimitScaled100=66442707 entryCount=- error=- message=-
2026-09-09T12:50:31.8789045Z D/EGL_emulation( 2346): app_time_stats: avg=2075.33ms min=2075.33ms max=2075.33ms count=1
2026-09-09T12:50:33.9217892Z D/EGL_emulation( 2346): app_time_stats: avg=2043.59ms min=2043.59ms max=2043.59ms count=1
2026-09-09T12:50:33.9331620Z I/flutter ( 2346): [FluviDiagnostic] stage=BUDGET_HEADER_VALUE_BOUND scope=generation=0 plane=month targetHandle=0 modelBindVsyncMicros=677537360 displayNumeratorScaled100=0 displayDenominatorScaled100=66442707 hasLimit=true canonicalLimitScaled100=66442707 entryCount=- error=- message=-
2026-09-09T12:50:35.8425441Z D/EGL_emulation( 2346): app_time_stats: avg=1919.84ms min=1919.84ms max=1919.84ms count=1
2026-09-09T12:50:37.9836585Z D/EGL_emulation( 2346): app_time_stats: avg=2141.62ms min=2141.62ms max=2141.62ms count=1
2026-09-09T12:50:40.1054287Z D/EGL_emulation( 2346): app_time_stats: avg=2120.34ms min=2120.34ms max=2120.34ms count=1
2026-09-09T12:50:42.2703316Z D/EGL_emulation( 2346): app_time_stats: avg=2162.52ms min=2162.52ms max=2162.52ms count=1
2026-09-09T12:50:42.2853517Z I/flutter ( 2346): [FluviDiagnostic] stage=BUDGET_HEADER_VALUE_BOUND scope=generation=0 plane=month targetHandle=0 modelBindVsyncMicros=685887359 displayNumeratorScaled100=0 displayDenominatorScaled100=66442707 hasLimit=true canonicalLimitScaled100=66442707 entryCount=- error=- message=-
2026-09-09T12:50:44.3650661Z D/EGL_emulation( 2346): app_time_stats: avg=2096.27ms min=2096.27ms max=2096.27ms count=1
2026-09-09T12:50:44.3909850Z I/flutter ( 2346): [FluviDiagnostic] stage=BUDGET_HEADER_VALUE_BOUND scope=generation=0 plane=month targetHandle=0 modelBindVsyncMicros=687987359 displayNumeratorScaled100=0 displayDenominatorScaled100=66442707 hasLimit=true canonicalLimitScaled100=66442707 entryCount=- error=- message=-
2026-09-09T12:50:46.3858258Z D/EGL_emulation( 2346): app_time_stats: avg=2021.64ms min=2021.64ms max=2021.64ms count=1
2026-09-09T12:50:48.4347439Z D/EGL_emulation( 2346): app_time_stats: avg=2048.72ms min=2048.72ms max=2048.72ms count=1
2026-09-09T12:50:48.4443097Z I/flutter ( 2346): [FluviDiagnostic] stage=BUDGET_HEADER_VALUE_BOUND scope=generation=0 plane=month targetHandle=0 modelBindVsyncMicros=692054026 displayNumeratorScaled100=0 displayDenominatorScaled100=66442707 hasLimit=true canonicalLimitScaled100=66442707 entryCount=- error=- message=-
2026-09-09T12:50:50.5242071Z D/EGL_emulation( 2346): app_time_stats: avg=2087.76ms min=2087.76ms max=2087.76ms count=1
2026-09-09T12:50:50.5359661Z I/flutter ( 2346): [FluviDiagnostic] stage=BUDGET_HEADER_VALUE_BOUND scope=generation=0 plane=month targetHandle=0 modelBindVsyncMicros=694137359 displayNumeratorScaled100=0 displayDenominatorScaled100=66442707 hasLimit=true canonicalLimitScaled100=66442707 entryCount=- error=- message=-
2026-09-09T12:50:52.4682826Z D/EGL_emulation( 2346): app_time_stats: avg=1946.88ms min=1946.88ms max=1946.88ms count=1
2026-09-09T12:50:54.7257268Z D/EGL_emulation( 2346): app_time_stats: avg=2257.58ms min=2257.58ms max=2257.58ms count=1
2026-09-09T12:50:54.7353367Z I/flutter ( 2346): [FluviDiagnostic] stage=BUDGET_HEADER_VALUE_BOUND scope=generation=0 plane=month targetHandle=0 modelBindVsyncMicros=698337359 displayNumeratorScaled100=0 displayDenominatorScaled100=66442707 hasLimit=true canonicalLimitScaled100=66442707 entryCount=- error=- message=-
2026-09-09T12:50:56.9160056Z D/EGL_emulation( 2346): app_time_stats: avg=2186.91ms min=2186.91ms max=2186.91ms count=1
2026-09-09T12:50:58.9855202Z D/EGL_emulation( 2346): app_time_stats: avg=2068.68ms min=2068.68ms max=2068.68ms count=1
2026-09-09T12:50:59.0038745Z I/flutter ( 2346): [FluviDiagnostic] stage=BUDGET_HEADER_VALUE_BOUND scope=generation=0 plane=month targetHandle=0 modelBindVsyncMicros=702604025 displayNumeratorScaled100=0 displayDenominatorScaled100=66442707 hasLimit=true canonicalLimitScaled100=66442707 entryCount=- error=- message=-
2026-09-09T12:51:01.4511738Z D/EGL_emulation( 2346): app_time_stats: avg=2468.43ms min=2468.43ms max=2468.43ms count=1
2026-09-09T12:51:03.5395972Z D/EGL_emulation( 2346): app_time_stats: avg=2087.47ms min=2087.47ms max=2087.47ms count=1
2026-09-09T12:51:05.6498084Z D/EGL_emulation( 2346): app_time_stats: avg=2109.09ms min=2109.09ms max=2109.09ms count=1
2026-09-09T12:51:07.7688485Z D/EGL_emulation( 2346): app_time_stats: avg=2115.77ms min=2115.77ms max=2115.77ms count=1
2026-09-09T12:51:07.7888325Z I/flutter ( 2346): [FluviDiagnostic] stage=BUDGET_HEADER_VALUE_BOUND scope=generation=0 plane=month targetHandle=0 modelBindVsyncMicros=711387358 displayNumeratorScaled100=0 displayDenominatorScaled100=66442707 hasLimit=true canonicalLimitScaled100=66442707 entryCount=- error=- message=-
2026-09-09T12:51:09.7909036Z D/EGL_emulation( 2346): app_time_stats: avg=2027.60ms min=2027.60ms max=2027.60ms count=1
2026-09-09T12:51:09.7984571Z I/flutter ( 2346): [FluviDiagnostic] stage=BUDGET_HEADER_VALUE_BOUND scope=generation=0 plane=month targetHandle=0 modelBindVsyncMicros=713404025 displayNumeratorScaled100=0 displayDenominatorScaled100=66442707 hasLimit=true canonicalLimitScaled100=66442707 entryCount=- error=- message=-
2026-09-09T12:51:11.7865321Z D/EGL_emulation( 2346): app_time_stats: avg=1995.00ms min=1995.00ms max=1995.00ms count=1
2026-09-09T12:51:13.9053907Z D/EGL_emulation( 2346): app_time_stats: avg=2115.67ms min=2115.67ms max=2115.67ms count=1
2026-09-09T12:51:13.9151259Z I/flutter ( 2346): [FluviDiagnostic] stage=BUDGET_HEADER_VALUE_BOUND scope=generation=0 plane=month targetHandle=0 modelBindVsyncMicros=717520691 displayNumeratorScaled100=0 displayDenominatorScaled100=66442707 hasLimit=true canonicalLimitScaled100=66442707 entryCount=- error=- message=-
2026-09-09T12:51:15.8058079Z D/EGL_emulation( 2346): app_time_stats: avg=1900.25ms min=1900.25ms max=1900.25ms count=1
2026-09-09T12:51:15.8132389Z I/flutter ( 2346): [FluviDiagnostic] stage=BUDGET_HEADER_VALUE_BOUND scope=generation=0 plane=month targetHandle=0 modelBindVsyncMicros=719420691 displayNumeratorScaled100=0 displayDenominatorScaled100=66442707 hasLimit=true canonicalLimitScaled100=66442707 entryCount=- error=- message=-
2026-09-09T12:51:17.9221626Z D/EGL_emulation( 2346): app_time_stats: avg=2118.40ms min=2118.40ms max=2118.40ms count=1
2026-09-09T12:51:19.9004134Z D/EGL_emulation( 2346): app_time_stats: avg=1970.16ms min=1970.16ms max=1970.16ms count=1
2026-09-09T12:51:19.9069646Z I/flutter ( 2346): [FluviDiagnostic] stage=BUDGET_HEADER_VALUE_BOUND scope=generation=0 plane=month targetHandle=0 modelBindVsyncMicros=723504024 displayNumeratorScaled100=0 displayDenominatorScaled100=66442707 hasLimit=true canonicalLimitScaled100=66442707 entryCount=- error=- message=-
2026-09-09T12:51:21.9119563Z D/EGL_emulation( 2346): app_time_stats: avg=2015.06ms min=2015.06ms max=2015.06ms count=1
2026-09-09T12:51:23.9658967Z D/EGL_emulation( 2346): app_time_stats: avg=2059.79ms min=2059.79ms max=2059.79ms count=1
2026-09-09T12:51:23.9880068Z I/flutter ( 2346): [FluviDiagnostic] stage=BUDGET_HEADER_VALUE_BOUND scope=generation=0 plane=month targetHandle=0 modelBindVsyncMicros=727587358 displayNumeratorScaled100=0 displayDenominatorScaled100=66442707 hasLimit=true canonicalLimitScaled100=66442707 entryCount=- error=- message=-
2026-09-09T12:51:26.0371482Z D/EGL_emulation( 2346): app_time_stats: avg=2071.44ms min=2071.44ms max=2071.44ms count=1
2026-09-09T12:51:28.0474178Z D/EGL_emulation( 2346): app_time_stats: avg=2009.42ms min=2009.42ms max=2009.42ms count=1
2026-09-09T12:51:30.2076929Z D/EGL_emulation( 2346): app_time_stats: avg=2160.38ms min=2160.38ms max=2160.38ms count=1
2026-09-09T12:51:32.3880138Z D/EGL_emulation( 2346): app_time_stats: avg=2180.38ms min=2180.38ms max=2180.38ms count=1
2026-09-09T12:51:32.4069883Z I/flutter ( 2346): [FluviDiagnostic] stage=BUDGET_HEADER_VALUE_BOUND scope=generation=0 plane=month targetHandle=0 modelBindVsyncMicros=736004024 displayNumeratorScaled100=0 displayDenominatorScaled100=66442707 hasLimit=true canonicalLimitScaled100=66442707 entryCount=- error=- message=-
2026-09-09T12:51:34.4337614Z D/EGL_emulation( 2346): app_time_stats: avg=2046.04ms min=2046.04ms max=2046.04ms count=1
2026-09-09T12:51:34.4490108Z I/flutter ( 2346): [FluviDiagnostic] stage=BUDGET_HEADER_VALUE_BOUND scope=generation=0 plane=month targetHandle=0 modelBindVsyncMicros=738054024 displayNumeratorScaled100=0 displayDenominatorScaled100=66442707 hasLimit=true canonicalLimitScaled100=66442707 entryCount=- error=- message=-
2026-09-09T12:51:36.3579113Z D/EGL_emulation( 2346): app_time_stats: avg=1923.89ms min=1923.89ms max=1923.89ms count=1
2026-09-09T12:51:38.3159043Z D/EGL_emulation( 2346): app_time_stats: avg=1951.54ms min=1951.54ms max=1951.54ms count=1
2026-09-09T12:51:38.3283792Z I/flutter ( 2346): [FluviDiagnostic] stage=BUDGET_HEADER_VALUE_BOUND scope=generation=0 plane=month targetHandle=0 modelBindVsyncMicros=741920690 displayNumeratorScaled100=0 displayDenominatorScaled100=66442707 hasLimit=true canonicalLimitScaled100=66442707 entryCount=- error=- message=-
2026-09-09T12:51:40.2013054Z D/EGL_emulation( 2346): app_time_stats: avg=1891.32ms min=1891.32ms max=1891.32ms count=1
2026-09-09T12:51:40.2239617Z I/flutter ( 2346): [FluviDiagnostic] stage=BUDGET_HEADER_VALUE_BOUND scope=generation=0 plane=month targetHandle=0 modelBindVsyncMicros=743820690 displayNumeratorScaled100=0 displayDenominatorScaled100=66442707 hasLimit=true canonicalLimitScaled100=66442707 entryCount=- error=- message=-
2026-09-09T12:51:42.2437201Z D/EGL_emulation( 2346): app_time_stats: avg=2037.86ms min=2037.86ms max=2037.86ms count=1
2026-09-09T12:51:44.4120789Z D/EGL_emulation( 2346): app_time_stats: avg=2170.80ms min=2170.80ms max=2170.80ms count=1
2026-09-09T12:51:44.4361256Z I/flutter ( 2346): [FluviDiagnostic] stage=BUDGET_HEADER_VALUE_BOUND scope=generation=0 plane=month targetHandle=0 modelBindVsyncMicros=748037357 displayNumeratorScaled100=0 displayDenominatorScaled100=66442707 hasLimit=true canonicalLimitScaled100=66442707 entryCount=- error=- message=-
2026-09-09T12:51:46.3637181Z D/EGL_emulation( 2346): app_time_stats: avg=1953.39ms min=1953.39ms max=1953.39ms count=1
2026-09-09T12:51:48.3643848Z D/EGL_emulation( 2346): app_time_stats: avg=1998.53ms min=1998.53ms max=1998.53ms count=1
2026-09-09T12:51:48.3843461Z I/flutter ( 2346): [FluviDiagnostic] stage=BUDGET_HEADER_VALUE_BOUND scope=generation=0 plane=month targetHandle=0 modelBindVsyncMicros=751987357 displayNumeratorScaled100=0 displayDenominatorScaled100=66442707 hasLimit=true canonicalLimitScaled100=66442707 entryCount=- error=- message=-
2026-09-09T12:51:50.4403401Z D/EGL_emulation( 2346): app_time_stats: avg=2076.48ms min=2076.48ms max=2076.48ms count=1
2026-09-09T12:51:52.5963857Z D/EGL_emulation( 2346): app_time_stats: avg=173.34ms min=173.34ms max=173.34ms count=1
2026-09-09T12:51:54.6828984Z D/EGL_emulation( 2346): app_time_stats: avg=192.09ms min=192.09ms max=192.09ms count=1
2026-09-09T12:51:56.9156666Z D/EGL_emulation( 2346): app_time_stats: avg=2231.73ms min=2231.73ms max=2231.73ms count=1
2026-09-09T12:51:56.9320074Z I/flutter ( 2346): [FluviDiagnostic] stage=BUDGET_HEADER_VALUE_BOUND scope=generation=0 plane=month targetHandle=0 modelBindVsyncMicros=760537356 displayNumeratorScaled100=0 displayDenominatorScaled100=66442707 hasLimit=true canonicalLimitScaled100=66442707 entryCount=- error=- message=-
2026-09-09T12:51:58.8956209Z D/EGL_emulation( 2346): app_time_stats: avg=1979.03ms min=1979.03ms max=1979.03ms count=1
2026-09-09T12:52:01.2109865Z D/EGL_emulation( 2346): app_time_stats: avg=2166.30ms min=2166.30ms max=2166.30ms count=1
2026-09-09T12:52:01.2130141Z I/flutter ( 2346): [FluviDiagnostic] stage=BUDGET_HEADER_VALUE_BOUND scope=generation=0 plane=month targetHandle=0 modelBindVsyncMicros=764670689 displayNumeratorScaled100=0 displayDenominatorScaled100=66442707 hasLimit=true canonicalLimitScaled100=66442707 entryCount=- error=- message=-
2026-09-09T12:52:03.3359322Z D/EGL_emulation( 2346): app_time_stats: avg=2235.48ms min=2235.48ms max=2235.48ms count=1
2026-09-09T12:52:05.4591995Z D/EGL_emulation( 2346): app_time_stats: avg=329.41ms min=329.41ms max=329.41ms count=1
2026-09-09T12:52:05.4771485Z I/flutter ( 2346): [FluviDiagnostic] stage=BUDGET_HEADER_VALUE_BOUND scope=generation=0 plane=month targetHandle=0 modelBindVsyncMicros=769070689 displayNumeratorScaled100=0 displayDenominatorScaled100=66442707 hasLimit=true canonicalLimitScaled100=66442707 entryCount=- error=- message=-
2026-09-09T12:52:07.6001323Z D/EGL_emulation( 2346): app_time_stats: avg=2141.93ms min=2141.93ms max=2141.93ms count=1
2026-09-09T12:52:07.6179228Z I/flutter ( 2346): [FluviDiagnostic] stage=BUDGET_HEADER_VALUE_BOUND scope=generation=0 plane=month targetHandle=0 modelBindVsyncMicros=771220689 displayNumeratorScaled100=0 displayDenominatorScaled100=66442707 hasLimit=true canonicalLimitScaled100=66442707 entryCount=- error=- message=-
2026-09-09T12:52:09.6627318Z D/EGL_emulation( 2346): app_time_stats: avg=2058.47ms min=2058.47ms max=2058.47ms count=1
2026-09-09T12:52:11.6655914Z D/EGL_emulation( 2346): app_time_stats: avg=2006.03ms min=2006.03ms max=2006.03ms count=1
2026-09-09T12:52:11.6834570Z I/flutter ( 2346): [FluviDiagnostic] stage=BUDGET_HEADER_VALUE_BOUND scope=generation=0 plane=month targetHandle=0 modelBindVsyncMicros=775287356 displayNumeratorScaled100=0 displayDenominatorScaled100=66442707 hasLimit=true canonicalLimitScaled100=66442707 entryCount=- error=- message=-
2026-09-09T12:52:13.7999115Z D/EGL_emulation( 2346): app_time_stats: avg=2134.45ms min=2134.45ms max=2134.45ms count=1
2026-09-09T12:52:15.9418157Z D/EGL_emulation( 2346): app_time_stats: avg=2135.56ms min=2135.56ms max=2135.56ms count=1
2026-09-09T12:52:15.9558719Z I/flutter ( 2346): [FluviDiagnostic] stage=BUDGET_HEADER_VALUE_BOUND scope=generation=0 plane=month targetHandle=0 modelBindVsyncMicros=779554022 displayNumeratorScaled100=0 displayDenominatorScaled100=66442707 hasLimit=true canonicalLimitScaled100=66442707 entryCount=- error=- message=-
2026-09-09T12:52:17.9683723Z D/EGL_emulation( 2346): app_time_stats: avg=2024.88ms min=2024.88ms max=2024.88ms count=1
2026-09-09T12:52:19.9342046Z D/EGL_emulation( 2346): app_time_stats: avg=1969.54ms min=1969.54ms max=1969.54ms count=1
2026-09-09T12:52:22.0319895Z D/EGL_emulation( 2346): app_time_stats: avg=2101.44ms min=2101.44ms max=2101.44ms count=1
2026-09-09T12:52:24.1501743Z D/EGL_emulation( 2346): app_time_stats: avg=2117.34ms min=2117.34ms max=2117.34ms count=1
2026-09-09T12:52:24.1675190Z I/flutter ( 2346): [FluviDiagnostic] stage=BUDGET_HEADER_VALUE_BOUND scope=generation=0 plane=month targetHandle=0 modelBindVsyncMicros=787770688 displayNumeratorScaled100=0 displayDenominatorScaled100=66442707 hasLimit=true canonicalLimitScaled100=66442707 entryCount=- error=- message=-
2026-09-09T12:52:24.1678587Z I/flutter ( 2346): [FluviDiagnostic] stage=SCENE_WINDOW_PREPARE_STARTED scope=owner=foregroundNavigation priority=3 entryCount=48 error=- message=-
2026-09-09T12:52:24.1711176Z I/flutter ( 2346): [FluviDiagnostic] stage=SCENE_WINDOW_PREPARE_COMPLETED scope=owner=foregroundNavigation priority=3 entryCount=48 error=- message=uiIsolateMicros=599 largestContiguousUiSliceMicros=598 yields=1 richRowProjectionMicros=0 richFrameProjectionMicros=0 projectedUniqueRows=0 projectedFrames=0 reusedProjectedRows=0 reusedProjectedFrames=0 uniqueRowLayouts=48 reusedRowLayouts=48 newRowLayouts=0 sceneNew=0 sceneReuse=2 pauseCount=0 resumeCount=0 semanticsWork=0 rasterWork=0 allocationCount=0
2026-09-09T12:52:25.9581492Z I/flutter ( 2346): [PROFILE][SCENARIO_READY] C_year_month_rail_empty
2026-09-09T12:52:25.9582736Z I/flutter ( 2346): [PROFILE][SCENARIO_START] D_month_day_rail_94
2026-09-09T12:52:26.3179381Z D/EGL_emulation( 2346): app_time_stats: avg=2166.81ms min=2166.81ms max=2166.81ms count=1
2026-09-09T12:52:26.3334338Z I/flutter ( 2346): [FluviDiagnostic] stage=DASHBOARD_STARTUP_ATTEMPT_STARTED scope=attemptGeneration=1 stage=bootstrap entryCount=- error=- message=-
2026-09-09T12:52:26.3439520Z I/flutter ( 2346): [FluviDiagnostic] stage=READINESS_PHASE_ENTERED scope=- entryCount=- error=- message=databasePending
2026-09-09T12:52:26.3510655Z I/flutter ( 2346): [FluviDiagnostic] stage=READINESS_PHASE_ENTERED scope=- entryCount=- error=- message=indexBuilding
2026-09-09T12:52:26.3512528Z I/flutter ( 2346): [FluviDiagnostic] stage=READINESS_TASK_STARTED scope=- entryCount=- error=- message=viewportPayload
2026-09-09T12:52:26.4050056Z D/FluviDashboard( 2346): [FLOW][INDEX_BUILD_STARTED] INDEX_BUILD_STARTED flowId=- queryKey=- direction=- scope=generation=1 acquisitionReason=bootstrap requestIdentity=rev=2|income=income|periods:|categories:|partners:|refinements:min=,max=,hasNote=false|expense=expense|periods:|categories:|partners:|refinements:min=,max=,hasNote=false|page=24|window=2014-2038 revision=2 totalMinor=- entryCount=-
2026-09-09T12:52:26.6428916Z I/com.fluvi.app( 2346): Background concurrent mark compact GC freed 6499KB AllocSpace bytes, 3(140KB) LOS objects, 49% free, 3347KB/6695KB, paused 156us,1.785ms total 100.060ms
2026-09-09T12:52:26.9368603Z I/com.fluvi.app( 2346): Background concurrent mark compact GC freed 3728KB AllocSpace bytes, 0(0B) LOS objects, 49% free, 3683KB/7367KB, paused 3.045ms,20.913ms total 124.759ms
2026-09-09T12:52:27.5388576Z I/com.fluvi.app( 2346): Background concurrent mark compact GC freed 3840KB AllocSpace bytes, 0(0B) LOS objects, 49% free, 4311KB/8623KB, paused 2.047ms,5.507ms total 66.177ms
2026-09-09T12:52:28.2777174Z I/com.fluvi.app( 2346): Background concurrent mark compact GC freed 3408KB AllocSpace bytes, 0(0B) LOS objects, 49% free, 6083KB/11MB, paused 224us,4.466ms total 133.298ms
2026-09-09T12:52:28.4765365Z D/FluviDashboard( 2346): [FLOW][INDEX_BUILD_READY] INDEX_BUILD_READY flowId=- queryKey=- direction=- scope=generation=1 acquisitionReason=bootstrap requestIdentity=rev=2|income=income|periods:|categories:|partners:|refinements:min=,max=,hasNote=false|expense=expense|periods:|categories:|partners:|refinements:min=,max=,hasNote=false|page=24|window=2014-2038 sqlCalls=5 sqlMicros=1400168 frames=1012 rows=4304 payloadBytes=2175073 serializationMicros=100396 revision=2 totalMinor=- entryCount=-
2026-09-09T12:52:28.5776868Z I/com.fluvi.app( 2346): Background concurrent mark compact GC freed 1256KB AllocSpace bytes, 4(9308KB) LOS objects, 49% free, 9819KB/19MB, paused 75us,24.914ms total 101.118ms
2026-09-09T12:52:28.7337522Z D/EGL_emulation( 2346): app_time_stats: avg=2416.85ms min=2416.85ms max=2416.85ms count=1
2026-09-09T12:52:29.4542512Z D/FluviDashboard( 2346): [FLOW][FINANCIAL_LIMIT_SNAPSHOT_PREPARE_STARTED] FINANCIAL_LIMIT_SNAPSHOT_PREPARE_STARTED flowId=- queryKey=- direction=- scope=yearWindowStart=2014 yearWindowEnd=2038 revision=2 totalMinor=- entryCount=-
2026-09-09T12:52:29.5819596Z D/FluviDashboard( 2346): [FLOW][FINANCIAL_LIMIT_SNAPSHOT_READY] FINANCIAL_LIMIT_SNAPSHOT_READY flowId=- queryKey=- direction=- scope=incomeTargetCount=3 incomeCategoryCount=2 expenseTargetCount=9 expenseCategoryCount=8 periodSliceCount=326 payloadBytes=320072 sqlCalls=5 nativeSqlMicros=111978 revision=2 totalMinor=- entryCount=-
2026-09-09T12:52:29.5930645Z D/FluviDashboard( 2346): [FLOW][BUDGET_PARTNER_SNAPSHOT_PREPARE_STARTED] BUDGET_PARTNER_SNAPSHOT_PREPARE_STARTED flowId=- queryKey=- direction=- scope=yearWindowStart=2014 yearWindowEnd=2038 revision=2 totalMinor=- entryCount=-
2026-09-09T12:52:29.8058626Z D/EGL_emulation( 2346): app_time_stats: avg=200.25ms min=34.23ms max=275.15ms count=5
2026-09-09T12:52:29.9282368Z D/FluviDashboard( 2346): [FLOW][BUDGET_PARTNER_SNAPSHOT_READY] BUDGET_PARTNER_SNAPSHOT_READY flowId=- queryKey=- direction=- scope=incomePartnerCount=4 expensePartnerCount=23 periodSlices=326 payloadBytes=347027 sqlCalls=5 nativeSqlMicros=240344 revision=2 totalMinor=- entryCount=-
2026-09-09T12:52:29.9378530Z I/flutter ( 2346): [FluviDiagnostic] stage=READINESS_TASK_COMPLETED scope=- entryCount=- error=- message=viewportPayload
2026-09-09T12:52:29.9412768Z I/flutter ( 2346): [FluviDiagnostic] stage=READINESS_PHASE_ENTERED scope=- entryCount=- error=- message=presentationPreparing
2026-09-09T12:52:29.9478144Z I/flutter ( 2346): [FluviDiagnostic] stage=READINESS_TASK_STARTED scope=- entryCount=- error=- message=renderResources
2026-09-09T12:52:29.9494013Z I/flutter ( 2346): [FluviDiagnostic] stage=READINESS_TASK_COMPLETED scope=- entryCount=- error=- message=renderResources
2026-09-09T12:52:29.9507039Z I/flutter ( 2346): [FluviDiagnostic] stage=READINESS_PHASE_ENTERED scope=- entryCount=- error=- message=renderCriticalWarmup
2026-09-09T12:52:29.9534689Z I/flutter ( 2346): [FluviDiagnostic] stage=READINESS_TASK_STARTED scope=- entryCount=- error=- message=logBoxSurface
2026-09-09T12:52:29.9603191Z I/com.fluvi.app( 2346): Background concurrent mark compact GC freed 11MB AllocSpace bytes, 15(6436KB) LOS objects, 49% free, 6712KB/13MB, paused 172us,1.940ms total 177.826ms
2026-09-09T12:52:30.0499359Z I/flutter ( 2346): [FluviDiagnostic] stage=BUDGET_HEADER_VALUE_BOUND scope=generation=0 plane=day targetHandle=0 modelBindVsyncMicros=793654022 displayNumeratorScaled100=2839954 displayDenominatorScaled100=2778226 hasLimit=true canonicalLimitScaled100=86125000 entryCount=- error=- message=-
2026-09-09T12:52:30.0592493Z I/flutter ( 2346): [FluviDiagnostic] stage=HEADER_PORTAL_EFFECT_CATALOG_VERIFIED scope=- entryCount=- error=- message=innerOptionCount=5 backgroundOptionCount=5 sameOptions=true sameRenderer=false sameParameterSchema=true sameDefaults=true sameState=false sameClockSource=true
2026-09-09T12:52:30.0620010Z I/flutter ( 2346): [FluviDiagnostic] stage=BUDGET_HEADER_COOL_COLOR_BOUND scope=source=cool driver=userGlobal positionPct=50 windowWidthPct=28 leftRawPct=36.0 centerRawPct=50.0 rightRawPct=64.0 leftSamplePct=36.0 centerSamplePct=50.0 rightSamplePct=64.0 colorAArgb=4284604923 colorMidArgb=4279551457 colorBArgb=4278423754 settingsGeneration=0 entryCount=- error=- message=-
2026-09-09T12:52:30.0678949Z I/flutter ( 2346): [FluviDiagnostic] stage=READINESS_TASK_COMPLETED scope=- entryCount=- error=- message=logBoxSurface
2026-09-09T12:52:30.0737768Z I/flutter ( 2346): [FluviDiagnostic] stage=READINESS_TASK_STARTED scope=- entryCount=- error=- message=logBoxLayout
2026-09-09T12:52:30.0767778Z I/flutter ( 2346): [FluviDiagnostic] stage=READINESS_TASK_COMPLETED scope=- entryCount=- error=- message=logBoxLayout
2026-09-09T12:52:30.0798191Z I/flutter ( 2346): [FluviDiagnostic] stage=READINESS_TASK_STARTED scope=- entryCount=- error=- message=textLayoutSlots
2026-09-09T12:52:30.0810788Z I/flutter ( 2346): [FluviDiagnostic] stage=SCENE_WINDOW_PREPARE_STARTED scope=owner=renderCriticalReadiness priority=5 entryCount=130 error=- message=-
2026-09-09T12:52:30.0914172Z I/flutter ( 2346): [FluviDiagnostic] stage=HEADER_RENDER_BACKEND_BOUND scope=commitSha=a047e216803d3ac01d97b4d5ffd03842a1579db3 backend=fragmentShader logicalWidth=375.4757281553398 logicalHeight=123.8252427184466 devicePixelRatio=2.6260019651445416 physicalWidth=986.0 physicalHeight=326.0 backendIdentity=529134366 entryCount=- error=- message=-
2026-09-09T12:52:30.0921555Z I/flutter ( 2346): [FluviDiagnostic] stage=HEADER_PORTAL_INNER_CHANNEL_BOUND scope=enabled=true effectId=wandering-mist settingsGeneration=0 phaseOwnerIdentity=422201209 controllerIdentity=186949525 fragmentBackendIdentity=529134366 programIdentity=529134366 shaderIdentity=529134366 canonicalFieldStopCount=2 canonicalFieldStopHash=43d59ffd portalColorModel=paletteCoordinate inputSignature=1744ba5d entryCount=- error=- message=-
2026-09-09T12:52:30.0952504Z I/flutter ( 2346): [FluviDiagnostic] stage=HEADER_PORTAL_BACKGROUND_CHANNEL_BOUND scope=enabled=true effectId=wandering-mist settingsGeneration=0 phaseOwnerIdentity=422201209 controllerIdentity=186949525 fragmentBackendIdentity=529134366 programIdentity=529134366 shaderIdentity=529134366 canonicalFieldStopCount=2 canonicalFieldStopHash=43d59ffd portalColorModel=paletteCoordinate inputSignature=1744ba5d entryCount=- error=- message=-
2026-09-09T12:52:30.0961242Z I/flutter ( 2346): [FluviDiagnostic] stage=HEADER_PORTAL_FRAGMENT_INPUT_BOUND scope=innerEnabled=true innerEffect=wandering-mist innerSettingsHash=d6060b backgroundEnabled=true backgroundEffect=wandering-mist backgroundSettingsHash=d6060b uniformLayoutVersion=3 fragmentConfigurationGeneration=1 fragmentBackendIdentity=529134366 programIdentity=529134366 shaderIdentity=529134366 canonicalFieldStopCount=2 canonicalFieldStopHash=43d59ffd portalColorModel=paletteCoordinate entryCount=- error=- message=-
2026-09-09T12:52:30.0984772Z I/flutter ( 2346): [FluviDiagnostic] stage=HEADER_SHADER_READY scope=asset=shaders/dashboard_header_field.frag programIdentity=22724915 shaderIdentity=244453831 flutterVersion=3.41.4 rendererBackend=runtimeEffect engineBackend=notExposedByDart entryCount=- error=- message=-
2026-09-09T12:52:30.1233930Z I/flutter ( 2346): [FluviDiagnostic] stage=SCENE_WINDOW_ATOMIC_WORK_UNIT_OVER_BUDGET scope=workUnit=rowText:amount elapsedMicros=1452 budgetMicros=1000 entryCount=130 error=- message=-
2026-09-09T12:52:30.1269463Z I/flutter ( 2346): [FluviDiagnostic] stage=SCENE_WINDOW_SLICE_OVER_BUDGET scope=boundary=rowTextParagraph elapsedMicros=1963 budgetMicros=1000 entryCount=130 error=- message=-
2026-09-09T12:52:30.1284409Z I/flutter ( 2346): [FluviDiagnostic] stage=SCENE_WINDOW_ATOMIC_WORK_UNIT_OVER_BUDGET scope=workUnit=rowText:secondary elapsedMicros=2077 budgetMicros=1000 entryCount=130 error=- message=-
2026-09-09T12:52:30.1318919Z I/flutter ( 2346): [FluviDiagnostic] stage=SCENE_WINDOW_SLICE_OVER_BUDGET scope=boundary=rowText elapsedMicros=2375 budgetMicros=1000 entryCount=130 error=- message=-
2026-09-09T12:52:30.1338359Z I/flutter ( 2346): [FluviDiagnostic] stage=SCENE_WINDOW_ATOMIC_WORK_UNIT_OVER_BUDGET scope=workUnit=rowText:time elapsedMicros=3778 budgetMicros=1000 entryCount=130 error=- message=-
2026-09-09T12:52:30.1513539Z I/flutter ( 2346): [FluviDiagnostic] stage=SCENE_WINDOW_SLICE_OVER_BUDGET scope=boundary=dayHeader elapsedMicros=1046 budgetMicros=1000 entryCount=130 error=- message=-
2026-09-09T12:52:30.1553160Z I/flutter ( 2346): [FluviDiagnostic] stage=SCENE_WINDOW_ATOMIC_WORK_UNIT_OVER_BUDGET scope=workUnit=dayHeaderText elapsedMicros=2502 budgetMicros=1000 entryCount=130 error=- message=-
2026-09-09T12:52:30.1592701Z I/flutter ( 2346): [FluviDiagnostic] stage=SCENE_WINDOW_PREPARE_COMPLETED scope=owner=renderCriticalReadiness priority=5 entryCount=130 error=- message=uiIsolateMicros=44865 largestContiguousUiSliceMicros=4055 yields=68 richRowProjectionMicros=148 richFrameProjectionMicros=587 projectedUniqueRows=96 projectedFrames=38 reusedProjectedRows=30 reusedProjectedFrames=0 uniqueRowLayouts=100 reusedRowLayouts=0 newRowLayouts=100 sceneNew=39 sceneReuse=0 pauseCount=0 resumeCount=0 semanticsWork=0 rasterWork=0 allocationCount=170
2026-09-09T12:52:30.1618079Z I/flutter ( 2346): [FluviDiagnostic] stage=SCENE_WINDOW_PREPARE_STARTED scope=owner=liveInteractionResource priority=4 entryCount=130 error=- message=-
2026-09-09T12:52:30.1647904Z I/flutter ( 2346): [FluviDiagnostic] stage=READINESS_TASK_COMPLETED scope=- entryCount=- error=- message=textLayoutSlots
2026-09-09T12:52:30.1649607Z I/flutter ( 2346): [FluviDiagnostic] stage=READINESS_PHASE_ENTERED scope=- entryCount=- error=- message=ready
2026-09-09T12:52:30.1689291Z I/flutter ( 2346): [FluviDiagnostic] stage=DASHBOARD_STARTUP_READY scope=attemptGeneration=1 stage=ready readinessTask=- entryCount=- error=- message=-
2026-09-09T12:52:30.1707659Z I/flutter ( 2346): [FluviDiagnostic] stage=READINESS_READY scope=- entryCount=- error=- message=-
2026-09-09T12:52:30.1741800Z I/flutter ( 2346): [FluviDiagnostic] stage=SCENE_WINDOW_PREPARE_COMPLETED scope=owner=liveInteractionResource priority=4 entryCount=130 error=- message=uiIsolateMicros=1572 largestContiguousUiSliceMicros=574 yields=6 richRowProjectionMicros=0 richFrameProjectionMicros=0 projectedUniqueRows=0 projectedFrames=0 reusedProjectedRows=0 reusedProjectedFrames=0 uniqueRowLayouts=100 reusedRowLayouts=100 newRowLayouts=0 sceneNew=0 sceneReuse=39 pauseCount=0 resumeCount=0 semanticsWork=0 rasterWork=0 allocationCount=0
2026-09-09T12:52:30.3016512Z I/flutter ( 2346): [FluviDiagnostic] stage=SCENE_WINDOW_PREPARE_STARTED scope=owner=foregroundNavigation priority=3 entryCount=226 error=- message=-
2026-09-09T12:52:30.3062871Z I/flutter ( 2346): [FluviDiagnostic] stage=SCENE_WINDOW_ATOMIC_WORK_UNIT_OVER_BUDGET scope=workUnit=rowText:amount elapsedMicros=1204 budgetMicros=1000 entryCount=226 error=- message=-
2026-09-09T12:52:30.3078812Z I/flutter ( 2346): [FluviDiagnostic] stage=SCENE_WINDOW_SLICE_OVER_BUDGET scope=boundary=rowTextParagraph elapsedMicros=1636 budgetMicros=1000 entryCount=226 error=- message=-
2026-09-09T12:52:30.3107531Z I/flutter ( 2346): [FluviDiagnostic] stage=SCENE_WINDOW_ATOMIC_WORK_UNIT_OVER_BUDGET scope=workUnit=rowText:time elapsedMicros=1928 budgetMicros=1000 entryCount=226 error=- message=-
2026-09-09T12:52:30.3110473Z I/flutter ( 2346): [FluviDiagnostic] stage=SCENE_WINDOW_ATOMIC_WORK_UNIT_OVER_BUDGET scope=workUnit=dayHeaderText elapsedMicros=2208 budgetMicros=1000 entryCount=226 error=- message=-
2026-09-09T12:52:30.3138459Z I/flutter ( 2346): [FluviDiagnostic] stage=SCENE_WINDOW_SLICE_OVER_BUDGET scope=boundary=dayHeader elapsedMicros=2596 budgetMicros=1000 entryCount=226 error=- message=-
2026-09-09T12:52:30.3168373Z I/flutter ( 2346): [FluviDiagnostic] stage=SCENE_WINDOW_SLICE_OVER_BUDGET scope=boundary=resourceLease elapsedMicros=1284 budgetMicros=1000 entryCount=226 error=- message=-
2026-09-09T12:52:30.3217106Z I/flutter ( 2346): [FluviDiagnostic] stage=SCENE_WINDOW_PREPARE_COMPLETED scope=owner=foregroundNavigation priority=3 entryCount=226 error=- message=uiIsolateMicros=13701 largestContiguousUiSliceMicros=3322 yields=18 richRowProjectionMicros=25 richFrameProjectionMicros=407 projectedUniqueRows=18 projectedFrames=4 reusedProjectedRows=78 reusedProjectedFrames=0 uniqueRowLayouts=118 reusedRowLayouts=100 newRowLayouts=18 sceneNew=4 sceneReuse=39 pauseCount=0 resumeCount=0 semanticsWork=0 rasterWork=0 allocationCount=40
2026-09-09T12:52:30.3228035Z I/flutter ( 2346): [FluviDiagnostic] stage=SUMMARY_PARENT_HOTSET_PREPARE_STARTED scope=- entryCount=130 error=- message=-
2026-09-09T12:52:30.3257186Z I/flutter ( 2346): [FluviDiagnostic] stage=SCENE_WINDOW_PREPARE_STARTED scope=owner=speculativeMaintenance priority=1 entryCount=130 error=- message=-
2026-09-09T12:52:30.3518268Z I/flutter ( 2346): [FluviDiagnostic] stage=SCENE_WINDOW_SLICE_OVER_BUDGET scope=boundary=rowDiscovery elapsedMicros=35362 budgetMicros=1000 entryCount=130 error=- message=-
2026-09-09T12:52:30.3598467Z I/flutter ( 2346): [FluviDiagnostic] stage=SCENE_WINDOW_ATOMIC_WORK_UNIT_OVER_BUDGET scope=workUnit=rowText:amount elapsedMicros=3301 budgetMicros=1000 entryCount=130 error=- message=-
2026-09-09T12:52:30.3628411Z I/flutter ( 2346): [FluviDiagnostic] stage=SCENE_WINDOW_SLICE_OVER_BUDGET scope=boundary=rowTextParagraph elapsedMicros=3479 budgetMicros=1000 entryCount=130 error=- message=-
2026-09-09T12:52:30.3657690Z I/flutter ( 2346): [FluviDiagnostic] stage=SCENE_WINDOW_ATOMIC_WORK_UNIT_OVER_BUDGET scope=workUnit=rowText:time elapsedMicros=1913 budgetMicros=1000 entryCount=130 error=- message=-
2026-09-09T12:52:30.3707523Z I/flutter ( 2346): [FluviDiagnostic] stage=SCENE_WINDOW_SLICE_OVER_BUDGET scope=boundary=dayHeader elapsedMicros=1025 budgetMicros=1000 entryCount=130 error=- message=-
2026-09-09T12:52:30.3751223Z I/flutter ( 2346): [FluviDiagnostic] stage=SCENE_WINDOW_PREPARE_COMPLETED scope=owner=speculativeMaintenance priority=1 entryCount=130 error=- message=uiIsolateMicros=58395 largestContiguousUiSliceMicros=35362 yields=61 richRowProjectionMicros=120 richFrameProjectionMicros=464 projectedUniqueRows=94 projectedFrames=30 reusedProjectedRows=36 reusedProjectedFrames=0 uniqueRowLayouts=100 reusedRowLayouts=6 newRowLayouts=94 sceneNew=30 sceneReuse=0 pauseCount=0 resumeCount=0 semanticsWork=0 rasterWork=0 allocationCount=140
2026-09-09T12:52:30.3778433Z I/flutter ( 2346): [FluviDiagnostic] stage=SUMMARY_PARENT_HOTSET_PREPARE_READY scope=- entryCount=130 error=- message=-
2026-09-09T12:52:30.3804952Z I/flutter ( 2346): [FluviDiagnostic] stage=SUMMARY_PARENT_HOTSET_PREPARE_STARTED scope=- entryCount=0 error=- message=-
2026-09-09T12:52:30.3837976Z I/flutter ( 2346): [FluviDiagnostic] stage=SUMMARY_PARENT_HOTSET_PREPARE_READY scope=- entryCount=0 error=- message=-
2026-09-09T12:52:30.3850763Z I/flutter ( 2346): [FluviDiagnostic] stage=HEADER_RENDER_FIDELITY_CONFIG scope=outputResolutionMode=nativeSurface fieldEvaluationMode=perFragment logicalWidth=375.4757281553398 logicalHeight=123.8252427184466 physicalWidth=986.0 physicalHeight=326.0 sourceRenderScale=0.6 effectId=dualTide backend=fragmentShader physicalTarget=986.0x326.0 parentTransformScale=notObservableInCanvas touchOverlayBackend=fragmentShaderAnalytic shaderFailureFallback=nativeStaticGradient shaderReady=true shaderFailure=false entryCount=- error=- message=-
2026-09-09T12:52:30.3899919Z I/flutter ( 2346): [FluviDiagnostic] stage=HEADER_TOUCH_RENDER_PATH_BOUND scope=fieldBackend=fragmentShader overlayBackend=fragmentShaderAnalytic trailBackend=fragmentShaderAnalytic logicalSize=375.4757281553398x123.8252427184466 physicalSize=986.0x326.0 usesSaveLayer=false usesOffscreenIntermediate=false entryCount=- error=- message=-
2026-09-09T12:52:30.3930609Z I/flutter ( 2346): [FluviDiagnostic] stage=HEADER_PORTAL_INNER_CHANNEL_BOUND scope=enabled=true effectId=wandering-mist settingsGeneration=0 phaseOwnerIdentity=422201209 controllerIdentity=186949525 fragmentBackendIdentity=529134366 programIdentity=22724915 shaderIdentity=244453831 canonicalFieldStopCount=2 canonicalFieldStopHash=43d59ffd portalColorModel=paletteCoordinate inputSignature=9b5f13a entryCount=- error=- message=-
2026-09-09T12:52:30.3937497Z I/flutter ( 2346): [FluviDiagnostic] stage=HEADER_PORTAL_BACKGROUND_CHANNEL_BOUND scope=enabled=true effectId=wandering-mist settingsGeneration=0 phaseOwnerIdentity=422201209 controllerIdentity=186949525 fragmentBackendIdentity=529134366 programIdentity=22724915 shaderIdentity=244453831 canonicalFieldStopCount=2 canonicalFieldStopHash=43d59ffd portalColorModel=paletteCoordinate inputSignature=9b5f13a entryCount=- error=- message=-
2026-09-09T12:52:30.3963652Z I/flutter ( 2346): [FluviDiagnostic] stage=HEADER_PORTAL_FRAGMENT_INPUT_BOUND scope=innerEnabled=true innerEffect=wandering-mist innerSettingsHash=d6060b backgroundEnabled=true backgroundEffect=wandering-mist backgroundSettingsHash=d6060b uniformLayoutVersion=3 fragmentConfigurationGeneration=2 fragmentBackendIdentity=529134366 programIdentity=22724915 shaderIdentity=244453831 canonicalFieldStopCount=2 canonicalFieldStopHash=43d59ffd portalColorModel=paletteCoordinate entryCount=- error=- message=-
2026-09-09T12:52:30.4007467Z I/flutter ( 2346): [PROFILE][SCENARIO_PREPARED] D_month_day_rail_94 plane=month
2026-09-09T12:52:30.4037342Z I/flutter ( 2346): [PROFILE][SCENARIO_STABLE] D_month_day_rail_94
2026-09-09T12:52:30.9796206Z D/EGL_emulation( 2346): app_time_stats: avg=251.23ms min=186.54ms max=364.20ms count=4
2026-09-09T12:52:32.8907106Z D/EGL_emulation( 2346): app_time_stats: avg=1909.53ms min=1909.53ms max=1909.53ms count=1
2026-09-09T12:52:34.7718423Z D/EGL_emulation( 2346): app_time_stats: avg=1881.73ms min=1881.73ms max=1881.73ms count=1
2026-09-09T12:52:34.7928566Z I/flutter ( 2346): [FluviDiagnostic] stage=BUDGET_HEADER_VALUE_BOUND scope=generation=0 plane=day targetHandle=0 modelBindVsyncMicros=798387355 displayNumeratorScaled100=2839954 displayDenominatorScaled100=2778226 hasLimit=true canonicalLimitScaled100=86125000 entryCount=- error=- message=-
2026-09-09T12:52:37.2908980Z D/EGL_emulation( 2346): app_time_stats: avg=2520.09ms min=2520.09ms max=2520.09ms count=1
2026-09-09T12:52:39.2550831Z D/EGL_emulation( 2346): app_time_stats: avg=166.45ms min=166.45ms max=166.45ms count=1
2026-09-09T12:52:41.1193956Z I/flutter ( 2346): [FluviDiagnostic] stage=BUDGET_HEADER_VALUE_BOUND scope=generation=0 plane=day targetHandle=0 modelBindVsyncMicros=804687354 displayNumeratorScaled100=2839954 displayDenominatorScaled100=2778226 hasLimit=true canonicalLimitScaled100=86125000 entryCount=- error=- message=-
2026-09-09T12:52:41.2395138Z D/EGL_emulation( 2346): app_time_stats: avg=178.02ms min=178.02ms max=178.02ms count=1
2026-09-09T12:52:43.2514635Z I/flutter ( 2346): [FluviDiagnostic] stage=BUDGET_HEADER_VALUE_BOUND scope=generation=0 plane=day targetHandle=0 modelBindVsyncMicros=806854021 displayNumeratorScaled100=2839954 displayDenominatorScaled100=2778226 hasLimit=true canonicalLimitScaled100=86125000 entryCount=- error=- message=-
2026-09-09T12:52:43.4182619Z D/EGL_emulation( 2346): app_time_stats: avg=187.20ms min=187.20ms max=187.20ms count=1
2026-09-09T12:52:45.3101068Z D/EGL_emulation( 2346): app_time_stats: avg=160.55ms min=160.55ms max=160.55ms count=1
2026-09-09T12:52:47.2470396Z I/flutter ( 2346): [FluviDiagnostic] stage=BUDGET_HEADER_VALUE_BOUND scope=generation=0 plane=day targetHandle=0 modelBindVsyncMicros=810854021 displayNumeratorScaled100=2839954 displayDenominatorScaled100=2778226 hasLimit=true canonicalLimitScaled100=86125000 entryCount=- error=- message=-
2026-09-09T12:52:47.4078832Z D/EGL_emulation( 2346): app_time_stats: avg=170.18ms min=170.18ms max=170.18ms count=1
2026-09-09T12:52:49.4601243Z D/EGL_emulation( 2346): app_time_stats: avg=161.96ms min=161.96ms max=161.96ms count=1
2026-09-09T12:52:51.4109574Z I/flutter ( 2346): [FluviDiagnostic] stage=BUDGET_HEADER_VALUE_BOUND scope=generation=0 plane=day targetHandle=0 modelBindVsyncMicros=814987354 displayNumeratorScaled100=2839954 displayDenominatorScaled100=2778226 hasLimit=true canonicalLimitScaled100=86125000 entryCount=- error=- message=-
2026-09-09T12:52:51.5392084Z D/EGL_emulation( 2346): app_time_stats: avg=168.29ms min=168.29ms max=168.29ms count=1
2026-09-09T12:52:53.8774412Z D/EGL_emulation( 2346): app_time_stats: avg=402.96ms min=402.96ms max=402.96ms count=1
2026-09-09T12:52:55.6468484Z D/EGL_emulation( 2346): app_time_stats: avg=1766.17ms min=1766.17ms max=1766.17ms count=1
2026-09-09T12:52:57.6950159Z D/EGL_emulation( 2346): app_time_stats: avg=2050.65ms min=2050.65ms max=2050.65ms count=1
2026-09-09T12:52:57.7155744Z I/flutter ( 2346): [FluviDiagnostic] stage=BUDGET_HEADER_VALUE_BOUND scope=generation=0 plane=day targetHandle=0 modelBindVsyncMicros=821304020 displayNumeratorScaled100=2839954 displayDenominatorScaled100=2778226 hasLimit=true canonicalLimitScaled100=86125000 entryCount=- error=- message=-
2026-09-09T12:52:59.5939804Z D/EGL_emulation( 2346): app_time_stats: avg=1898.75ms min=1898.75ms max=1898.75ms count=1
2026-09-09T12:52:59.6121555Z I/flutter ( 2346): [FluviDiagnostic] stage=BUDGET_HEADER_VALUE_BOUND scope=generation=0 plane=day targetHandle=0 modelBindVsyncMicros=823204020 displayNumeratorScaled100=2839954 displayDenominatorScaled100=2778226 hasLimit=true canonicalLimitScaled100=86125000 entryCount=- error=- message=-
2026-09-09T12:53:01.9972978Z D/EGL_emulation( 2346): app_time_stats: avg=2405.51ms min=2405.51ms max=2405.51ms count=1
2026-09-09T12:53:04.4189823Z D/EGL_emulation( 2346): app_time_stats: avg=2422.23ms min=2422.23ms max=2422.23ms count=1
2026-09-09T12:53:06.4050282Z I/flutter ( 2346): [FluviDiagnostic] stage=BUDGET_HEADER_VALUE_BOUND scope=generation=0 plane=day targetHandle=0 modelBindVsyncMicros=829987353 displayNumeratorScaled100=2839954 displayDenominatorScaled100=2778226 hasLimit=true canonicalLimitScaled100=86125000 entryCount=- error=- message=-
2026-09-09T12:53:06.7652357Z D/EGL_emulation( 2346): app_time_stats: avg=403.51ms min=403.51ms max=403.51ms count=1
2026-09-09T12:53:06.7882316Z I/flutter ( 2346): [FluviDiagnostic] stage=BUDGET_HEADER_VALUE_BOUND scope=generation=0 plane=day targetHandle=0 modelBindVsyncMicros=830387353 displayNumeratorScaled100=2839954 displayDenominatorScaled100=2778226 hasLimit=true canonicalLimitScaled100=86125000 entryCount=- error=- message=-
2026-09-09T12:53:08.9153137Z D/EGL_emulation( 2346): app_time_stats: avg=2145.62ms min=2145.62ms max=2145.62ms count=1
2026-09-09T12:53:11.0896902Z D/EGL_emulation( 2346): app_time_stats: avg=2173.52ms min=2173.52ms max=2173.52ms count=1
2026-09-09T12:53:11.0978240Z I/flutter ( 2346): [FluviDiagnostic] stage=BUDGET_HEADER_VALUE_BOUND scope=generation=0 plane=day targetHandle=0 modelBindVsyncMicros=834704020 displayNumeratorScaled100=2839954 displayDenominatorScaled100=2778226 hasLimit=true canonicalLimitScaled100=86125000 entryCount=- error=- message=-
2026-09-09T12:53:13.1765587Z D/EGL_emulation( 2346): app_time_stats: avg=2092.72ms min=2092.72ms max=2092.72ms count=1
2026-09-09T12:53:15.3021784Z D/EGL_emulation( 2346): app_time_stats: avg=2117.54ms min=2117.54ms max=2117.54ms count=1
2026-09-09T12:53:15.3181181Z I/flutter ( 2346): [FluviDiagnostic] stage=BUDGET_HEADER_VALUE_BOUND scope=generation=0 plane=day targetHandle=0 modelBindVsyncMicros=838920686 displayNumeratorScaled100=2839954 displayDenominatorScaled100=2778226 hasLimit=true canonicalLimitScaled100=86125000 entryCount=- error=- message=-
2026-09-09T12:53:17.3738572Z D/EGL_emulation( 2346): app_time_stats: avg=2057.18ms min=2057.18ms max=2057.18ms count=1
2026-09-09T12:53:19.5494504Z D/EGL_emulation( 2346): app_time_stats: avg=194.57ms min=194.57ms max=194.57ms count=1
2026-09-09T12:53:21.4940992Z D/EGL_emulation( 2346): app_time_stats: avg=1944.62ms min=1944.62ms max=1944.62ms count=1
2026-09-09T12:53:23.5911596Z D/EGL_emulation( 2346): app_time_stats: avg=185.25ms min=185.25ms max=185.25ms count=1
2026-09-09T12:53:25.4750477Z I/flutter ( 2346): [FluviDiagnostic] stage=BUDGET_HEADER_VALUE_BOUND scope=generation=0 plane=day targetHandle=0 modelBindVsyncMicros=849054019 displayNumeratorScaled100=2839954 displayDenominatorScaled100=2778226 hasLimit=true canonicalLimitScaled100=86125000 entryCount=- error=- message=-
2026-09-09T12:53:25.6234339Z D/EGL_emulation( 2346): app_time_stats: avg=180.51ms min=180.51ms max=180.51ms count=1
2026-09-09T12:53:27.4860755Z I/flutter ( 2346): [FluviDiagnostic] stage=BUDGET_HEADER_VALUE_BOUND scope=generation=0 plane=day targetHandle=0 modelBindVsyncMicros=851087353 displayNumeratorScaled100=2839954 displayDenominatorScaled100=2778226 hasLimit=true canonicalLimitScaled100=86125000 entryCount=- error=- message=-
2026-09-09T12:53:27.8734661Z D/EGL_emulation( 2346): app_time_stats: avg=392.43ms min=392.43ms max=392.43ms count=1
2026-09-09T12:53:29.9330242Z D/EGL_emulation( 2346): app_time_stats: avg=2062.52ms min=2062.52ms max=2062.52ms count=1
2026-09-09T12:53:29.9498560Z I/flutter ( 2346): [FluviDiagnostic] stage=BUDGET_HEADER_VALUE_BOUND scope=generation=0 plane=day targetHandle=0 modelBindVsyncMicros=853554019 displayNumeratorScaled100=2839954 displayDenominatorScaled100=2778226 hasLimit=true canonicalLimitScaled100=86125000 entryCount=- error=- message=-
2026-09-09T12:53:31.9180340Z D/EGL_emulation( 2346): app_time_stats: avg=1982.20ms min=1982.20ms max=1982.20ms count=1
2026-09-09T12:53:31.9415393Z I/flutter ( 2346): [FluviDiagnostic] stage=BUDGET_HEADER_VALUE_BOUND scope=generation=0 plane=day targetHandle=0 modelBindVsyncMicros=855537352 displayNumeratorScaled100=2839954 displayDenominatorScaled100=2778226 hasLimit=true canonicalLimitScaled100=86125000 entryCount=- error=- message=-
2026-09-09T12:53:33.9744493Z D/EGL_emulation( 2346): app_time_stats: avg=2058.71ms min=2058.71ms max=2058.71ms count=1
2026-09-09T12:53:36.0065957Z D/EGL_emulation( 2346): app_time_stats: avg=2031.30ms min=2031.30ms max=2031.30ms count=1
2026-09-09T12:53:36.0151322Z I/flutter ( 2346): [FluviDiagnostic] stage=BUDGET_HEADER_VALUE_BOUND scope=generation=0 plane=day targetHandle=0 modelBindVsyncMicros=859620686 displayNumeratorScaled100=2839954 displayDenominatorScaled100=2778226 hasLimit=true canonicalLimitScaled100=86125000 entryCount=- error=- message=-
2026-09-09T12:53:38.1712749Z D/EGL_emulation( 2346): app_time_stats: avg=2161.25ms min=2161.25ms max=2161.25ms count=1
2026-09-09T12:53:40.2601453Z D/EGL_emulation( 2346): app_time_stats: avg=2092.97ms min=2092.97ms max=2092.97ms count=1
2026-09-09T12:53:40.2666579Z I/flutter ( 2346): [FluviDiagnostic] stage=BUDGET_HEADER_VALUE_BOUND scope=generation=0 plane=day targetHandle=0 modelBindVsyncMicros=863870685 displayNumeratorScaled100=2839954 displayDenominatorScaled100=2778226 hasLimit=true canonicalLimitScaled100=86125000 entryCount=- error=- message=-
2026-09-09T12:53:42.3863549Z D/EGL_emulation( 2346): app_time_stats: avg=2125.77ms min=2125.77ms max=2125.77ms count=1
2026-09-09T12:53:44.5513176Z D/EGL_emulation( 2346): app_time_stats: avg=2164.42ms min=2164.42ms max=2164.42ms count=1
2026-09-09T12:53:46.6735007Z D/EGL_emulation( 2346): app_time_stats: avg=2118.79ms min=2118.79ms max=2118.79ms count=1
2026-09-09T12:53:48.6961132Z D/EGL_emulation( 2346): app_time_stats: avg=2027.06ms min=2027.06ms max=2027.06ms count=1
2026-09-09T12:53:48.7266162Z I/flutter ( 2346): [FluviDiagnostic] stage=BUDGET_HEADER_VALUE_BOUND scope=generation=0 plane=day targetHandle=0 modelBindVsyncMicros=872320685 displayNumeratorScaled100=2839954 displayDenominatorScaled100=2778226 hasLimit=true canonicalLimitScaled100=86125000 entryCount=- error=- message=-
2026-09-09T12:53:50.8570726Z D/EGL_emulation( 2346): app_time_stats: avg=2155.42ms min=2155.42ms max=2155.42ms count=1
2026-09-09T12:53:50.8910137Z I/flutter ( 2346): [FluviDiagnostic] stage=BUDGET_HEADER_VALUE_BOUND scope=generation=0 plane=day targetHandle=0 modelBindVsyncMicros=874470685 displayNumeratorScaled100=2839954 displayDenominatorScaled100=2778226 hasLimit=true canonicalLimitScaled100=86125000 entryCount=- error=- message=-
2026-09-09T12:53:52.8517547Z D/EGL_emulation( 2346): app_time_stats: avg=1989.54ms min=1989.54ms max=1989.54ms count=1
2026-09-09T12:53:55.4397983Z D/EGL_emulation( 2346): app_time_stats: avg=2597.30ms min=2597.30ms max=2597.30ms count=1
2026-09-09T12:53:57.4150845Z I/flutter ( 2346): [FluviDiagnostic] stage=BUDGET_HEADER_VALUE_BOUND scope=generation=0 plane=day targetHandle=0 modelBindVsyncMicros=881004018 displayNumeratorScaled100=2839954 displayDenominatorScaled100=2778226 hasLimit=true canonicalLimitScaled100=86125000 entryCount=- error=- message=-
2026-09-09T12:53:57.5732741Z D/EGL_emulation( 2346): app_time_stats: avg=189.99ms min=189.99ms max=189.99ms count=1
2026-09-09T12:53:59.5660198Z I/flutter ( 2346): [FluviDiagnostic] stage=BUDGET_HEADER_VALUE_BOUND scope=generation=0 plane=day targetHandle=0 modelBindVsyncMicros=883154018 displayNumeratorScaled100=2839954 displayDenominatorScaled100=2778226 hasLimit=true canonicalLimitScaled100=86125000 entryCount=- error=- message=-
2026-09-09T12:53:59.7245161Z D/EGL_emulation( 2346): app_time_stats: avg=191.60ms min=191.60ms max=191.60ms count=1
2026-09-09T12:54:02.4801465Z D/EGL_emulation( 2346): app_time_stats: avg=603.94ms min=603.94ms max=603.94ms count=1
2026-09-09T12:54:02.4829538Z I/flutter ( 2346): [FluviDiagnostic] stage=BUDGET_HEADER_VALUE_BOUND scope=generation=0 plane=day targetHandle=0 modelBindVsyncMicros=886087351 displayNumeratorScaled100=2839954 displayDenominatorScaled100=2778226 hasLimit=true canonicalLimitScaled100=86125000 entryCount=- error=- message=-
2026-09-09T12:54:04.5698546Z D/EGL_emulation( 2346): app_time_stats: avg=2077.74ms min=2077.74ms max=2077.74ms count=1
2026-09-09T12:54:06.6478099Z D/EGL_emulation( 2346): app_time_stats: avg=2092.64ms min=2092.64ms max=2092.64ms count=1
2026-09-09T12:54:06.6734370Z I/flutter ( 2346): [FluviDiagnostic] stage=BUDGET_HEADER_VALUE_BOUND scope=generation=0 plane=day targetHandle=0 modelBindVsyncMicros=890270684 displayNumeratorScaled100=2839954 displayDenominatorScaled100=2778226 hasLimit=true canonicalLimitScaled100=86125000 entryCount=- error=- message=-
2026-09-09T12:54:08.8143093Z D/EGL_emulation( 2346): app_time_stats: avg=2147.68ms min=2147.68ms max=2147.68ms count=1
2026-09-09T12:54:10.9685392Z D/EGL_emulation( 2346): app_time_stats: avg=2173.06ms min=2173.06ms max=2173.06ms count=1
2026-09-09T12:54:13.0398361Z D/EGL_emulation( 2346): app_time_stats: avg=2065.83ms min=2065.83ms max=2065.83ms count=1
2026-09-09T12:54:15.1338206Z D/EGL_emulation( 2346): app_time_stats: avg=2098.49ms min=2098.49ms max=2098.49ms count=1
2026-09-09T12:54:15.1678261Z I/flutter ( 2346): [FluviDiagnostic] stage=BUDGET_HEADER_VALUE_BOUND scope=generation=0 plane=day targetHandle=0 modelBindVsyncMicros=898754017 displayNumeratorScaled100=2839954 displayDenominatorScaled100=2778226 hasLimit=true canonicalLimitScaled100=86125000 entryCount=- error=- message=-
2026-09-09T12:54:17.2615302Z D/EGL_emulation( 2346): app_time_stats: avg=2128.26ms min=2128.26ms max=2128.26ms count=1
2026-09-09T12:54:17.2919712Z I/flutter ( 2346): [FluviDiagnostic] stage=BUDGET_HEADER_VALUE_BOUND scope=generation=0 plane=day targetHandle=0 modelBindVsyncMicros=900887351 displayNumeratorScaled100=2839954 displayDenominatorScaled100=2778226 hasLimit=true canonicalLimitScaled100=86125000 entryCount=- error=- message=-
2026-09-09T12:54:19.3618587Z D/EGL_emulation( 2346): app_time_stats: avg=2094.40ms min=2094.40ms max=2094.40ms count=1
2026-09-09T12:54:21.5016257Z D/EGL_emulation( 2346): app_time_stats: avg=2143.85ms min=2143.85ms max=2143.85ms count=1
2026-09-09T12:54:21.5169780Z I/flutter ( 2346): [FluviDiagnostic] stage=BUDGET_HEADER_VALUE_BOUND scope=generation=0 plane=day targetHandle=0 modelBindVsyncMicros=905120684 displayNumeratorScaled100=2839954 displayDenominatorScaled100=2778226 hasLimit=true canonicalLimitScaled100=86125000 entryCount=- error=- message=-
2026-09-09T12:54:23.5339458Z D/EGL_emulation( 2346): app_time_stats: avg=2033.82ms min=2033.82ms max=2033.82ms count=1
2026-09-09T12:54:23.5523223Z I/flutter ( 2346): [FluviDiagnostic] stage=BUDGET_HEADER_VALUE_BOUND scope=generation=0 plane=day targetHandle=0 modelBindVsyncMicros=907154017 displayNumeratorScaled100=2839954 displayDenominatorScaled100=2778226 hasLimit=true canonicalLimitScaled100=86125000 entryCount=- error=- message=-
2026-09-09T12:54:25.6663918Z D/EGL_emulation( 2346): app_time_stats: avg=2131.71ms min=2131.71ms max=2131.71ms count=1
2026-09-09T12:54:27.8279156Z D/EGL_emulation( 2346): app_time_stats: avg=2161.59ms min=2161.59ms max=2161.59ms count=1
2026-09-09T12:54:27.8600163Z I/flutter ( 2346): [FluviDiagnostic] stage=BUDGET_HEADER_VALUE_BOUND scope=generation=0 plane=day targetHandle=0 modelBindVsyncMicros=911437350 displayNumeratorScaled100=2839954 displayDenominatorScaled100=2778226 hasLimit=true canonicalLimitScaled100=86125000 entryCount=- error=- message=-
2026-09-09T12:54:29.9522332Z D/EGL_emulation( 2346): app_time_stats: avg=2122.29ms min=2122.29ms max=2122.29ms count=1
2026-09-09T12:54:32.1381929Z D/EGL_emulation( 2346): app_time_stats: avg=2188.26ms min=2188.26ms max=2188.26ms count=1
2026-09-09T12:54:32.1471709Z I/flutter ( 2346): [FluviDiagnostic] stage=BUDGET_HEADER_VALUE_BOUND scope=generation=0 plane=day targetHandle=0 modelBindVsyncMicros=915754017 displayNumeratorScaled100=2839954 displayDenominatorScaled100=2778226 hasLimit=true canonicalLimitScaled100=86125000 entryCount=- error=- message=-
2026-09-09T12:54:34.3378396Z D/EGL_emulation( 2346): app_time_stats: avg=2199.95ms min=2199.95ms max=2199.95ms count=1
2026-09-09T12:54:36.5015069Z D/EGL_emulation( 2346): app_time_stats: avg=2163.43ms min=2163.43ms max=2163.43ms count=1
2026-09-09T12:54:38.7812043Z D/EGL_emulation( 2346): app_time_stats: avg=2277.02ms min=2277.02ms max=2277.02ms count=1
2026-09-09T12:54:40.7511245Z D/EGL_emulation( 2346): app_time_stats: avg=1969.58ms min=1969.58ms max=1969.58ms count=1
2026-09-09T12:54:40.7800273Z I/flutter ( 2346): [FluviDiagnostic] stage=BUDGET_HEADER_VALUE_BOUND scope=generation=0 plane=day targetHandle=0 modelBindVsyncMicros=924370683 displayNumeratorScaled100=2839954 displayDenominatorScaled100=2778226 hasLimit=true canonicalLimitScaled100=86125000 entryCount=- error=- message=-
2026-09-09T12:54:42.6774967Z D/EGL_emulation( 2346): app_time_stats: avg=1925.13ms min=1925.13ms max=1925.13ms count=1
2026-09-09T12:54:42.7080798Z I/flutter ( 2346): [FluviDiagnostic] stage=BUDGET_HEADER_VALUE_BOUND scope=generation=0 plane=day targetHandle=0 modelBindVsyncMicros=926287350 displayNumeratorScaled100=2839954 displayDenominatorScaled100=2778226 hasLimit=true canonicalLimitScaled100=86125000 entryCount=- error=- message=-
2026-09-09T12:54:44.8228437Z D/EGL_emulation( 2346): app_time_stats: avg=2144.58ms min=2144.58ms max=2144.58ms count=1
2026-09-09T12:54:46.8226457Z D/EGL_emulation( 2346): app_time_stats: avg=2001.97ms min=2001.97ms max=2001.97ms count=1
2026-09-09T12:54:46.8359898Z I/flutter ( 2346): [FluviDiagnostic] stage=BUDGET_HEADER_VALUE_BOUND scope=generation=0 plane=day targetHandle=0 modelBindVsyncMicros=930437349 displayNumeratorScaled100=2839954 displayDenominatorScaled100=2778226 hasLimit=true canonicalLimitScaled100=86125000 entryCount=- error=- message=-
2026-09-09T12:54:48.9089036Z D/EGL_emulation( 2346): app_time_stats: avg=2083.85ms min=2083.85ms max=2083.85ms count=1
2026-09-09T12:54:48.9141744Z I/flutter ( 2346): [FluviDiagnostic] stage=BUDGET_HEADER_VALUE_BOUND scope=generation=0 plane=day targetHandle=0 modelBindVsyncMicros=932520683 displayNumeratorScaled100=2839954 displayDenominatorScaled100=2778226 hasLimit=true canonicalLimitScaled100=86125000 entryCount=- error=- message=-
2026-09-09T12:54:50.8861576Z D/EGL_emulation( 2346): app_time_stats: avg=1981.01ms min=1981.01ms max=1981.01ms count=1
2026-09-09T12:54:52.9118411Z D/EGL_emulation( 2346): app_time_stats: avg=2020.79ms min=2020.79ms max=2020.79ms count=1
2026-09-09T12:54:52.9320317Z I/flutter ( 2346): [FluviDiagnostic] stage=BUDGET_HEADER_VALUE_BOUND scope=generation=0 plane=day targetHandle=0 modelBindVsyncMicros=936520683 displayNumeratorScaled100=2839954 displayDenominatorScaled100=2778226 hasLimit=true canonicalLimitScaled100=86125000 entryCount=- error=- message=-
2026-09-09T12:54:55.0838276Z D/EGL_emulation( 2346): app_time_stats: avg=2173.98ms min=2173.98ms max=2173.98ms count=1
2026-09-09T12:54:57.1572483Z D/EGL_emulation( 2346): app_time_stats: avg=2075.17ms min=2075.17ms max=2075.17ms count=1
2026-09-09T12:54:57.1651111Z I/flutter ( 2346): [FluviDiagnostic] stage=BUDGET_HEADER_VALUE_BOUND scope=generation=0 plane=day targetHandle=0 modelBindVsyncMicros=940770682 displayNumeratorScaled100=2839954 displayDenominatorScaled100=2778226 hasLimit=true canonicalLimitScaled100=86125000 entryCount=- error=- message=-
2026-09-09T12:54:59.1173717Z D/EGL_emulation( 2346): app_time_stats: avg=1957.79ms min=1957.79ms max=1957.79ms count=1
2026-09-09T12:55:01.4057102Z D/EGL_emulation( 2346): app_time_stats: avg=2287.54ms min=2287.54ms max=2287.54ms count=1
2026-09-09T12:55:04.1502389Z D/EGL_emulation( 2346): app_time_stats: avg=2744.19ms min=2744.19ms max=2744.19ms count=1
2026-09-09T12:55:06.3201712Z D/EGL_emulation( 2346): app_time_stats: avg=2171.41ms min=2171.41ms max=2171.41ms count=1
2026-09-09T12:55:06.3380062Z I/flutter ( 2346): [FluviDiagnostic] stage=BUDGET_HEADER_VALUE_BOUND scope=generation=0 plane=day targetHandle=0 modelBindVsyncMicros=949937349 displayNumeratorScaled100=2839954 displayDenominatorScaled100=2778226 hasLimit=true canonicalLimitScaled100=86125000 entryCount=- error=- message=-
2026-09-09T12:55:08.3104098Z D/EGL_emulation( 2346): app_time_stats: avg=1991.52ms min=1991.52ms max=1991.52ms count=1
2026-09-09T12:55:08.3183736Z I/flutter ( 2346): [FluviDiagnostic] stage=BUDGET_HEADER_VALUE_BOUND scope=generation=0 plane=day targetHandle=0 modelBindVsyncMicros=951920682 displayNumeratorScaled100=2839954 displayDenominatorScaled100=2778226 hasLimit=true canonicalLimitScaled100=86125000 entryCount=- error=- message=-
2026-09-09T12:55:10.3233976Z D/EGL_emulation( 2346): app_time_stats: avg=2012.14ms min=2012.14ms max=2012.14ms count=1
2026-09-09T12:55:12.3723798Z D/EGL_emulation( 2346): app_time_stats: avg=2047.76ms min=2047.76ms max=2047.76ms count=1
2026-09-09T12:55:12.3969884Z I/flutter ( 2346): [FluviDiagnostic] stage=BUDGET_HEADER_VALUE_BOUND scope=generation=0 plane=day targetHandle=0 modelBindVsyncMicros=955987348 displayNumeratorScaled100=2839954 displayDenominatorScaled100=2778226 hasLimit=true canonicalLimitScaled100=86125000 entryCount=- error=- message=-
2026-09-09T12:55:14.3141037Z D/EGL_emulation( 2346): app_time_stats: avg=1943.45ms min=1943.45ms max=1943.45ms count=1
2026-09-09T12:55:14.3388066Z I/flutter ( 2346): [FluviDiagnostic] stage=BUDGET_HEADER_VALUE_BOUND scope=generation=0 plane=day targetHandle=0 modelBindVsyncMicros=957937348 displayNumeratorScaled100=2839954 displayDenominatorScaled100=2778226 hasLimit=true canonicalLimitScaled100=86125000 entryCount=- error=- message=-
2026-09-09T12:55:16.5198335Z D/EGL_emulation( 2346): app_time_stats: avg=2204.50ms min=2204.50ms max=2204.50ms count=1
2026-09-09T12:55:18.4168364Z D/EGL_emulation( 2346): app_time_stats: avg=1896.55ms min=1896.55ms max=1896.55ms count=1
2026-09-09T12:55:18.4381691Z I/flutter ( 2346): [FluviDiagnostic] stage=BUDGET_HEADER_VALUE_BOUND scope=generation=0 plane=day targetHandle=0 modelBindVsyncMicros=962037348 displayNumeratorScaled100=2839954 displayDenominatorScaled100=2778226 hasLimit=true canonicalLimitScaled100=86125000 entryCount=- error=- message=-
2026-09-09T12:55:20.4312421Z D/EGL_emulation( 2346): app_time_stats: avg=2011.75ms min=2011.75ms max=2011.75ms count=1
2026-09-09T12:55:22.3862747Z D/EGL_emulation( 2346): app_time_stats: avg=1956.13ms min=1956.13ms max=1956.13ms count=1
2026-09-09T12:55:22.4219045Z I/flutter ( 2346): [FluviDiagnostic] stage=BUDGET_HEADER_VALUE_BOUND scope=generation=0 plane=day targetHandle=0 modelBindVsyncMicros=966004015 displayNumeratorScaled100=2839954 displayDenominatorScaled100=2778226 hasLimit=true canonicalLimitScaled100=86125000 entryCount=- error=- message=-
2026-09-09T12:55:24.5128522Z D/EGL_emulation( 2346): app_time_stats: avg=2129.36ms min=2129.36ms max=2129.36ms count=1
2026-09-09T12:55:26.5836490Z D/EGL_emulation( 2346): app_time_stats: avg=2064.48ms min=2064.48ms max=2064.48ms count=1
2026-09-09T12:55:28.6362323Z D/EGL_emulation( 2346): app_time_stats: avg=2056.19ms min=2056.19ms max=2056.19ms count=1
2026-09-09T12:55:30.6888257Z D/EGL_emulation( 2346): app_time_stats: avg=2050.88ms min=2050.88ms max=2050.88ms count=1
2026-09-09T12:55:30.7158515Z I/flutter ( 2346): [FluviDiagnostic] stage=BUDGET_HEADER_VALUE_BOUND scope=generation=0 plane=day targetHandle=0 modelBindVsyncMicros=974304014 displayNumeratorScaled100=2839954 displayDenominatorScaled100=2778226 hasLimit=true canonicalLimitScaled100=86125000 entryCount=- error=- message=-
2026-09-09T12:55:32.8345524Z D/EGL_emulation( 2346): app_time_stats: avg=2150.26ms min=2150.26ms max=2150.26ms count=1
2026-09-09T12:55:32.8795125Z I/flutter ( 2346): [FluviDiagnostic] stage=BUDGET_HEADER_VALUE_BOUND scope=generation=0 plane=day targetHandle=0 modelBindVsyncMicros=976454014 displayNumeratorScaled100=2839954 displayDenominatorScaled100=2778226 hasLimit=true canonicalLimitScaled100=86125000 entryCount=- error=- message=-
2026-09-09T12:55:35.1763631Z D/EGL_emulation( 2346): app_time_stats: avg=2340.95ms min=2340.95ms max=2340.95ms count=1
2026-09-09T12:55:37.3841471Z D/EGL_emulation( 2346): app_time_stats: avg=339.43ms min=339.43ms max=339.43ms count=1
2026-09-09T12:55:37.4021101Z I/flutter ( 2346): [FluviDiagnostic] stage=BUDGET_HEADER_VALUE_BOUND scope=generation=0 plane=day targetHandle=0 modelBindVsyncMicros=980987347 displayNumeratorScaled100=2839954 displayDenominatorScaled100=2778226 hasLimit=true canonicalLimitScaled100=86125000 entryCount=- error=- message=-
2026-09-09T12:55:39.4422215Z D/EGL_emulation( 2346): app_time_stats: avg=2060.49ms min=2060.49ms max=2060.49ms count=1
2026-09-09T12:55:39.4700177Z I/flutter ( 2346): [FluviDiagnostic] stage=BUDGET_HEADER_VALUE_BOUND scope=generation=0 plane=day targetHandle=0 modelBindVsyncMicros=983054014 displayNumeratorScaled100=2839954 displayDenominatorScaled100=2778226 hasLimit=true canonicalLimitScaled100=86125000 entryCount=- error=- message=-
2026-09-09T12:55:41.4590744Z D/EGL_emulation( 2346): app_time_stats: avg=2016.84ms min=2016.84ms max=2016.84ms count=1
2026-09-09T12:55:43.5633481Z D/EGL_emulation( 2346): app_time_stats: avg=2108.73ms min=2108.73ms max=2108.73ms count=1
2026-09-09T12:55:43.6089873Z I/flutter ( 2346): [FluviDiagnostic] stage=BUDGET_HEADER_VALUE_BOUND scope=generation=0 plane=day targetHandle=0 modelBindVsyncMicros=987187347 displayNumeratorScaled100=2839954 displayDenominatorScaled100=2778226 hasLimit=true canonicalLimitScaled100=86125000 entryCount=- error=- message=-
2026-09-09T12:55:45.6960101Z D/EGL_emulation( 2346): app_time_stats: avg=2128.16ms min=2128.16ms max=2128.16ms count=1
2026-09-09T12:55:47.8219333Z D/EGL_emulation( 2346): app_time_stats: avg=2129.31ms min=2129.31ms max=2129.31ms count=1
2026-09-09T12:55:47.8398271Z I/flutter ( 2346): [FluviDiagnostic] stage=BUDGET_HEADER_VALUE_BOUND scope=generation=0 plane=day targetHandle=0 modelBindVsyncMicros=991437347 displayNumeratorScaled100=2839954 displayDenominatorScaled100=2778226 hasLimit=true canonicalLimitScaled100=86125000 entryCount=- error=- message=-
2026-09-09T12:55:49.7960812Z D/EGL_emulation( 2346): app_time_stats: avg=1971.84ms min=1971.84ms max=1971.84ms count=1
2026-09-09T12:55:51.8327329Z D/EGL_emulation( 2346): app_time_stats: avg=2038.33ms min=2038.33ms max=2038.33ms count=1
2026-09-09T12:55:53.8885788Z D/EGL_emulation( 2346): app_time_stats: avg=2053.95ms min=2053.95ms max=2053.95ms count=1
2026-09-09T12:55:55.8953675Z D/EGL_emulation( 2346): app_time_stats: avg=2005.48ms min=2005.48ms max=2005.48ms count=1
2026-09-09T12:55:55.9352295Z I/flutter ( 2346): [FluviDiagnostic] stage=BUDGET_HEADER_VALUE_BOUND scope=generation=0 plane=day targetHandle=0 modelBindVsyncMicros=999504013 displayNumeratorScaled100=2839954 displayDenominatorScaled100=2778226 hasLimit=true canonicalLimitScaled100=86125000 entryCount=- error=- message=-
2026-09-09T12:55:58.0325517Z D/EGL_emulation( 2346): app_time_stats: avg=2140.52ms min=2140.52ms max=2140.52ms count=1
2026-09-09T12:55:58.0670952Z I/flutter ( 2346): [FluviDiagnostic] stage=BUDGET_HEADER_VALUE_BOUND scope=generation=0 plane=day targetHandle=0 modelBindVsyncMicros=1001654013 displayNumeratorScaled100=2839954 displayDenominatorScaled100=2778226 hasLimit=true canonicalLimitScaled100=86125000 entryCount=- error=- message=-
2026-09-09T12:56:00.1835568Z D/EGL_emulation( 2346): app_time_stats: avg=2151.55ms min=2151.55ms max=2151.55ms count=1
2026-09-09T12:56:02.5847185Z D/EGL_emulation( 2346): app_time_stats: avg=2400.42ms min=2400.42ms max=2400.42ms count=1
2026-09-09T12:56:02.5959258Z I/flutter ( 2346): [FluviDiagnostic] stage=BUDGET_HEADER_VALUE_BOUND scope=generation=0 plane=day targetHandle=0 modelBindVsyncMicros=1006204013 displayNumeratorScaled100=2839954 displayDenominatorScaled100=2778226 hasLimit=true canonicalLimitScaled100=86125000 entryCount=- error=- message=-
2026-09-09T12:56:05.2811942Z D/EGL_emulation( 2346): app_time_stats: avg=2695.24ms min=2695.24ms max=2695.24ms count=1
2026-09-09T12:56:05.3130391Z I/flutter ( 2346): [FluviDiagnostic] stage=BUDGET_HEADER_VALUE_BOUND scope=generation=0 plane=day targetHandle=0 modelBindVsyncMicros=1008904013 displayNumeratorScaled100=2839954 displayDenominatorScaled100=2778226 hasLimit=true canonicalLimitScaled100=86125000 entryCount=- error=- message=-
2026-09-09T12:56:07.2941489Z D/EGL_emulation( 2346): app_time_stats: avg=2013.50ms min=2013.50ms max=2013.50ms count=1
2026-09-09T12:56:09.4455316Z D/EGL_emulation( 2346): app_time_stats: avg=2150.13ms min=2150.13ms max=2150.13ms count=1
2026-09-09T12:56:09.4567288Z I/flutter ( 2346): [FluviDiagnostic] stage=BUDGET_HEADER_VALUE_BOUND scope=generation=0 plane=day targetHandle=0 modelBindVsyncMicros=1013054013 displayNumeratorScaled100=2839954 displayDenominatorScaled100=2778226 hasLimit=true canonicalLimitScaled100=86125000 entryCount=- error=- message=-
2026-09-09T12:56:11.4491451Z D/EGL_emulation( 2346): app_time_stats: avg=2000.59ms min=2000.59ms max=2000.59ms count=1
2026-09-09T12:56:13.5124811Z D/EGL_emulation( 2346): app_time_stats: avg=2067.22ms min=2067.22ms max=2067.22ms count=1
2026-09-09T12:56:15.6546458Z I/flutter ( 2346): [FluviDiagnostic] stage=BUDGET_HEADER_VALUE_BOUND scope=generation=0 plane=day targetHandle=0 modelBindVsyncMicros=1017120679 displayNumeratorScaled100=2839954 displayDenominatorScaled100=2778226 hasLimit=true canonicalLimitScaled100=86125000 entryCount=- error=- message=-
2026-09-09T12:56:15.8480757Z D/EGL_emulation( 2346): app_time_stats: avg=2336.05ms min=2336.05ms max=2336.05ms count=1
2026-09-09T12:56:18.0728025Z D/EGL_emulation( 2346): app_time_stats: avg=385.93ms min=385.93ms max=385.93ms count=1
2026-09-09T12:56:20.0946478Z D/EGL_emulation( 2346): app_time_stats: avg=2022.92ms min=2022.92ms max=2022.92ms count=1
2026-09-09T12:56:22.0385469Z D/EGL_emulation( 2346): app_time_stats: avg=1942.85ms min=1942.85ms max=1942.85ms count=1
2026-09-09T12:56:22.0499966Z I/flutter ( 2346): [FluviDiagnostic] stage=BUDGET_HEADER_VALUE_BOUND scope=generation=0 plane=day targetHandle=0 modelBindVsyncMicros=1025654012 displayNumeratorScaled100=2839954 displayDenominatorScaled100=2778226 hasLimit=true canonicalLimitScaled100=86125000 entryCount=- error=- message=-
2026-09-09T12:56:24.1326109Z D/EGL_emulation( 2346): app_time_stats: avg=2093.38ms min=2093.38ms max=2093.38ms count=1
2026-09-09T12:56:24.1363145Z I/flutter ( 2346): [FluviDiagnostic] stage=BUDGET_HEADER_VALUE_BOUND scope=generation=0 plane=day targetHandle=0 modelBindVsyncMicros=1027737346 displayNumeratorScaled100=2839954 displayDenominatorScaled100=2778226 hasLimit=true canonicalLimitScaled100=86125000 entryCount=- error=- message=-
2026-09-09T12:56:26.0884846Z D/EGL_emulation( 2346): app_time_stats: avg=1959.28ms min=1959.28ms max=1959.28ms count=1
2026-09-09T12:56:28.1740188Z D/EGL_emulation( 2346): app_time_stats: avg=2084.88ms min=2084.88ms max=2084.88ms count=1
2026-09-09T12:56:28.2101841Z I/flutter ( 2346): [FluviDiagnostic] stage=BUDGET_HEADER_VALUE_BOUND scope=generation=0 plane=day targetHandle=0 modelBindVsyncMicros=1031787345 displayNumeratorScaled100=2839954 displayDenominatorScaled100=2778226 hasLimit=true canonicalLimitScaled100=86125000 entryCount=- error=- message=-
2026-09-09T12:56:30.2820771Z D/EGL_emulation( 2346): app_time_stats: avg=2106.69ms min=2106.69ms max=2106.69ms count=1
2026-09-09T12:56:30.3054403Z I/flutter ( 2346): [FluviDiagnostic] stage=BUDGET_HEADER_VALUE_BOUND scope=generation=0 plane=day targetHandle=0 modelBindVsyncMicros=1033904012 displayNumeratorScaled100=2839954 displayDenominatorScaled100=2778226 hasLimit=true canonicalLimitScaled100=86125000 entryCount=- error=- message=-
2026-09-09T12:56:32.3138220Z D/EGL_emulation( 2346): app_time_stats: avg=2023.58ms min=2023.58ms max=2023.58ms count=1
2026-09-09T12:56:34.3978517Z D/EGL_emulation( 2346): app_time_stats: avg=2091.44ms min=2091.44ms max=2091.44ms count=1
2026-09-09T12:56:34.4219133Z I/flutter ( 2346): [FluviDiagnostic] stage=BUDGET_HEADER_VALUE_BOUND scope=generation=0 plane=day targetHandle=0 modelBindVsyncMicros=1038020678 displayNumeratorScaled100=2839954 displayDenominatorScaled100=2778226 hasLimit=true canonicalLimitScaled100=86125000 entryCount=- error=- message=-
2026-09-09T12:56:36.3778865Z D/EGL_emulation( 2346): app_time_stats: avg=1982.01ms min=1982.01ms max=1982.01ms count=1
2026-09-09T12:56:38.4854155Z D/EGL_emulation( 2346): app_time_stats: avg=2103.00ms min=2103.00ms max=2103.00ms count=1
2026-09-09T12:56:38.5069711Z I/flutter ( 2346): [FluviDiagnostic] stage=BUDGET_HEADER_VALUE_BOUND scope=generation=0 plane=day targetHandle=0 modelBindVsyncMicros=1042104012 displayNumeratorScaled100=2839954 displayDenominatorScaled100=2778226 hasLimit=true canonicalLimitScaled100=86125000 entryCount=- error=- message=-
2026-09-09T12:56:40.4710864Z D/EGL_emulation( 2346): app_time_stats: avg=1990.34ms min=1990.34ms max=1990.34ms count=1
2026-09-09T12:56:42.5054315Z D/EGL_emulation( 2346): app_time_stats: avg=2034.02ms min=2034.02ms max=2034.02ms count=1
2026-09-09T12:56:44.6403988Z D/EGL_emulation( 2346): app_time_stats: avg=2135.75ms min=2135.75ms max=2135.75ms count=1
2026-09-09T12:56:46.8042372Z D/EGL_emulation( 2346): app_time_stats: avg=2161.88ms min=2161.88ms max=2161.88ms count=1
2026-09-09T12:56:46.8257463Z I/flutter ( 2346): [FluviDiagnostic] stage=BUDGET_HEADER_VALUE_BOUND scope=generation=0 plane=day targetHandle=0 modelBindVsyncMicros=1050420678 displayNumeratorScaled100=2839954 displayDenominatorScaled100=2778226 hasLimit=true canonicalLimitScaled100=86125000 entryCount=- error=- message=-
2026-09-09T12:56:48.4807276Z I/flutter ( 2346): [PROFILE][SCENARIO_READY] D_month_day_rail_94
2026-09-09T12:56:48.4810551Z I/flutter ( 2346): [PROFILE][SCENARIO_START] E_month_day_rail_empty
2026-09-09T12:56:48.7622982Z D/EGL_emulation( 2346): app_time_stats: avg=1958.76ms min=1958.76ms max=1958.76ms count=1
2026-09-09T12:56:48.7891136Z I/flutter ( 2346): [FluviDiagnostic] stage=DASHBOARD_STARTUP_ATTEMPT_STARTED scope=attemptGeneration=1 stage=bootstrap entryCount=- error=- message=-
2026-09-09T12:56:48.8442973Z I/flutter ( 2346): [FluviDiagnostic] stage=READINESS_PHASE_ENTERED scope=- entryCount=- error=- message=databasePending
2026-09-09T12:56:48.8463158Z I/flutter ( 2346): [FluviDiagnostic] stage=READINESS_PHASE_ENTERED scope=- entryCount=- error=- message=indexBuilding
2026-09-09T12:56:48.8508615Z I/flutter ( 2346): [FluviDiagnostic] stage=READINESS_TASK_STARTED scope=- entryCount=- error=- message=viewportPayload
2026-09-09T12:56:48.9009409Z D/FluviDashboard( 2346): [FLOW][INDEX_BUILD_STARTED] INDEX_BUILD_STARTED flowId=- queryKey=- direction=- scope=generation=1 acquisitionReason=bootstrap requestIdentity=rev=2|income=income|periods:|categories:|partners:|refinements:min=,max=,hasNote=false|expense=expense|periods:|categories:|partners:|refinements:min=,max=,hasNote=false|page=24|window=2012-2036 revision=2 totalMinor=- entryCount=-
2026-09-09T12:56:49.4556281Z I/com.fluvi.app( 2346): Background concurrent mark compact GC freed 10027KB AllocSpace bytes, 10(2040KB) LOS objects, 49% free, 4903KB/9807KB, paused 197us,3.744ms total 248.784ms
2026-09-09T12:56:49.7934455Z I/com.fluvi.app( 2346): Background concurrent mark compact GC freed 7364KB AllocSpace bytes, 0(0B) LOS objects, 49% free, 4555KB/9111KB, paused 146us,4.129ms total 181.637ms
2026-09-09T12:56:50.2298700Z I/com.fluvi.app( 2346): Background concurrent mark compact GC freed 5576KB AllocSpace bytes, 0(0B) LOS objects, 49% free, 5515KB/10MB, paused 2.250ms,28.795ms total 247.685ms
2026-09-09T12:56:50.7611641Z D/FluviDashboard( 2346): [FLOW][INDEX_BUILD_READY] INDEX_BUILD_READY flowId=- queryKey=- direction=- scope=generation=1 acquisitionReason=bootstrap requestIdentity=rev=2|income=income|periods:|categories:|partners:|refinements:min=,max=,hasNote=false|expense=expense|periods:|categories:|partners:|refinements:min=,max=,hasNote=false|page=24|window=2012-2036 sqlCalls=5 sqlMicros=1138250 frames=1012 rows=4304 payloadBytes=2175073 serializationMicros=230279 revision=2 totalMinor=- entryCount=-
2026-09-09T12:56:50.7808451Z I/com.fluvi.app( 2346): Background concurrent mark compact GC freed 6844KB AllocSpace bytes, 5(1860KB) LOS objects, 49% free, 18MB/37MB, paused 117us,17.485ms total 245.428ms
2026-09-09T12:56:51.0448235Z D/EGL_emulation( 2346): app_time_stats: avg=2280.01ms min=2280.01ms max=2280.01ms count=1
2026-09-09T12:56:51.5359290Z D/FluviDashboard( 2346): [FLOW][FINANCIAL_LIMIT_SNAPSHOT_PREPARE_STARTED] FINANCIAL_LIMIT_SNAPSHOT_PREPARE_STARTED flowId=- queryKey=- direction=- scope=yearWindowStart=2012 yearWindowEnd=2036 revision=2 totalMinor=- entryCount=-
2026-09-09T12:56:51.7046543Z D/FluviDashboard( 2346): [FLOW][FINANCIAL_LIMIT_SNAPSHOT_READY] FINANCIAL_LIMIT_SNAPSHOT_READY flowId=- queryKey=- direction=- scope=incomeTargetCount=3 incomeCategoryCount=2 expenseTargetCount=9 expenseCategoryCount=8 periodSliceCount=326 payloadBytes=320072 sqlCalls=5 nativeSqlMicros=124688 revision=2 totalMinor=- entryCount=-
2026-09-09T12:56:51.7186956Z D/FluviDashboard( 2346): [FLOW][BUDGET_PARTNER_SNAPSHOT_PREPARE_STARTED] BUDGET_PARTNER_SNAPSHOT_PREPARE_STARTED flowId=- queryKey=- direction=- scope=yearWindowStart=2012 yearWindowEnd=2036 revision=2 totalMinor=- entryCount=-
2026-09-09T12:56:51.9001106Z D/FluviDashboard( 2346): [FLOW][BUDGET_PARTNER_SNAPSHOT_READY] BUDGET_PARTNER_SNAPSHOT_READY flowId=- queryKey=- direction=- scope=incomePartnerCount=4 expensePartnerCount=23 periodSlices=326 payloadBytes=347027 sqlCalls=5 nativeSqlMicros=143285 revision=2 totalMinor=- entryCount=-
2026-09-09T12:56:51.9288020Z I/flutter ( 2346): [FluviDiagnostic] stage=READINESS_TASK_COMPLETED scope=- entryCount=- error=- message=viewportPayload
2026-09-09T12:56:51.9298214Z I/flutter ( 2346): [FluviDiagnostic] stage=READINESS_PHASE_ENTERED scope=- entryCount=- error=- message=presentationPreparing
2026-09-09T12:56:51.9328585Z I/flutter ( 2346): [FluviDiagnostic] stage=READINESS_TASK_STARTED scope=- entryCount=- error=- message=renderResources
2026-09-09T12:56:51.9377854Z I/flutter ( 2346): [FluviDiagnostic] stage=READINESS_TASK_COMPLETED scope=- entryCount=- error=- message=renderResources
2026-09-09T12:56:51.9399098Z I/flutter ( 2346): [FluviDiagnostic] stage=READINESS_PHASE_ENTERED scope=- entryCount=- error=- message=renderCriticalWarmup
2026-09-09T12:56:51.9415222Z I/flutter ( 2346): [FluviDiagnostic] stage=READINESS_TASK_STARTED scope=- entryCount=- error=- message=logBoxSurface
2026-09-09T12:56:52.0639686Z I/flutter ( 2346): [FluviDiagnostic] stage=BUDGET_HEADER_VALUE_BOUND scope=generation=0 plane=day targetHandle=0 modelBindVsyncMicros=1055670678 displayNumeratorScaled100=0 displayDenominatorScaled100=2143313 hasLimit=true canonicalLimitScaled100=66442707 entryCount=- error=- message=-
2026-09-09T12:56:52.0643566Z I/flutter ( 2346): [FluviDiagnostic] stage=HEADER_PORTAL_EFFECT_CATALOG_VERIFIED scope=- entryCount=- error=- message=innerOptionCount=5 backgroundOptionCount=5 sameOptions=true sameRenderer=false sameParameterSchema=true sameDefaults=true sameState=false sameClockSource=true
2026-09-09T12:56:52.0670125Z I/flutter ( 2346): [FluviDiagnostic] stage=BUDGET_HEADER_COOL_COLOR_BOUND scope=source=cool driver=userGlobal positionPct=50 windowWidthPct=28 leftRawPct=36.0 centerRawPct=50.0 rightRawPct=64.0 leftSamplePct=36.0 centerSamplePct=50.0 rightSamplePct=64.0 colorAArgb=4284604923 colorMidArgb=4279551457 colorBArgb=4278423754 settingsGeneration=0 entryCount=- error=- message=-
2026-09-09T12:56:52.0957148Z I/flutter ( 2346): [FluviDiagnostic] stage=READINESS_TASK_COMPLETED scope=- entryCount=- error=- message=logBoxSurface
2026-09-09T12:56:52.0998254Z I/flutter ( 2346): [FluviDiagnostic] stage=READINESS_TASK_STARTED scope=- entryCount=- error=- message=logBoxLayout
2026-09-09T12:56:52.1022932Z I/flutter ( 2346): [FluviDiagnostic] stage=READINESS_TASK_COMPLETED scope=- entryCount=- error=- message=logBoxLayout
2026-09-09T12:56:52.1038995Z I/flutter ( 2346): [FluviDiagnostic] stage=READINESS_TASK_STARTED scope=- entryCount=- error=- message=textLayoutSlots
2026-09-09T12:56:52.1054531Z I/flutter ( 2346): [FluviDiagnostic] stage=SCENE_WINDOW_PREPARE_STARTED scope=owner=renderCriticalReadiness priority=5 entryCount=0 error=- message=-
2026-09-09T12:56:52.1090016Z I/flutter ( 2346): [FluviDiagnostic] stage=HEADER_RENDER_BACKEND_BOUND scope=commitSha=a047e216803d3ac01d97b4d5ffd03842a1579db3 backend=fragmentShader logicalWidth=375.4757281553398 logicalHeight=123.8252427184466 devicePixelRatio=2.6260019651445416 physicalWidth=986.0 physicalHeight=326.0 backendIdentity=702413366 entryCount=- error=- message=-
2026-09-09T12:56:52.1173899Z I/flutter ( 2346): [FluviDiagnostic] stage=HEADER_PORTAL_INNER_CHANNEL_BOUND scope=enabled=true effectId=wandering-mist settingsGeneration=0 phaseOwnerIdentity=955636509 controllerIdentity=289340389 fragmentBackendIdentity=702413366 programIdentity=702413366 shaderIdentity=702413366 canonicalFieldStopCount=2 canonicalFieldStopHash=43d59ffd portalColorModel=paletteCoordinate inputSignature=7094681 entryCount=- error=- message=-
2026-09-09T12:56:52.1200245Z I/flutter ( 2346): [FluviDiagnostic] stage=HEADER_PORTAL_BACKGROUND_CHANNEL_BOUND scope=enabled=true effectId=wandering-mist settingsGeneration=0 phaseOwnerIdentity=955636509 controllerIdentity=289340389 fragmentBackendIdentity=702413366 programIdentity=702413366 shaderIdentity=702413366 canonicalFieldStopCount=2 canonicalFieldStopHash=43d59ffd portalColorModel=paletteCoordinate inputSignature=7094681 entryCount=- error=- message=-
2026-09-09T12:56:52.1207556Z I/flutter ( 2346): [FluviDiagnostic] stage=HEADER_PORTAL_FRAGMENT_INPUT_BOUND scope=innerEnabled=true innerEffect=wandering-mist innerSettingsHash=d6060b backgroundEnabled=true backgroundEffect=wandering-mist backgroundSettingsHash=d6060b uniformLayoutVersion=3 fragmentConfigurationGeneration=1 fragmentBackendIdentity=702413366 programIdentity=702413366 shaderIdentity=702413366 canonicalFieldStopCount=2 canonicalFieldStopHash=43d59ffd portalColorModel=paletteCoordinate entryCount=- error=- message=-
2026-09-09T12:56:52.1279104Z I/flutter ( 2346): [FluviDiagnostic] stage=HEADER_SHADER_READY scope=asset=shaders/dashboard_header_field.frag programIdentity=22724915 shaderIdentity=295139015 flutterVersion=3.41.4 rendererBackend=runtimeEffect engineBackend=notExposedByDart entryCount=- error=- message=-
2026-09-09T12:56:52.1291786Z I/flutter ( 2346): [FluviDiagnostic] stage=SUMMARY_PARENT_HOTSET_PREPARE_STARTED scope=- entryCount=0 error=- message=-
2026-09-09T12:56:52.1307706Z I/flutter ( 2346): [FluviDiagnostic] stage=SCENE_WINDOW_PREPARE_DEFERRED scope=owner=speculativeMaintenance priority=1 blockedBy=renderCriticalReadiness blockedByPriority=5 entryCount=0 error=- message=-
2026-09-09T12:56:52.1338895Z I/flutter ( 2346): [FluviDiagnostic] stage=SCENE_WINDOW_PREPARE_CANCELLATION_REJECTED scope=requester=foregroundInteraction requesterPriority=4 owner=renderCriticalReadiness ownerPriority=5 entryCount=- error=- message=-
2026-09-09T12:56:52.1371815Z I/flutter ( 2346): [FluviDiagnostic] stage=SCENE_WINDOW_PREPARE_COMPLETED scope=owner=renderCriticalReadiness priority=5 entryCount=0 error=- message=uiIsolateMicros=727 largestContiguousUiSliceMicros=556 yields=1 richRowProjectionMicros=0 richFrameProjectionMicros=0 projectedUniqueRows=0 projectedFrames=0 reusedProjectedRows=0 reusedProjectedFrames=0 uniqueRowLayouts=0 reusedRowLayouts=0 newRowLayouts=0 sceneNew=0 sceneReuse=0 pauseCount=0 resumeCount=0 semanticsWork=0 rasterWork=0 allocationCount=0
2026-09-09T12:56:52.1388091Z I/flutter ( 2346): [FluviDiagnostic] stage=SCENE_WINDOW_PREPARE_STARTED scope=owner=liveInteractionResource priority=4 entryCount=0 error=- message=-
2026-09-09T12:56:52.1407094Z I/flutter ( 2346): [FluviDiagnostic] stage=READINESS_TASK_COMPLETED scope=- entryCount=- error=- message=textLayoutSlots
2026-09-09T12:56:52.1425036Z I/flutter ( 2346): [FluviDiagnostic] stage=SCENE_WINDOW_PREPARE_DEFERRED scope=owner=speculativeMaintenance priority=1 blockedBy=liveInteractionResource blockedByPriority=4 entryCount=0 error=- message=-
2026-09-09T12:56:52.1447848Z I/flutter ( 2346): [FluviDiagnostic] stage=READINESS_PHASE_ENTERED scope=- entryCount=- error=- message=ready
2026-09-09T12:56:52.1478166Z I/flutter ( 2346): [FluviDiagnostic] stage=DASHBOARD_STARTUP_READY scope=attemptGeneration=1 stage=ready readinessTask=- entryCount=- error=- message=-
2026-09-09T12:56:52.1487680Z I/flutter ( 2346): [FluviDiagnostic] stage=READINESS_READY scope=- entryCount=- error=- message=-
2026-09-09T12:56:52.1510424Z I/flutter ( 2346): [FluviDiagnostic] stage=SCENE_WINDOW_PREPARE_COMPLETED scope=owner=liveInteractionResource priority=4 entryCount=0 error=- message=uiIsolateMicros=104 largestContiguousUiSliceMicros=65 yields=2 richRowProjectionMicros=0 richFrameProjectionMicros=0 projectedUniqueRows=0 projectedFrames=0 reusedProjectedRows=0 reusedProjectedFrames=0 uniqueRowLayouts=0 reusedRowLayouts=0 newRowLayouts=0 sceneNew=0 sceneReuse=0 pauseCount=0 resumeCount=0 semanticsWork=0 rasterWork=0 allocationCount=0
2026-09-09T12:56:52.1522394Z I/flutter ( 2346): [FluviDiagnostic] stage=SCENE_WINDOW_PREPARE_STARTED scope=owner=speculativeMaintenance priority=1 entryCount=0 error=- message=-
2026-09-09T12:56:52.1563246Z I/flutter ( 2346): [FluviDiagnostic] stage=SCENE_WINDOW_PREPARE_COMPLETED scope=owner=speculativeMaintenance priority=1 entryCount=0 error=- message=uiIsolateMicros=94 largestContiguousUiSliceMicros=93 yields=1 richRowProjectionMicros=0 richFrameProjectionMicros=0 projectedUniqueRows=0 projectedFrames=0 reusedProjectedRows=0 reusedProjectedFrames=0 uniqueRowLayouts=0 reusedRowLayouts=0 newRowLayouts=0 sceneNew=0 sceneReuse=0 pauseCount=0 resumeCount=0 semanticsWork=0 rasterWork=0 allocationCount=0
2026-09-09T12:56:52.1577935Z I/flutter ( 2346): [FluviDiagnostic] stage=SUMMARY_PARENT_HOTSET_PREPARE_READY scope=- entryCount=0 error=- message=-
2026-09-09T12:56:52.1600631Z I/flutter ( 2346): [FluviDiagnostic] stage=SUMMARY_PARENT_HOTSET_PREPARE_STARTED scope=- entryCount=0 error=- message=-
2026-09-09T12:56:52.1627810Z I/flutter ( 2346): [FluviDiagnostic] stage=SUMMARY_PARENT_HOTSET_PREPARE_READY scope=- entryCount=0 error=- message=-
2026-09-09T12:56:52.2348142Z D/EGL_emulation( 2346): app_time_stats: avg=212.49ms min=185.61ms max=256.34ms count=5
2026-09-09T12:56:52.2729051Z I/flutter ( 2346): [FluviDiagnostic] stage=SCENE_WINDOW_PREPARE_STARTED scope=owner=foregroundNavigation priority=3 entryCount=48 error=- message=-
2026-09-09T12:56:52.2758487Z I/flutter ( 2346): [FluviDiagnostic] stage=SCENE_WINDOW_ATOMIC_WORK_UNIT_OVER_BUDGET scope=workUnit=rowText:amount elapsedMicros=2313 budgetMicros=1000 entryCount=48 error=- message=-
2026-09-09T12:56:52.2788525Z I/flutter ( 2346): [FluviDiagnostic] stage=SCENE_WINDOW_SLICE_OVER_BUDGET scope=boundary=rowTextParagraph elapsedMicros=2472 budgetMicros=1000 entryCount=48 error=- message=-
2026-09-09T12:56:52.2828799Z I/flutter ( 2346): [FluviDiagnostic] stage=SCENE_WINDOW_ATOMIC_WORK_UNIT_OVER_BUDGET scope=workUnit=rowText:secondary elapsedMicros=4302 budgetMicros=1000 entryCount=48 error=- message=-
2026-09-09T12:56:52.2849397Z I/flutter ( 2346): [FluviDiagnostic] stage=SCENE_WINDOW_SLICE_OVER_BUDGET scope=boundary=rowText elapsedMicros=4464 budgetMicros=1000 entryCount=48 error=- message=-
2026-09-09T12:56:52.2897049Z I/flutter ( 2346): [FluviDiagnostic] stage=SCENE_WINDOW_ATOMIC_WORK_UNIT_OVER_BUDGET scope=workUnit=rowText:title elapsedMicros=2675 budgetMicros=1000 entryCount=48 error=- message=-
2026-09-09T12:56:52.2946998Z I/flutter ( 2346): [FluviDiagnostic] stage=SCENE_WINDOW_ATOMIC_WORK_UNIT_OVER_BUDGET scope=workUnit=dayHeaderText elapsedMicros=5298 budgetMicros=1000 entryCount=48 error=- message=-
2026-09-09T12:56:52.3016629Z I/flutter ( 2346): [FluviDiagnostic] stage=SCENE_WINDOW_SLICE_OVER_BUDGET scope=boundary=dayHeader elapsedMicros=5830 budgetMicros=1000 entryCount=48 error=- message=-
2026-09-09T12:56:52.3028330Z I/flutter ( 2346): [FluviDiagnostic] stage=SCENE_WINDOW_SLICE_OVER_BUDGET scope=boundary=sceneAssembly elapsedMicros=3641 budgetMicros=1000 entryCount=48 error=- message=-
2026-09-09T12:56:52.3061763Z I/flutter ( 2346): [FluviDiagnostic] stage=SCENE_WINDOW_PREPARE_COMPLETED scope=owner=foregroundNavigation priority=3 entryCount=48 error=- message=uiIsolateMicros=28734 largestContiguousUiSliceMicros=5830 yields=33 richRowProjectionMicros=66 richFrameProjectionMicros=342 projectedUniqueRows=48 projectedFrames=2 reusedProjectedRows=0 reusedProjectedFrames=0 uniqueRowLayouts=48 reusedRowLayouts=0 newRowLayouts=48 sceneNew=2 sceneReuse=0 pauseCount=0 resumeCount=0 semanticsWork=0 rasterWork=0 allocationCount=83
2026-09-09T12:56:52.3142182Z I/flutter ( 2346): [FluviDiagnostic] stage=HEADER_RENDER_FIDELITY_CONFIG scope=outputResolutionMode=nativeSurface fieldEvaluationMode=perFragment logicalWidth=375.4757281553398 logicalHeight=123.8252427184466 physicalWidth=986.0 physicalHeight=326.0 sourceRenderScale=0.6 effectId=dualTide backend=fragmentShader physicalTarget=986.0x326.0 parentTransformScale=notObservableInCanvas touchOverlayBackend=fragmentShaderAnalytic shaderFailureFallback=nativeStaticGradient shaderReady=true shaderFailure=false entryCount=- error=- message=-
2026-09-09T12:56:52.3169791Z I/flutter ( 2346): [FluviDiagnostic] stage=HEADER_TOUCH_RENDER_PATH_BOUND scope=fieldBackend=fragmentShader overlayBackend=fragmentShaderAnalytic trailBackend=fragmentShaderAnalytic logicalSize=375.4757281553398x123.8252427184466 physicalSize=986.0x326.0 usesSaveLayer=false usesOffscreenIntermediate=false entryCount=- error=- message=-
2026-09-09T12:56:52.3200641Z I/flutter ( 2346): [FluviDiagnostic] stage=HEADER_PORTAL_INNER_CHANNEL_BOUND scope=enabled=true effectId=wandering-mist settingsGeneration=0 phaseOwnerIdentity=955636509 controllerIdentity=289340389 fragmentBackendIdentity=702413366 programIdentity=22724915 shaderIdentity=295139015 canonicalFieldStopCount=2 canonicalFieldStopHash=43d59ffd portalColorModel=paletteCoordinate inputSignature=646007d entryCount=- error=- message=-
2026-09-09T12:56:52.3230929Z I/flutter ( 2346): [FluviDiagnostic] stage=HEADER_PORTAL_BACKGROUND_CHANNEL_BOUND scope=enabled=true effectId=wandering-mist settingsGeneration=0 phaseOwnerIdentity=955636509 controllerIdentity=289340389 fragmentBackendIdentity=702413366 programIdentity=22724915 shaderIdentity=295139015 canonicalFieldStopCount=2 canonicalFieldStopHash=43d59ffd portalColorModel=paletteCoordinate inputSignature=646007d entryCount=- error=- message=-
2026-09-09T12:56:52.3242031Z I/flutter ( 2346): [FluviDiagnostic] stage=HEADER_PORTAL_FRAGMENT_INPUT_BOUND scope=innerEnabled=true innerEffect=wandering-mist innerSettingsHash=d6060b backgroundEnabled=true backgroundEffect=wandering-mist backgroundSettingsHash=d6060b uniformLayoutVersion=3 fragmentConfigurationGeneration=2 fragmentBackendIdentity=702413366 programIdentity=22724915 shaderIdentity=295139015 canonicalFieldStopCount=2 canonicalFieldStopHash=43d59ffd portalColorModel=paletteCoordinate entryCount=- error=- message=-
2026-09-09T12:56:52.3347493Z I/flutter ( 2346): [PROFILE][SCENARIO_PREPARED] E_month_day_rail_empty plane=month
2026-09-09T12:56:52.3377500Z I/flutter ( 2346): [PROFILE][SCENARIO_STABLE] E_month_day_rail_empty
2026-09-09T12:56:57.1307132Z D/EGL_emulation( 2346): app_time_stats: avg=195.15ms min=186.08ms max=205.99ms count=3
2026-09-09T12:56:57.1339480Z I/flutter ( 2346): [FluviDiagnostic] stage=BUDGET_HEADER_VALUE_BOUND scope=generation=0 plane=day targetHandle=0 modelBindVsyncMicros=1060737344 displayNumeratorScaled100=0 displayDenominatorScaled100=2143313 hasLimit=true canonicalLimitScaled100=66442707 entryCount=- error=- message=-
2026-09-09T12:56:57.5201329Z D/EGL_emulation( 2346): app_time_stats: avg=392.27ms min=392.27ms max=392.27ms count=1
2026-09-09T12:56:59.5728097Z D/EGL_emulation( 2346): app_time_stats: avg=2050.37ms min=2050.37ms max=2050.37ms count=1
2026-09-09T12:56:59.5828185Z I/flutter ( 2346): [FluviDiagnostic] stage=BUDGET_HEADER_VALUE_BOUND scope=generation=0 plane=day targetHandle=0 modelBindVsyncMicros=1063187344 displayNumeratorScaled100=0 displayDenominatorScaled100=2143313 hasLimit=true canonicalLimitScaled100=66442707 entryCount=- error=- message=-
2026-09-09T12:57:02.0986481Z D/EGL_emulation( 2346): app_time_stats: avg=2521.86ms min=2521.86ms max=2521.86ms count=1
2026-09-09T12:57:02.1108097Z I/flutter ( 2346): [FluviDiagnostic] stage=BUDGET_HEADER_VALUE_BOUND scope=generation=0 plane=day targetHandle=0 modelBindVsyncMicros=1065704011 displayNumeratorScaled100=0 displayDenominatorScaled100=2143313 hasLimit=true canonicalLimitScaled100=66442707 entryCount=- error=- message=-
2026-09-09T12:57:04.2405937Z D/EGL_emulation( 2346): app_time_stats: avg=2147.32ms min=2147.32ms max=2147.32ms count=1
2026-09-09T12:57:06.1626397Z D/EGL_emulation( 2346): app_time_stats: avg=1924.81ms min=1924.81ms max=1924.81ms count=1
2026-09-09T12:57:06.1805669Z I/flutter ( 2346): [FluviDiagnostic] stage=BUDGET_HEADER_VALUE_BOUND scope=generation=0 plane=day targetHandle=0 modelBindVsyncMicros=1069787344 displayNumeratorScaled100=0 displayDenominatorScaled100=2143313 hasLimit=true canonicalLimitScaled100=66442707 entryCount=- error=- message=-
2026-09-09T12:57:08.1349887Z D/EGL_emulation( 2346): app_time_stats: avg=1971.83ms min=1971.83ms max=1971.83ms count=1
2026-09-09T12:57:10.3089859Z D/EGL_emulation( 2346): app_time_stats: avg=2171.33ms min=2171.33ms max=2171.33ms count=1
2026-09-09T12:57:10.3149870Z I/flutter ( 2346): [FluviDiagnostic] stage=BUDGET_HEADER_VALUE_BOUND scope=generation=0 plane=day targetHandle=0 modelBindVsyncMicros=1073920677 displayNumeratorScaled100=0 displayDenominatorScaled100=2143313 hasLimit=true canonicalLimitScaled100=66442707 entryCount=- error=- message=-
2026-09-09T12:57:12.4175555Z D/EGL_emulation( 2346): app_time_stats: avg=2112.75ms min=2112.75ms max=2112.75ms count=1
2026-09-09T12:57:14.3592910Z D/EGL_emulation( 2346): app_time_stats: avg=1941.22ms min=1941.22ms max=1941.22ms count=1
2026-09-09T12:57:16.4395471Z D/EGL_emulation( 2346): app_time_stats: avg=2074.61ms min=2074.61ms max=2074.61ms count=1
2026-09-09T12:57:18.5423267Z D/EGL_emulation( 2346): app_time_stats: avg=2107.92ms min=2107.92ms max=2107.92ms count=1
2026-09-09T12:57:18.5539677Z I/flutter ( 2346): [FluviDiagnostic] stage=BUDGET_HEADER_VALUE_BOUND scope=generation=0 plane=day targetHandle=0 modelBindVsyncMicros=1082154010 displayNumeratorScaled100=0 displayDenominatorScaled100=2143313 hasLimit=true canonicalLimitScaled100=66442707 entryCount=- error=- message=-
2026-09-09T12:57:20.6397724Z D/EGL_emulation( 2346): app_time_stats: avg=2097.61ms min=2097.61ms max=2097.61ms count=1
2026-09-09T12:57:20.6450249Z I/flutter ( 2346): [FluviDiagnostic] stage=BUDGET_HEADER_VALUE_BOUND scope=generation=0 plane=day targetHandle=0 modelBindVsyncMicros=1084254010 displayNumeratorScaled100=0 displayDenominatorScaled100=2143313 hasLimit=true canonicalLimitScaled100=66442707 entryCount=- error=- message=-
2026-09-09T12:57:22.7585727Z D/EGL_emulation( 2346): app_time_stats: avg=2114.63ms min=2114.63ms max=2114.63ms count=1
2026-09-09T12:57:24.7719563Z D/EGL_emulation( 2346): app_time_stats: avg=2017.70ms min=2017.70ms max=2017.70ms count=1
2026-09-09T12:57:24.7835286Z I/flutter ( 2346): [FluviDiagnostic] stage=BUDGET_HEADER_VALUE_BOUND scope=generation=0 plane=day targetHandle=0 modelBindVsyncMicros=1088387343 displayNumeratorScaled100=0 displayDenominatorScaled100=2143313 hasLimit=true canonicalLimitScaled100=66442707 entryCount=- error=- message=-
2026-09-09T12:57:26.5387617Z D/EGL_emulation( 2346): app_time_stats: avg=1764.18ms min=1764.18ms max=1764.18ms count=1
2026-09-09T12:57:28.3998631Z I/flutter ( 2346): [FluviDiagnostic] stage=BUDGET_HEADER_VALUE_BOUND scope=generation=0 plane=day targetHandle=0 modelBindVsyncMicros=1092004010 displayNumeratorScaled100=0 displayDenominatorScaled100=2143313 hasLimit=true canonicalLimitScaled100=66442707 entryCount=- error=- message=-
2026-09-09T12:57:28.5862073Z D/EGL_emulation( 2346): app_time_stats: avg=206.06ms min=206.06ms max=206.06ms count=1
2026-09-09T12:57:30.6524250Z D/EGL_emulation( 2346): app_time_stats: avg=198.09ms min=198.09ms max=198.09ms count=1
2026-09-09T12:57:32.5843503Z I/flutter ( 2346): [FluviDiagnostic] stage=BUDGET_HEADER_VALUE_BOUND scope=generation=0 plane=day targetHandle=0 modelBindVsyncMicros=1096187343 displayNumeratorScaled100=0 displayDenominatorScaled100=2143313 hasLimit=true canonicalLimitScaled100=66442707 entryCount=- error=- message=-
2026-09-09T12:57:32.7434121Z D/EGL_emulation( 2346): app_time_stats: avg=167.40ms min=167.40ms max=167.40ms count=1
2026-09-09T12:57:34.9101172Z D/EGL_emulation( 2346): app_time_stats: avg=184.82ms min=184.82ms max=184.82ms count=1
2026-09-09T12:57:36.8655314Z I/flutter ( 2346): [FluviDiagnostic] stage=BUDGET_HEADER_VALUE_BOUND scope=generation=0 plane=day targetHandle=0 modelBindVsyncMicros=1100470676 displayNumeratorScaled100=0 displayDenominatorScaled100=2143313 hasLimit=true canonicalLimitScaled100=66442707 entryCount=- error=- message=-
2026-09-09T12:57:37.0588175Z D/EGL_emulation( 2346): app_time_stats: avg=198.72ms min=198.72ms max=198.72ms count=1
2026-09-09T12:57:39.3874949Z D/EGL_emulation( 2346): app_time_stats: avg=360.29ms min=360.29ms max=360.29ms count=1
2026-09-09T12:57:41.5368304Z D/EGL_emulation( 2346): app_time_stats: avg=2149.47ms min=2149.47ms max=2149.47ms count=1
2026-09-09T12:57:43.5429662Z D/EGL_emulation( 2346): app_time_stats: avg=2006.95ms min=2006.95ms max=2006.95ms count=1
2026-09-09T12:57:43.5533692Z I/flutter ( 2346): [FluviDiagnostic] stage=BUDGET_HEADER_VALUE_BOUND scope=generation=0 plane=day targetHandle=0 modelBindVsyncMicros=1107154009 displayNumeratorScaled100=0 displayDenominatorScaled100=2143313 hasLimit=true canonicalLimitScaled100=66442707 entryCount=- error=- message=-
2026-09-09T12:57:45.6886080Z D/EGL_emulation( 2346): app_time_stats: avg=2144.97ms min=2144.97ms max=2144.97ms count=1
2026-09-09T12:57:45.7039417Z I/flutter ( 2346): [FluviDiagnostic] stage=BUDGET_HEADER_VALUE_BOUND scope=generation=0 plane=day targetHandle=0 modelBindVsyncMicros=1109304009 displayNumeratorScaled100=0 displayDenominatorScaled100=2143313 hasLimit=true canonicalLimitScaled100=66442707 entryCount=- error=- message=-
2026-09-09T12:57:47.8434832Z D/EGL_emulation( 2346): app_time_stats: avg=2156.17ms min=2156.17ms max=2156.17ms count=1
2026-09-09T12:57:49.9617319Z D/EGL_emulation( 2346): app_time_stats: avg=2114.65ms min=2114.65ms max=2114.65ms count=1
2026-09-09T12:57:49.9763450Z I/flutter ( 2346): [FluviDiagnostic] stage=BUDGET_HEADER_VALUE_BOUND scope=generation=0 plane=day targetHandle=0 modelBindVsyncMicros=1113570675 displayNumeratorScaled100=0 displayDenominatorScaled100=2143313 hasLimit=true canonicalLimitScaled100=66442707 entryCount=- error=- message=-
2026-09-09T12:57:52.1165808Z D/EGL_emulation( 2346): app_time_stats: avg=2158.27ms min=2158.27ms max=2158.27ms count=1
2026-09-09T12:57:52.1348316Z I/flutter ( 2346): [FluviDiagnostic] stage=BUDGET_HEADER_VALUE_BOUND scope=generation=0 plane=day targetHandle=0 modelBindVsyncMicros=1115737342 displayNumeratorScaled100=0 displayDenominatorScaled100=2143313 hasLimit=true canonicalLimitScaled100=66442707 entryCount=- error=- message=-
2026-09-09T12:57:54.2730599Z D/EGL_emulation( 2346): app_time_stats: avg=2156.26ms min=2156.26ms max=2156.26ms count=1
2026-09-09T12:57:56.3858112Z D/EGL_emulation( 2346): app_time_stats: avg=2113.50ms min=2113.50ms max=2113.50ms count=1
2026-09-09T12:57:56.3979628Z I/flutter ( 2346): [FluviDiagnostic] stage=BUDGET_HEADER_VALUE_BOUND scope=generation=0 plane=day targetHandle=0 modelBindVsyncMicros=1120004009 displayNumeratorScaled100=0 displayDenominatorScaled100=2143313 hasLimit=true canonicalLimitScaled100=66442707 entryCount=- error=- message=-
2026-09-09T12:57:58.5131698Z D/EGL_emulation( 2346): app_time_stats: avg=2124.85ms min=2124.85ms max=2124.85ms count=1
2026-09-09T12:58:00.6933123Z D/EGL_emulation( 2346): app_time_stats: avg=2180.11ms min=2180.11ms max=2180.11ms count=1
2026-09-09T12:58:00.7720854Z I/flutter ( 2346): [FluviDiagnostic] stage=BUDGET_HEADER_VALUE_BOUND scope=generation=0 plane=day targetHandle=0 modelBindVsyncMicros=1124304008 displayNumeratorScaled100=0 displayDenominatorScaled100=2143313 hasLimit=true canonicalLimitScaled100=66442707 entryCount=- error=- message=-
2026-09-09T12:58:03.2330754Z D/EGL_emulation( 2346): app_time_stats: avg=2540.52ms min=2540.52ms max=2540.52ms count=1
2026-09-09T12:58:05.2571383Z D/EGL_emulation( 2346): app_time_stats: avg=2022.85ms min=2022.85ms max=2022.85ms count=1
2026-09-09T12:58:07.2751506Z D/EGL_emulation( 2346): app_time_stats: avg=2017.65ms min=2017.65ms max=2017.65ms count=1
2026-09-09T12:58:09.4181055Z D/EGL_emulation( 2346): app_time_stats: avg=2146.60ms min=2146.60ms max=2146.60ms count=1
2026-09-09T12:58:09.4409483Z I/flutter ( 2346): [FluviDiagnostic] stage=BUDGET_HEADER_VALUE_BOUND scope=generation=0 plane=day targetHandle=0 modelBindVsyncMicros=1133037341 displayNumeratorScaled100=0 displayDenominatorScaled100=2143313 hasLimit=true canonicalLimitScaled100=66442707 entryCount=- error=- message=-
2026-09-09T12:58:11.5747322Z D/EGL_emulation( 2346): app_time_stats: avg=2151.16ms min=2151.16ms max=2151.16ms count=1
2026-09-09T12:58:11.5812465Z I/flutter ( 2346): [FluviDiagnostic] stage=BUDGET_HEADER_VALUE_BOUND scope=generation=0 plane=day targetHandle=0 modelBindVsyncMicros=1135187341 displayNumeratorScaled100=0 displayDenominatorScaled100=2143313 hasLimit=true canonicalLimitScaled100=66442707 entryCount=- error=- message=-
2026-09-09T12:58:13.6371135Z D/EGL_emulation( 2346): app_time_stats: avg=2067.30ms min=2067.30ms max=2067.30ms count=1
2026-09-09T12:58:15.7398700Z D/EGL_emulation( 2346): app_time_stats: avg=2099.00ms min=2099.00ms max=2099.00ms count=1
2026-09-09T12:58:15.7501390Z I/flutter ( 2346): [FluviDiagnostic] stage=BUDGET_HEADER_VALUE_BOUND scope=generation=0 plane=day targetHandle=0 modelBindVsyncMicros=1139354008 displayNumeratorScaled100=0 displayDenominatorScaled100=2143313 hasLimit=true canonicalLimitScaled100=66442707 entryCount=- error=- message=-
2026-09-09T12:58:17.7886656Z D/EGL_emulation( 2346): app_time_stats: avg=2046.97ms min=2046.97ms max=2046.97ms count=1
2026-09-09T12:58:17.8000980Z I/flutter ( 2346): [FluviDiagnostic] stage=BUDGET_HEADER_VALUE_BOUND scope=generation=0 plane=day targetHandle=0 modelBindVsyncMicros=1141387341 displayNumeratorScaled100=0 displayDenominatorScaled100=2143313 hasLimit=true canonicalLimitScaled100=66442707 entryCount=- error=- message=-
2026-09-09T12:58:19.6208732Z D/EGL_emulation( 2346): app_time_stats: avg=1833.41ms min=1833.41ms max=1833.41ms count=1
2026-09-09T12:58:21.4902696Z D/EGL_emulation( 2346): app_time_stats: avg=1873.24ms min=1873.24ms max=1873.24ms count=1
2026-09-09T12:58:23.3629718Z I/flutter ( 2346): [FluviDiagnostic] stage=BUDGET_HEADER_VALUE_BOUND scope=generation=0 plane=day targetHandle=0 modelBindVsyncMicros=1146970674 displayNumeratorScaled100=0 displayDenominatorScaled100=2143313 hasLimit=true canonicalLimitScaled100=66442707 entryCount=- error=- message=-
2026-09-09T12:58:23.5514403Z D/EGL_emulation( 2346): app_time_stats: avg=193.79ms min=193.79ms max=193.79ms count=1
2026-09-09T12:58:25.7798708Z D/EGL_emulation( 2346): app_time_stats: avg=2226.53ms min=2226.53ms max=2226.53ms count=1
2026-09-09T12:58:25.7858765Z I/flutter ( 2346): [FluviDiagnostic] stage=BUDGET_HEADER_VALUE_BOUND scope=generation=0 plane=day targetHandle=0 modelBindVsyncMicros=1149387341 displayNumeratorScaled100=0 displayDenominatorScaled100=2143313 hasLimit=true canonicalLimitScaled100=66442707 entryCount=- error=- message=-
2026-09-09T12:58:27.8896248Z D/EGL_emulation( 2346): app_time_stats: avg=2111.69ms min=2111.69ms max=2111.69ms count=1
2026-09-09T12:58:29.9518331Z D/EGL_emulation( 2346): app_time_stats: avg=2060.62ms min=2060.62ms max=2060.62ms count=1
2026-09-09T12:58:31.9990633Z D/EGL_emulation( 2346): app_time_stats: avg=2044.02ms min=2044.02ms max=2044.02ms count=1
2026-09-09T12:58:34.4400777Z D/EGL_emulation( 2346): app_time_stats: avg=2445.86ms min=2445.86ms max=2445.86ms count=1
2026-09-09T12:58:34.4530155Z I/flutter ( 2346): [FluviDiagnostic] stage=BUDGET_HEADER_VALUE_BOUND scope=generation=0 plane=day targetHandle=0 modelBindVsyncMicros=1158054007 displayNumeratorScaled100=0 displayDenominatorScaled100=2143313 hasLimit=true canonicalLimitScaled100=66442707 entryCount=- error=- message=-
2026-09-09T12:58:36.3466106Z D/EGL_emulation( 2346): app_time_stats: avg=1905.91ms min=1905.91ms max=1905.91ms count=1
2026-09-09T12:58:36.3781755Z I/flutter ( 2346): [FluviDiagnostic] stage=BUDGET_HEADER_VALUE_BOUND scope=generation=0 plane=day targetHandle=0 modelBindVsyncMicros=1159970674 displayNumeratorScaled100=0 displayDenominatorScaled100=2143313 hasLimit=true canonicalLimitScaled100=66442707 entryCount=- error=- message=-
2026-09-09T12:58:38.3084036Z D/EGL_emulation( 2346): app_time_stats: avg=1962.52ms min=1962.52ms max=1962.52ms count=1
2026-09-09T12:58:40.5340433Z D/EGL_emulation( 2346): app_time_stats: avg=2223.34ms min=2223.34ms max=2223.34ms count=1
2026-09-09T12:58:40.5530560Z I/flutter ( 2346): [FluviDiagnostic] stage=BUDGET_HEADER_VALUE_BOUND scope=generation=0 plane=day targetHandle=0 modelBindVsyncMicros=1164154007 displayNumeratorScaled100=0 displayDenominatorScaled100=2143313 hasLimit=true canonicalLimitScaled100=66442707 entryCount=- error=- message=-
2026-09-09T12:58:42.6712829Z D/EGL_emulation( 2346): app_time_stats: avg=2136.79ms min=2136.79ms max=2136.79ms count=1
2026-09-09T12:58:42.6888756Z I/flutter ( 2346): [FluviDiagnostic] stage=BUDGET_HEADER_VALUE_BOUND scope=generation=0 plane=day targetHandle=0 modelBindVsyncMicros=1166287340 displayNumeratorScaled100=0 displayDenominatorScaled100=2143313 hasLimit=true canonicalLimitScaled100=66442707 entryCount=- error=- message=-
2026-09-09T12:58:44.8382997Z D/EGL_emulation( 2346): app_time_stats: avg=2169.25ms min=2169.25ms max=2169.25ms count=1
2026-09-09T12:58:46.9350070Z D/EGL_emulation( 2346): app_time_stats: avg=2088.77ms min=2088.77ms max=2088.77ms count=1
2026-09-09T12:58:46.9370933Z I/flutter ( 2346): [FluviDiagnostic] stage=BUDGET_HEADER_VALUE_BOUND scope=generation=0 plane=day targetHandle=0 modelBindVsyncMicros=1170537340 displayNumeratorScaled100=0 displayDenominatorScaled100=2143313 hasLimit=true canonicalLimitScaled100=66442707 entryCount=- error=- message=-
2026-09-09T12:58:49.0177740Z D/EGL_emulation( 2346): app_time_stats: avg=2090.65ms min=2090.65ms max=2090.65ms count=1
2026-09-09T12:58:51.1379393Z D/EGL_emulation( 2346): app_time_stats: avg=2118.67ms min=2118.67ms max=2118.67ms count=1
2026-09-09T12:58:51.1527955Z I/flutter ( 2346): [FluviDiagnostic] stage=BUDGET_HEADER_VALUE_BOUND scope=generation=0 plane=day targetHandle=0 modelBindVsyncMicros=1174754006 displayNumeratorScaled100=0 displayDenominatorScaled100=2143313 hasLimit=true canonicalLimitScaled100=66442707 entryCount=- error=- message=-
2026-09-09T12:58:53.2417469Z D/EGL_emulation( 2346): app_time_stats: avg=2104.42ms min=2104.42ms max=2104.42ms count=1
2026-09-09T12:58:55.2545725Z D/EGL_emulation( 2346): app_time_stats: avg=2011.39ms min=2011.39ms max=2011.39ms count=1
2026-09-09T12:58:57.4239418Z D/EGL_emulation( 2346): app_time_stats: avg=2171.00ms min=2171.00ms max=2171.00ms count=1
2026-09-09T12:58:59.5126931Z D/EGL_emulation( 2346): app_time_stats: avg=2088.99ms min=2088.99ms max=2088.99ms count=1
2026-09-09T12:58:59.5350227Z I/flutter ( 2346): [FluviDiagnostic] stage=BUDGET_HEADER_VALUE_BOUND scope=generation=0 plane=day targetHandle=0 modelBindVsyncMicros=1183137339 displayNumeratorScaled100=0 displayDenominatorScaled100=2143313 hasLimit=true canonicalLimitScaled100=66442707 entryCount=- error=- message=-
2026-09-09T12:59:04.1572886Z D/EGL_emulation( 2346): app_time_stats: avg=2281.51ms min=2281.51ms max=2281.51ms count=1
2026-09-09T12:59:04.1603085Z I/flutter ( 2346): [FluviDiagnostic] stage=BUDGET_HEADER_VALUE_BOUND scope=generation=0 plane=day targetHandle=0 modelBindVsyncMicros=1185404006 displayNumeratorScaled100=0 displayDenominatorScaled100=2143313 hasLimit=true canonicalLimitScaled100=66442707 entryCount=- error=- message=-
2026-09-09T12:59:04.3207540Z D/EGL_emulation( 2346): app_time_stats: avg=2526.36ms min=2526.36ms max=2526.36ms count=1
2026-09-09T12:59:06.5953935Z D/EGL_emulation( 2346): app_time_stats: avg=183.77ms min=183.77ms max=183.77ms count=1
2026-09-09T12:59:06.6035536Z I/flutter ( 2346): [FluviDiagnostic] stage=BUDGET_HEADER_VALUE_BOUND scope=generation=0 plane=day targetHandle=0 modelBindVsyncMicros=1190204006 displayNumeratorScaled100=0 displayDenominatorScaled100=2143313 hasLimit=true canonicalLimitScaled100=66442707 entryCount=- error=- message=-
2026-09-09T12:59:08.6362931Z D/EGL_emulation( 2346): app_time_stats: avg=2040.64ms min=2040.64ms max=2040.64ms count=1
2026-09-09T12:59:08.6479300Z I/flutter ( 2346): [FluviDiagnostic] stage=BUDGET_HEADER_VALUE_BOUND scope=generation=0 plane=day targetHandle=0 modelBindVsyncMicros=1192254006 displayNumeratorScaled100=0 displayDenominatorScaled100=2143313 hasLimit=true canonicalLimitScaled100=66442707 entryCount=- error=- message=-
2026-09-09T12:59:10.7115061Z D/EGL_emulation( 2346): app_time_stats: avg=2074.10ms min=2074.10ms max=2074.10ms count=1
2026-09-09T12:59:12.7286965Z D/EGL_emulation( 2346): app_time_stats: avg=2019.74ms min=2019.74ms max=2019.74ms count=1
2026-09-09T12:59:12.7420458Z I/flutter ( 2346): [FluviDiagnostic] stage=BUDGET_HEADER_VALUE_BOUND scope=generation=0 plane=day targetHandle=0 modelBindVsyncMicros=1196337339 displayNumeratorScaled100=0 displayDenominatorScaled100=2143313 hasLimit=true canonicalLimitScaled100=66442707 entryCount=- error=- message=-
2026-09-09T12:59:15.0510536Z D/EGL_emulation( 2346): app_time_stats: avg=2322.58ms min=2322.58ms max=2322.58ms count=1
2026-09-09T12:59:17.4740076Z D/EGL_emulation( 2346): app_time_stats: avg=2423.47ms min=2423.47ms max=2423.47ms count=1
2026-09-09T12:59:17.4829873Z I/flutter ( 2346): [FluviDiagnostic] stage=BUDGET_HEADER_VALUE_BOUND scope=generation=0 plane=day targetHandle=0 modelBindVsyncMicros=1201087339 displayNumeratorScaled100=0 displayDenominatorScaled100=2143313 hasLimit=true canonicalLimitScaled100=66442707 entryCount=- error=- message=-
2026-09-09T12:59:19.4908843Z D/EGL_emulation( 2346): app_time_stats: avg=2013.69ms min=2013.69ms max=2013.69ms count=1
2026-09-09T12:59:21.5759402Z D/EGL_emulation( 2346): app_time_stats: avg=2087.92ms min=2087.92ms max=2087.92ms count=1
2026-09-09T12:59:23.7252537Z D/EGL_emulation( 2346): app_time_stats: avg=2148.80ms min=2148.80ms max=2148.80ms count=1
2026-09-09T12:59:25.8471045Z D/EGL_emulation( 2346): app_time_stats: avg=2121.21ms min=2121.21ms max=2121.21ms count=1
2026-09-09T12:59:25.8670510Z I/flutter ( 2346): [FluviDiagnostic] stage=BUDGET_HEADER_VALUE_BOUND scope=generation=0 plane=day targetHandle=0 modelBindVsyncMicros=1209470672 displayNumeratorScaled100=0 displayDenominatorScaled100=2143313 hasLimit=true canonicalLimitScaled100=66442707 entryCount=- error=- message=-
2026-09-09T12:59:27.8380737Z D/EGL_emulation( 2346): app_time_stats: avg=1980.10ms min=1980.10ms max=1980.10ms count=1
2026-09-09T12:59:27.8409877Z I/flutter ( 2346): [FluviDiagnostic] stage=BUDGET_HEADER_VALUE_BOUND scope=generation=0 plane=day targetHandle=0 modelBindVsyncMicros=1211437338 displayNumeratorScaled100=0 displayDenominatorScaled100=2143313 hasLimit=true canonicalLimitScaled100=66442707 entryCount=- error=- message=-
2026-09-09T12:59:29.9348392Z D/EGL_emulation( 2346): app_time_stats: avg=2102.51ms min=2102.51ms max=2102.51ms count=1
2026-09-09T12:59:31.9268451Z D/EGL_emulation( 2346): app_time_stats: avg=1991.25ms min=1991.25ms max=1991.25ms count=1
2026-09-09T12:59:31.9458952Z I/flutter ( 2346): [FluviDiagnostic] stage=BUDGET_HEADER_VALUE_BOUND scope=generation=0 plane=day targetHandle=0 modelBindVsyncMicros=1215537338 displayNumeratorScaled100=0 displayDenominatorScaled100=2143313 hasLimit=true canonicalLimitScaled100=66442707 entryCount=- error=- message=-
2026-09-09T12:59:33.8935539Z D/EGL_emulation( 2346): app_time_stats: avg=1970.39ms min=1970.39ms max=1970.39ms count=1
2026-09-09T12:59:33.8999705Z I/flutter ( 2346): [FluviDiagnostic] stage=BUDGET_HEADER_VALUE_BOUND scope=generation=0 plane=day targetHandle=0 modelBindVsyncMicros=1217504005 displayNumeratorScaled100=0 displayDenominatorScaled100=2143313 hasLimit=true canonicalLimitScaled100=66442707 entryCount=- error=- message=-
2026-09-09T12:59:36.0155067Z D/EGL_emulation( 2346): app_time_stats: avg=2124.79ms min=2124.79ms max=2124.79ms count=1
2026-09-09T12:59:38.0345798Z D/EGL_emulation( 2346): app_time_stats: avg=2009.45ms min=2009.45ms max=2009.45ms count=1
2026-09-09T12:59:38.0390546Z I/flutter ( 2346): [FluviDiagnostic] stage=BUDGET_HEADER_VALUE_BOUND scope=generation=0 plane=day targetHandle=0 modelBindVsyncMicros=1221637338 displayNumeratorScaled100=0 displayDenominatorScaled100=2143313 hasLimit=true canonicalLimitScaled100=66442707 entryCount=- error=- message=-
2026-09-09T12:59:40.1486196Z D/EGL_emulation( 2346): app_time_stats: avg=2123.69ms min=2123.69ms max=2123.69ms count=1
2026-09-09T12:59:42.0896647Z D/EGL_emulation( 2346): app_time_stats: avg=1940.89ms min=1940.89ms max=1940.89ms count=1
2026-09-09T12:59:42.1049543Z I/flutter ( 2346): [FluviDiagnostic] stage=BUDGET_HEADER_VALUE_BOUND scope=generation=0 plane=day targetHandle=0 modelBindVsyncMicros=1225704004 displayNumeratorScaled100=0 displayDenominatorScaled100=2143313 hasLimit=true canonicalLimitScaled100=66442707 entryCount=- error=- message=-
2026-09-09T12:59:44.1400379Z D/EGL_emulation( 2346): app_time_stats: avg=2050.46ms min=2050.46ms max=2050.46ms count=1
2026-09-09T12:59:46.1342982Z D/EGL_emulation( 2346): app_time_stats: avg=1993.73ms min=1993.73ms max=1993.73ms count=1
2026-09-09T12:59:48.2448946Z D/EGL_emulation( 2346): app_time_stats: avg=2110.49ms min=2110.49ms max=2110.49ms count=1
2026-09-09T12:59:50.3594618Z D/EGL_emulation( 2346): app_time_stats: avg=2111.50ms min=2111.50ms max=2111.50ms count=1
2026-09-09T12:59:50.3720727Z I/flutter ( 2346): [FluviDiagnostic] stage=BUDGET_HEADER_VALUE_BOUND scope=generation=0 plane=day targetHandle=0 modelBindVsyncMicros=1233970671 displayNumeratorScaled100=0 displayDenominatorScaled100=2143313 hasLimit=true canonicalLimitScaled100=66442707 entryCount=- error=- message=-
2026-09-09T12:59:52.5155647Z D/EGL_emulation( 2346): app_time_stats: avg=2158.00ms min=2158.00ms max=2158.00ms count=1
2026-09-09T12:59:52.5444433Z I/flutter ( 2346): [FluviDiagnostic] stage=BUDGET_HEADER_VALUE_BOUND scope=generation=0 plane=day targetHandle=0 modelBindVsyncMicros=1236137337 displayNumeratorScaled100=0 displayDenominatorScaled100=2143313 hasLimit=true canonicalLimitScaled100=66442707 entryCount=- error=- message=-
2026-09-09T12:59:54.5191886Z VMServiceFlutterDriver: request_data message is taking a long time to complete...
2026-09-09T12:59:54.7479967Z D/EGL_emulation( 2346): app_time_stats: avg=2231.09ms min=2231.09ms max=2231.09ms count=1
2026-09-09T12:59:57.1188495Z D/EGL_emulation( 2346): app_time_stats: avg=2367.12ms min=2367.12ms max=2367.12ms count=1
2026-09-09T12:59:59.0949600Z I/flutter ( 2346): [FluviDiagnostic] stage=BUDGET_HEADER_VALUE_BOUND scope=generation=0 plane=day targetHandle=0 modelBindVsyncMicros=1242687337 displayNumeratorScaled100=0 displayDenominatorScaled100=2143313 hasLimit=true canonicalLimitScaled100=66442707 entryCount=- error=- message=-
2026-09-09T12:59:59.4809995Z D/EGL_emulation( 2346): app_time_stats: avg=414.27ms min=414.27ms max=414.27ms count=1
2026-09-09T12:59:59.5019613Z I/flutter ( 2346): [FluviDiagnostic] stage=BUDGET_HEADER_VALUE_BOUND scope=generation=0 plane=day targetHandle=0 modelBindVsyncMicros=1243104004 displayNumeratorScaled100=0 displayDenominatorScaled100=2143313 hasLimit=true canonicalLimitScaled100=66442707 entryCount=- error=- message=-
2026-09-09T13:00:01.7234239Z D/EGL_emulation( 2346): app_time_stats: avg=2244.78ms min=2244.78ms max=2244.78ms count=1
2026-09-09T13:00:04.0918615Z D/EGL_emulation( 2346): app_time_stats: avg=2367.92ms min=2367.92ms max=2367.92ms count=1
2026-09-09T13:00:05.9533701Z I/flutter ( 2346): [FluviDiagnostic] stage=BUDGET_HEADER_VALUE_BOUND scope=generation=0 plane=day targetHandle=0 modelBindVsyncMicros=1249554003 displayNumeratorScaled100=0 displayDenominatorScaled100=2143313 hasLimit=true canonicalLimitScaled100=66442707 entryCount=- error=- message=-
2026-09-09T13:00:06.1401469Z D/EGL_emulation( 2346): app_time_stats: avg=201.65ms min=201.65ms max=201.65ms count=1
2026-09-09T13:00:08.0709129Z D/EGL_emulation( 2346): app_time_stats: avg=152.97ms min=152.97ms max=152.97ms count=1
2026-09-09T13:00:09.9348369Z I/flutter ( 2346): [FluviDiagnostic] stage=BUDGET_HEADER_VALUE_BOUND scope=generation=0 plane=day targetHandle=0 modelBindVsyncMicros=1253537337 displayNumeratorScaled100=0 displayDenominatorScaled100=2143313 hasLimit=true canonicalLimitScaled100=66442707 entryCount=- error=- message=-
2026-09-09T13:00:10.2968322Z D/EGL_emulation( 2346): app_time_stats: avg=372.45ms min=372.45ms max=372.45ms count=1
2026-09-09T13:00:12.3784331Z D/EGL_emulation( 2346): app_time_stats: avg=2089.72ms min=2089.72ms max=2089.72ms count=1
2026-09-09T13:00:14.4571849Z D/EGL_emulation( 2346): app_time_stats: avg=2076.12ms min=2076.12ms max=2076.12ms count=1
2026-09-09T13:00:16.4360826Z D/EGL_emulation( 2346): app_time_stats: avg=1981.73ms min=1981.73ms max=1981.73ms count=1
2026-09-09T13:00:16.4567145Z I/flutter ( 2346): [FluviDiagnostic] stage=BUDGET_HEADER_VALUE_BOUND scope=generation=0 plane=day targetHandle=0 modelBindVsyncMicros=1260054003 displayNumeratorScaled100=0 displayDenominatorScaled100=2143313 hasLimit=true canonicalLimitScaled100=66442707 entryCount=- error=- message=-
2026-09-09T13:00:18.4465421Z D/EGL_emulation( 2346): app_time_stats: avg=2008.62ms min=2008.62ms max=2008.62ms count=1
2026-09-09T13:00:18.4510201Z I/flutter ( 2346): [FluviDiagnostic] stage=BUDGET_HEADER_VALUE_BOUND scope=generation=0 plane=day targetHandle=0 modelBindVsyncMicros=1262054003 displayNumeratorScaled100=0 displayDenominatorScaled100=2143313 hasLimit=true canonicalLimitScaled100=66442707 entryCount=- error=- message=-
2026-09-09T13:00:20.3026183Z D/EGL_emulation( 2346): app_time_stats: avg=1856.55ms min=1856.55ms max=1856.55ms count=1
2026-09-09T13:00:22.0011032Z D/EGL_emulation( 2346): app_time_stats: avg=1697.62ms min=1697.62ms max=1697.62ms count=1
2026-09-09T13:00:23.8650271Z I/flutter ( 2346): [FluviDiagnostic] stage=BUDGET_HEADER_VALUE_BOUND scope=generation=0 plane=day targetHandle=0 modelBindVsyncMicros=1267470669 displayNumeratorScaled100=0 displayDenominatorScaled100=2143313 hasLimit=true canonicalLimitScaled100=66442707 entryCount=- error=- message=-
2026-09-09T13:00:24.0542918Z D/EGL_emulation( 2346): app_time_stats: avg=205.81ms min=205.81ms max=205.81ms count=1
2026-09-09T13:00:26.4057619Z I/flutter ( 2346): [FluviDiagnostic] stage=BUDGET_HEADER_VALUE_BOUND scope=generation=0 plane=day targetHandle=0 modelBindVsyncMicros=1270004003 displayNumeratorScaled100=0 displayDenominatorScaled100=2143313 hasLimit=true canonicalLimitScaled100=66442707 entryCount=- error=- message=-
2026-09-09T13:00:26.8168584Z D/EGL_emulation( 2346): app_time_stats: avg=422.62ms min=422.62ms max=422.62ms count=1
2026-09-09T13:00:29.1739898Z D/EGL_emulation( 2346): app_time_stats: avg=2353.10ms min=2353.10ms max=2353.10ms count=1
2026-09-09T13:00:29.1945003Z I/flutter ( 2346): [FluviDiagnostic] stage=BUDGET_HEADER_VALUE_BOUND scope=generation=0 plane=day targetHandle=0 modelBindVsyncMicros=1272787336 displayNumeratorScaled100=0 displayDenominatorScaled100=2143313 hasLimit=true canonicalLimitScaled100=66442707 entryCount=- error=- message=-
2026-09-09T13:00:31.1388283Z D/EGL_emulation( 2346): app_time_stats: avg=1963.03ms min=1963.03ms max=1963.03ms count=1
2026-09-09T13:00:33.2541058Z D/EGL_emulation( 2346): app_time_stats: avg=2115.31ms min=2115.31ms max=2115.31ms count=1
2026-09-09T13:00:33.2700333Z I/flutter ( 2346): [FluviDiagnostic] stage=BUDGET_HEADER_VALUE_BOUND scope=generation=0 plane=day targetHandle=0 modelBindVsyncMicros=1276870669 displayNumeratorScaled100=0 displayDenominatorScaled100=2143313 hasLimit=true canonicalLimitScaled100=66442707 entryCount=- error=- message=-
2026-09-09T13:00:35.4077087Z D/EGL_emulation( 2346): app_time_stats: avg=2155.97ms min=2155.97ms max=2155.97ms count=1
2026-09-09T13:00:37.3907523Z D/EGL_emulation( 2346): app_time_stats: avg=1985.31ms min=1985.31ms max=1985.31ms count=1
2026-09-09T13:00:39.3421089Z D/EGL_emulation( 2346): app_time_stats: avg=1946.88ms min=1946.88ms max=1946.88ms count=1
2026-09-09T13:00:41.4268905Z D/EGL_emulation( 2346): app_time_stats: avg=2086.31ms min=2086.31ms max=2086.31ms count=1
2026-09-09T13:00:41.4349448Z I/flutter ( 2346): [FluviDiagnostic] stage=BUDGET_HEADER_VALUE_BOUND scope=generation=0 plane=day targetHandle=0 modelBindVsyncMicros=1285037335 displayNumeratorScaled100=0 displayDenominatorScaled100=2143313 hasLimit=true canonicalLimitScaled100=66442707 entryCount=- error=- message=-
2026-09-09T13:00:43.6669846Z D/EGL_emulation( 2346): app_time_stats: avg=2239.91ms min=2239.91ms max=2239.91ms count=1
2026-09-09T13:00:43.6864039Z I/flutter ( 2346): [FluviDiagnostic] stage=BUDGET_HEADER_VALUE_BOUND scope=generation=0 plane=day targetHandle=0 modelBindVsyncMicros=1287287335 displayNumeratorScaled100=0 displayDenominatorScaled100=2143313 hasLimit=true canonicalLimitScaled100=66442707 entryCount=- error=- message=-
2026-09-09T13:00:45.6323832Z D/EGL_emulation( 2346): app_time_stats: avg=1965.29ms min=1965.29ms max=1965.29ms count=1
2026-09-09T13:00:47.6464022Z D/EGL_emulation( 2346): app_time_stats: avg=2016.48ms min=2016.48ms max=2016.48ms count=1
2026-09-09T13:00:47.6773185Z I/flutter ( 2346): [FluviDiagnostic] stage=BUDGET_HEADER_VALUE_BOUND scope=generation=0 plane=day targetHandle=0 modelBindVsyncMicros=1291270668 displayNumeratorScaled100=0 displayDenominatorScaled100=2143313 hasLimit=true canonicalLimitScaled100=66442707 entryCount=- error=- message=-
2026-09-09T13:00:49.9943522Z D/EGL_emulation( 2346): app_time_stats: avg=2347.98ms min=2347.98ms max=2347.98ms count=1
2026-09-09T13:00:49.9973321Z I/flutter ( 2346): [FluviDiagnostic] stage=BUDGET_HEADER_VALUE_BOUND scope=generation=0 plane=day targetHandle=0 modelBindVsyncMicros=1293604002 displayNumeratorScaled100=0 displayDenominatorScaled100=2143313 hasLimit=true canonicalLimitScaled100=66442707 entryCount=- error=- message=-
2026-09-09T13:00:52.6592734Z D/EGL_emulation( 2346): app_time_stats: avg=2657.69ms min=2657.69ms max=2657.69ms count=1
2026-09-09T13:00:55.4379215Z D/EGL_emulation( 2346): app_time_stats: avg=2783.45ms min=2783.45ms max=2783.45ms count=1
2026-09-09T13:00:55.4570741Z I/flutter ( 2346): [FluviDiagnostic] stage=BUDGET_HEADER_VALUE_BOUND scope=generation=0 plane=day targetHandle=0 modelBindVsyncMicros=1299054001 displayNumeratorScaled100=0 displayDenominatorScaled100=2143313 hasLimit=true canonicalLimitScaled100=66442707 entryCount=- error=- message=-
2026-09-09T13:00:57.5479337Z D/EGL_emulation( 2346): app_time_stats: avg=2107.12ms min=2107.12ms max=2107.12ms count=1
2026-09-09T13:00:59.7712785Z D/EGL_emulation( 2346): app_time_stats: avg=2227.48ms min=2227.48ms max=2227.48ms count=1
2026-09-09T13:00:59.7961083Z I/flutter ( 2346): [FluviDiagnostic] stage=BUDGET_HEADER_VALUE_BOUND scope=generation=0 plane=day targetHandle=0 modelBindVsyncMicros=1303387335 displayNumeratorScaled100=0 displayDenominatorScaled100=2143313 hasLimit=true canonicalLimitScaled100=66442707 entryCount=- error=- message=-
2026-09-09T13:01:02.1754799Z D/EGL_emulation( 2346): app_time_stats: avg=2404.81ms min=2404.81ms max=2404.81ms count=1
2026-09-09T13:01:04.7199861Z D/EGL_emulation( 2346): app_time_stats: avg=2543.99ms min=2543.99ms max=2543.99ms count=1
2026-09-09T13:01:06.8242358Z D/EGL_emulation( 2346): app_time_stats: avg=2102.54ms min=2102.54ms max=2102.54ms count=1
2026-09-09T13:01:08.9610081Z D/EGL_emulation( 2346): app_time_stats: avg=2134.20ms min=2134.20ms max=2134.20ms count=1
2026-09-09T13:01:08.9689506Z I/flutter ( 2346): [FluviDiagnostic] stage=BUDGET_HEADER_VALUE_BOUND scope=generation=0 plane=day targetHandle=0 modelBindVsyncMicros=1312570667 displayNumeratorScaled100=0 displayDenominatorScaled100=2143313 hasLimit=true canonicalLimitScaled100=66442707 entryCount=- error=- message=-
2026-09-09T13:01:10.4836262Z I/flutter ( 2346): [PROFILE][SCENARIO_READY] E_month_day_rail_empty
2026-09-09T13:01:10.4867623Z I/flutter ( 2346): [PROFILE][SCENARIO_START] F_parent_while_rail_open
2026-09-09T13:01:10.9187295Z D/EGL_emulation( 2346): app_time_stats: avg=1962.09ms min=1962.09ms max=1962.09ms count=1
2026-09-09T13:01:10.9357944Z I/flutter ( 2346): [FluviDiagnostic] stage=DASHBOARD_STARTUP_ATTEMPT_STARTED scope=attemptGeneration=1 stage=bootstrap entryCount=- error=- message=-
2026-09-09T13:01:10.9658142Z I/flutter ( 2346): [FluviDiagnostic] stage=READINESS_PHASE_ENTERED scope=- entryCount=- error=- message=databasePending
2026-09-09T13:01:10.9660209Z I/flutter ( 2346): [FluviDiagnostic] stage=READINESS_PHASE_ENTERED scope=- entryCount=- error=- message=indexBuilding
2026-09-09T13:01:10.9688132Z I/flutter ( 2346): [FluviDiagnostic] stage=READINESS_TASK_STARTED scope=- entryCount=- error=- message=viewportPayload
2026-09-09T13:01:11.0315254Z D/FluviDashboard( 2346): [FLOW][INDEX_BUILD_STARTED] INDEX_BUILD_STARTED flowId=- queryKey=- direction=- scope=generation=1 acquisitionReason=bootstrap requestIdentity=rev=2|income=income|periods:|categories:|partners:|refinements:min=,max=,hasNote=false|expense=expense|periods:|categories:|partners:|refinements:min=,max=,hasNote=false|page=24|window=2014-2038 revision=2 totalMinor=- entryCount=-
2026-09-09T13:01:11.5007351Z I/com.fluvi.app( 2346): Background concurrent mark compact GC freed 18MB AllocSpace bytes, 30(16MB) LOS objects, 49% free, 5111KB/10223KB, paused 494us,3.710ms total 302.996ms
2026-09-09T13:01:12.0308241Z I/com.fluvi.app( 2346): Background concurrent mark compact GC freed 7856KB AllocSpace bytes, 0(0B) LOS objects, 49% free, 4491KB/8983KB, paused 159us,2.669ms total 238.023ms
2026-09-09T13:01:12.3940561Z I/com.fluvi.app( 2346): Background concurrent mark compact GC freed 5804KB AllocSpace bytes, 0(0B) LOS objects, 49% free, 4959KB/9919KB, paused 148us,2.125ms total 153.798ms
2026-09-09T13:01:12.8378814Z I/com.fluvi.app( 2346): Background concurrent mark compact GC freed 4872KB AllocSpace bytes, 0(0B) LOS objects, 49% free, 5819KB/11MB, paused 3.974ms,5.018ms total 154.817ms
2026-09-09T13:01:13.1281893Z D/FluviDashboard( 2346): [FLOW][INDEX_BUILD_READY] INDEX_BUILD_READY flowId=- queryKey=- direction=- scope=generation=1 acquisitionReason=bootstrap requestIdentity=rev=2|income=income|periods:|categories:|partners:|refinements:min=,max=,hasNote=false|expense=expense|periods:|categories:|partners:|refinements:min=,max=,hasNote=false|page=24|window=2014-2038 sqlCalls=5 sqlMicros=1297166 frames=1012 rows=4304 payloadBytes=2175073 serializationMicros=93352 revision=2 totalMinor=- entryCount=-
2026-09-09T13:01:13.2119205Z I/com.fluvi.app( 2346): Background concurrent mark compact GC freed 2036KB AllocSpace bytes, 3(7180KB) LOS objects, 49% free, 11MB/23MB, paused 90us,15.078ms total 85.642ms
2026-09-09T13:01:13.3720587Z D/EGL_emulation( 2346): app_time_stats: avg=2452.56ms min=2452.56ms max=2452.56ms count=1
2026-09-09T13:01:13.8750087Z D/FluviDashboard( 2346): [FLOW][FINANCIAL_LIMIT_SNAPSHOT_PREPARE_STARTED] FINANCIAL_LIMIT_SNAPSHOT_PREPARE_STARTED flowId=- queryKey=- direction=- scope=yearWindowStart=2014 yearWindowEnd=2038 revision=2 totalMinor=- entryCount=-
2026-09-09T13:01:14.0085616Z D/FluviDashboard( 2346): [FLOW][FINANCIAL_LIMIT_SNAPSHOT_READY] FINANCIAL_LIMIT_SNAPSHOT_READY flowId=- queryKey=- direction=- scope=incomeTargetCount=3 incomeCategoryCount=2 expenseTargetCount=9 expenseCategoryCount=8 periodSliceCount=326 payloadBytes=320072 sqlCalls=5 nativeSqlMicros=113421 revision=2 totalMinor=- entryCount=-
2026-09-09T13:01:14.0362614Z D/FluviDashboard( 2346): [FLOW][BUDGET_PARTNER_SNAPSHOT_PREPARE_STARTED] BUDGET_PARTNER_SNAPSHOT_PREPARE_STARTED flowId=- queryKey=- direction=- scope=yearWindowStart=2014 yearWindowEnd=2038 revision=2 totalMinor=- entryCount=-
2026-09-09T13:01:14.2569802Z D/FluviDashboard( 2346): [FLOW][BUDGET_PARTNER_SNAPSHOT_READY] BUDGET_PARTNER_SNAPSHOT_READY flowId=- queryKey=- direction=- scope=incomePartnerCount=4 expensePartnerCount=23 periodSlices=326 payloadBytes=347027 sqlCalls=5 nativeSqlMicros=180543 revision=2 totalMinor=- entryCount=-
2026-09-09T13:01:14.2718275Z I/flutter ( 2346): [FluviDiagnostic] stage=READINESS_TASK_COMPLETED scope=- entryCount=- error=- message=viewportPayload
2026-09-09T13:01:14.2748040Z I/flutter ( 2346): [FluviDiagnostic] stage=READINESS_PHASE_ENTERED scope=- entryCount=- error=- message=presentationPreparing
2026-09-09T13:01:14.2749845Z I/flutter ( 2346): [FluviDiagnostic] stage=READINESS_TASK_STARTED scope=- entryCount=- error=- message=renderResources
2026-09-09T13:01:14.2751552Z I/flutter ( 2346): [FluviDiagnostic] stage=READINESS_TASK_COMPLETED scope=- entryCount=- error=- message=renderResources
2026-09-09T13:01:14.2753305Z I/flutter ( 2346): [FluviDiagnostic] stage=READINESS_PHASE_ENTERED scope=- entryCount=- error=- message=renderCriticalWarmup
2026-09-09T13:01:14.2755014Z I/flutter ( 2346): [FluviDiagnostic] stage=READINESS_TASK_STARTED scope=- entryCount=- error=- message=logBoxSurface
2026-09-09T13:01:14.2878841Z I/com.fluvi.app( 2346): Background concurrent mark compact GC freed 11MB AllocSpace bytes, 23(10MB) LOS objects, 49% free, 4551KB/9103KB, paused 131us,10.235ms total 91.438ms
2026-09-09T13:01:14.4060880Z D/EGL_emulation( 2346): app_time_stats: avg=199.13ms min=39.84ms max=256.07ms count=5
2026-09-09T13:01:14.4549980Z I/flutter ( 2346): [FluviDiagnostic] stage=BUDGET_HEADER_VALUE_BOUND scope=generation=0 plane=day targetHandle=0 modelBindVsyncMicros=1318054001 displayNumeratorScaled100=2839954 displayDenominatorScaled100=2778226 hasLimit=true canonicalLimitScaled100=86125000 entryCount=- error=- message=-
2026-09-09T13:01:14.4579347Z I/flutter ( 2346): [FluviDiagnostic] stage=HEADER_PORTAL_EFFECT_CATALOG_VERIFIED scope=- entryCount=- error=- message=innerOptionCount=5 backgroundOptionCount=5 sameOptions=true sameRenderer=false sameParameterSchema=true sameDefaults=true sameState=false sameClockSource=true
2026-09-09T13:01:14.4629900Z I/flutter ( 2346): [FluviDiagnostic] stage=BUDGET_HEADER_COOL_COLOR_BOUND scope=source=cool driver=userGlobal positionPct=50 windowWidthPct=28 leftRawPct=36.0 centerRawPct=50.0 rightRawPct=64.0 leftSamplePct=36.0 centerSamplePct=50.0 rightSamplePct=64.0 colorAArgb=4284604923 colorMidArgb=4279551457 colorBArgb=4278423754 settingsGeneration=0 entryCount=- error=- message=-
2026-09-09T13:01:14.4808224Z I/flutter ( 2346): [FluviDiagnostic] stage=READINESS_TASK_COMPLETED scope=- entryCount=- error=- message=logBoxSurface
2026-09-09T13:01:14.4837726Z I/flutter ( 2346): [FluviDiagnostic] stage=READINESS_TASK_STARTED scope=- entryCount=- error=- message=logBoxLayout
2026-09-09T13:01:14.4867737Z I/flutter ( 2346): [FluviDiagnostic] stage=READINESS_TASK_COMPLETED scope=- entryCount=- error=- message=logBoxLayout
2026-09-09T13:01:14.4897745Z I/flutter ( 2346): [FluviDiagnostic] stage=READINESS_TASK_STARTED scope=- entryCount=- error=- message=textLayoutSlots
2026-09-09T13:01:14.4899746Z I/flutter ( 2346): [FluviDiagnostic] stage=SCENE_WINDOW_PREPARE_STARTED scope=owner=renderCriticalReadiness priority=5 entryCount=130 error=- message=-
2026-09-09T13:01:14.4928317Z I/flutter ( 2346): [FluviDiagnostic] stage=SCENE_WINDOW_ATOMIC_WORK_UNIT_OVER_BUDGET scope=workUnit=richProjection elapsedMicros=1394 budgetMicros=1000 entryCount=130 error=- message=-
2026-09-09T13:01:14.4958210Z I/flutter ( 2346): [FluviDiagnostic] stage=SCENE_WINDOW_SLICE_OVER_BUDGET scope=boundary=richProjection elapsedMicros=1982 budgetMicros=1000 entryCount=130 error=- message=-
2026-09-09T13:01:14.5229953Z I/flutter ( 2346): [FluviDiagnostic] stage=HEADER_RENDER_BACKEND_BOUND scope=commitSha=a047e216803d3ac01d97b4d5ffd03842a1579db3 backend=fragmentShader logicalWidth=375.4757281553398 logicalHeight=123.8252427184466 devicePixelRatio=2.6260019651445416 physicalWidth=986.0 physicalHeight=326.0 backendIdentity=929300132 entryCount=- error=- message=-
2026-09-09T13:01:14.5260572Z I/flutter ( 2346): [FluviDiagnostic] stage=HEADER_PORTAL_INNER_CHANNEL_BOUND scope=enabled=true effectId=wandering-mist settingsGeneration=0 phaseOwnerIdentity=826750274 controllerIdentity=1022601746 fragmentBackendIdentity=929300132 programIdentity=929300132 shaderIdentity=929300132 canonicalFieldStopCount=2 canonicalFieldStopHash=43d59ffd portalColorModel=paletteCoordinate inputSignature=19e6aec9 entryCount=- error=- message=-
2026-09-09T13:01:14.5290602Z I/flutter ( 2346): [FluviDiagnostic] stage=HEADER_PORTAL_BACKGROUND_CHANNEL_BOUND scope=enabled=true effectId=wandering-mist settingsGeneration=0 phaseOwnerIdentity=826750274 controllerIdentity=1022601746 fragmentBackendIdentity=929300132 programIdentity=929300132 shaderIdentity=929300132 canonicalFieldStopCount=2 canonicalFieldStopHash=43d59ffd portalColorModel=paletteCoordinate inputSignature=19e6aec9 entryCount=- error=- message=-
2026-09-09T13:01:14.5321209Z I/flutter ( 2346): [FluviDiagnostic] stage=HEADER_PORTAL_FRAGMENT_INPUT_BOUND scope=innerEnabled=true innerEffect=wandering-mist innerSettingsHash=d6060b backgroundEnabled=true backgroundEffect=wandering-mist backgroundSettingsHash=d6060b uniformLayoutVersion=3 fragmentConfigurationGeneration=1 fragmentBackendIdentity=929300132 programIdentity=929300132 shaderIdentity=929300132 canonicalFieldStopCount=2 canonicalFieldStopHash=43d59ffd portalColorModel=paletteCoordinate entryCount=- error=- message=-
2026-09-09T13:01:14.5327200Z I/flutter ( 2346): [FluviDiagnostic] stage=HEADER_SHADER_READY scope=asset=shaders/dashboard_header_field.frag programIdentity=22724915 shaderIdentity=979412742 flutterVersion=3.41.4 rendererBackend=runtimeEffect engineBackend=notExposedByDart entryCount=- error=- message=-
2026-09-09T13:01:14.5358151Z I/flutter ( 2346): [FluviDiagnostic] stage=SCENE_WINDOW_SLICE_OVER_BUDGET scope=boundary=rowText elapsedMicros=7803 budgetMicros=1000 entryCount=130 error=- message=-
2026-09-09T13:01:14.5388337Z I/flutter ( 2346): [FluviDiagnostic] stage=SCENE_WINDOW_ATOMIC_WORK_UNIT_OVER_BUDGET scope=workUnit=rowText:secondary elapsedMicros=2483 budgetMicros=1000 entryCount=130 error=- message=-
2026-09-09T13:01:14.5391010Z I/flutter ( 2346): [FluviDiagnostic] stage=SCENE_WINDOW_ATOMIC_WORK_UNIT_OVER_BUDGET scope=workUnit=rowText:title elapsedMicros=9502 budgetMicros=1000 entryCount=130 error=- message=-
2026-09-09T13:01:14.5418543Z I/flutter ( 2346): [FluviDiagnostic] stage=SCENE_WINDOW_SLICE_OVER_BUDGET scope=boundary=rowTextParagraph elapsedMicros=9770 budgetMicros=1000 entryCount=130 error=- message=-
2026-09-09T13:01:14.5448393Z I/flutter ( 2346): [FluviDiagnostic] stage=SCENE_WINDOW_ATOMIC_WORK_UNIT_OVER_BUDGET scope=workUnit=rowText:amount elapsedMicros=9184 budgetMicros=1000 entryCount=130 error=- message=-
2026-09-09T13:01:14.5584488Z I/flutter ( 2346): [FluviDiagnostic] stage=SCENE_WINDOW_ATOMIC_WORK_UNIT_OVER_BUDGET scope=workUnit=rowText:time elapsedMicros=3176 budgetMicros=1000 entryCount=130 error=- message=-
2026-09-09T13:01:14.5708206Z I/flutter ( 2346): [FluviDiagnostic] stage=SCENE_WINDOW_SLICE_OVER_BUDGET scope=boundary=dayHeader elapsedMicros=1047 budgetMicros=1000 entryCount=130 error=- message=-
2026-09-09T13:01:14.5776585Z I/flutter ( 2346): [FluviDiagnostic] stage=SCENE_WINDOW_ATOMIC_WORK_UNIT_OVER_BUDGET scope=workUnit=dayHeaderText elapsedMicros=3436 budgetMicros=1000 entryCount=130 error=- message=-
2026-09-09T13:01:14.5831338Z I/flutter ( 2346): [FluviDiagnostic] stage=SCENE_WINDOW_PREPARE_COMPLETED scope=owner=renderCriticalReadiness priority=5 entryCount=130 error=- message=uiIsolateMicros=72706 largestContiguousUiSliceMicros=9770 yields=74 richRowProjectionMicros=131 richFrameProjectionMicros=542 projectedUniqueRows=96 projectedFrames=38 reusedProjectedRows=30 reusedProjectedFrames=0 uniqueRowLayouts=100 reusedRowLayouts=0 newRowLayouts=100 sceneNew=39 sceneReuse=0 pauseCount=0 resumeCount=0 semanticsWork=0 rasterWork=0 allocationCount=170
2026-09-09T13:01:14.5836307Z I/flutter ( 2346): [FluviDiagnostic] stage=SCENE_WINDOW_PREPARE_STARTED scope=owner=liveInteractionResource priority=4 entryCount=130 error=- message=-
2026-09-09T13:01:14.5867797Z I/flutter ( 2346): [FluviDiagnostic] stage=READINESS_TASK_COMPLETED scope=- entryCount=- error=- message=textLayoutSlots
2026-09-09T13:01:14.5897691Z I/flutter ( 2346): [FluviDiagnostic] stage=READINESS_PHASE_ENTERED scope=- entryCount=- error=- message=ready
2026-09-09T13:01:14.5899629Z I/flutter ( 2346): [FluviDiagnostic] stage=DASHBOARD_STARTUP_READY scope=attemptGeneration=1 stage=ready readinessTask=- entryCount=- error=- message=-
2026-09-09T13:01:14.5957668Z I/flutter ( 2346): [FluviDiagnostic] stage=READINESS_READY scope=- entryCount=- error=- message=-
2026-09-09T13:01:14.5962876Z I/flutter ( 2346): [FluviDiagnostic] stage=SCENE_WINDOW_PREPARE_COMPLETED scope=owner=liveInteractionResource priority=4 entryCount=130 error=- message=uiIsolateMicros=1395 largestContiguousUiSliceMicros=936 yields=6 richRowProjectionMicros=0 richFrameProjectionMicros=0 projectedUniqueRows=0 projectedFrames=0 reusedProjectedRows=0 reusedProjectedFrames=0 uniqueRowLayouts=100 reusedRowLayouts=100 newRowLayouts=0 sceneNew=0 sceneReuse=39 pauseCount=0 resumeCount=0 semanticsWork=0 rasterWork=0 allocationCount=0
2026-09-09T13:01:14.6992655Z I/flutter ( 2346): [FluviDiagnostic] stage=SCENE_WINDOW_PREPARE_STARTED scope=owner=foregroundNavigation priority=3 entryCount=226 error=- message=-
2026-09-09T13:01:14.7018381Z I/flutter ( 2346): [FluviDiagnostic] stage=SCENE_WINDOW_SLICE_OVER_BUDGET scope=boundary=rowTextParagraph elapsedMicros=1782 budgetMicros=1000 entryCount=226 error=- message=-
2026-09-09T13:01:14.7048461Z I/flutter ( 2346): [FluviDiagnostic] stage=SCENE_WINDOW_ATOMIC_WORK_UNIT_OVER_BUDGET scope=workUnit=rowText:secondary elapsedMicros=1491 budgetMicros=1000 entryCount=226 error=- message=-
2026-09-09T13:01:14.7068296Z I/flutter ( 2346): [FluviDiagnostic] stage=SCENE_WINDOW_SLICE_OVER_BUDGET scope=boundary=rowText elapsedMicros=1678 budgetMicros=1000 entryCount=226 error=- message=-
2026-09-09T13:01:14.7079299Z I/flutter ( 2346): [FluviDiagnostic] stage=SCENE_WINDOW_ATOMIC_WORK_UNIT_OVER_BUDGET scope=workUnit=rowText:title elapsedMicros=3281 budgetMicros=1000 entryCount=226 error=- message=-
2026-09-09T13:01:14.7108416Z I/flutter ( 2346): [FluviDiagnostic] stage=SCENE_WINDOW_ATOMIC_WORK_UNIT_OVER_BUDGET scope=workUnit=dayHeaderText elapsedMicros=1149 budgetMicros=1000 entryCount=226 error=- message=-
2026-09-09T13:01:14.7124866Z I/flutter ( 2346): [FluviDiagnostic] stage=SCENE_WINDOW_SLICE_OVER_BUDGET scope=boundary=dayHeader elapsedMicros=1919 budgetMicros=1000 entryCount=226 error=- message=-
2026-09-09T13:01:14.7145107Z I/flutter ( 2346): [FluviDiagnostic] stage=SCENE_WINDOW_PREPARE_COMPLETED scope=owner=foregroundNavigation priority=3 entryCount=226 error=- message=uiIsolateMicros=15303 largestContiguousUiSliceMicros=3570 yields=18 richRowProjectionMicros=27 richFrameProjectionMicros=591 projectedUniqueRows=18 projectedFrames=4 reusedProjectedRows=78 reusedProjectedFrames=0 uniqueRowLayouts=118 reusedRowLayouts=100 newRowLayouts=18 sceneNew=4 sceneReuse=39 pauseCount=0 resumeCount=0 semanticsWork=0 rasterWork=0 allocationCount=40
2026-09-09T13:01:14.7187952Z I/flutter ( 2346): [FluviDiagnostic] stage=SUMMARY_PARENT_HOTSET_PREPARE_STARTED scope=- entryCount=130 error=- message=-
2026-09-09T13:01:14.7211567Z I/flutter ( 2346): [FluviDiagnostic] stage=SCENE_WINDOW_PREPARE_STARTED scope=owner=speculativeMaintenance priority=1 entryCount=130 error=- message=-
2026-09-09T13:01:14.7266854Z I/flutter ( 2346): [FluviDiagnostic] stage=SCENE_WINDOW_SLICE_OVER_BUDGET scope=boundary=richProjection elapsedMicros=2774 budgetMicros=1000 entryCount=130 error=- message=-
2026-09-09T13:01:14.7289572Z I/flutter ( 2346): [FluviDiagnostic] stage=SCENE_WINDOW_ATOMIC_WORK_UNIT_OVER_BUDGET scope=workUnit=rowText:time elapsedMicros=2874 budgetMicros=1000 entryCount=130 error=- message=-
2026-09-09T13:01:14.7318639Z I/flutter ( 2346): [FluviDiagnostic] stage=SCENE_WINDOW_SLICE_OVER_BUDGET scope=boundary=rowTextParagraph elapsedMicros=3076 budgetMicros=1000 entryCount=130 error=- message=-
2026-09-09T13:01:14.7348573Z I/flutter ( 2346): [FluviDiagnostic] stage=SCENE_WINDOW_ATOMIC_WORK_UNIT_OVER_BUDGET scope=workUnit=rowText:amount elapsedMicros=1703 budgetMicros=1000 entryCount=130 error=- message=-
2026-09-09T13:01:14.7372556Z I/flutter ( 2346): [FluviDiagnostic] stage=SCENE_WINDOW_ATOMIC_WORK_UNIT_OVER_BUDGET scope=workUnit=rowText:title elapsedMicros=3446 budgetMicros=1000 entryCount=130 error=- message=-
2026-09-09T13:01:14.7663096Z I/flutter ( 2346): [FluviDiagnostic] stage=SCENE_WINDOW_ATOMIC_WORK_UNIT_OVER_BUDGET scope=workUnit=dayHeaderText elapsedMicros=1145 budgetMicros=1000 entryCount=130 error=- message=-
2026-09-09T13:01:14.7698434Z I/flutter ( 2346): [FluviDiagnostic] stage=SCENE_WINDOW_SLICE_OVER_BUDGET scope=boundary=dayHeader elapsedMicros=1505 budgetMicros=1000 entryCount=130 error=- message=-
2026-09-09T13:01:14.7701348Z I/flutter ( 2346): [FluviDiagnostic] stage=SCENE_WINDOW_SLICE_OVER_BUDGET scope=boundary=completion elapsedMicros=1924 budgetMicros=1000 entryCount=130 error=- message=-
2026-09-09T13:01:14.7731522Z I/flutter ( 2346): [FluviDiagnostic] stage=SCENE_WINDOW_PREPARE_COMPLETED scope=owner=speculativeMaintenance priority=1 entryCount=130 error=- message=uiIsolateMicros=48513 largestContiguousUiSliceMicros=3508 yields=72 richRowProjectionMicros=132 richFrameProjectionMicros=524 projectedUniqueRows=94 projectedFrames=30 reusedProjectedRows=36 reusedProjectedFrames=0 uniqueRowLayouts=100 reusedRowLayouts=6 newRowLayouts=94 sceneNew=30 sceneReuse=0 pauseCount=0 resumeCount=0 semanticsWork=0 rasterWork=0 allocationCount=140
2026-09-09T13:01:14.7757968Z I/flutter ( 2346): [FluviDiagnostic] stage=SUMMARY_PARENT_HOTSET_PREPARE_READY scope=- entryCount=130 error=- message=-
2026-09-09T13:01:14.7787915Z I/flutter ( 2346): [FluviDiagnostic] stage=SUMMARY_PARENT_HOTSET_PREPARE_STARTED scope=- entryCount=0 error=- message=-
2026-09-09T13:01:14.7818021Z I/flutter ( 2346): [FluviDiagnostic] stage=SUMMARY_PARENT_HOTSET_PREPARE_READY scope=- entryCount=0 error=- message=-
2026-09-09T13:01:14.7850755Z I/flutter ( 2346): [FluviDiagnostic] stage=HEADER_RENDER_FIDELITY_CONFIG scope=outputResolutionMode=nativeSurface fieldEvaluationMode=perFragment logicalWidth=375.4757281553398 logicalHeight=123.8252427184466 physicalWidth=986.0 physicalHeight=326.0 sourceRenderScale=0.6 effectId=dualTide backend=fragmentShader physicalTarget=986.0x326.0 parentTransformScale=notObservableInCanvas touchOverlayBackend=fragmentShaderAnalytic shaderFailureFallback=nativeStaticGradient shaderReady=true shaderFailure=false entryCount=- error=- message=-
2026-09-09T13:01:14.7879943Z I/flutter ( 2346): [FluviDiagnostic] stage=HEADER_TOUCH_RENDER_PATH_BOUND scope=fieldBackend=fragmentShader overlayBackend=fragmentShaderAnalytic trailBackend=fragmentShaderAnalytic logicalSize=375.4757281553398x123.8252427184466 physicalSize=986.0x326.0 usesSaveLayer=false usesOffscreenIntermediate=false entryCount=- error=- message=-
2026-09-09T13:01:14.7903115Z I/flutter ( 2346): [FluviDiagnostic] stage=HEADER_PORTAL_INNER_CHANNEL_BOUND scope=enabled=true effectId=wandering-mist settingsGeneration=0 phaseOwnerIdentity=826750274 controllerIdentity=1022601746 fragmentBackendIdentity=929300132 programIdentity=22724915 shaderIdentity=979412742 canonicalFieldStopCount=2 canonicalFieldStopHash=43d59ffd portalColorModel=paletteCoordinate inputSignature=118efe17 entryCount=- error=- message=-
2026-09-09T13:01:14.7923303Z I/flutter ( 2346): [FluviDiagnostic] stage=HEADER_PORTAL_BACKGROUND_CHANNEL_BOUND scope=enabled=true effectId=wandering-mist settingsGeneration=0 phaseOwnerIdentity=826750274 controllerIdentity=1022601746 fragmentBackendIdentity=929300132 programIdentity=22724915 shaderIdentity=979412742 canonicalFieldStopCount=2 canonicalFieldStopHash=43d59ffd portalColorModel=paletteCoordinate inputSignature=118efe17 entryCount=- error=- message=-
2026-09-09T13:01:15.7890644Z I/flutter ( 2346): [FluviDiagnostic] stage=HEADER_PORTAL_FRAGMENT_INPUT_BOUND scope=innerEnabled=true innerEffect=wandering-mist innerSettingsHash=d6060b backgroundEnabled=true backgroundEffect=wandering-mist backgroundSettingsHash=d6060b uniformLayoutVersion=3 fragmentConfigurationGeneration=2 fragmentBackendIdentity=929300132 programIdentity=22724915 shaderIdentity=979412742 canonicalFieldStopCount=2 canonicalFieldStopHash=43d59ffd portalColorModel=paletteCoordinate entryCount=- error=- message=-
2026-09-09T13:01:15.7916517Z I/flutter ( 2346): [PROFILE][SCENARIO_PREPARED] F_parent_while_rail_open plane=month
2026-09-09T13:01:15.7977485Z I/flutter ( 2346): [PROFILE][SCENARIO_STABLE] F_parent_while_rail_open
2026-09-09T13:01:16.8477311Z I/flutter ( 2346): 
2026-09-09T13:01:16.8511533Z I/flutter ( 2346): Warning: A call to fling() with finder "Found 1 widget with key [<'dashboard-summary-shell-transform'>]: [
2026-09-09T13:01:16.8512909Z I/flutter ( 2346):   Instance of 'SingleChildRenderObjectElement',
2026-09-09T13:01:16.8514252Z I/flutter ( 2346): ]" derived an Offset (Instance of 'Offset') that would not hit test on the specified widget.
2026-09-09T13:01:16.8516083Z I/flutter ( 2346): Maybe the widget is actually off-screen, or another widget is obscuring it, or the widget cannot receive pointer events.
2026-09-09T13:01:16.8517902Z I/flutter ( 2346): The finder corresponds to this RenderBox: Instance of 'RenderTransform'
2026-09-09T13:01:16.8519215Z I/flutter ( 2346): The hit test result at that offset is: Instance of 'HitTestResult'
2026-09-09T13:01:16.8531280Z I/flutter ( 2346): #0      WidgetController._getElementPoint (package:flutter_test/src/controller.dart:2158)
2026-09-09T13:01:16.8532873Z I/flutter ( 2346): #1      WidgetController.getCenter (package:flutter_test/src/controller.dart:1942)
2026-09-09T13:01:16.8534315Z I/flutter ( 2346): #2      WidgetController.fling (package:flutter_test/src/controller.dart:1297)
2026-09-09T13:01:16.8536125Z I/flutter ( 2346): #3      _flingSummary (file:///home/runner/work/exptv2/exptv2/integration_test/dashboard_interaction_profile_test.dart:1669)
2026-09-09T13:01:16.8538452Z I/flutter ( 2346): #4      _runMeasuredScenario (file:///home/runner/work/exptv2/exptv2/integration_test/dashboard_interaction_profile_test.dart:1271)
2026-09-09T13:01:16.8547052Z I/flutter ( 2346): #5      _runScenario.<anonymous closure>.<anonymous closure> (file:///home/runner/work/exptv2/exptv2/integration_test/dashboard_interaction_profile_test.dart:419)
2026-09-09T13:01:16.8549685Z I/flutter ( 2346): #6      _timelineStep (file:///home/runner/work/exptv2/exptv2/integration_test/dashboard_interaction_profile_test.dart:1750)
2026-09-09T13:01:16.8552241Z I/flutter ( 2346): #7      _runScenario.<anonymous closure> (file:///home/runner/work/exptv2/exptv2/integration_test/dashboard_interaction_profile_test.dart:411)
2026-09-09T13:01:16.8554417Z I/flutter ( 2346): #8      IntegrationTestWidgetsFlutterBinding.traceTimeline (package:integration_test/integration_test.dart:304)
2026-09-09T13:01:16.8555707Z I/flutter ( 2346): <asynchronous suspension>
2026-09-09T13:01:16.8557293Z I/flutter ( 2346): #9      IntegrationTestWidgetsFlutterBinding.traceAction (package:integration_test/integration_test.dart:356)
2026-09-09T13:01:16.8558561Z I/flutter ( 2346): <asynchronous suspension>
2026-09-09T13:01:16.8560194Z I/flutter ( 2346): #10     _captureProfilePerformance (file:///home/runner/work/exptv2/exptv2/integration_test/dashboard_interaction_profile_test.dart:1773)
2026-09-09T13:01:16.8572129Z I/flutter ( 2346): <asynchronous suspension>
2026-09-09T13:01:16.8573629Z I/flutter ( 2346): #11     _runScenario (file:///home/runner/work/exptv2/exptv2/integration_test/dashboard_interaction_profile_test.dart:409)
2026-09-09T13:01:16.8575149Z I/flutter ( 2346): <asynchronous suspension>
2026-09-09T13:01:16.8576893Z I/flutter ( 2346): #12     main.<anonymous closure> (file:///home/runner/work/exptv2/exptv2/integration_test/dashboard_interaction_profile_test.dart:52)
2026-09-09T13:01:16.8578248Z I/flutter ( 2346): <asynchronous suspension>
2026-09-09T13:01:16.8579607Z I/flutter ( 2346): #13     testWidgets.<anonymous closure>.<anonymous closure> (package:flutter_test/src/widget_tester.dart:192)
2026-09-09T13:01:16.8580799Z I/flutter ( 2346): <asynchronous suspension>
2026-09-09T13:01:16.8592602Z I/flutter ( 2346): #14     TestWidgetsFlutterBinding._runTestBody (package:flutter_test/src/binding.dart:1682)
2026-09-09T13:01:16.8593731Z I/flutter ( 2346): <asynchronous suspension>
2026-09-09T13:01:16.8595287Z I/flutter ( 2346): #15     TestWidgetsFlutterBinding._createTestCompletionHandler.<anonymous closure> (package:flutter_test/src/binding.dart:1437)
2026-09-09T13:01:16.8596668Z I/flutter ( 2346): <asynchronous suspension>
2026-09-09T13:01:16.8603542Z I/flutter ( 2346): To silence this warning, pass "warnIfMissed: false" to "fling()".
2026-09-09T13:01:16.8604973Z I/flutter ( 2346): To make this warning fatal, set WidgetController.hitTestWarningShouldBeFatal to true.
2026-09-09T13:01:16.8605952Z I/flutter ( 2346): 
2026-09-09T13:01:17.3722973Z D/EGL_emulation( 2346): app_time_stats: avg=691.34ms min=176.67ms max=1999.09ms count=4
2026-09-09T13:01:19.5065823Z D/EGL_emulation( 2346): app_time_stats: avg=2136.11ms min=2136.11ms max=2136.11ms count=1
2026-09-09T13:01:21.5093715Z D/EGL_emulation( 2346): app_time_stats: avg=2004.54ms min=2004.54ms max=2004.54ms count=1
2026-09-09T13:01:23.6022708Z D/EGL_emulation( 2346): app_time_stats: avg=2092.28ms min=2092.28ms max=2092.28ms count=1
2026-09-09T13:01:25.6992003Z D/EGL_emulation( 2346): app_time_stats: avg=2097.25ms min=2097.25ms max=2097.25ms count=1
2026-09-09T13:01:27.6968676Z D/EGL_emulation( 2346): app_time_stats: avg=1997.33ms min=1997.33ms max=1997.33ms count=1
2026-09-09T13:01:29.8534369Z D/EGL_emulation( 2346): app_time_stats: avg=2149.93ms min=2149.93ms max=2149.93ms count=1
2026-09-09T13:01:32.0010511Z D/EGL_emulation( 2346): app_time_stats: avg=2154.58ms min=2154.58ms max=2154.58ms count=1
2026-09-09T13:01:34.5439502Z D/EGL_emulation( 2346): app_time_stats: avg=2537.77ms min=2537.77ms max=2537.77ms count=1
2026-09-09T13:01:34.6257620Z I/flutter ( 2346): [FluviDiagnostic] stage=SCENE_WINDOW_PREPARE_STARTED scope=owner=liveInteractionResource priority=4 entryCount=0 error=- message=-
2026-09-09T13:01:36.2426198Z I/flutter ( 2346): [PROFILE][SCENARIO_READY] F_parent_while_rail_open
2026-09-09T13:01:36.2441617Z I/flutter ( 2346): [PROFILE][SCENARIO_START] G_direction_while_rail_open
2026-09-09T13:01:36.9395402Z D/EGL_emulation( 2346): app_time_stats: avg=2400.63ms min=2400.63ms max=2400.63ms count=1
2026-09-09T13:01:36.9594359Z I/flutter ( 2346): [FluviDiagnostic] stage=DASHBOARD_STARTUP_ATTEMPT_STARTED scope=attemptGeneration=1 stage=bootstrap entryCount=- error=- message=-
2026-09-09T13:01:36.9838490Z I/flutter ( 2346): [FluviDiagnostic] stage=READINESS_PHASE_ENTERED scope=- entryCount=- error=- message=databasePending
2026-09-09T13:01:36.9867885Z I/flutter ( 2346): [FluviDiagnostic] stage=READINESS_PHASE_ENTERED scope=- entryCount=- error=- message=indexBuilding
2026-09-09T13:01:36.9877960Z I/flutter ( 2346): [FluviDiagnostic] stage=READINESS_TASK_STARTED scope=- entryCount=- error=- message=viewportPayload
2026-09-09T13:01:37.0980411Z D/FluviDashboard( 2346): [FLOW][INDEX_BUILD_STARTED] INDEX_BUILD_STARTED flowId=- queryKey=- direction=- scope=generation=1 acquisitionReason=bootstrap requestIdentity=rev=2|income=income|periods:|categories:|partners:|refinements:min=,max=,hasNote=false|expense=expense|periods:|categories:|partners:|refinements:min=,max=,hasNote=false|page=24|window=2014-2038 revision=2 totalMinor=- entryCount=-
2026-09-09T13:01:37.7218111Z I/com.fluvi.app( 2346): Background concurrent mark compact GC freed 6620KB AllocSpace bytes, 3(140KB) LOS objects, 49% free, 4903KB/9807KB, paused 148us,13.964ms total 339ms
2026-09-09T13:01:38.2058585Z I/com.fluvi.app( 2346): Background concurrent mark compact GC freed 7584KB AllocSpace bytes, 0(0B) LOS objects, 49% free, 4391KB/8783KB, paused 181us,19.905ms total 261.101ms
2026-09-09T13:01:38.8108333Z I/com.fluvi.app( 2346): Background concurrent mark compact GC freed 6260KB AllocSpace bytes, 0(0B) LOS objects, 49% free, 5239KB/10MB, paused 205us,1.845ms total 330.271ms
2026-09-09T13:01:39.3995272Z I/com.fluvi.app( 2346): Background concurrent mark compact GC freed 4160KB AllocSpace bytes, 0(0B) LOS objects, 49% free, 6651KB/12MB, paused 273us,2.308ms total 126.899ms
2026-09-09T13:01:39.4068936Z D/EGL_emulation( 2346): app_time_stats: avg=2456.20ms min=2456.20ms max=2456.20ms count=1
2026-09-09T13:01:39.5431263Z D/FluviDashboard( 2346): [FLOW][INDEX_BUILD_READY] INDEX_BUILD_READY flowId=- queryKey=- direction=- scope=generation=1 acquisitionReason=bootstrap requestIdentity=rev=2|income=income|periods:|categories:|partners:|refinements:min=,max=,hasNote=false|expense=expense|periods:|categories:|partners:|refinements:min=,max=,hasNote=false|page=24|window=2014-2038 sqlCalls=5 sqlMicros=1568320 frames=1012 rows=4304 payloadBytes=2175073 serializationMicros=132564 revision=2 totalMinor=- entryCount=-
2026-09-09T13:01:40.3402549Z D/FluviDashboard( 2346): [FLOW][FINANCIAL_LIMIT_SNAPSHOT_PREPARE_STARTED] FINANCIAL_LIMIT_SNAPSHOT_PREPARE_STARTED flowId=- queryKey=- direction=- scope=yearWindowStart=2014 yearWindowEnd=2038 revision=2 totalMinor=- entryCount=-
2026-09-09T13:01:40.4870088Z D/FluviDashboard( 2346): [FLOW][FINANCIAL_LIMIT_SNAPSHOT_READY] FINANCIAL_LIMIT_SNAPSHOT_READY flowId=- queryKey=- direction=- scope=incomeTargetCount=3 incomeCategoryCount=2 expenseTargetCount=9 expenseCategoryCount=8 periodSliceCount=326 payloadBytes=320072 sqlCalls=5 nativeSqlMicros=134870 revision=2 totalMinor=- entryCount=-
2026-09-09T13:01:40.4969116Z D/FluviDashboard( 2346): [FLOW][BUDGET_PARTNER_SNAPSHOT_PREPARE_STARTED] BUDGET_PARTNER_SNAPSHOT_PREPARE_STARTED flowId=- queryKey=- direction=- scope=yearWindowStart=2014 yearWindowEnd=2038 revision=2 totalMinor=- entryCount=-
2026-09-09T13:01:40.5890452Z D/EGL_emulation( 2346): app_time_stats: avg=214.88ms min=204.39ms max=232.36ms count=4
2026-09-09T13:01:40.6470089Z D/FluviDashboard( 2346): [FLOW][BUDGET_PARTNER_SNAPSHOT_READY] BUDGET_PARTNER_SNAPSHOT_READY flowId=- queryKey=- direction=- scope=incomePartnerCount=4 expensePartnerCount=23 periodSlices=326 payloadBytes=347027 sqlCalls=5 nativeSqlMicros=117482 revision=2 totalMinor=- entryCount=-
2026-09-09T13:01:40.6560408Z I/flutter ( 2346): [FluviDiagnostic] stage=READINESS_TASK_COMPLETED scope=- entryCount=- error=- message=viewportPayload
2026-09-09T13:01:40.6599905Z I/flutter ( 2346): [FluviDiagnostic] stage=READINESS_PHASE_ENTERED scope=- entryCount=- error=- message=presentationPreparing
2026-09-09T13:01:40.6628280Z I/flutter ( 2346): [FluviDiagnostic] stage=READINESS_TASK_STARTED scope=- entryCount=- error=- message=renderResources
2026-09-09T13:01:40.6672690Z I/flutter ( 2346): [FluviDiagnostic] stage=READINESS_TASK_COMPLETED scope=- entryCount=- error=- message=renderResources
2026-09-09T13:01:40.6693300Z I/flutter ( 2346): [FluviDiagnostic] stage=READINESS_PHASE_ENTERED scope=- entryCount=- error=- message=renderCriticalWarmup
2026-09-09T13:01:40.6711090Z I/flutter ( 2346): [FluviDiagnostic] stage=READINESS_TASK_STARTED scope=- entryCount=- error=- message=logBoxSurface
2026-09-09T13:01:41.0203590Z I/flutter ( 2346): [FluviDiagnostic] stage=BUDGET_HEADER_VALUE_BOUND scope=generation=0 plane=day targetHandle=0 modelBindVsyncMicros=1344620666 displayNumeratorScaled100=4835714 displayDenominatorScaled100=2850806 hasLimit=true canonicalLimitScaled100=88375000 entryCount=- error=- message=-
2026-09-09T13:01:41.0229611Z I/flutter ( 2346): [FluviDiagnostic] stage=HEADER_PORTAL_EFFECT_CATALOG_VERIFIED scope=- entryCount=- error=- message=innerOptionCount=5 backgroundOptionCount=5 sameOptions=true sameRenderer=false sameParameterSchema=true sameDefaults=true sameState=false sameClockSource=true
2026-09-09T13:01:41.0260398Z I/flutter ( 2346): [FluviDiagnostic] stage=BUDGET_HEADER_COOL_COLOR_BOUND scope=source=cool driver=userGlobal positionPct=50 windowWidthPct=28 leftRawPct=36.0 centerRawPct=50.0 rightRawPct=64.0 leftSamplePct=36.0 centerSamplePct=50.0 rightSamplePct=64.0 colorAArgb=4284604923 colorMidArgb=4279551457 colorBArgb=4278423754 settingsGeneration=0 entryCount=- error=- message=-
2026-09-09T13:01:41.0288026Z I/flutter ( 2346): [FluviDiagnostic] stage=READINESS_TASK_COMPLETED scope=- entryCount=- error=- message=logBoxSurface
2026-09-09T13:01:41.0289687Z I/flutter ( 2346): [FluviDiagnostic] stage=READINESS_TASK_STARTED scope=- entryCount=- error=- message=logBoxLayout
2026-09-09T13:01:41.0308500Z I/flutter ( 2346): [FluviDiagnostic] stage=READINESS_TASK_COMPLETED scope=- entryCount=- error=- message=logBoxLayout
2026-09-09T13:01:41.0312581Z I/flutter ( 2346): [FluviDiagnostic] stage=READINESS_TASK_STARTED scope=- entryCount=- error=- message=textLayoutSlots
2026-09-09T13:01:41.0314927Z I/flutter ( 2346): [FluviDiagnostic] stage=SCENE_WINDOW_PREPARE_STARTED scope=owner=renderCriticalReadiness priority=5 entryCount=130 error=- message=-
2026-09-09T13:01:41.0317307Z I/flutter ( 2346): [FluviDiagnostic] stage=SCENE_WINDOW_SLICE_OVER_BUDGET scope=boundary=rowDiscovery elapsedMicros=5119 budgetMicros=1000 entryCount=130 error=- message=-
2026-09-09T13:01:41.0469551Z I/flutter ( 2346): [FluviDiagnostic] stage=HEADER_RENDER_BACKEND_BOUND scope=commitSha=a047e216803d3ac01d97b4d5ffd03842a1579db3 backend=fragmentShader logicalWidth=375.4757281553398 logicalHeight=123.8252427184466 devicePixelRatio=2.6260019651445416 physicalWidth=986.0 physicalHeight=326.0 backendIdentity=379841177 entryCount=- error=- message=-
2026-09-09T13:01:41.0531049Z I/flutter ( 2346): [FluviDiagnostic] stage=HEADER_PORTAL_INNER_CHANNEL_BOUND scope=enabled=true effectId=wandering-mist settingsGeneration=0 phaseOwnerIdentity=249081646 controllerIdentity=188005371 fragmentBackendIdentity=379841177 programIdentity=379841177 shaderIdentity=379841177 canonicalFieldStopCount=2 canonicalFieldStopHash=43d59ffd portalColorModel=paletteCoordinate inputSignature=747b8de entryCount=- error=- message=-
2026-09-09T13:01:41.0590978Z I/flutter ( 2346): [FluviDiagnostic] stage=HEADER_PORTAL_BACKGROUND_CHANNEL_BOUND scope=enabled=true effectId=wandering-mist settingsGeneration=0 phaseOwnerIdentity=249081646 controllerIdentity=188005371 fragmentBackendIdentity=379841177 programIdentity=379841177 shaderIdentity=379841177 canonicalFieldStopCount=2 canonicalFieldStopHash=43d59ffd portalColorModel=paletteCoordinate inputSignature=747b8de entryCount=- error=- message=-
2026-09-09T13:01:41.0616519Z I/flutter ( 2346): [FluviDiagnostic] stage=HEADER_PORTAL_FRAGMENT_INPUT_BOUND scope=innerEnabled=true innerEffect=wandering-mist innerSettingsHash=d6060b backgroundEnabled=true backgroundEffect=wandering-mist backgroundSettingsHash=d6060b uniformLayoutVersion=3 fragmentConfigurationGeneration=1 fragmentBackendIdentity=379841177 programIdentity=379841177 shaderIdentity=379841177 canonicalFieldStopCount=2 canonicalFieldStopHash=43d59ffd portalColorModel=paletteCoordinate entryCount=- error=- message=-
2026-09-09T13:01:41.0673995Z I/flutter ( 2346): [FluviDiagnostic] stage=HEADER_SHADER_READY scope=asset=shaders/dashboard_header_field.frag programIdentity=22724915 shaderIdentity=1043352396 flutterVersion=3.41.4 rendererBackend=runtimeEffect engineBackend=notExposedByDart entryCount=- error=- message=-
2026-09-09T13:01:41.0697996Z I/flutter ( 2346): [FluviDiagnostic] stage=SUMMARY_PARENT_HOTSET_PREPARE_STARTED scope=- entryCount=130 error=- message=-
2026-09-09T13:01:41.0758825Z I/flutter ( 2346): [FluviDiagnostic] stage=SCENE_WINDOW_PREPARE_DEFERRED scope=owner=speculativeMaintenance priority=1 blockedBy=renderCriticalReadiness blockedByPriority=5 entryCount=130 error=- message=-
2026-09-09T13:01:41.0815298Z I/flutter ( 2346): [FluviDiagnostic] stage=SCENE_WINDOW_PREPARE_CANCELLATION_REJECTED scope=requester=foregroundInteraction requesterPriority=4 owner=renderCriticalReadiness ownerPriority=5 entryCount=- error=- message=-
2026-09-09T13:01:41.0878518Z I/flutter ( 2346): [FluviDiagnostic] stage=SCENE_WINDOW_ATOMIC_WORK_UNIT_OVER_BUDGET scope=workUnit=rowText:time elapsedMicros=1337 budgetMicros=1000 entryCount=130 error=- message=-
2026-09-09T13:01:41.0930536Z I/flutter ( 2346): [FluviDiagnostic] stage=SCENE_WINDOW_SLICE_OVER_BUDGET scope=boundary=rowTextParagraph elapsedMicros=1748 budgetMicros=1000 entryCount=130 error=- message=-
2026-09-09T13:01:41.0958307Z I/flutter ( 2346): [FluviDiagnostic] stage=SCENE_WINDOW_SLICE_OVER_BUDGET scope=boundary=dayHeader elapsedMicros=1342 budgetMicros=1000 entryCount=130 error=- message=-
2026-09-09T13:01:41.1031455Z I/flutter ( 2346): [FluviDiagnostic] stage=SCENE_WINDOW_PREPARE_COMPLETED scope=owner=renderCriticalReadiness priority=5 entryCount=130 error=- message=uiIsolateMicros=31932 largestContiguousUiSliceMicros=5119 yields=71 richRowProjectionMicros=144 richFrameProjectionMicros=500 projectedUniqueRows=100 projectedFrames=39 reusedProjectedRows=30 reusedProjectedFrames=0 uniqueRowLayouts=100 reusedRowLayouts=0 newRowLayouts=100 sceneNew=39 sceneReuse=0 pauseCount=0 resumeCount=0 semanticsWork=0 rasterWork=0 allocationCount=170
2026-09-09T13:01:41.1088155Z I/flutter ( 2346): [FluviDiagnostic] stage=SCENE_WINDOW_PREPARE_STARTED scope=owner=liveInteractionResource priority=4 entryCount=130 error=- message=-
2026-09-09T13:01:41.1130305Z I/flutter ( 2346): [FluviDiagnostic] stage=READINESS_TASK_COMPLETED scope=- entryCount=- error=- message=textLayoutSlots
2026-09-09T13:01:41.1178783Z I/flutter ( 2346): [FluviDiagnostic] stage=SCENE_WINDOW_PREPARE_DEFERRED scope=owner=speculativeMaintenance priority=1 blockedBy=liveInteractionResource blockedByPriority=4 entryCount=130 error=- message=-
2026-09-09T13:01:41.1207931Z I/flutter ( 2346): [FluviDiagnostic] stage=READINESS_PHASE_ENTERED scope=- entryCount=- error=- message=ready
2026-09-09T13:01:41.1251610Z I/flutter ( 2346): [FluviDiagnostic] stage=DASHBOARD_STARTUP_READY scope=attemptGeneration=1 stage=ready readinessTask=- entryCount=- error=- message=-
2026-09-09T13:01:41.1287870Z I/flutter ( 2346): [FluviDiagnostic] stage=READINESS_READY scope=- entryCount=- error=- message=-
2026-09-09T13:01:41.1341697Z I/flutter ( 2346): [FluviDiagnostic] stage=SCENE_WINDOW_PREPARE_COMPLETED scope=owner=liveInteractionResource priority=4 entryCount=130 error=- message=uiIsolateMicros=591 largestContiguousUiSliceMicros=250 yields=6 richRowProjectionMicros=0 richFrameProjectionMicros=0 projectedUniqueRows=0 projectedFrames=0 reusedProjectedRows=0 reusedProjectedFrames=0 uniqueRowLayouts=100 reusedRowLayouts=100 newRowLayouts=0 sceneNew=0 sceneReuse=39 pauseCount=0 resumeCount=0 semanticsWork=0 rasterWork=0 allocationCount=0
2026-09-09T13:01:41.1388605Z I/flutter ( 2346): [FluviDiagnostic] stage=SCENE_WINDOW_PREPARE_STARTED scope=owner=speculativeMaintenance priority=1 entryCount=130 error=- message=-
2026-09-09T13:01:41.1422946Z I/flutter ( 2346): [FluviDiagnostic] stage=SCENE_WINDOW_ATOMIC_WORK_UNIT_OVER_BUDGET scope=workUnit=rowText:amount elapsedMicros=2217 budgetMicros=1000 entryCount=130 error=- message=-
2026-09-09T13:01:41.1508363Z I/flutter ( 2346): [FluviDiagnostic] stage=SCENE_WINDOW_SLICE_OVER_BUDGET scope=boundary=rowTextParagraph elapsedMicros=2384 budgetMicros=1000 entryCount=130 error=- message=-
2026-09-09T13:01:41.1566321Z I/flutter ( 2346): [FluviDiagnostic] stage=SCENE_WINDOW_ATOMIC_WORK_UNIT_OVER_BUDGET scope=workUnit=rowText:time elapsedMicros=13247 budgetMicros=1000 entryCount=130 error=- message=-
2026-09-09T13:01:41.1598310Z I/flutter ( 2346): [FluviDiagnostic] stage=SCENE_WINDOW_SLICE_OVER_BUDGET scope=boundary=dayHeader elapsedMicros=1002 budgetMicros=1000 entryCount=130 error=- message=-
2026-09-09T13:01:41.1631426Z I/flutter ( 2346): [FluviDiagnostic] stage=SCENE_WINDOW_PREPARE_COMPLETED scope=owner=speculativeMaintenance priority=1 entryCount=130 error=- message=uiIsolateMicros=37648 largestContiguousUiSliceMicros=13506 yields=67 richRowProjectionMicros=130 richFrameProjectionMicros=504 projectedUniqueRows=100 projectedFrames=30 reusedProjectedRows=30 reusedProjectedFrames=0 uniqueRowLayouts=100 reusedRowLayouts=0 newRowLayouts=100 sceneNew=30 sceneReuse=0 pauseCount=0 resumeCount=0 semanticsWork=0 rasterWork=0 allocationCount=152
2026-09-09T13:01:41.1658022Z I/flutter ( 2346): [FluviDiagnostic] stage=SUMMARY_PARENT_HOTSET_PREPARE_READY scope=- entryCount=130 error=- message=-
2026-09-09T13:01:41.1699667Z I/flutter ( 2346): [FluviDiagnostic] stage=SUMMARY_PARENT_HOTSET_PREPARE_STARTED scope=- entryCount=0 error=- message=-
2026-09-09T13:01:41.1717832Z I/flutter ( 2346): [FluviDiagnostic] stage=SUMMARY_PARENT_HOTSET_PREPARE_READY scope=- entryCount=0 error=- message=-
2026-09-09T13:01:41.1730691Z I/flutter ( 2346): [FluviDiagnostic] stage=SCENE_WINDOW_PREPARE_STARTED scope=owner=foregroundNavigation priority=3 entryCount=226 error=- message=-
2026-09-09T13:01:41.1778414Z I/flutter ( 2346): [FluviDiagnostic] stage=SCENE_WINDOW_ATOMIC_WORK_UNIT_OVER_BUDGET scope=workUnit=rowText:amount elapsedMicros=4199 budgetMicros=1000 entryCount=226 error=- message=-
2026-09-09T13:01:41.1799693Z I/flutter ( 2346): [FluviDiagnostic] stage=SCENE_WINDOW_SLICE_OVER_BUDGET scope=boundary=rowTextParagraph elapsedMicros=4469 budgetMicros=1000 entryCount=226 error=- message=-
2026-09-09T13:01:41.1823527Z I/flutter ( 2346): [FluviDiagnostic] stage=SCENE_WINDOW_PREPARE_COMPLETED scope=owner=foregroundNavigation priority=3 entryCount=226 error=- message=uiIsolateMicros=7159 largestContiguousUiSliceMicros=4469 yields=12 richRowProjectionMicros=16 richFrameProjectionMicros=331 projectedUniqueRows=12 projectedFrames=4 reusedProjectedRows=84 reusedProjectedFrames=0 uniqueRowLayouts=118 reusedRowLayouts=106 newRowLayouts=12 sceneNew=4 sceneReuse=39 pauseCount=0 resumeCount=0 semanticsWork=0 rasterWork=0 allocationCount=28
2026-09-09T13:01:41.1842701Z I/flutter ( 2346): [FluviDiagnostic] stage=HEADER_RENDER_FIDELITY_CONFIG scope=outputResolutionMode=nativeSurface fieldEvaluationMode=perFragment logicalWidth=375.4757281553398 logicalHeight=123.8252427184466 physicalWidth=986.0 physicalHeight=326.0 sourceRenderScale=0.6 effectId=dualTide backend=fragmentShader physicalTarget=986.0x326.0 parentTransformScale=notObservableInCanvas touchOverlayBackend=fragmentShaderAnalytic shaderFailureFallback=nativeStaticGradient shaderReady=true shaderFailure=false entryCount=- error=- message=-
2026-09-09T13:01:41.1849614Z I/flutter ( 2346): [FluviDiagnostic] stage=HEADER_TOUCH_RENDER_PATH_BOUND scope=fieldBackend=fragmentShader overlayBackend=fragmentShaderAnalytic trailBackend=fragmentShaderAnalytic logicalSize=375.4757281553398x123.8252427184466 physicalSize=986.0x326.0 usesSaveLayer=false usesOffscreenIntermediate=false entryCount=- error=- message=-
2026-09-09T13:01:41.1855850Z I/flutter ( 2346): [FluviDiagnostic] stage=HEADER_PORTAL_INNER_CHANNEL_BOUND scope=enabled=true effectId=wandering-mist settingsGeneration=0 phaseOwnerIdentity=249081646 controllerIdentity=188005371 fragmentBackendIdentity=379841177 programIdentity=22724915 shaderIdentity=1043352396 canonicalFieldStopCount=2 canonicalFieldStopHash=43d59ffd portalColorModel=paletteCoordinate inputSignature=1fa0c6e4 entryCount=- error=- message=-
2026-09-09T13:01:41.1886211Z I/flutter ( 2346): [FluviDiagnostic] stage=HEADER_PORTAL_BACKGROUND_CHANNEL_BOUND scope=enabled=true effectId=wandering-mist settingsGeneration=0 phaseOwnerIdentity=249081646 controllerIdentity=188005371 fragmentBackendIdentity=379841177 programIdentity=22724915 shaderIdentity=1043352396 canonicalFieldStopCount=2 canonicalFieldStopHash=43d59ffd portalColorModel=paletteCoordinate inputSignature=1fa0c6e4 entryCount=- error=- message=-
2026-09-09T13:01:41.1894388Z I/flutter ( 2346): [FluviDiagnostic] stage=HEADER_PORTAL_FRAGMENT_INPUT_BOUND scope=innerEnabled=true innerEffect=wandering-mist innerSettingsHash=d6060b backgroundEnabled=true backgroundEffect=wandering-mist backgroundSettingsHash=d6060b uniformLayoutVersion=3 fragmentConfigurationGeneration=2 fragmentBackendIdentity=379841177 programIdentity=22724915 shaderIdentity=1043352396 canonicalFieldStopCount=2 canonicalFieldStopHash=43d59ffd portalColorModel=paletteCoordinate entryCount=- error=- message=-
2026-09-09T13:01:41.4285523Z I/flutter ( 2346): [PROFILE][SCENARIO_PREPARED] G_direction_while_rail_open plane=month
2026-09-09T13:01:41.4317835Z I/flutter ( 2346): [PROFILE][SCENARIO_STABLE] G_direction_while_rail_open
2026-09-09T13:01:41.7905803Z D/EGL_emulation( 2346): app_time_stats: avg=254.55ms min=29.85ms max=388.46ms count=4
2026-09-09T13:01:43.4551040Z I/flutter ( 2346): [FluviDiagnostic] stage=BUDGET_HEADER_VALUE_BOUND scope=generation=0 plane=day targetHandle=0 modelBindVsyncMicros=1345403999 displayNumeratorScaled100=2839954 displayDenominatorScaled100=2778226 hasLimit=true canonicalLimitScaled100=86125000 entryCount=- error=- message=-
2026-09-09T13:01:43.4558610Z I/flutter ( 2346): [FluviDiagnostic] stage=BUDGET_HEADER_VALUE_BOUND scope=generation=1 plane=day targetHandle=0 modelBindVsyncMicros=1345403999 displayNumeratorScaled100=2839954 displayDenominatorScaled100=2778226 hasLimit=true canonicalLimitScaled100=86125000 entryCount=- error=- message=-
2026-09-09T13:01:43.7461049Z D/EGL_emulation( 2346): app_time_stats: avg=1959.06ms min=1959.06ms max=1959.06ms count=1
2026-09-09T13:01:44.9609894Z I/flutter ( 2346): [FluviDiagnostic] stage=BUDGET_HEADER_VALUE_BOUND scope=generation=0 plane=day targetHandle=0 modelBindVsyncMicros=1347370666 displayNumeratorScaled100=4835714 displayDenominatorScaled100=2850806 hasLimit=true canonicalLimitScaled100=88375000 entryCount=- error=- message=-
2026-09-09T13:01:44.9638813Z I/flutter ( 2346): [FluviDiagnostic] stage=BUDGET_HEADER_VALUE_BOUND scope=generation=2 plane=day targetHandle=0 modelBindVsyncMicros=1347370666 displayNumeratorScaled100=4835714 displayDenominatorScaled100=2850806 hasLimit=true canonicalLimitScaled100=88375000 entryCount=- error=- message=-
2026-09-09T13:01:45.6784218Z D/EGL_emulation( 2346): app_time_stats: avg=1931.18ms min=1931.18ms max=1931.18ms count=1
2026-09-09T13:01:47.8093181Z D/EGL_emulation( 2346): app_time_stats: avg=2128.28ms min=2128.28ms max=2128.28ms count=1
2026-09-09T13:01:47.8163271Z I/flutter ( 2346): [FluviDiagnostic] stage=SCENE_WINDOW_PREPARE_STARTED scope=owner=liveInteractionResource priority=4 entryCount=130 error=- message=-
2026-09-09T13:01:47.8191249Z I/flutter ( 2346): [FluviDiagnostic] stage=SCENE_WINDOW_PREPARE_COMPLETED scope=owner=liveInteractionResource priority=4 entryCount=130 error=- message=uiIsolateMicros=865 largestContiguousUiSliceMicros=338 yields=6 richRowProjectionMicros=0 richFrameProjectionMicros=0 projectedUniqueRows=0 projectedFrames=0 reusedProjectedRows=0 reusedProjectedFrames=0 uniqueRowLayouts=100 reusedRowLayouts=100 newRowLayouts=0 sceneNew=0 sceneReuse=39 pauseCount=0 resumeCount=0 semanticsWork=0 rasterWork=0 allocationCount=0
2026-09-09T13:01:49.3762888Z I/flutter ( 2346): [PROFILE][SCENARIO_READY] G_direction_while_rail_open
2026-09-09T13:01:49.3782865Z I/flutter ( 2346): [PROFILE][SCENARIO_START] H_pulse_parent_navigation
2026-09-09T13:01:49.8562172Z D/EGL_emulation( 2346): app_time_stats: avg=2049.89ms min=2049.89ms max=2049.89ms count=1
2026-09-09T13:01:49.8738608Z I/flutter ( 2346): [FluviDiagnostic] stage=DASHBOARD_STARTUP_ATTEMPT_STARTED scope=attemptGeneration=1 stage=bootstrap entryCount=- error=- message=-
2026-09-09T13:01:49.8998873Z I/flutter ( 2346): [FluviDiagnostic] stage=READINESS_PHASE_ENTERED scope=- entryCount=- error=- message=databasePending
2026-09-09T13:01:49.9047906Z I/flutter ( 2346): [FluviDiagnostic] stage=READINESS_PHASE_ENTERED scope=- entryCount=- error=- message=indexBuilding
2026-09-09T13:01:49.9049686Z I/flutter ( 2346): [FluviDiagnostic] stage=READINESS_TASK_STARTED scope=- entryCount=- error=- message=viewportPayload
2026-09-09T13:01:49.9442840Z D/FluviDashboard( 2346): [FLOW][INDEX_BUILD_STARTED] INDEX_BUILD_STARTED flowId=- queryKey=- direction=- scope=generation=1 acquisitionReason=bootstrap requestIdentity=rev=2|income=income|periods:|categories:|partners:|refinements:min=,max=,hasNote=false|expense=expense|periods:|categories:|partners:|refinements:min=,max=,hasNote=false|page=24|window=2014-2038 revision=2 totalMinor=- entryCount=-
2026-09-09T13:01:50.3958738Z I/com.fluvi.app( 2346): Background concurrent mark compact GC freed 6201KB AllocSpace bytes, 3(140KB) LOS objects, 49% free, 3775KB/7551KB, paused 1.928ms,29.908ms total 183.473ms
2026-09-09T13:01:50.7685393Z I/com.fluvi.app( 2346): Background concurrent mark compact GC freed 4324KB AllocSpace bytes, 0(0B) LOS objects, 49% free, 3743KB/7487KB, paused 3.214ms,19.036ms total 124.467ms
2026-09-09T13:01:51.0277989Z I/com.fluvi.app( 2346): Waiting for a blocking GC ProfileSaver
2026-09-09T13:01:51.0721560Z I/com.fluvi.app( 2346): Background concurrent mark compact GC freed 3564KB AllocSpace bytes, 0(0B) LOS objects, 49% free, 4011KB/8023KB, paused 1.443ms,6.104ms total 96ms
2026-09-09T13:01:51.0762302Z I/com.fluvi.app( 2346): WaitForGcToComplete blocked ProfileSaver on Background for 44.589ms
2026-09-09T13:01:51.4761526Z I/com.fluvi.app( 2346): Background concurrent mark compact GC freed 4980KB AllocSpace bytes, 0(0B) LOS objects, 49% free, 4763KB/9527KB, paused 2.397ms,4.868ms total 198.604ms
2026-09-09T13:01:51.8370845Z I/com.fluvi.app( 2346): Background concurrent mark compact GC freed 4724KB AllocSpace bytes, 0(0B) LOS objects, 49% free, 6287KB/12MB, paused 459us,1.942ms total 190.386ms
2026-09-09T13:01:52.0531463Z D/FluviDashboard( 2346): [FLOW][INDEX_BUILD_READY] INDEX_BUILD_READY flowId=- queryKey=- direction=- scope=generation=1 acquisitionReason=bootstrap requestIdentity=rev=2|income=income|periods:|categories:|partners:|refinements:min=,max=,hasNote=false|expense=expense|periods:|categories:|partners:|refinements:min=,max=,hasNote=false|page=24|window=2014-2038 sqlCalls=5 sqlMicros=1414936 frames=1012 rows=4304 payloadBytes=2175073 serializationMicros=84370 revision=2 totalMinor=- entryCount=-
2026-09-09T13:01:52.1118235Z D/EGL_emulation( 2346): app_time_stats: avg=2251.64ms min=2251.64ms max=2251.64ms count=1
2026-09-09T13:01:52.1948963Z I/com.fluvi.app( 2346): Background concurrent mark compact GC freed 1496KB AllocSpace bytes, 3(7180KB) LOS objects, 49% free, 11MB/23MB, paused 111us,8.715ms total 135.107ms
2026-09-09T13:01:52.9901486Z D/FluviDashboard( 2346): [FLOW][FINANCIAL_LIMIT_SNAPSHOT_PREPARE_STARTED] FINANCIAL_LIMIT_SNAPSHOT_PREPARE_STARTED flowId=- queryKey=- direction=- scope=yearWindowStart=2014 yearWindowEnd=2038 revision=2 totalMinor=- entryCount=-
2026-09-09T13:01:53.0950521Z D/FluviDashboard( 2346): [FLOW][FINANCIAL_LIMIT_SNAPSHOT_READY] FINANCIAL_LIMIT_SNAPSHOT_READY flowId=- queryKey=- direction=- scope=incomeTargetCount=3 incomeCategoryCount=2 expenseTargetCount=9 expenseCategoryCount=8 periodSliceCount=326 payloadBytes=320072 sqlCalls=5 nativeSqlMicros=101755 revision=2 totalMinor=- entryCount=-
2026-09-09T13:01:53.1108403Z D/FluviDashboard( 2346): [FLOW][BUDGET_PARTNER_SNAPSHOT_PREPARE_STARTED] BUDGET_PARTNER_SNAPSHOT_PREPARE_STARTED flowId=- queryKey=- direction=- scope=yearWindowStart=2014 yearWindowEnd=2038 revision=2 totalMinor=- entryCount=-
2026-09-09T13:01:53.3103883Z D/EGL_emulation( 2346): app_time_stats: avg=214.22ms min=196.00ms max=233.68ms count=5
2026-09-09T13:01:53.3566431Z D/FluviDashboard( 2346): [FLOW][BUDGET_PARTNER_SNAPSHOT_READY] BUDGET_PARTNER_SNAPSHOT_READY flowId=- queryKey=- direction=- scope=incomePartnerCount=4 expensePartnerCount=23 periodSlices=326 payloadBytes=347027 sqlCalls=5 nativeSqlMicros=213868 revision=2 totalMinor=- entryCount=-
2026-09-09T13:01:53.3852748Z I/flutter ( 2346): [FluviDiagnostic] stage=READINESS_TASK_COMPLETED scope=- entryCount=- error=- message=viewportPayload
2026-09-09T13:01:53.3896911Z I/flutter ( 2346): [FluviDiagnostic] stage=READINESS_PHASE_ENTERED scope=- entryCount=- error=- message=presentationPreparing
2026-09-09T13:01:53.3907022Z I/flutter ( 2346): [FluviDiagnostic] stage=READINESS_TASK_STARTED scope=- entryCount=- error=- message=renderResources
2026-09-09T13:01:53.3937683Z I/flutter ( 2346): [FluviDiagnostic] stage=READINESS_TASK_COMPLETED scope=- entryCount=- error=- message=renderResources
2026-09-09T13:01:53.3958090Z I/flutter ( 2346): [FluviDiagnostic] stage=READINESS_PHASE_ENTERED scope=- entryCount=- error=- message=renderCriticalWarmup
2026-09-09T13:01:53.3987893Z I/flutter ( 2346): [FluviDiagnostic] stage=READINESS_TASK_STARTED scope=- entryCount=- error=- message=logBoxSurface
2026-09-09T13:01:53.4136549Z I/com.fluvi.app( 2346): Background concurrent mark compact GC freed 11MB AllocSpace bytes, 23(10MB) LOS objects, 49% free, 4551KB/9103KB, paused 119us,5.814ms total 88.464ms
2026-09-09T13:01:53.5658327Z I/flutter ( 2346): [FluviDiagnostic] stage=BUDGET_HEADER_VALUE_BOUND scope=generation=0 plane=day targetHandle=0 modelBindVsyncMicros=1357170666 displayNumeratorScaled100=2839954 displayDenominatorScaled100=2778226 hasLimit=true canonicalLimitScaled100=86125000 entryCount=- error=- message=-
2026-09-09T13:01:53.5739624Z I/flutter ( 2346): [FluviDiagnostic] stage=HEADER_PORTAL_EFFECT_CATALOG_VERIFIED scope=- entryCount=- error=- message=innerOptionCount=5 backgroundOptionCount=5 sameOptions=true sameRenderer=false sameParameterSchema=true sameDefaults=true sameState=false sameClockSource=true
2026-09-09T13:01:53.5770172Z I/flutter ( 2346): [FluviDiagnostic] stage=BUDGET_HEADER_COOL_COLOR_BOUND scope=source=cool driver=userGlobal positionPct=50 windowWidthPct=28 leftRawPct=36.0 centerRawPct=50.0 rightRawPct=64.0 leftSamplePct=36.0 centerSamplePct=50.0 rightSamplePct=64.0 colorAArgb=4284604923 colorMidArgb=4279551457 colorBArgb=4278423754 settingsGeneration=0 entryCount=- error=- message=-
2026-09-09T13:01:53.5804397Z I/flutter ( 2346): [FluviDiagnostic] stage=READINESS_TASK_COMPLETED scope=- entryCount=- error=- message=logBoxSurface
2026-09-09T13:01:53.5824616Z I/flutter ( 2346): [FluviDiagnostic] stage=READINESS_TASK_STARTED scope=- entryCount=- error=- message=logBoxLayout
2026-09-09T13:01:53.5839925Z I/flutter ( 2346): [FluviDiagnostic] stage=READINESS_TASK_COMPLETED scope=- entryCount=- error=- message=logBoxLayout
2026-09-09T13:01:53.5875432Z I/flutter ( 2346): [FluviDiagnostic] stage=READINESS_TASK_STARTED scope=- entryCount=- error=- message=textLayoutSlots
2026-09-09T13:01:53.5886001Z I/flutter ( 2346): [FluviDiagnostic] stage=SCENE_WINDOW_PREPARE_STARTED scope=owner=renderCriticalReadiness priority=5 entryCount=130 error=- message=-
2026-09-09T13:01:53.5913947Z I/flutter ( 2346): [FluviDiagnostic] stage=SCENE_WINDOW_ATOMIC_WORK_UNIT_OVER_BUDGET scope=workUnit=richProjection elapsedMicros=2828 budgetMicros=1000 entryCount=130 error=- message=-
2026-09-09T13:01:53.5948508Z I/flutter ( 2346): [FluviDiagnostic] stage=SCENE_WINDOW_SLICE_OVER_BUDGET scope=boundary=richProjection elapsedMicros=3319 budgetMicros=1000 entryCount=130 error=- message=-
2026-09-09T13:01:53.5972400Z I/flutter ( 2346): [FluviDiagnostic] stage=HEADER_RENDER_BACKEND_BOUND scope=commitSha=a047e216803d3ac01d97b4d5ffd03842a1579db3 backend=fragmentShader logicalWidth=375.4757281553398 logicalHeight=123.8252427184466 devicePixelRatio=2.6260019651445416 physicalWidth=986.0 physicalHeight=326.0 backendIdentity=679235842 entryCount=- error=- message=-
2026-09-09T13:01:53.6004370Z I/flutter ( 2346): [FluviDiagnostic] stage=HEADER_PORTAL_INNER_CHANNEL_BOUND scope=enabled=true effectId=wandering-mist settingsGeneration=0 phaseOwnerIdentity=555323171 controllerIdentity=135858498 fragmentBackendIdentity=679235842 programIdentity=679235842 shaderIdentity=679235842 canonicalFieldStopCount=2 canonicalFieldStopHash=43d59ffd portalColorModel=paletteCoordinate inputSignature=a37edb1 entryCount=- error=- message=-
2026-09-09T13:01:53.6034869Z I/flutter ( 2346): [FluviDiagnostic] stage=HEADER_PORTAL_BACKGROUND_CHANNEL_BOUND scope=enabled=true effectId=wandering-mist settingsGeneration=0 phaseOwnerIdentity=555323171 controllerIdentity=135858498 fragmentBackendIdentity=679235842 programIdentity=679235842 shaderIdentity=679235842 canonicalFieldStopCount=2 canonicalFieldStopHash=43d59ffd portalColorModel=paletteCoordinate inputSignature=a37edb1 entryCount=- error=- message=-
2026-09-09T13:01:53.6054271Z I/flutter ( 2346): [FluviDiagnostic] stage=HEADER_PORTAL_FRAGMENT_INPUT_BOUND scope=innerEnabled=true innerEffect=wandering-mist innerSettingsHash=d6060b backgroundEnabled=true backgroundEffect=wandering-mist backgroundSettingsHash=d6060b uniformLayoutVersion=3 fragmentConfigurationGeneration=1 fragmentBackendIdentity=679235842 programIdentity=679235842 shaderIdentity=679235842 canonicalFieldStopCount=2 canonicalFieldStopHash=43d59ffd portalColorModel=paletteCoordinate entryCount=- error=- message=-
2026-09-09T13:01:53.6081816Z I/flutter ( 2346): [FluviDiagnostic] stage=HEADER_SHADER_READY scope=asset=shaders/dashboard_header_field.frag programIdentity=22724915 shaderIdentity=848184800 flutterVersion=3.41.4 rendererBackend=runtimeEffect engineBackend=notExposedByDart entryCount=- error=- message=-
2026-09-09T13:01:53.6112662Z I/flutter ( 2346): [FluviDiagnostic] stage=SCENE_WINDOW_SLICE_OVER_BUDGET scope=boundary=rowTextParagraph elapsedMicros=1113 budgetMicros=1000 entryCount=130 error=- message=-
2026-09-09T13:01:53.6166328Z I/flutter ( 2346): [FluviDiagnostic] stage=SCENE_WINDOW_ATOMIC_WORK_UNIT_OVER_BUDGET scope=workUnit=rowText:amount elapsedMicros=4051 budgetMicros=1000 entryCount=130 error=- message=-
2026-09-09T13:01:53.6350063Z I/flutter ( 2346): [FluviDiagnostic] stage=SCENE_WINDOW_SLICE_OVER_BUDGET scope=boundary=dayHeader elapsedMicros=1061 budgetMicros=1000 entryCount=130 error=- message=-
2026-09-09T13:01:53.6411507Z I/flutter ( 2346): [FluviDiagnostic] stage=SCENE_WINDOW_PREPARE_COMPLETED scope=owner=renderCriticalReadiness priority=5 entryCount=130 error=- message=uiIsolateMicros=36823 largestContiguousUiSliceMicros=4147 yields=79 richRowProjectionMicros=515 richFrameProjectionMicros=5800 projectedUniqueRows=96 projectedFrames=38 reusedProjectedRows=30 reusedProjectedFrames=0 uniqueRowLayouts=100 reusedRowLayouts=0 newRowLayouts=100 sceneNew=39 sceneReuse=0 pauseCount=0 resumeCount=0 semanticsWork=0 rasterWork=0 allocationCount=170
2026-09-09T13:01:53.6416389Z I/flutter ( 2346): [FluviDiagnostic] stage=SCENE_WINDOW_PREPARE_STARTED scope=owner=liveInteractionResource priority=4 entryCount=130 error=- message=-
2026-09-09T13:01:53.6447793Z I/flutter ( 2346): [FluviDiagnostic] stage=READINESS_TASK_COMPLETED scope=- entryCount=- error=- message=textLayoutSlots
2026-09-09T13:01:53.6470015Z I/flutter ( 2346): [FluviDiagnostic] stage=READINESS_PHASE_ENTERED scope=- entryCount=- error=- message=ready
2026-09-09T13:01:53.6478140Z I/flutter ( 2346): [FluviDiagnostic] stage=DASHBOARD_STARTUP_READY scope=attemptGeneration=1 stage=ready readinessTask=- entryCount=- error=- message=-
2026-09-09T13:01:53.6507643Z I/flutter ( 2346): [FluviDiagnostic] stage=READINESS_READY scope=- entryCount=- error=- message=-
2026-09-09T13:01:53.6534806Z I/flutter ( 2346): [FluviDiagnostic] stage=SCENE_WINDOW_PREPARE_COMPLETED scope=owner=liveInteractionResource priority=4 entryCount=130 error=- message=uiIsolateMicros=554 largestContiguousUiSliceMicros=258 yields=6 richRowProjectionMicros=0 richFrameProjectionMicros=0 projectedUniqueRows=0 projectedFrames=0 reusedProjectedRows=0 reusedProjectedFrames=0 uniqueRowLayouts=100 reusedRowLayouts=100 newRowLayouts=0 sceneNew=0 sceneReuse=39 pauseCount=0 resumeCount=0 semanticsWork=0 rasterWork=0 allocationCount=0
2026-09-09T13:01:53.7992563Z I/flutter ( 2346): [FluviDiagnostic] stage=SCENE_WINDOW_PREPARE_STARTED scope=owner=foregroundNavigation priority=3 entryCount=226 error=- message=-
2026-09-09T13:01:53.8108528Z I/flutter ( 2346): [FluviDiagnostic] stage=SCENE_WINDOW_ATOMIC_WORK_UNIT_OVER_BUDGET scope=workUnit=rowText:time elapsedMicros=4257 budgetMicros=1000 entryCount=226 error=- message=-
2026-09-09T13:01:53.8129713Z I/flutter ( 2346): [FluviDiagnostic] stage=SCENE_WINDOW_SLICE_OVER_BUDGET scope=boundary=rowTextParagraph elapsedMicros=4318 budgetMicros=1000 entryCount=226 error=- message=-
2026-09-09T13:01:53.8149876Z I/flutter ( 2346): [FluviDiagnostic] stage=SCENE_WINDOW_SLICE_OVER_BUDGET scope=boundary=dayHeader elapsedMicros=1017 budgetMicros=1000 entryCount=226 error=- message=-
2026-09-09T13:01:53.8191454Z I/flutter ( 2346): [FluviDiagnostic] stage=SCENE_WINDOW_PREPARE_COMPLETED scope=owner=foregroundNavigation priority=3 entryCount=226 error=- message=uiIsolateMicros=8686 largestContiguousUiSliceMicros=4318 yields=16 richRowProjectionMicros=25 richFrameProjectionMicros=425 projectedUniqueRows=18 projectedFrames=4 reusedProjectedRows=78 reusedProjectedFrames=0 uniqueRowLayouts=118 reusedRowLayouts=100 newRowLayouts=18 sceneNew=4 sceneReuse=39 pauseCount=0 resumeCount=0 semanticsWork=0 rasterWork=0 allocationCount=40
2026-09-09T13:01:53.8195967Z I/flutter ( 2346): [FluviDiagnostic] stage=SUMMARY_PARENT_HOTSET_PREPARE_STARTED scope=- entryCount=130 error=- message=-
2026-09-09T13:01:53.8228622Z I/flutter ( 2346): [FluviDiagnostic] stage=SCENE_WINDOW_PREPARE_STARTED scope=owner=speculativeMaintenance priority=1 entryCount=130 error=- message=-
2026-09-09T13:01:53.8281893Z I/flutter ( 2346): [FluviDiagnostic] stage=SCENE_WINDOW_SLICE_OVER_BUDGET scope=boundary=rowDiscovery elapsedMicros=3567 budgetMicros=1000 entryCount=130 error=- message=-
2026-09-09T13:01:53.8288326Z I/flutter ( 2346): [FluviDiagnostic] stage=SCENE_WINDOW_ATOMIC_WORK_UNIT_OVER_BUDGET scope=workUnit=rowText:time elapsedMicros=1567 budgetMicros=1000 entryCount=130 error=- message=-
2026-09-09T13:01:53.8318622Z I/flutter ( 2346): [FluviDiagnostic] stage=SCENE_WINDOW_SLICE_OVER_BUDGET scope=boundary=rowTextParagraph elapsedMicros=1823 budgetMicros=1000 entryCount=130 error=- message=-
2026-09-09T13:01:53.8348530Z I/flutter ( 2346): [FluviDiagnostic] stage=SCENE_WINDOW_ATOMIC_WORK_UNIT_OVER_BUDGET scope=workUnit=rowText:amount elapsedMicros=1120 budgetMicros=1000 entryCount=130 error=- message=-
2026-09-09T13:01:53.8408406Z I/flutter ( 2346): [FluviDiagnostic] stage=SCENE_WINDOW_ATOMIC_WORK_UNIT_OVER_BUDGET scope=workUnit=rowText:title elapsedMicros=3428 budgetMicros=1000 entryCount=130 error=- message=-
2026-09-09T13:01:53.8546625Z I/flutter ( 2346): [FluviDiagnostic] stage=SCENE_WINDOW_ATOMIC_WORK_UNIT_OVER_BUDGET scope=workUnit=rowText:secondary elapsedMicros=3119 budgetMicros=1000 entryCount=130 error=- message=-
2026-09-09T13:01:53.8638433Z I/flutter ( 2346): [FluviDiagnostic] stage=SCENE_WINDOW_SLICE_OVER_BUDGET scope=boundary=rowText elapsedMicros=3203 budgetMicros=1000 entryCount=130 error=- message=-
2026-09-09T13:01:53.8648511Z I/flutter ( 2346): [FluviDiagnostic] stage=SCENE_WINDOW_SLICE_OVER_BUDGET scope=boundary=dayHeader elapsedMicros=1049 budgetMicros=1000 entryCount=130 error=- message=-
2026-09-09T13:01:53.8678482Z I/flutter ( 2346): [FluviDiagnostic] stage=SCENE_WINDOW_SLICE_OVER_BUDGET scope=boundary=completion elapsedMicros=3505 budgetMicros=1000 entryCount=130 error=- message=-
2026-09-09T13:01:53.8711818Z I/flutter ( 2346): [FluviDiagnostic] stage=SCENE_WINDOW_PREPARE_COMPLETED scope=owner=speculativeMaintenance priority=1 entryCount=130 error=- message=uiIsolateMicros=47513 largestContiguousUiSliceMicros=4376 yields=65 richRowProjectionMicros=116 richFrameProjectionMicros=457 projectedUniqueRows=94 projectedFrames=30 reusedProjectedRows=36 reusedProjectedFrames=0 uniqueRowLayouts=100 reusedRowLayouts=6 newRowLayouts=94 sceneNew=30 sceneReuse=0 pauseCount=0 resumeCount=0 semanticsWork=0 rasterWork=0 allocationCount=140
2026-09-09T13:01:53.8737788Z I/flutter ( 2346): [FluviDiagnostic] stage=SUMMARY_PARENT_HOTSET_PREPARE_READY scope=- entryCount=130 error=- message=-
2026-09-09T13:01:53.8760883Z I/flutter ( 2346): [FluviDiagnostic] stage=SUMMARY_PARENT_HOTSET_PREPARE_STARTED scope=- entryCount=0 error=- message=-
2026-09-09T13:01:53.8767892Z I/flutter ( 2346): [FluviDiagnostic] stage=SUMMARY_PARENT_HOTSET_PREPARE_READY scope=- entryCount=0 error=- message=-
2026-09-09T13:01:53.8784162Z I/flutter ( 2346): [FluviDiagnostic] stage=HEADER_RENDER_FIDELITY_CONFIG scope=outputResolutionMode=nativeSurface fieldEvaluationMode=perFragment logicalWidth=375.4757281553398 logicalHeight=123.8252427184466 physicalWidth=986.0 physicalHeight=326.0 sourceRenderScale=0.6 effectId=dualTide backend=fragmentShader physicalTarget=986.0x326.0 parentTransformScale=notObservableInCanvas touchOverlayBackend=fragmentShaderAnalytic shaderFailureFallback=nativeStaticGradient shaderReady=true shaderFailure=false entryCount=- error=- message=-
2026-09-09T13:01:53.8813463Z I/flutter ( 2346): [FluviDiagnostic] stage=HEADER_TOUCH_RENDER_PATH_BOUND scope=fieldBackend=fragmentShader overlayBackend=fragmentShaderAnalytic trailBackend=fragmentShaderAnalytic logicalSize=375.4757281553398x123.8252427184466 physicalSize=986.0x326.0 usesSaveLayer=false usesOffscreenIntermediate=false entryCount=- error=- message=-
2026-09-09T13:01:53.8830906Z I/flutter ( 2346): [FluviDiagnostic] stage=HEADER_PORTAL_INNER_CHANNEL_BOUND scope=enabled=true effectId=wandering-mist settingsGeneration=0 phaseOwnerIdentity=555323171 controllerIdentity=135858498 fragmentBackendIdentity=679235842 programIdentity=22724915 shaderIdentity=848184800 canonicalFieldStopCount=2 canonicalFieldStopHash=43d59ffd portalColorModel=paletteCoordinate inputSignature=f5e7106 entryCount=- error=- message=-
2026-09-09T13:01:53.8848855Z I/flutter ( 2346): [FluviDiagnostic] stage=HEADER_PORTAL_BACKGROUND_CHANNEL_BOUND scope=enabled=true effectId=wandering-mist settingsGeneration=0 phaseOwnerIdentity=555323171 controllerIdentity=135858498 fragmentBackendIdentity=679235842 programIdentity=22724915 shaderIdentity=848184800 canonicalFieldStopCount=2 canonicalFieldStopHash=43d59ffd portalColorModel=paletteCoordinate inputSignature=f5e7106 entryCount=- error=- message=-
2026-09-09T13:01:53.8876025Z I/flutter ( 2346): [FluviDiagnostic] stage=HEADER_PORTAL_FRAGMENT_INPUT_BOUND scope=innerEnabled=true innerEffect=wandering-mist innerSettingsHash=d6060b backgroundEnabled=true backgroundEffect=wandering-mist backgroundSettingsHash=d6060b uniformLayoutVersion=3 fragmentConfigurationGeneration=2 fragmentBackendIdentity=679235842 programIdentity=22724915 shaderIdentity=848184800 canonicalFieldStopCount=2 canonicalFieldStopHash=43d59ffd portalColorModel=paletteCoordinate entryCount=- error=- message=-
2026-09-09T13:01:53.8902747Z I/flutter ( 2346): [PROFILE][SCENARIO_PREPARED] H_pulse_parent_navigation plane=month
2026-09-09T13:01:53.8927439Z I/flutter ( 2346): [PROFILE][SCENARIO_STABLE] H_pulse_parent_navigation
2026-09-09T13:01:54.3238349Z D/EGL_emulation( 2346): app_time_stats: avg=198.43ms min=178.28ms max=209.92ms count=4
2026-09-09T13:01:55.9109967Z I/flutter ( 2346): [FluviDiagnostic] stage=BUDGET_HEADER_VALUE_BOUND scope=generation=0 plane=day targetHandle=0 modelBindVsyncMicros=1357737332 displayNumeratorScaled100=4835714 displayDenominatorScaled100=2850806 hasLimit=true canonicalLimitScaled100=88375000 entryCount=- error=- message=-
2026-09-09T13:01:55.9119742Z I/flutter ( 2346): [FluviDiagnostic] stage=BUDGET_HEADER_VALUE_BOUND scope=generation=1 plane=day targetHandle=0 modelBindVsyncMicros=1357737332 displayNumeratorScaled100=4835714 displayDenominatorScaled100=2850806 hasLimit=true canonicalLimitScaled100=88375000 entryCount=- error=- message=-
2026-09-09T13:01:56.3395948Z D/EGL_emulation( 2346): app_time_stats: avg=190.41ms min=190.41ms max=190.41ms count=1
2026-09-09T13:01:56.3560737Z I/flutter ( 2346): 
2026-09-09T13:01:56.3588060Z I/flutter ( 2346): Warning: A call to fling() with finder "Found 1 widget with key [<'dashboard-summary-shell-transform'>]: [
2026-09-09T13:01:56.3589331Z I/flutter ( 2346):   Instance of 'SingleChildRenderObjectElement',
2026-09-09T13:01:56.3590599Z I/flutter ( 2346): ]" derived an Offset (Instance of 'Offset') that would not hit test on the specified widget.
2026-09-09T13:01:56.3592324Z I/flutter ( 2346): Maybe the widget is actually off-screen, or another widget is obscuring it, or the widget cannot receive pointer events.
2026-09-09T13:01:56.3593849Z I/flutter ( 2346): The finder corresponds to this RenderBox: Instance of 'RenderTransform'
2026-09-09T13:01:56.3595052Z I/flutter ( 2346): The hit test result at that offset is: Instance of 'HitTestResult'
2026-09-09T13:01:56.3596451Z I/flutter ( 2346): #0      WidgetController._getElementPoint (package:flutter_test/src/controller.dart:2158)
2026-09-09T13:01:56.3598509Z I/flutter ( 2346): #1      WidgetController.getCenter (package:flutter_test/src/controller.dart:1942)
2026-09-09T13:01:56.3617849Z I/flutter ( 2346): #2      WidgetController.fling (package:flutter_test/src/controller.dart:1297)
2026-09-09T13:01:56.3628443Z I/flutter ( 2346): #3      _runMeasuredScenario (file:///home/runner/work/exptv2/exptv2/integration_test/dashboard_interaction_profile_test.dart:1280)
2026-09-09T13:01:56.3647400Z I/flutter ( 2346): <asynchronous suspension>
2026-09-09T13:01:56.3658516Z I/flutter ( 2346): #4      _runScenario.<anonymous closure>.<anonymous closure> (file:///home/runner/work/exptv2/exptv2/integration_test/dashboard_interaction_profile_test.dart:419)
2026-09-09T13:01:56.3687249Z I/flutter ( 2346): <asynchronous suspension>
2026-09-09T13:01:56.3718109Z I/flutter ( 2346): #5      _timelineStep (file:///home/runner/work/exptv2/exptv2/integration_test/dashboard_interaction_profile_test.dart:1750)
2026-09-09T13:01:56.3719587Z I/flutter ( 2346): <asynchronous suspension>
2026-09-09T13:01:56.3729998Z I/flutter ( 2346): #6      IntegrationTestWidgetsFlutterBinding.traceTimeline (package:integration_test/integration_test.dart:304)
2026-09-09T13:01:56.3757289Z I/flutter ( 2346): <asynchronous suspension>
2026-09-09T13:01:56.3782140Z I/flutter ( 2346): #7      IntegrationTestWidgetsFlutterBinding.traceAction (package:integration_test/integration_test.dart:356)
2026-09-09T13:01:56.3807262Z I/flutter ( 2346): <asynchronous suspension>
2026-09-09T13:01:56.3811711Z I/flutter ( 2346): #8      _captureProfilePerformance (file:///home/runner/work/exptv2/exptv2/integration_test/dashboard_interaction_profile_test.dart:1773)
2026-09-09T13:01:56.3837348Z I/flutter ( 2346): <asynchronous suspension>
2026-09-09T13:01:56.3868014Z I/flutter ( 2346): #9      _runScenario (file:///home/runner/work/exptv2/exptv2/integration_test/dashboard_interaction_profile_test.dart:409)
2026-09-09T13:01:56.3869603Z I/flutter ( 2346): <asynchronous suspension>
2026-09-09T13:01:56.3871465Z I/flutter ( 2346): #10     main.<anonymous closure> (file:///home/runner/work/exptv2/exptv2/integration_test/dashboard_interaction_profile_test.dart:52)
2026-09-09T13:01:56.3897346Z I/flutter ( 2346): <asynchronous suspension>
2026-09-09T13:01:56.3927973Z I/flutter ( 2346): #11     testWidgets.<anonymous closure>.<anonymous closure> (package:flutter_test/src/widget_tester.dart:192)
2026-09-09T13:01:56.3957470Z I/flutter ( 2346): <asynchronous suspension>
2026-09-09T13:01:56.3977922Z I/flutter ( 2346): #12     TestWidgetsFlutterBinding._runTestBody (package:flutter_test/src/binding.dart:1682)
2026-09-09T13:01:56.3987427Z I/flutter ( 2346): <asynchronous suspension>
2026-09-09T13:01:56.4018500Z I/flutter ( 2346): #13     TestWidgetsFlutterBinding._createTestCompletionHandler.<anonymous closure> (package:flutter_test/src/binding.dart:1437)
2026-09-09T13:01:56.4047421Z I/flutter ( 2346): <asynchronous suspension>
2026-09-09T13:01:56.4048924Z I/flutter ( 2346): To silence this warning, pass "warnIfMissed: false" to "fling()".
2026-09-09T13:01:56.4077910Z I/flutter ( 2346): To make this warning fatal, set WidgetController.hitTestWarningShouldBeFatal to true.
2026-09-09T13:01:56.4107251Z I/flutter ( 2346): 
2026-09-09T13:01:56.4138311Z I/flutter ( 2346): [FluviDiagnostic] stage=SCENE_WINDOW_PREPARE_STARTED scope=owner=liveInteractionResource priority=4 entryCount=130 error=- message=-
2026-09-09T13:01:56.4144081Z I/flutter ( 2346): [FluviDiagnostic] stage=SCENE_WINDOW_PREPARE_COMPLETED scope=owner=liveInteractionResource priority=4 entryCount=130 error=- message=uiIsolateMicros=701 largestContiguousUiSliceMicros=297 yields=6 richRowProjectionMicros=0 richFrameProjectionMicros=0 projectedUniqueRows=0 projectedFrames=0 reusedProjectedRows=0 reusedProjectedFrames=0 uniqueRowLayouts=100 reusedRowLayouts=100 newRowLayouts=0 sceneNew=0 sceneReuse=39 pauseCount=0 resumeCount=0 semanticsWork=0 rasterWork=0 allocationCount=0
2026-09-09T13:01:58.3609998Z D/EGL_emulation( 2346): app_time_stats: avg=195.67ms min=195.67ms max=195.67ms count=1
2026-09-09T13:02:00.7768729Z D/EGL_emulation( 2346): app_time_stats: avg=420.94ms min=420.94ms max=420.94ms count=1
2026-09-09T13:02:03.1596507Z D/EGL_emulation( 2346): app_time_stats: avg=2385.87ms min=2385.87ms max=2385.87ms count=1
2026-09-09T13:02:05.2768622Z D/EGL_emulation( 2346): app_time_stats: avg=199.13ms min=199.13ms max=199.13ms count=1
2026-09-09T13:02:07.3696269Z D/EGL_emulation( 2346): app_time_stats: avg=167.80ms min=167.80ms max=167.80ms count=1
2026-09-09T13:02:09.3087541Z D/EGL_emulation( 2346): app_time_stats: avg=164.22ms min=164.22ms max=164.22ms count=1
2026-09-09T13:02:11.4431180Z D/EGL_emulation( 2346): app_time_stats: avg=211.79ms min=211.79ms max=211.79ms count=1
2026-09-09T13:02:13.7618216Z D/EGL_emulation( 2346): app_time_stats: avg=228.20ms min=228.20ms max=228.20ms count=1
2026-09-09T13:02:15.7847415Z I/flutter ( 2346): [FluviDiagnostic] stage=SCENE_WINDOW_PREPARE_STARTED scope=owner=liveInteractionResource priority=4 entryCount=0 error=- message=-
2026-09-09T13:02:15.8901099Z D/EGL_emulation( 2346): app_time_stats: avg=185.61ms min=185.61ms max=185.61ms count=1
2026-09-09T13:02:17.3547967Z I/flutter ( 2346): [PROFILE][SCENARIO_READY] H_pulse_parent_navigation
2026-09-09T13:02:17.3577389Z I/flutter ( 2346): [PROFILE][SCENARIO_START] J_tenth_fling
2026-09-09T13:02:17.6788838Z I/flutter ( 2346): [FluviDiagnostic] stage=DASHBOARD_STARTUP_ATTEMPT_STARTED scope=attemptGeneration=1 stage=bootstrap entryCount=- error=- message=-
2026-09-09T13:02:17.6988015Z I/flutter ( 2346): [FluviDiagnostic] stage=READINESS_PHASE_ENTERED scope=- entryCount=- error=- message=databasePending
2026-09-09T13:02:17.7017771Z I/flutter ( 2346): [FluviDiagnostic] stage=READINESS_PHASE_ENTERED scope=- entryCount=- error=- message=indexBuilding
2026-09-09T13:02:17.7019602Z I/flutter ( 2346): [FluviDiagnostic] stage=READINESS_TASK_STARTED scope=- entryCount=- error=- message=viewportPayload
2026-09-09T13:02:17.7104250Z D/FluviDashboard( 2346): [FLOW][INDEX_BUILD_STARTED] INDEX_BUILD_STARTED flowId=- queryKey=- direction=- scope=generation=1 acquisitionReason=bootstrap requestIdentity=rev=2|income=income|periods:|categories:|partners:|refinements:min=,max=,hasNote=false|expense=expense|periods:|categories:|partners:|refinements:min=,max=,hasNote=false|page=24|window=2014-2038 revision=2 totalMinor=- entryCount=-
2026-09-09T13:02:17.8774669Z D/EGL_emulation( 2346): app_time_stats: avg=214.68ms min=214.68ms max=214.68ms count=1
2026-09-09T13:02:17.8948431Z I/com.fluvi.app( 2346): Background concurrent mark compact GC freed 5825KB AllocSpace bytes, 3(140KB) LOS objects, 49% free, 3339KB/6679KB, paused 117us,7.483ms total 54.970ms
2026-09-09T13:02:18.3658467Z I/com.fluvi.app( 2346): Background concurrent mark compact GC freed 5200KB AllocSpace bytes, 0(0B) LOS objects, 49% free, 4287KB/8575KB, paused 1.283ms,3.153ms total 157.774ms
2026-09-09T13:02:18.6129046Z I/com.fluvi.app( 2346): Background concurrent mark compact GC freed 5308KB AllocSpace bytes, 0(0B) LOS objects, 49% free, 4487KB/8975KB, paused 2.396ms,2.257ms total 112.290ms
2026-09-09T13:02:18.8939001Z I/com.fluvi.app( 2346): Background concurrent mark compact GC freed 4184KB AllocSpace bytes, 0(0B) LOS objects, 49% free, 5943KB/11MB, paused 219us,1.692ms total 118.235ms
2026-09-09T13:02:19.1363432Z D/EGL_emulation( 2346): app_time_stats: avg=221.44ms min=216.02ms max=232.62ms count=5
2026-09-09T13:02:19.1742271Z I/com.fluvi.app( 2346): Background concurrent mark compact GC freed 4332KB AllocSpace bytes, 5(516KB) LOS objects, 49% free, 9623KB/18MB, paused 147us,7.750ms total 57.212ms
2026-09-09T13:02:19.2413894Z D/FluviDashboard( 2346): [FLOW][INDEX_BUILD_READY] INDEX_BUILD_READY flowId=- queryKey=- direction=- scope=generation=1 acquisitionReason=bootstrap requestIdentity=rev=2|income=income|periods:|categories:|partners:|refinements:min=,max=,hasNote=false|expense=expense|periods:|categories:|partners:|refinements:min=,max=,hasNote=false|page=24|window=2014-2038 sqlCalls=5 sqlMicros=926060 frames=1012 rows=4304 payloadBytes=2175073 serializationMicros=161893 revision=2 totalMinor=- entryCount=-
2026-09-09T13:02:19.3962784Z I/com.fluvi.app( 2346): Background concurrent mark compact GC freed 4524KB AllocSpace bytes, 7(13MB) LOS objects, 49% free, 2911KB/5823KB, paused 111us,17.179ms total 150.847ms
2026-09-09T13:02:20.0369355Z D/FluviDashboard( 2346): [FLOW][FINANCIAL_LIMIT_SNAPSHOT_PREPARE_STARTED] FINANCIAL_LIMIT_SNAPSHOT_PREPARE_STARTED flowId=- queryKey=- direction=- scope=yearWindowStart=2014 yearWindowEnd=2038 revision=2 totalMinor=- entryCount=-
2026-09-09T13:02:20.1437995Z D/FluviDashboard( 2346): [FLOW][FINANCIAL_LIMIT_SNAPSHOT_READY] FINANCIAL_LIMIT_SNAPSHOT_READY flowId=- queryKey=- direction=- scope=incomeTargetCount=3 incomeCategoryCount=2 expenseTargetCount=9 expenseCategoryCount=8 periodSliceCount=326 payloadBytes=320072 sqlCalls=5 nativeSqlMicros=101683 revision=2 totalMinor=- entryCount=-
2026-09-09T13:02:20.1565565Z D/FluviDashboard( 2346): [FLOW][BUDGET_PARTNER_SNAPSHOT_PREPARE_STARTED] BUDGET_PARTNER_SNAPSHOT_PREPARE_STARTED flowId=- queryKey=- direction=- scope=yearWindowStart=2014 yearWindowEnd=2038 revision=2 totalMinor=- entryCount=-
2026-09-09T13:02:20.1627800Z D/EGL_emulation( 2346): app_time_stats: avg=223.83ms min=205.99ms max=248.69ms count=4
2026-09-09T13:02:20.3987269Z D/FluviDashboard( 2346): [FLOW][BUDGET_PARTNER_SNAPSHOT_READY] BUDGET_PARTNER_SNAPSHOT_READY flowId=- queryKey=- direction=- scope=incomePartnerCount=4 expensePartnerCount=23 periodSlices=326 payloadBytes=347027 sqlCalls=5 nativeSqlMicros=179642 revision=2 totalMinor=- entryCount=-
2026-09-09T13:02:20.4139054Z I/flutter ( 2346): [FluviDiagnostic] stage=READINESS_TASK_COMPLETED scope=- entryCount=- error=- message=viewportPayload
2026-09-09T13:02:20.4140757Z I/flutter ( 2346): [FluviDiagnostic] stage=READINESS_PHASE_ENTERED scope=- entryCount=- error=- message=presentationPreparing
2026-09-09T13:02:20.4168613Z I/flutter ( 2346): [FluviDiagnostic] stage=READINESS_TASK_STARTED scope=- entryCount=- error=- message=renderResources
2026-09-09T13:02:20.4170404Z I/flutter ( 2346): [FluviDiagnostic] stage=READINESS_TASK_COMPLETED scope=- entryCount=- error=- message=renderResources
2026-09-09T13:02:20.4172107Z I/flutter ( 2346): [FluviDiagnostic] stage=READINESS_PHASE_ENTERED scope=- entryCount=- error=- message=renderCriticalWarmup
2026-09-09T13:02:20.4173761Z I/flutter ( 2346): [FluviDiagnostic] stage=READINESS_TASK_STARTED scope=- entryCount=- error=- message=logBoxSurface
2026-09-09T13:02:20.4299975Z I/com.fluvi.app( 2346): Background concurrent mark compact GC freed 7528KB AllocSpace bytes, 13(2932KB) LOS objects, 49% free, 4555KB/9111KB, paused 154us,2.342ms total 176.778ms
2026-09-09T13:02:20.4695064Z I/flutter ( 2346): [FluviDiagnostic] stage=BUDGET_HEADER_VALUE_BOUND scope=generation=0 plane=day targetHandle=0 modelBindVsyncMicros=1384070665 displayNumeratorScaled100=2839954 displayDenominatorScaled100=2778226 hasLimit=true canonicalLimitScaled100=86125000 entryCount=- error=- message=-
2026-09-09T13:02:20.4742127Z I/flutter ( 2346): [FluviDiagnostic] stage=HEADER_PORTAL_EFFECT_CATALOG_VERIFIED scope=- entryCount=- error=- message=innerOptionCount=5 backgroundOptionCount=5 sameOptions=true sameRenderer=false sameParameterSchema=true sameDefaults=true sameState=false sameClockSource=true
2026-09-09T13:02:20.4749066Z I/flutter ( 2346): [FluviDiagnostic] stage=BUDGET_HEADER_COOL_COLOR_BOUND scope=source=cool driver=userGlobal positionPct=50 windowWidthPct=28 leftRawPct=36.0 centerRawPct=50.0 rightRawPct=64.0 leftSamplePct=36.0 centerSamplePct=50.0 rightSamplePct=64.0 colorAArgb=4284604923 colorMidArgb=4279551457 colorBArgb=4278423754 settingsGeneration=0 entryCount=- error=- message=-
2026-09-09T13:02:20.4884806Z I/flutter ( 2346): [FluviDiagnostic] stage=READINESS_TASK_COMPLETED scope=- entryCount=- error=- message=logBoxSurface
2026-09-09T13:02:20.4918550Z I/flutter ( 2346): [FluviDiagnostic] stage=READINESS_TASK_STARTED scope=- entryCount=- error=- message=logBoxLayout
2026-09-09T13:02:20.4928868Z I/flutter ( 2346): [FluviDiagnostic] stage=READINESS_TASK_COMPLETED scope=- entryCount=- error=- message=logBoxLayout
2026-09-09T13:02:20.4947744Z I/flutter ( 2346): [FluviDiagnostic] stage=READINESS_TASK_STARTED scope=- entryCount=- error=- message=textLayoutSlots
2026-09-09T13:02:20.4978058Z I/flutter ( 2346): [FluviDiagnostic] stage=SCENE_WINDOW_PREPARE_STARTED scope=owner=renderCriticalReadiness priority=5 entryCount=130 error=- message=-
2026-09-09T13:02:20.5083345Z I/flutter ( 2346): [FluviDiagnostic] stage=HEADER_RENDER_BACKEND_BOUND scope=commitSha=a047e216803d3ac01d97b4d5ffd03842a1579db3 backend=fragmentShader logicalWidth=375.4757281553398 logicalHeight=123.8252427184466 devicePixelRatio=2.6260019651445416 physicalWidth=986.0 physicalHeight=326.0 backendIdentity=265998527 entryCount=- error=- message=-
2026-09-09T13:02:20.5152890Z I/flutter ( 2346): [FluviDiagnostic] stage=HEADER_PORTAL_INNER_CHANNEL_BOUND scope=enabled=true effectId=wandering-mist settingsGeneration=0 phaseOwnerIdentity=910059195 controllerIdentity=683317382 fragmentBackendIdentity=265998527 programIdentity=265998527 shaderIdentity=265998527 canonicalFieldStopCount=2 canonicalFieldStopHash=43d59ffd portalColorModel=paletteCoordinate inputSignature=1982e7cf entryCount=- error=- message=-
2026-09-09T13:02:20.5170993Z I/flutter ( 2346): [FluviDiagnostic] stage=HEADER_PORTAL_BACKGROUND_CHANNEL_BOUND scope=enabled=true effectId=wandering-mist settingsGeneration=0 phaseOwnerIdentity=910059195 controllerIdentity=683317382 fragmentBackendIdentity=265998527 programIdentity=265998527 shaderIdentity=265998527 canonicalFieldStopCount=2 canonicalFieldStopHash=43d59ffd portalColorModel=paletteCoordinate inputSignature=1982e7cf entryCount=- error=- message=-
2026-09-09T13:02:20.5233733Z I/flutter ( 2346): [FluviDiagnostic] stage=HEADER_PORTAL_FRAGMENT_INPUT_BOUND scope=innerEnabled=true innerEffect=wandering-mist innerSettingsHash=d6060b backgroundEnabled=true backgroundEffect=wandering-mist backgroundSettingsHash=d6060b uniformLayoutVersion=3 fragmentConfigurationGeneration=1 fragmentBackendIdentity=265998527 programIdentity=265998527 shaderIdentity=265998527 canonicalFieldStopCount=2 canonicalFieldStopHash=43d59ffd portalColorModel=paletteCoordinate entryCount=- error=- message=-
2026-09-09T13:02:20.5299314Z I/flutter ( 2346): [FluviDiagnostic] stage=HEADER_SHADER_READY scope=asset=shaders/dashboard_header_field.frag programIdentity=22724915 shaderIdentity=730456718 flutterVersion=3.41.4 rendererBackend=runtimeEffect engineBackend=notExposedByDart entryCount=- error=- message=-
2026-09-09T13:02:20.5353755Z I/flutter ( 2346): [FluviDiagnostic] stage=SCENE_WINDOW_ATOMIC_WORK_UNIT_OVER_BUDGET scope=workUnit=rowText:time elapsedMicros=1239 budgetMicros=1000 entryCount=130 error=- message=-
2026-09-09T13:02:20.5424235Z I/flutter ( 2346): [FluviDiagnostic] stage=SCENE_WINDOW_SLICE_OVER_BUDGET scope=boundary=rowTextParagraph elapsedMicros=1515 budgetMicros=1000 entryCount=130 error=- message=-
2026-09-09T13:02:20.5445042Z I/flutter ( 2346): [FluviDiagnostic] stage=SCENE_WINDOW_ATOMIC_WORK_UNIT_OVER_BUDGET scope=workUnit=rowText:amount elapsedMicros=1496 budgetMicros=1000 entryCount=130 error=- message=-
2026-09-09T13:02:20.5475474Z I/flutter ( 2346): [FluviDiagnostic] stage=SCENE_WINDOW_ATOMIC_WORK_UNIT_OVER_BUDGET scope=workUnit=rowText:title elapsedMicros=3238 budgetMicros=1000 entryCount=130 error=- message=-
2026-09-09T13:02:20.5559748Z I/flutter ( 2346): [FluviDiagnostic] stage=SCENE_WINDOW_SLICE_OVER_BUDGET scope=boundary=dayHeader elapsedMicros=1701 budgetMicros=1000 entryCount=130 error=- message=-
2026-09-09T13:02:20.5589851Z I/flutter ( 2346): [FluviDiagnostic] stage=SCENE_WINDOW_PREPARE_COMPLETED scope=owner=renderCriticalReadiness priority=5 entryCount=130 error=- message=uiIsolateMicros=37160 largestContiguousUiSliceMicros=3413 yields=75 richRowProjectionMicros=122 richFrameProjectionMicros=576 projectedUniqueRows=96 projectedFrames=38 reusedProjectedRows=30 reusedProjectedFrames=0 uniqueRowLayouts=100 reusedRowLayouts=0 newRowLayouts=100 sceneNew=39 sceneReuse=0 pauseCount=0 resumeCount=0 semanticsWork=0 rasterWork=0 allocationCount=170
2026-09-09T13:02:20.5658139Z I/flutter ( 2346): [FluviDiagnostic] stage=SCENE_WINDOW_PREPARE_STARTED scope=owner=liveInteractionResource priority=4 entryCount=130 error=- message=-
2026-09-09T13:02:20.5689085Z I/flutter ( 2346): [FluviDiagnostic] stage=READINESS_TASK_COMPLETED scope=- entryCount=- error=- message=textLayoutSlots
2026-09-09T13:02:20.5768095Z I/flutter ( 2346): [FluviDiagnostic] stage=READINESS_PHASE_ENTERED scope=- entryCount=- error=- message=ready
2026-09-09T13:02:20.5828074Z I/flutter ( 2346): [FluviDiagnostic] stage=DASHBOARD_STARTUP_READY scope=attemptGeneration=1 stage=ready readinessTask=- entryCount=- error=- message=-
2026-09-09T13:02:20.5857630Z I/flutter ( 2346): [FluviDiagnostic] stage=READINESS_READY scope=- entryCount=- error=- message=-
2026-09-09T13:02:20.5862736Z I/flutter ( 2346): [FluviDiagnostic] stage=SCENE_WINDOW_PREPARE_COMPLETED scope=owner=liveInteractionResource priority=4 entryCount=130 error=- message=uiIsolateMicros=570 largestContiguousUiSliceMicros=247 yields=6 richRowProjectionMicros=0 richFrameProjectionMicros=0 projectedUniqueRows=0 projectedFrames=0 reusedProjectedRows=0 reusedProjectedFrames=0 uniqueRowLayouts=100 reusedRowLayouts=100 newRowLayouts=0 sceneNew=0 sceneReuse=39 pauseCount=0 resumeCount=0 semanticsWork=0 rasterWork=0 allocationCount=0
2026-09-09T13:02:20.6875842Z I/flutter ( 2346): [FluviDiagnostic] stage=SCENE_WINDOW_PREPARE_STARTED scope=owner=foregroundNavigation priority=3 entryCount=226 error=- message=-
2026-09-09T13:02:20.6913886Z I/flutter ( 2346): [FluviDiagnostic] stage=SCENE_WINDOW_ATOMIC_WORK_UNIT_OVER_BUDGET scope=workUnit=rowText:amount elapsedMicros=2090 budgetMicros=1000 entryCount=226 error=- message=-
2026-09-09T13:02:20.6938419Z I/flutter ( 2346): [FluviDiagnostic] stage=SCENE_WINDOW_SLICE_OVER_BUDGET scope=boundary=rowTextParagraph elapsedMicros=2391 budgetMicros=1000 entryCount=226 error=- message=-
2026-09-09T13:02:20.6978598Z I/flutter ( 2346): [FluviDiagnostic] stage=SCENE_WINDOW_ATOMIC_WORK_UNIT_OVER_BUDGET scope=workUnit=dayHeaderText elapsedMicros=3142 budgetMicros=1000 entryCount=226 error=- message=-
2026-09-09T13:02:20.7002156Z I/flutter ( 2346): [FluviDiagnostic] stage=SCENE_WINDOW_SLICE_OVER_BUDGET scope=boundary=dayHeader elapsedMicros=3837 budgetMicros=1000 entryCount=226 error=- message=-
2026-09-09T13:02:20.7049009Z I/flutter ( 2346): [FluviDiagnostic] stage=SCENE_WINDOW_PREPARE_COMPLETED scope=owner=foregroundNavigation priority=3 entryCount=226 error=- message=uiIsolateMicros=12552 largestContiguousUiSliceMicros=3837 yields=19 richRowProjectionMicros=31 richFrameProjectionMicros=473 projectedUniqueRows=18 projectedFrames=4 reusedProjectedRows=78 reusedProjectedFrames=0 uniqueRowLayouts=118 reusedRowLayouts=100 newRowLayouts=18 sceneNew=4 sceneReuse=39 pauseCount=0 resumeCount=0 semanticsWork=0 rasterWork=0 allocationCount=40
2026-09-09T13:02:20.7069956Z I/flutter ( 2346): [FluviDiagnostic] stage=SUMMARY_PARENT_HOTSET_PREPARE_STARTED scope=- entryCount=130 error=- message=-
2026-09-09T13:02:20.7088235Z I/flutter ( 2346): [FluviDiagnostic] stage=SCENE_WINDOW_PREPARE_STARTED scope=owner=speculativeMaintenance priority=1 entryCount=130 error=- message=-
2026-09-09T13:02:20.7118571Z I/flutter ( 2346): [FluviDiagnostic] stage=SCENE_WINDOW_ATOMIC_WORK_UNIT_OVER_BUDGET scope=workUnit=rowText:amount elapsedMicros=2161 budgetMicros=1000 entryCount=130 error=- message=-
2026-09-09T13:02:20.7158456Z I/flutter ( 2346): [FluviDiagnostic] stage=SCENE_WINDOW_SLICE_OVER_BUDGET scope=boundary=rowTextParagraph elapsedMicros=2414 budgetMicros=1000 entryCount=130 error=- message=-
2026-09-09T13:02:20.7178504Z I/flutter ( 2346): [FluviDiagnostic] stage=SCENE_WINDOW_ATOMIC_WORK_UNIT_OVER_BUDGET scope=workUnit=rowText:time elapsedMicros=1487 budgetMicros=1000 entryCount=130 error=- message=-
2026-09-09T13:02:20.7208387Z I/flutter ( 2346): [FluviDiagnostic] stage=SCENE_WINDOW_ATOMIC_WORK_UNIT_OVER_BUDGET scope=workUnit=rowText:title elapsedMicros=2180 budgetMicros=1000 entryCount=130 error=- message=-
2026-09-09T13:02:20.7281099Z I/flutter ( 2346): [FluviDiagnostic] stage=SCENE_WINDOW_ATOMIC_WORK_UNIT_OVER_BUDGET scope=workUnit=rowText:secondary elapsedMicros=1091 budgetMicros=1000 entryCount=130 error=- message=-
2026-09-09T13:02:20.7298618Z I/flutter ( 2346): [FluviDiagnostic] stage=SCENE_WINDOW_SLICE_OVER_BUDGET scope=boundary=rowText elapsedMicros=1183 budgetMicros=1000 entryCount=130 error=- message=-
2026-09-09T13:02:20.7568380Z I/flutter ( 2346): [FluviDiagnostic] stage=SCENE_WINDOW_SLICE_OVER_BUDGET scope=boundary=dayHeader elapsedMicros=1062 budgetMicros=1000 entryCount=130 error=- message=-
2026-09-09T13:02:20.7611916Z I/flutter ( 2346): [FluviDiagnostic] stage=SCENE_WINDOW_SLICE_OVER_BUDGET scope=boundary=completion elapsedMicros=1031 budgetMicros=1000 entryCount=130 error=- message=-
2026-09-09T13:02:20.7631481Z I/flutter ( 2346): [FluviDiagnostic] stage=SCENE_WINDOW_PREPARE_COMPLETED scope=owner=speculativeMaintenance priority=1 entryCount=130 error=- message=uiIsolateMicros=52891 largestContiguousUiSliceMicros=5435 yields=80 richRowProjectionMicros=160 richFrameProjectionMicros=638 projectedUniqueRows=94 projectedFrames=30 reusedProjectedRows=36 reusedProjectedFrames=0 uniqueRowLayouts=100 reusedRowLayouts=6 newRowLayouts=94 sceneNew=30 sceneReuse=0 pauseCount=0 resumeCount=0 semanticsWork=0 rasterWork=0 allocationCount=140
2026-09-09T13:02:20.7657899Z I/flutter ( 2346): [FluviDiagnostic] stage=SUMMARY_PARENT_HOTSET_PREPARE_READY scope=- entryCount=130 error=- message=-
2026-09-09T13:02:20.7687936Z I/flutter ( 2346): [FluviDiagnostic] stage=SUMMARY_PARENT_HOTSET_PREPARE_STARTED scope=- entryCount=0 error=- message=-
2026-09-09T13:02:20.7717895Z I/flutter ( 2346): [FluviDiagnostic] stage=SUMMARY_PARENT_HOTSET_PREPARE_READY scope=- entryCount=0 error=- message=-
2026-09-09T13:02:20.7811897Z I/flutter ( 2346): [FluviDiagnostic] stage=HEADER_RENDER_FIDELITY_CONFIG scope=outputResolutionMode=nativeSurface fieldEvaluationMode=perFragment logicalWidth=375.4757281553398 logicalHeight=123.8252427184466 physicalWidth=986.0 physicalHeight=326.0 sourceRenderScale=0.6 effectId=dualTide backend=fragmentShader physicalTarget=986.0x326.0 parentTransformScale=notObservableInCanvas touchOverlayBackend=fragmentShaderAnalytic shaderFailureFallback=nativeStaticGradient shaderReady=true shaderFailure=false entryCount=- error=- message=-
2026-09-09T13:02:20.7819247Z I/flutter ( 2346): [FluviDiagnostic] stage=HEADER_TOUCH_RENDER_PATH_BOUND scope=fieldBackend=fragmentShader overlayBackend=fragmentShaderAnalytic trailBackend=fragmentShaderAnalytic logicalSize=375.4757281553398x123.8252427184466 physicalSize=986.0x326.0 usesSaveLayer=false usesOffscreenIntermediate=false entryCount=- error=- message=-
2026-09-09T13:02:20.7851248Z I/flutter ( 2346): [FluviDiagnostic] stage=HEADER_PORTAL_INNER_CHANNEL_BOUND scope=enabled=true effectId=wandering-mist settingsGeneration=0 phaseOwnerIdentity=910059195 controllerIdentity=683317382 fragmentBackendIdentity=265998527 programIdentity=22724915 shaderIdentity=730456718 canonicalFieldStopCount=2 canonicalFieldStopHash=43d59ffd portalColorModel=paletteCoordinate inputSignature=15aa90a entryCount=- error=- message=-
2026-09-09T13:02:20.7880851Z I/flutter ( 2346): [FluviDiagnostic] stage=HEADER_PORTAL_BACKGROUND_CHANNEL_BOUND scope=enabled=true effectId=wandering-mist settingsGeneration=0 phaseOwnerIdentity=910059195 controllerIdentity=683317382 fragmentBackendIdentity=265998527 programIdentity=22724915 shaderIdentity=730456718 canonicalFieldStopCount=2 canonicalFieldStopHash=43d59ffd portalColorModel=paletteCoordinate inputSignature=15aa90a entryCount=- error=- message=-
2026-09-09T13:02:20.7911420Z I/flutter ( 2346): [FluviDiagnostic] stage=HEADER_PORTAL_FRAGMENT_INPUT_BOUND scope=innerEnabled=true innerEffect=wandering-mist innerSettingsHash=d6060b backgroundEnabled=true backgroundEffect=wandering-mist backgroundSettingsHash=d6060b uniformLayoutVersion=3 fragmentConfigurationGeneration=2 fragmentBackendIdentity=265998527 programIdentity=22724915 shaderIdentity=730456718 canonicalFieldStopCount=2 canonicalFieldStopHash=43d59ffd portalColorModel=paletteCoordinate entryCount=- error=- message=-
2026-09-09T13:02:21.4028306Z D/EGL_emulation( 2346): app_time_stats: avg=253.33ms min=189.58ms max=398.25ms count=4
2026-09-09T13:02:23.4855144Z D/EGL_emulation( 2346): app_time_stats: avg=2079.52ms min=2079.52ms max=2079.52ms count=1
2026-09-09T13:02:25.5641551Z D/EGL_emulation( 2346): app_time_stats: avg=2083.93ms min=2083.93ms max=2083.93ms count=1
2026-09-09T13:02:27.6068374Z D/EGL_emulation( 2346): app_time_stats: avg=2040.53ms min=2040.53ms max=2040.53ms count=1
2026-09-09T13:02:29.6179230Z D/EGL_emulation( 2346): app_time_stats: avg=2007.04ms min=2007.04ms max=2007.04ms count=1
2026-09-09T13:02:31.6147492Z D/EGL_emulation( 2346): app_time_stats: avg=2000.66ms min=2000.66ms max=2000.66ms count=1
2026-09-09T13:02:31.6209566Z I/flutter ( 2346): [FluviDiagnostic] stage=BUDGET_HEADER_VALUE_BOUND scope=generation=0 plane=day targetHandle=0 modelBindVsyncMicros=1395220664 displayNumeratorScaled100=2839954 displayDenominatorScaled100=2778226 hasLimit=true canonicalLimitScaled100=86125000 entryCount=- error=- message=-
2026-09-09T13:02:33.7654794Z D/EGL_emulation( 2346): app_time_stats: avg=2153.56ms min=2153.56ms max=2153.56ms count=1
2026-09-09T13:02:35.8536402Z D/EGL_emulation( 2346): app_time_stats: avg=2085.14ms min=2085.14ms max=2085.14ms count=1
2026-09-09T13:02:35.9339994Z I/flutter ( 2346): [FluviDiagnostic] stage=BUDGET_HEADER_VALUE_BOUND scope=generation=0 plane=day targetHandle=0 modelBindVsyncMicros=1399470664 displayNumeratorScaled100=2839954 displayDenominatorScaled100=2778226 hasLimit=true canonicalLimitScaled100=86125000 entryCount=- error=- message=-
2026-09-09T13:02:37.9323132Z D/EGL_emulation( 2346): app_time_stats: avg=2075.87ms min=2075.87ms max=2075.87ms count=1
2026-09-09T13:02:37.9329731Z I/flutter ( 2346): [FluviDiagnostic] stage=BUDGET_HEADER_VALUE_BOUND scope=generation=0 plane=day targetHandle=0 modelBindVsyncMicros=1401537331 displayNumeratorScaled100=2839954 displayDenominatorScaled100=2778226 hasLimit=true canonicalLimitScaled100=86125000 entryCount=- error=- message=-
2026-09-09T13:02:39.9055030Z D/EGL_emulation( 2346): app_time_stats: avg=1973.65ms min=1973.65ms max=1973.65ms count=1
2026-09-09T13:02:41.9787361Z D/EGL_emulation( 2346): app_time_stats: avg=2076.50ms min=2076.50ms max=2076.50ms count=1
2026-09-09T13:02:41.9858278Z I/flutter ( 2346): [FluviDiagnostic] stage=BUDGET_HEADER_VALUE_BOUND scope=generation=0 plane=day targetHandle=0 modelBindVsyncMicros=1405587330 displayNumeratorScaled100=2839954 displayDenominatorScaled100=2778226 hasLimit=true canonicalLimitScaled100=86125000 entryCount=- error=- message=-
2026-09-09T13:02:43.9872172Z D/EGL_emulation( 2346): app_time_stats: avg=2006.64ms min=2006.64ms max=2006.64ms count=1
2026-09-09T13:02:46.0093022Z D/EGL_emulation( 2346): app_time_stats: avg=2021.54ms min=2021.54ms max=2021.54ms count=1
2026-09-09T13:02:46.0176318Z I/flutter ( 2346): [FluviDiagnostic] stage=BUDGET_HEADER_VALUE_BOUND scope=generation=0 plane=day targetHandle=0 modelBindVsyncMicros=1409620664 displayNumeratorScaled100=2839954 displayDenominatorScaled100=2778226 hasLimit=true canonicalLimitScaled100=86125000 entryCount=- error=- message=-
2026-09-09T13:02:48.0171411Z D/EGL_emulation( 2346): app_time_stats: avg=2006.72ms min=2006.72ms max=2006.72ms count=1
2026-09-09T13:02:50.0371860Z D/EGL_emulation( 2346): app_time_stats: avg=2023.44ms min=2023.44ms max=2023.44ms count=1
2026-09-09T13:02:52.0344939Z D/EGL_emulation( 2346): app_time_stats: avg=1996.18ms min=1996.18ms max=1996.18ms count=1
2026-09-09T13:02:54.4888281Z D/EGL_emulation( 2346): app_time_stats: avg=2327.42ms min=2327.42ms max=2327.42ms count=1
2026-09-09T13:02:54.4919602Z I/flutter ( 2346): [FluviDiagnostic] stage=BUDGET_HEADER_VALUE_BOUND scope=generation=0 plane=day targetHandle=0 modelBindVsyncMicros=1417970663 displayNumeratorScaled100=2839954 displayDenominatorScaled100=2778226 hasLimit=true canonicalLimitScaled100=86125000 entryCount=- error=- message=-
2026-09-09T13:02:56.9485509Z D/EGL_emulation( 2346): app_time_stats: avg=2583.89ms min=2583.89ms max=2583.89ms count=1
2026-09-09T13:02:58.8892439Z I/flutter ( 2346): [FluviDiagnostic] stage=BUDGET_HEADER_VALUE_BOUND scope=generation=0 plane=day targetHandle=0 modelBindVsyncMicros=1422487330 displayNumeratorScaled100=2839954 displayDenominatorScaled100=2778226 hasLimit=true canonicalLimitScaled100=86125000 entryCount=- error=- message=-
2026-09-09T13:02:59.0454293Z D/EGL_emulation( 2346): app_time_stats: avg=173.22ms min=173.22ms max=173.22ms count=1
2026-09-09T13:03:01.3606346Z D/EGL_emulation( 2346): app_time_stats: avg=217.26ms min=217.26ms max=217.26ms count=1
2026-09-09T13:03:03.3285378Z D/EGL_emulation( 2346): app_time_stats: avg=167.43ms min=167.43ms max=167.43ms count=1
2026-09-09T13:03:05.5798326Z D/EGL_emulation( 2346): app_time_stats: avg=390.79ms min=390.79ms max=390.79ms count=1
2026-09-09T13:03:07.6856126Z D/EGL_emulation( 2346): app_time_stats: avg=2105.14ms min=2105.14ms max=2105.14ms count=1
2026-09-09T13:03:07.7027659Z I/flutter ( 2346): [FluviDiagnostic] stage=BUDGET_HEADER_VALUE_BOUND scope=generation=0 plane=day targetHandle=0 modelBindVsyncMicros=1431303996 displayNumeratorScaled100=2839954 displayDenominatorScaled100=2778226 hasLimit=true canonicalLimitScaled100=86125000 entryCount=- error=- message=-
2026-09-09T13:03:09.6884720Z D/EGL_emulation( 2346): app_time_stats: avg=2001.39ms min=2001.39ms max=2001.39ms count=1
2026-09-09T13:03:11.8405021Z D/EGL_emulation( 2346): app_time_stats: avg=2152.51ms min=2152.51ms max=2152.51ms count=1
2026-09-09T13:03:11.8519997Z I/flutter ( 2346): [FluviDiagnostic] stage=BUDGET_HEADER_VALUE_BOUND scope=generation=0 plane=day targetHandle=0 modelBindVsyncMicros=1435453996 displayNumeratorScaled100=2839954 displayDenominatorScaled100=2778226 hasLimit=true canonicalLimitScaled100=86125000 entryCount=- error=- message=-
2026-09-09T13:03:13.8827655Z D/EGL_emulation( 2346): app_time_stats: avg=2040.31ms min=2040.31ms max=2040.31ms count=1
2026-09-09T13:03:13.8905785Z I/flutter ( 2346): [FluviDiagnostic] stage=BUDGET_HEADER_VALUE_BOUND scope=generation=0 plane=day targetHandle=0 modelBindVsyncMicros=1437487329 displayNumeratorScaled100=2839954 displayDenominatorScaled100=2778226 hasLimit=true canonicalLimitScaled100=86125000 entryCount=- error=- message=-
2026-09-09T13:03:16.0609528Z D/EGL_emulation( 2346): app_time_stats: avg=2179.96ms min=2179.96ms max=2179.96ms count=1
2026-09-09T13:03:18.0707738Z D/EGL_emulation( 2346): app_time_stats: avg=2011.76ms min=2011.76ms max=2011.76ms count=1
2026-09-09T13:03:18.0851652Z I/flutter ( 2346): [FluviDiagnostic] stage=BUDGET_HEADER_VALUE_BOUND scope=generation=0 plane=day targetHandle=0 modelBindVsyncMicros=1441687329 displayNumeratorScaled100=2839954 displayDenominatorScaled100=2778226 hasLimit=true canonicalLimitScaled100=86125000 entryCount=- error=- message=-
2026-09-09T13:03:20.1369465Z D/EGL_emulation( 2346): app_time_stats: avg=2065.79ms min=2065.79ms max=2065.79ms count=1
2026-09-09T13:03:22.3474282Z D/EGL_emulation( 2346): app_time_stats: avg=2208.95ms min=2208.95ms max=2208.95ms count=1
2026-09-09T13:03:22.3590508Z I/flutter ( 2346): [FluviDiagnostic] stage=BUDGET_HEADER_VALUE_BOUND scope=generation=0 plane=day targetHandle=0 modelBindVsyncMicros=1445953995 displayNumeratorScaled100=2839954 displayDenominatorScaled100=2778226 hasLimit=true canonicalLimitScaled100=86125000 entryCount=- error=- message=-
2026-09-09T13:03:24.3370745Z D/EGL_emulation( 2346): app_time_stats: avg=1987.94ms min=1987.94ms max=1987.94ms count=1
2026-09-09T13:03:26.5277922Z D/EGL_emulation( 2346): app_time_stats: avg=2185.84ms min=2185.84ms max=2185.84ms count=1
2026-09-09T13:03:28.6583432Z D/EGL_emulation( 2346): app_time_stats: avg=2139.13ms min=2139.13ms max=2139.13ms count=1
2026-09-09T13:03:30.7969817Z D/EGL_emulation( 2346): app_time_stats: avg=2138.37ms min=2138.37ms max=2138.37ms count=1
2026-09-09T13:03:30.8339512Z I/flutter ( 2346): [FluviDiagnostic] stage=BUDGET_HEADER_VALUE_BOUND scope=generation=0 plane=day targetHandle=0 modelBindVsyncMicros=1454420662 displayNumeratorScaled100=2839954 displayDenominatorScaled100=2778226 hasLimit=true canonicalLimitScaled100=86125000 entryCount=- error=- message=-
2026-09-09T13:03:32.9932290Z D/EGL_emulation( 2346): app_time_stats: avg=2195.75ms min=2195.75ms max=2195.75ms count=1
2026-09-09T13:03:32.9976621Z I/flutter ( 2346): [FluviDiagnostic] stage=BUDGET_HEADER_VALUE_BOUND scope=generation=0 plane=day targetHandle=0 modelBindVsyncMicros=1456603995 displayNumeratorScaled100=2839954 displayDenominatorScaled100=2778226 hasLimit=true canonicalLimitScaled100=86125000 entryCount=- error=- message=-
2026-09-09T13:03:35.0158820Z D/EGL_emulation( 2346): app_time_stats: avg=2023.26ms min=2023.26ms max=2023.26ms count=1
2026-09-09T13:03:36.9557267Z D/EGL_emulation( 2346): app_time_stats: avg=1938.72ms min=1938.72ms max=1938.72ms count=1
2026-09-09T13:03:38.9010604Z D/EGL_emulation( 2346): app_time_stats: avg=1946.35ms min=1946.35ms max=1946.35ms count=1
2026-09-09T13:03:41.0596916Z D/EGL_emulation( 2346): app_time_stats: avg=2158.39ms min=2158.39ms max=2158.39ms count=1
2026-09-09T13:03:43.1978355Z D/EGL_emulation( 2346): app_time_stats: avg=2134.42ms min=2134.42ms max=2134.42ms count=1
2026-09-09T13:03:43.2239910Z I/flutter ( 2346): [FluviDiagnostic] stage=BUDGET_HEADER_VALUE_BOUND scope=generation=0 plane=day targetHandle=0 modelBindVsyncMicros=1466803995 displayNumeratorScaled100=2839954 displayDenominatorScaled100=2778226 hasLimit=true canonicalLimitScaled100=86125000 entryCount=- error=- message=-
2026-09-09T13:03:45.3332832Z D/EGL_emulation( 2346): app_time_stats: avg=2131.41ms min=2131.41ms max=2131.41ms count=1
2026-09-09T13:03:47.4178610Z D/EGL_emulation( 2346): app_time_stats: avg=2091.65ms min=2091.65ms max=2091.65ms count=1
2026-09-09T13:03:47.4367979Z I/flutter ( 2346): [FluviDiagnostic] stage=BUDGET_HEADER_VALUE_BOUND scope=generation=0 plane=day targetHandle=0 modelBindVsyncMicros=1471037328 displayNumeratorScaled100=2839954 displayDenominatorScaled100=2778226 hasLimit=true canonicalLimitScaled100=86125000 entryCount=- error=- message=-
2026-09-09T13:03:49.3592802Z D/EGL_emulation( 2346): app_time_stats: avg=1938.26ms min=1938.26ms max=1938.26ms count=1
2026-09-09T13:03:49.3684841Z I/flutter ( 2346): [FluviDiagnostic] stage=BUDGET_HEADER_VALUE_BOUND scope=generation=0 plane=day targetHandle=0 modelBindVsyncMicros=1472970661 displayNumeratorScaled100=2839954 displayDenominatorScaled100=2778226 hasLimit=true canonicalLimitScaled100=86125000 entryCount=- error=- message=-
2026-09-09T13:03:51.4883575Z D/EGL_emulation( 2346): app_time_stats: avg=2132.14ms min=2132.14ms max=2132.14ms count=1
2026-09-09T13:03:53.5071084Z D/EGL_emulation( 2346): app_time_stats: avg=2017.94ms min=2017.94ms max=2017.94ms count=1
2026-09-09T13:03:53.5174488Z I/flutter ( 2346): [FluviDiagnostic] stage=BUDGET_HEADER_VALUE_BOUND scope=generation=0 plane=day targetHandle=0 modelBindVsyncMicros=1477120661 displayNumeratorScaled100=2839954 displayDenominatorScaled100=2778226 hasLimit=true canonicalLimitScaled100=86125000 entryCount=- error=- message=-
2026-09-09T13:03:55.6108526Z D/EGL_emulation( 2346): app_time_stats: avg=2101.51ms min=2101.51ms max=2101.51ms count=1
2026-09-09T13:03:57.7756447Z D/EGL_emulation( 2346): app_time_stats: avg=2165.50ms min=2165.50ms max=2165.50ms count=1
2026-09-09T13:03:57.7947549Z I/flutter ( 2346): [FluviDiagnostic] stage=BUDGET_HEADER_VALUE_BOUND scope=generation=0 plane=day targetHandle=0 modelBindVsyncMicros=1481387327 displayNumeratorScaled100=2839954 displayDenominatorScaled100=2778226 hasLimit=true canonicalLimitScaled100=86125000 entryCount=- error=- message=-
2026-09-09T13:03:59.8129956Z D/EGL_emulation( 2346): app_time_stats: avg=2035.86ms min=2035.86ms max=2035.86ms count=1
2026-09-09T13:04:02.3309175Z D/EGL_emulation( 2346): app_time_stats: avg=2521.22ms min=2521.22ms max=2521.22ms count=1
2026-09-09T13:04:04.3778807Z D/EGL_emulation( 2346): app_time_stats: avg=2046.01ms min=2046.01ms max=2046.01ms count=1
2026-09-09T13:04:06.7422938Z D/EGL_emulation( 2346): app_time_stats: avg=375.66ms min=375.66ms max=375.66ms count=1
2026-09-09T13:04:06.7651328Z I/flutter ( 2346): [FluviDiagnostic] stage=BUDGET_HEADER_VALUE_BOUND scope=generation=0 plane=day targetHandle=0 modelBindVsyncMicros=1490353994 displayNumeratorScaled100=2839954 displayDenominatorScaled100=2778226 hasLimit=true canonicalLimitScaled100=86125000 entryCount=- error=- message=-
2026-09-09T13:04:08.8602171Z D/EGL_emulation( 2346): app_time_stats: avg=2122.42ms min=2122.42ms max=2122.42ms count=1
2026-09-09T13:04:08.8657197Z I/flutter ( 2346): [FluviDiagnostic] stage=BUDGET_HEADER_VALUE_BOUND scope=generation=0 plane=day targetHandle=0 modelBindVsyncMicros=1492470660 displayNumeratorScaled100=2839954 displayDenominatorScaled100=2778226 hasLimit=true canonicalLimitScaled100=86125000 entryCount=- error=- message=-
2026-09-09T13:04:10.8090937Z D/EGL_emulation( 2346): app_time_stats: avg=1944.28ms min=1944.28ms max=1944.28ms count=1
2026-09-09T13:04:12.8124157Z D/EGL_emulation( 2346): app_time_stats: avg=2007.25ms min=2007.25ms max=2007.25ms count=1
2026-09-09T13:04:14.7787892Z D/EGL_emulation( 2346): app_time_stats: avg=1963.27ms min=1963.27ms max=1963.27ms count=1
2026-09-09T13:04:16.8778596Z D/EGL_emulation( 2346): app_time_stats: avg=2100.89ms min=2100.89ms max=2100.89ms count=1
2026-09-09T13:04:18.9920515Z D/EGL_emulation( 2346): app_time_stats: avg=2108.09ms min=2108.09ms max=2108.09ms count=1
2026-09-09T13:04:19.0005379Z I/flutter ( 2346): [FluviDiagnostic] stage=BUDGET_HEADER_VALUE_BOUND scope=generation=0 plane=day targetHandle=0 modelBindVsyncMicros=1502603993 displayNumeratorScaled100=2839954 displayDenominatorScaled100=2778226 hasLimit=true canonicalLimitScaled100=86125000 entryCount=- error=- message=-
2026-09-09T13:04:21.0471942Z D/EGL_emulation( 2346): app_time_stats: avg=2059.11ms min=2059.11ms max=2059.11ms count=1
2026-09-09T13:04:23.2420343Z D/EGL_emulation( 2346): app_time_stats: avg=2194.42ms min=2194.42ms max=2194.42ms count=1
2026-09-09T13:04:23.2546244Z I/flutter ( 2346): [FluviDiagnostic] stage=BUDGET_HEADER_VALUE_BOUND scope=generation=0 plane=day targetHandle=0 modelBindVsyncMicros=1506853993 displayNumeratorScaled100=2839954 displayDenominatorScaled100=2778226 hasLimit=true canonicalLimitScaled100=86125000 entryCount=- error=- message=-
2026-09-09T13:04:25.3693310Z D/EGL_emulation( 2346): app_time_stats: avg=2127.94ms min=2127.94ms max=2127.94ms count=1
2026-09-09T13:04:25.3973212Z I/flutter ( 2346): [FluviDiagnostic] stage=BUDGET_HEADER_VALUE_BOUND scope=generation=0 plane=day targetHandle=0 modelBindVsyncMicros=1508987326 displayNumeratorScaled100=2839954 displayDenominatorScaled100=2778226 hasLimit=true canonicalLimitScaled100=86125000 entryCount=- error=- message=-
2026-09-09T13:04:27.4753907Z D/EGL_emulation( 2346): app_time_stats: avg=2108.01ms min=2108.01ms max=2108.01ms count=1
2026-09-09T13:04:29.6308235Z D/EGL_emulation( 2346): app_time_stats: avg=2154.58ms min=2154.58ms max=2154.58ms count=1
2026-09-09T13:04:29.6352090Z I/flutter ( 2346): [FluviDiagnostic] stage=BUDGET_HEADER_VALUE_BOUND scope=generation=0 plane=day targetHandle=0 modelBindVsyncMicros=1513237326 displayNumeratorScaled100=2839954 displayDenominatorScaled100=2778226 hasLimit=true canonicalLimitScaled100=86125000 entryCount=- error=- message=-
2026-09-09T13:04:31.7006455Z D/EGL_emulation( 2346): app_time_stats: avg=2069.51ms min=2069.51ms max=2069.51ms count=1
2026-09-09T13:04:33.9701810Z D/EGL_emulation( 2346): app_time_stats: avg=2271.17ms min=2271.17ms max=2271.17ms count=1
2026-09-09T13:04:34.0008599Z I/flutter ( 2346): [FluviDiagnostic] stage=BUDGET_HEADER_VALUE_BOUND scope=generation=0 plane=day targetHandle=0 modelBindVsyncMicros=1517587326 displayNumeratorScaled100=2839954 displayDenominatorScaled100=2778226 hasLimit=true canonicalLimitScaled100=86125000 entryCount=- error=- message=-
2026-09-09T13:04:36.3961397Z D/EGL_emulation( 2346): app_time_stats: avg=2424.24ms min=2424.24ms max=2424.24ms count=1
2026-09-09T13:04:38.3965377Z D/EGL_emulation( 2346): app_time_stats: avg=185.55ms min=185.55ms max=185.55ms count=1
2026-09-09T13:04:40.4460916Z D/EGL_emulation( 2346): app_time_stats: avg=190.58ms min=190.58ms max=190.58ms count=1
2026-09-09T13:04:42.7921042Z D/EGL_emulation( 2346): app_time_stats: avg=356.75ms min=356.75ms max=356.75ms count=1
2026-09-09T13:04:42.8129406Z I/flutter ( 2346): [FluviDiagnostic] stage=BUDGET_HEADER_VALUE_BOUND scope=generation=0 plane=day targetHandle=0 modelBindVsyncMicros=1526403992 displayNumeratorScaled100=2839954 displayDenominatorScaled100=2778226 hasLimit=true canonicalLimitScaled100=86125000 entryCount=- error=- message=-
2026-09-09T13:04:44.8708746Z D/EGL_emulation( 2346): app_time_stats: avg=2079.71ms min=2079.71ms max=2079.71ms count=1
2026-09-09T13:04:44.8851071Z I/flutter ( 2346): [FluviDiagnostic] stage=BUDGET_HEADER_VALUE_BOUND scope=generation=0 plane=day targetHandle=0 modelBindVsyncMicros=1528487326 displayNumeratorScaled100=2839954 displayDenominatorScaled100=2778226 hasLimit=true canonicalLimitScaled100=86125000 entryCount=- error=- message=-
2026-09-09T13:04:47.0166388Z D/EGL_emulation( 2346): app_time_stats: avg=2142.78ms min=2142.78ms max=2142.78ms count=1
2026-09-09T13:04:49.1742546Z D/EGL_emulation( 2346): app_time_stats: avg=2159.49ms min=2159.49ms max=2159.49ms count=1
2026-09-09T13:04:51.0283078Z D/EGL_emulation( 2346): app_time_stats: avg=1856.44ms min=1856.44ms max=1856.44ms count=1
2026-09-09T13:04:53.2114779Z D/EGL_emulation( 2346): app_time_stats: avg=2182.51ms min=2182.51ms max=2182.51ms count=1
2026-09-09T13:04:53.8878145Z I/flutter ( 2346): 25:00 +0: profiles dashboard motion-data isolation scenarios A through K [E]
2026-09-09T13:04:53.8917899Z I/flutter ( 2346):   TimeoutException after 0:25:00.000000: Test timed out after 25 minutes.
2026-09-09T13:04:53.8979129Z I/flutter ( 2346):   package:test_api/src/backend/invoker.dart 398  Invoker._handleError.<fn>
2026-09-09T13:04:53.9030142Z I/flutter ( 2346):   dart:async/zone_root.dart 27                   _rootRun
2026-09-09T13:04:53.9047555Z I/flutter ( 2346):   dart:async/zone.dart 726                       _CustomZone.run
2026-09-09T13:04:53.9087621Z I/flutter ( 2346):   package:test_api/src/backend/invoker.dart 396  Invoker._handleError
2026-09-09T13:04:53.9177800Z I/flutter ( 2346):   package:test_api/src/backend/invoker.dart 351  Invoker.heartbeat.<fn>.<fn>
2026-09-09T13:04:53.9206400Z I/flutter ( 2346):   dart:async/zone_root.dart 35                   _rootRun
2026-09-09T13:04:53.9256517Z I/flutter ( 2346):   dart:async/zone.dart 726                       _CustomZone.run
2026-09-09T13:04:53.9291258Z I/flutter ( 2346):   package:test_api/src/backend/invoker.dart 350  Invoker.heartbeat.<fn>
2026-09-09T13:04:53.9306551Z I/flutter ( 2346):   dart:async-patch/timer_patch.dart 18           Timer._createTimer.<fn>
2026-09-09T13:04:53.9328519Z I/flutter ( 2346):   dart:isolate-patch/timer_impl.dart 423         _Timer._runTimers
2026-09-09T13:04:53.9347799Z I/flutter ( 2346):   dart:isolate-patch/timer_impl.dart 454         _Timer._handleMessage
2026-09-09T13:04:53.9373633Z I/flutter ( 2346):   dart:isolate-patch/isolate_patch.dart 193      _RawReceivePort._handleMessage
2026-09-09T13:04:53.9387204Z I/flutter ( 2346):   
2026-09-09T13:04:53.9417313Z I/flutter ( 2346): 25:00 +0 -1: (tearDownAll)
2026-09-09T13:04:55.2479113Z I/flutter ( 2346): 25:01 +1 -1: Some tests failed.
2026-09-09T13:04:55.5405289Z D/EGL_emulation( 2346): app_time_stats: avg=2328.73ms min=2328.73ms max=2328.73ms count=1
2026-09-09T13:04:55.5573264Z I/flutter ( 2346): 25:01 +1 -1: profiles dashboard motion-data isolation scenarios A through K
2026-09-09T13:04:55.5679455Z I/flutter ( 2346): [FluviDiagnostic] stage=BUDGET_HEADER_VALUE_BOUND scope=generation=0 plane=day targetHandle=0 modelBindVsyncMicros=1539153992 displayNumeratorScaled100=2839954 displayDenominatorScaled100=2778226 hasLimit=true canonicalLimitScaled100=86125000 entryCount=- error=- message=-
2026-09-09T13:04:56.4497088Z All tests passed.
2026-09-09T13:04:58.2287983Z ##[group]Terminate Emulator
2026-09-09T13:04:58.2371209Z [command]/usr/local/lib/android/sdk/platform-tools/adb -s emulator-5554 emu kill
2026-09-09T13:04:58.2444409Z OK: killing emulator, bye bye
2026-09-09T13:04:58.2445706Z OK
2026-09-09T13:04:58.2446552Z ##[endgroup]
2026-09-09T13:04:58.2448922Z INFO         | Wait for emulator (pid 3935) 20 seconds to shutdown gracefully before kill;you can set environment variable ANDROID_EMULATOR_WAIT_TIME_BEFORE_KILL(in seconds) to change the default value (20 seconds)
2026-09-09T13:04:58.2450527Z 
2026-09-09T13:04:58.2517779Z USER_INFO    | Snapshots have been disabled by the user, save request is ignored.
2026-09-09T13:04:58.2554108Z INFO         | Saving snapshot 'default_boot' using 2 ms
2026-09-09T13:04:59.1315219Z ERROR        | stop: Not implemented
2026-09-09T13:04:59.1316355Z WARNING      | Emulator client has not yet been configured.. Call configure me first!
2026-09-09T13:04:59.1761671Z WARNING      | Netsim Wifi localhost:39517 is gone due to CANCELLED
2026-09-09T13:05:00.1267259Z ##[group]Run harness_path="build/app/outputs/flutter-apk/app-profile.apk"
2026-09-09T13:05:00.1267873Z [36;1mharness_path="build/app/outputs/flutter-apk/app-profile.apk"[0m
2026-09-09T13:05:00.1268304Z [36;1mif [[ -f "$harness_path" ]]; then[0m
2026-09-09T13:05:00.1268599Z [36;1m  mv "$harness_path" \[0m
2026-09-09T13:05:00.1269044Z [36;1m    "build/app/outputs/flutter-apk/fluvi_AUTOMATED_TEST_HARNESS_${GITHUB_SHA::7}.apk"[0m
2026-09-09T13:05:00.1269492Z [36;1mfi[0m
2026-09-09T13:05:00.1351008Z shell: /usr/bin/bash --noprofile --norc -e -o pipefail {0}
2026-09-09T13:05:00.1351361Z env:
2026-09-09T13:05:00.1351678Z   JAVA_HOME: /opt/hostedtoolcache/Java_Temurin-Hotspot_jdk/17.0.20-1/x64
2026-09-09T13:05:00.1352209Z   JAVA_HOME_17_X64: /opt/hostedtoolcache/Java_Temurin-Hotspot_jdk/17.0.20-1/x64
2026-09-09T13:05:00.1352602Z   MAVEN_ARGS: -ntp
2026-09-09T13:05:00.1352840Z   ANDROID_HOME: /usr/local/lib/android/sdk
2026-09-09T13:05:00.1353176Z   ANDROID_SDK_ROOT: /usr/local/lib/android/sdk
2026-09-09T13:05:00.1353562Z   FLUTTER_ROOT: /opt/hostedtoolcache/flutter/stable-3.41.4-x64/flutter
2026-09-09T13:05:00.1353942Z   PUB_CACHE: /home/runner/.pub-cache
2026-09-09T13:05:00.1354272Z   CURL_HOME: /home/runner/work/_temp/fluvi-profile-curl
2026-09-09T13:05:00.1354613Z   ANDROID_AVD_HOME: /home/runner/.android/avd
2026-09-09T13:05:00.1354898Z ##[endgroup]
2026-09-09T13:05:00.1478092Z Node 20 is being deprecated. This workflow is running with Node 24 by default. If you need to temporarily use Node 20, you can set the ACTIONS_ALLOW_USE_UNSECURE_NODE_VERSION=true environment variable. For more information see: https://github.blog/changelog/2025-09-19-deprecation-of-node-20-on-github-actions-runners/
2026-09-09T13:05:00.1479400Z ##[group]Run actions/upload-artifact@v4
2026-09-09T13:05:00.1479674Z with:
2026-09-09T13:05:00.1479989Z   name: fluvi_AUTOMATED_TEST_HARNESS_a047e216803d3ac01d97b4d5ffd03842a1579db3
2026-09-09T13:05:00.1480638Z   path: build/app/outputs/flutter-apk/fluvi_AUTOMATED_TEST_HARNESS_a047e216803d3ac01d97b4d5ffd03842a1579db3.apk
2026-09-09T13:05:00.1481181Z   if-no-files-found: warn
2026-09-09T13:05:00.1481432Z   compression-level: 6
2026-09-09T13:05:00.1481663Z   overwrite: false
2026-09-09T13:05:00.1481899Z   include-hidden-files: false
2026-09-09T13:05:00.1482142Z env:
2026-09-09T13:05:00.1482461Z   JAVA_HOME: /opt/hostedtoolcache/Java_Temurin-Hotspot_jdk/17.0.20-1/x64
2026-09-09T13:05:00.1482961Z   JAVA_HOME_17_X64: /opt/hostedtoolcache/Java_Temurin-Hotspot_jdk/17.0.20-1/x64
2026-09-09T13:05:00.1483357Z   MAVEN_ARGS: -ntp
2026-09-09T13:05:00.1483591Z   ANDROID_HOME: /usr/local/lib/android/sdk
2026-09-09T13:05:00.1483898Z   ANDROID_SDK_ROOT: /usr/local/lib/android/sdk
2026-09-09T13:05:00.1484290Z   FLUTTER_ROOT: /opt/hostedtoolcache/flutter/stable-3.41.4-x64/flutter
2026-09-09T13:05:00.1484678Z   PUB_CACHE: /home/runner/.pub-cache
2026-09-09T13:05:00.1485007Z   CURL_HOME: /home/runner/work/_temp/fluvi-profile-curl
2026-09-09T13:05:00.1485359Z   ANDROID_AVD_HOME: /home/runner/.android/avd
2026-09-09T13:05:00.1485641Z ##[endgroup]
2026-09-09T13:05:00.3231522Z (node:4688) [DEP0040] DeprecationWarning: The `punycode` module is deprecated. Please use a userland alternative instead.
2026-09-09T13:05:00.3233337Z (Use `node --trace-deprecation ...` to show where the warning was created)
2026-09-09T13:05:00.3275567Z ##[warning]No files were found with the provided path: build/app/outputs/flutter-apk/fluvi_AUTOMATED_TEST_HARNESS_a047e216803d3ac01d97b4d5ffd03842a1579db3.apk. No artifacts will be uploaded.
2026-09-09T13:05:00.3507948Z Node 20 is being deprecated. This workflow is running with Node 24 by default. If you need to temporarily use Node 20, you can set the ACTIONS_ALLOW_USE_UNSECURE_NODE_VERSION=true environment variable. For more information see: https://github.blog/changelog/2025-09-19-deprecation-of-node-20-on-github-actions-runners/
2026-09-09T13:05:00.3510120Z ##[group]Run actions/upload-artifact@v4
2026-09-09T13:05:00.3510585Z with:
2026-09-09T13:05:00.3511130Z   name: dashboard-profile-results-a047e216803d3ac01d97b4d5ffd03842a1579db3
2026-09-09T13:05:00.3513196Z   path: build/app/outputs/flutter-apk/fluvi_AUTOMATED_TEST_HARNESS_a047e216803d3ac01d97b4d5ffd03842a1579db3.apk
build/dashboard_profile_*.json
build/dashboard-profile-diagnostics
scripts/run-dashboard-profile.sh
test_driver/dashboard_profile_driver.dart

2026-09-09T13:05:00.3515042Z   if-no-files-found: warn
2026-09-09T13:05:00.3515437Z   compression-level: 6
2026-09-09T13:05:00.3515797Z   overwrite: false
2026-09-09T13:05:00.3516183Z   include-hidden-files: false
2026-09-09T13:05:00.3516573Z env:
2026-09-09T13:05:00.3517260Z   JAVA_HOME: /opt/hostedtoolcache/Java_Temurin-Hotspot_jdk/17.0.20-1/x64
2026-09-09T13:05:00.3518095Z   JAVA_HOME_17_X64: /opt/hostedtoolcache/Java_Temurin-Hotspot_jdk/17.0.20-1/x64
2026-09-09T13:05:00.3518750Z   MAVEN_ARGS: -ntp
2026-09-09T13:05:00.3519129Z   ANDROID_HOME: /usr/local/lib/android/sdk
2026-09-09T13:05:00.3519632Z   ANDROID_SDK_ROOT: /usr/local/lib/android/sdk
2026-09-09T13:05:00.3520278Z   FLUTTER_ROOT: /opt/hostedtoolcache/flutter/stable-3.41.4-x64/flutter
2026-09-09T13:05:00.3520913Z   PUB_CACHE: /home/runner/.pub-cache
2026-09-09T13:05:00.3521453Z   CURL_HOME: /home/runner/work/_temp/fluvi-profile-curl
2026-09-09T13:05:00.3522034Z   ANDROID_AVD_HOME: /home/runner/.android/avd
2026-09-09T13:05:00.3522497Z ##[endgroup]
2026-09-09T13:05:00.5250806Z (node:4701) [DEP0040] DeprecationWarning: The `punycode` module is deprecated. Please use a userland alternative instead.
2026-09-09T13:05:00.5252427Z (Use `node --trace-deprecation ...` to show where the warning was created)
2026-09-09T13:05:00.5419887Z Multiple search paths detected. Calculating the least common ancestor of all paths
2026-09-09T13:05:00.5423024Z The least common ancestor is /home/runner/work/exptv2/exptv2. This will be the root directory of the artifact
2026-09-09T13:05:00.5424290Z With the provided path, there will be 21 files uploaded
2026-09-09T13:05:00.5429740Z Artifact name is valid!
2026-09-09T13:05:00.5430387Z Root directory input is valid!
2026-09-09T13:05:00.8770111Z Beginning upload of artifact content to blob storage
2026-09-09T13:05:01.1288417Z (node:4701) [DEP0169] DeprecationWarning: `url.parse()` behavior is not standardized and prone to errors that have security implications. Use the WHATWG URL API instead. CVEs are not issued for `url.parse()` vulnerabilities.
2026-09-09T13:05:01.6716391Z Uploaded bytes 1233318
2026-09-09T13:05:01.7356128Z Finished uploading artifact content to blob storage!
2026-09-09T13:05:01.7357908Z SHA256 digest of uploaded artifact zip is 7c44a62dedbb82fc416b99dc32a1fe5958037db99fed35c81f6f65fc8e8d561f
2026-09-09T13:05:01.7359899Z Finalizing artifact upload
2026-09-09T13:05:02.0169004Z Artifact dashboard-profile-results-a047e216803d3ac01d97b4d5ffd03842a1579db3.zip successfully finalized. Artifact ID 10105257349
2026-09-09T13:05:02.0171824Z Artifact dashboard-profile-results-a047e216803d3ac01d97b4d5ffd03842a1579db3 has been successfully uploaded! Final size is 1233318 bytes. Artifact ID is 10105257349
2026-09-09T13:05:02.0176200Z Artifact download URL: https://github.com/elizerpist/exptv2/actions/runs/34351134148/artifacts/10105257349
2026-09-09T13:05:02.0347266Z Post job cleanup.
2026-09-09T13:05:02.0350878Z ##[start-action display=Run subosito/flutter-action@v2;id=__1e820914-d3c8-4776-8e74-a0ecbc23ea4c.__subosito_flutter-action]
2026-09-09T13:05:02.0471790Z Post job cleanup.
2026-09-09T13:05:02.0475079Z ##[start-action display=Cache pub dependencies;id=__1e820914-d3c8-4776-8e74-a0ecbc23ea4c.__subosito_flutter-action.cache-pub]
2026-09-09T13:05:02.6715012Z Post job cleanup.
2026-09-09T13:05:02.8050988Z Cache hit occurred on the primary key flutter-pub-linux-stable-3.41.4-x64-ff37bef603469fb030f2b72995ab929ccfc227f0-3da74abe0bcb4ea3ee040ccd40bcdef95f40382992cc63b2474d58c085587002, not saving cache.
2026-09-09T13:05:02.8110895Z ##[end-action id=__1e820914-d3c8-4776-8e74-a0ecbc23ea4c.__subosito_flutter-action.cache-pub;outcome=success;conclusion=success;duration_ms=763]
2026-09-09T13:05:02.8113614Z ##[start-action display=Cache Flutter;id=__1e820914-d3c8-4776-8e74-a0ecbc23ea4c.__subosito_flutter-action.cache-flutter]
2026-09-09T13:05:02.8163320Z Post job cleanup.
2026-09-09T13:05:02.9448500Z Cache hit occurred on the primary key flutter-linux-stable-3.41.4-x64-ff37bef603469fb030f2b72995ab929ccfc227f0, not saving cache.
2026-09-09T13:05:02.9506505Z ##[end-action id=__1e820914-d3c8-4776-8e74-a0ecbc23ea4c.__subosito_flutter-action.cache-flutter;outcome=success;conclusion=success;duration_ms=139]
2026-09-09T13:05:02.9515788Z ##[end-action id=__1e820914-d3c8-4776-8e74-a0ecbc23ea4c.__subosito_flutter-action;outcome=success;conclusion=success;duration_ms=916]
2026-09-09T13:05:02.9589604Z Post job cleanup.
2026-09-09T13:05:03.1005770Z Post job cleanup.
2026-09-09T13:05:03.1916079Z [command]/usr/bin/git version
2026-09-09T13:05:03.1960911Z git version 2.55.0
2026-09-09T13:05:03.2004399Z Temporarily overriding HOME='/home/runner/work/_temp/41c16907-4102-4e84-8b4c-b6854b93d00a' before making global git config changes
2026-09-09T13:05:03.2005931Z Adding repository directory to the temporary git global config as a safe directory
2026-09-09T13:05:03.2010585Z [command]/usr/bin/git config --global --add safe.directory /home/runner/work/exptv2/exptv2
2026-09-09T13:05:03.2048312Z [command]/usr/bin/git config --local --name-only --get-regexp core\.sshCommand
2026-09-09T13:05:03.2081809Z [command]/usr/bin/git submodule foreach --recursive sh -c "git config --local --name-only --get-regexp 'core\.sshCommand' && git config --local --unset-all 'core.sshCommand' || :"
2026-09-09T13:05:03.2354290Z [command]/usr/bin/git config --local --name-only --get-regexp http\.https\:\/\/github\.com\/\.extraheader
2026-09-09T13:05:03.2381249Z http.https://github.com/.extraheader
2026-09-09T13:05:03.2393207Z [command]/usr/bin/git config --local --unset-all http.https://github.com/.extraheader
2026-09-09T13:05:03.2428482Z [command]/usr/bin/git submodule foreach --recursive sh -c "git config --local --name-only --get-regexp 'http\.https\:\/\/github\.com\/\.extraheader' && git config --local --unset-all 'http.https://github.com/.extraheader' || :"
2026-09-09T13:05:03.2681483Z [command]/usr/bin/git config --local --name-only --get-regexp ^includeIf\.gitdir:
2026-09-09T13:05:03.2721825Z [command]/usr/bin/git submodule foreach --recursive git config --local --show-origin --name-only --get-regexp remote.origin.url
2026-09-09T13:05:03.3132947Z Cleaning up orphan processes
2026-09-09T13:05:03.3512964Z Terminate orphan process: pid (4066) (adb)
2026-09-09T13:05:03.3557526Z ##[warning]Node.js 20 is deprecated. The following actions target Node.js 20 but are being forced to run on Node.js 24: actions/upload-artifact@v4, android-actions/setup-android@v3. For more information see: https://github.blog/changelog/2025-09-19-deprecation-of-node-20-on-github-actions-runners/
