   Woah! You appear to be trying to run flutter as root.
   We strongly recommend running the flutter tool without superuser privileges.
  /
📎
Resolving dependencies...
Downloading packages...
  clock 1.1.2 (1.1.3 available)
  matcher 0.12.19 (0.12.20 available)
  material_color_utilities 0.13.0 (0.13.1 available)
  meta 1.17.0 (1.19.0 available)
  platform 3.1.6 (3.2.0 available)
  process 5.0.5 (5.0.6 available)
  stack_trace 1.12.1 (1.12.2 available)
  test_api 0.7.10 (0.7.14 available)
  vector_graphics 1.2.2 (1.2.3 available)
  vector_math 2.2.0 (2.4.2 available)
  vm_service 15.2.0 (15.3.0 available)
Got dependencies!
11 packages have newer versions incompatible with dependency constraints.
Try `flutter pub outdated` for more information.
00:00 +0: loading /data/data/com.termux/files/home/ubuntu/flutteruser/flutterapps/fluvi-avatar-target-liveness-codex-20260909/test/boundary/query_menu_boundary_test.dart
00:00 +0: /data/data/com.termux/files/home/ubuntu/flutteruser/flutterapps/fluvi-avatar-target-liveness-codex-20260909/test/boundary/query_menu_boundary_test.dart: Query Menu keeps one SQL owner and one reusable sheet boundary
00:00 +1: /data/data/com.termux/files/home/ubuntu/flutteruser/flutterapps/fluvi-avatar-target-liveness-codex-20260909/test/boundary/dashboard_interaction_performance_boundary_test.dart: keeps scene-window maintenance off dashboard input gates
00:01 +2: /data/data/com.termux/files/home/ubuntu/flutteruser/flutterapps/fluvi-avatar-target-liveness-codex-20260909/test/boundary/dashboard_interaction_performance_boundary_test.dart: keeps dashboard interaction ownership fail closed
00:01 +3: /data/data/com.termux/files/home/ubuntu/flutteruser/flutterapps/fluvi-avatar-target-liveness-codex-20260909/test/boundary/dashboard_interaction_performance_boundary_test.dart: keeps dashboard interaction ownership fail closed
00:01 +4: /data/data/com.termux/files/home/ubuntu/flutteruser/flutterapps/fluvi-avatar-target-liveness-codex-20260909/test/boundary/dashboard_interaction_performance_boundary_test.dart: keeps dashboard interaction ownership fail closed
00:01 +5: /data/data/com.termux/files/home/ubuntu/flutteruser/flutterapps/fluvi-avatar-target-liveness-codex-20260909/test/boundary/dashboard_interaction_performance_boundary_test.dart: keeps dashboard interaction ownership fail closed
00:04 +6: /data/data/com.termux/files/home/ubuntu/flutteruser/flutterapps/fluvi-avatar-target-liveness-codex-20260909/test/boundary/dashboard_motion_data_isolation_boundary_test.dart: keeps dashboard motion and data ownership fail closed
00:04 +7: /data/data/com.termux/files/home/ubuntu/flutteruser/flutterapps/fluvi-avatar-target-liveness-codex-20260909/test/boundary/dashboard_motion_data_isolation_boundary_test.dart: keeps dashboard motion and data ownership fail closed
00:04 +8: /data/data/com.termux/files/home/ubuntu/flutteruser/flutterapps/fluvi-avatar-target-liveness-codex-20260909/test/boundary/dashboard_motion_data_isolation_boundary_test.dart: keeps dashboard motion and data ownership fail closed
00:08 +9: /data/data/com.termux/files/home/ubuntu/flutteruser/flutterapps/fluvi-avatar-target-liveness-codex-20260909/test/boundary/dashboard_avatar_profile_boundary_test.dart: K observes production owners and validates each actual fling
00:09 +10: /data/data/com.termux/files/home/ubuntu/flutteruser/flutterapps/fluvi-avatar-target-liveness-codex-20260909/test/features/dashboard/application/dashboard_avatar_resource_window_test.dart: complete exact roots preserve nonempty aggregate and category8 payloads
00:09 +11: /data/data/com.termux/files/home/ubuntu/flutteruser/flutterapps/fluvi-avatar-target-liveness-codex-20260909/test/features/dashboard/application/dashboard_avatar_resource_window_test.dart: pending plan cannot be described as a ready window
00:09 +12: /data/data/com.termux/files/home/ubuntu/flutteruser/flutterapps/fluvi-avatar-target-liveness-codex-20260909/test/features/dashboard/application/dashboard_avatar_resource_window_test.dart: empty required keys is distinguished from a missing entry
00:09 +13: /data/data/com.termux/files/home/ubuntu/flutteruser/flutterapps/fluvi-avatar-target-liveness-codex-20260909/test/features/dashboard/application/dashboard_avatar_resource_window_test.dart: retired aggregate frame is classified without swallowing other errors
00:09 +14: /data/data/com.termux/files/home/ubuntu/flutteruser/flutterapps/fluvi-avatar-target-liveness-codex-20260909/test/features/dashboard/application/dashboard_avatar_resource_window_test.dart: nonempty payload from another scope is rejected
00:09 +15: /data/data/com.termux/files/home/ubuntu/flutteruser/flutterapps/fluvi-avatar-target-liveness-codex-20260909/test/features/dashboard/application/dashboard_avatar_resource_window_test.dart: same query from an older revision is rejected
00:09 +16: /data/data/com.termux/files/home/ubuntu/flutteruser/flutterapps/fluvi-avatar-target-liveness-codex-20260909/test/features/dashboard/application/dashboard_avatar_resource_window_test.dart: retired bank identity and foreground ownership are distinct
00:09 +17: /data/data/com.termux/files/home/ubuntu/flutteruser/flutterapps/fluvi-avatar-target-liveness-codex-20260909/test/features/dashboard/application/dashboard_avatar_resource_window_test.dart: scope rejection preserves the actual wrong payload identity
00:10 +18: /data/data/com.termux/files/home/ubuntu/flutteruser/flutterapps/fluvi-avatar-target-liveness-codex-20260909/test/features/dashboard/application/dashboard_avatar_candidate_lifecycle_test.dart: current nonempty target prepares exact resources with no broad hotset
00:12 +19: /data/data/com.termux/files/home/ubuntu/flutteruser/flutterapps/fluvi-avatar-target-liveness-codex-20260909/test/features/dashboard/application/dashboard_avatar_candidate_lifecycle_test.dart: current nonempty target prepares exact resources with no broad hotset
00:12 +20: /data/data/com.termux/files/home/ubuntu/flutteruser/flutterapps/fluvi-avatar-target-liveness-codex-20260909/test/features/dashboard/application/dashboard_avatar_candidate_lifecycle_test.dart: current nonempty target prepares exact resources with no broad hotset
00:12 +21: /data/data/com.termux/files/home/ubuntu/flutteruser/flutterapps/fluvi-avatar-target-liveness-codex-20260909/test/features/dashboard/application/dashboard_avatar_candidate_lifecycle_test.dart: current nonempty target prepares exact resources with no broad hotset
00:12 +22: /data/data/com.termux/files/home/ubuntu/flutteruser/flutterapps/fluvi-avatar-target-liveness-codex-20260909/test/features/dashboard/application/dashboard_avatar_candidate_lifecycle_test.dart: current nonempty target prepares exact resources with no broad hotset
00:12 +23: /data/data/com.termux/files/home/ubuntu/flutteruser/flutterapps/fluvi-avatar-target-liveness-codex-20260909/test/features/dashboard/application/dashboard_avatar_candidate_lifecycle_test.dart: current nonempty target prepares exact resources with no broad hotset
00:12 +24: /data/data/com.termux/files/home/ubuntu/flutteruser/flutterapps/fluvi-avatar-target-liveness-codex-20260909/test/features/dashboard/application/dashboard_avatar_candidate_lifecycle_test.dart: current nonempty target prepares exact resources with no broad hotset
00:12 +25: /data/data/com.termux/files/home/ubuntu/flutteruser/flutterapps/fluvi-avatar-target-liveness-codex-20260909/test/features/dashboard/application/dashboard_avatar_candidate_lifecycle_test.dart: current nonempty target prepares exact resources with no broad hotset
00:12 +26: /data/data/com.termux/files/home/ubuntu/flutteruser/flutterapps/fluvi-avatar-target-liveness-codex-20260909/test/features/dashboard/application/dashboard_avatar_candidate_lifecycle_test.dart: current nonempty target prepares exact resources with no broad hotset
00:12 +27: /data/data/com.termux/files/home/ubuntu/flutteruser/flutterapps/fluvi-avatar-target-liveness-codex-20260909/test/features/dashboard/application/dashboard_avatar_candidate_lifecycle_test.dart: current nonempty target prepares exact resources with no broad hotset
00:12 +28: /data/data/com.termux/files/home/ubuntu/flutteruser/flutterapps/fluvi-avatar-target-liveness-codex-20260909/test/features/dashboard/application/dashboard_avatar_candidate_lifecycle_test.dart: current nonempty target prepares exact resources with no broad hotset
00:12 +29: /data/data/com.termux/files/home/ubuntu/flutteruser/flutterapps/fluvi-avatar-target-liveness-codex-20260909/test/features/dashboard/application/dashboard_avatar_candidate_lifecycle_test.dart: current nonempty target prepares exact resources with no broad hotset
00:12 +30: /data/data/com.termux/files/home/ubuntu/flutteruser/flutterapps/fluvi-avatar-target-liveness-codex-20260909/test/features/dashboard/application/dashboard_avatar_candidate_lifecycle_test.dart: current nonempty target prepares exact resources with no broad hotset
00:12 +31: /data/data/com.termux/files/home/ubuntu/flutteruser/flutterapps/fluvi-avatar-target-liveness-codex-20260909/test/features/dashboard/application/dashboard_avatar_candidate_lifecycle_test.dart: current nonempty target prepares exact resources with no broad hotset
00:12 +32: /data/data/com.termux/files/home/ubuntu/flutteruser/flutterapps/fluvi-avatar-target-liveness-codex-20260909/test/features/dashboard/application/dashboard_avatar_candidate_lifecycle_test.dart: current nonempty target prepares exact resources with no broad hotset
00:12 +33: /data/data/com.termux/files/home/ubuntu/flutteruser/flutterapps/fluvi-avatar-target-liveness-codex-20260909/test/features/dashboard/application/dashboard_avatar_candidate_lifecycle_test.dart: current nonempty target prepares exact resources with no broad hotset
00:12 +34: /data/data/com.termux/files/home/ubuntu/flutteruser/flutterapps/fluvi-avatar-target-liveness-codex-20260909/test/features/dashboard/application/dashboard_avatar_candidate_lifecycle_test.dart: current nonempty target prepares exact resources with no broad hotset
00:12 +35: /data/data/com.termux/files/home/ubuntu/flutteruser/flutterapps/fluvi-avatar-target-liveness-codex-20260909/test/features/dashboard/application/dashboard_avatar_candidate_lifecycle_test.dart: current nonempty target prepares exact resources with no broad hotset
00:12 +36: /data/data/com.termux/files/home/ubuntu/flutteruser/flutterapps/fluvi-avatar-target-liveness-codex-20260909/test/features/dashboard/application/dashboard_avatar_candidate_lifecycle_test.dart: current nonempty target prepares exact resources with no broad hotset
00:13 +37: /data/data/com.termux/files/home/ubuntu/flutteruser/flutterapps/fluvi-avatar-target-liveness-codex-20260909/test/features/dashboard/application/dashboard_avatar_candidate_lifecycle_test.dart: current nonempty target prepares exact resources with no broad hotset
00:13 +38: /data/data/com.termux/files/home/ubuntu/flutteruser/flutterapps/fluvi-avatar-target-liveness-codex-20260909/test/features/dashboard/application/dashboard_avatar_candidate_lifecycle_test.dart: current nonempty target prepares exact resources with no broad hotset
00:13 +39: /data/data/com.termux/files/home/ubuntu/flutteruser/flutterapps/fluvi-avatar-target-liveness-codex-20260909/test/features/dashboard/application/dashboard_avatar_candidate_lifecycle_test.dart: current nonempty target prepares exact resources with no broad hotset
00:13 +40: /data/data/com.termux/files/home/ubuntu/flutteruser/flutterapps/fluvi-avatar-target-liveness-codex-20260909/test/features/dashboard/application/dashboard_avatar_candidate_lifecycle_test.dart: current nonempty target prepares exact resources with no broad hotset
00:13 +41: /data/data/com.termux/files/home/ubuntu/flutteruser/flutterapps/fluvi-avatar-target-liveness-codex-20260909/test/features/dashboard/application/dashboard_avatar_candidate_lifecycle_test.dart: current nonempty target prepares exact resources with no broad hotset
00:13 +42: /data/data/com.termux/files/home/ubuntu/flutteruser/flutterapps/fluvi-avatar-target-liveness-codex-20260909/test/features/dashboard/application/dashboard_avatar_candidate_lifecycle_test.dart: current nonempty target prepares exact resources with no broad hotset
00:13 +43: /data/data/com.termux/files/home/ubuntu/flutteruser/flutterapps/fluvi-avatar-target-liveness-codex-20260909/test/features/dashboard/application/dashboard_avatar_candidate_lifecycle_test.dart: current nonempty target prepares exact resources with no broad hotset
00:13 +44: /data/data/com.termux/files/home/ubuntu/flutteruser/flutterapps/fluvi-avatar-target-liveness-codex-20260909/test/features/dashboard/application/dashboard_avatar_candidate_lifecycle_test.dart: current nonempty target prepares exact resources with no broad hotset
00:13 +45: /data/data/com.termux/files/home/ubuntu/flutteruser/flutterapps/fluvi-avatar-target-liveness-codex-20260909/test/features/dashboard/application/dashboard_avatar_candidate_lifecycle_test.dart: current nonempty target prepares exact resources with no broad hotset
00:13 +46: /data/data/com.termux/files/home/ubuntu/flutteruser/flutterapps/fluvi-avatar-target-liveness-codex-20260909/test/features/dashboard/application/dashboard_avatar_candidate_lifecycle_test.dart: current nonempty target prepares exact resources with no broad hotset
00:13 +47: /data/data/com.termux/files/home/ubuntu/flutteruser/flutterapps/fluvi-avatar-target-liveness-codex-20260909/test/features/dashboard/application/dashboard_avatar_candidate_lifecycle_test.dart: current nonempty target prepares exact resources with no broad hotset
00:13 +48: /data/data/com.termux/files/home/ubuntu/flutteruser/flutterapps/fluvi-avatar-target-liveness-codex-20260909/test/features/dashboard/application/dashboard_avatar_candidate_lifecycle_test.dart: current nonempty target prepares exact resources with no broad hotset
00:13 +49: /data/data/com.termux/files/home/ubuntu/flutteruser/flutterapps/fluvi-avatar-target-liveness-codex-20260909/test/features/dashboard/application/dashboard_avatar_candidate_lifecycle_test.dart: current nonempty target prepares exact resources with no broad hotset
00:13 +50: /data/data/com.termux/files/home/ubuntu/flutteruser/flutterapps/fluvi-avatar-target-liveness-codex-20260909/test/features/dashboard/application/dashboard_avatar_candidate_lifecycle_test.dart: current nonempty target prepares exact resources with no broad hotset
00:13 +51: /data/data/com.termux/files/home/ubuntu/flutteruser/flutterapps/fluvi-avatar-target-liveness-codex-20260909/test/features/dashboard/application/dashboard_avatar_candidate_lifecycle_test.dart: current nonempty target prepares exact resources with no broad hotset
00:13 +52: /data/data/com.termux/files/home/ubuntu/flutteruser/flutterapps/fluvi-avatar-target-liveness-codex-20260909/test/features/dashboard/application/dashboard_avatar_candidate_lifecycle_test.dart: current nonempty target prepares exact resources with no broad hotset
00:13 +53: /data/data/com.termux/files/home/ubuntu/flutteruser/flutterapps/fluvi-avatar-target-liveness-codex-20260909/test/features/dashboard/application/dashboard_avatar_candidate_lifecycle_test.dart: current nonempty target prepares exact resources with no broad hotset
00:13 +54: /data/data/com.termux/files/home/ubuntu/flutteruser/flutterapps/fluvi-avatar-target-liveness-codex-20260909/test/features/dashboard/application/dashboard_avatar_candidate_lifecycle_test.dart: current nonempty target prepares exact resources with no broad hotset
00:13 +55: /data/data/com.termux/files/home/ubuntu/flutteruser/flutterapps/fluvi-avatar-target-liveness-codex-20260909/test/features/dashboard/application/dashboard_avatar_candidate_lifecycle_test.dart: current nonempty target prepares exact resources with no broad hotset
00:13 +56: /data/data/com.termux/files/home/ubuntu/flutteruser/flutterapps/fluvi-avatar-target-liveness-codex-20260909/test/features/dashboard/application/dashboard_avatar_candidate_lifecycle_test.dart: current nonempty target prepares exact resources with no broad hotset
00:13 +57: /data/data/com.termux/files/home/ubuntu/flutteruser/flutterapps/fluvi-avatar-target-liveness-codex-20260909/test/features/dashboard/application/dashboard_avatar_candidate_lifecycle_test.dart: current nonempty target prepares exact resources with no broad hotset
00:13 +58: /data/data/com.termux/files/home/ubuntu/flutteruser/flutterapps/fluvi-avatar-target-liveness-codex-20260909/test/features/dashboard/application/dashboard_avatar_candidate_lifecycle_test.dart: current nonempty target prepares exact resources with no broad hotset
00:13 +59: /data/data/com.termux/files/home/ubuntu/flutteruser/flutterapps/fluvi-avatar-target-liveness-codex-20260909/test/features/dashboard/application/dashboard_avatar_candidate_lifecycle_test.dart: current nonempty target prepares exact resources with no broad hotset
00:13 +60: /data/data/com.termux/files/home/ubuntu/flutteruser/flutterapps/fluvi-avatar-target-liveness-codex-20260909/test/features/dashboard/application/dashboard_avatar_candidate_lifecycle_test.dart: current nonempty target prepares exact resources with no broad hotset
00:13 +61: /data/data/com.termux/files/home/ubuntu/flutteruser/flutterapps/fluvi-avatar-target-liveness-codex-20260909/test/features/dashboard/application/dashboard_avatar_candidate_lifecycle_test.dart: current nonempty target prepares exact resources with no broad hotset
00:13 +62: /data/data/com.termux/files/home/ubuntu/flutteruser/flutterapps/fluvi-avatar-target-liveness-codex-20260909/test/features/dashboard/application/dashboard_avatar_candidate_lifecycle_test.dart: current nonempty target prepares exact resources with no broad hotset
00:13 +63: /data/data/com.termux/files/home/ubuntu/flutteruser/flutterapps/fluvi-avatar-target-liveness-codex-20260909/test/features/dashboard/application/dashboard_avatar_candidate_lifecycle_test.dart: current nonempty target prepares exact resources with no broad hotset
00:13 +64: /data/data/com.termux/files/home/ubuntu/flutteruser/flutterapps/fluvi-avatar-target-liveness-codex-20260909/test/features/dashboard/application/dashboard_avatar_candidate_lifecycle_test.dart: current nonempty target prepares exact resources with no broad hotset
00:13 +65: /data/data/com.termux/files/home/ubuntu/flutteruser/flutterapps/fluvi-avatar-target-liveness-codex-20260909/test/features/dashboard/application/dashboard_avatar_candidate_lifecycle_test.dart: current nonempty target prepares exact resources with no broad hotset
00:13 +66: /data/data/com.termux/files/home/ubuntu/flutteruser/flutterapps/fluvi-avatar-target-liveness-codex-20260909/test/features/dashboard/application/dashboard_avatar_candidate_lifecycle_test.dart: current nonempty target prepares exact resources with no broad hotset
00:15 +67: /data/data/com.termux/files/home/ubuntu/flutteruser/flutterapps/fluvi-avatar-target-liveness-codex-20260909/test/features/dashboard/application/dashboard_avatar_candidate_lifecycle_test.dart: current nonempty target prepares exact resources with no broad hotset
00:15 +68: /data/data/com.termux/files/home/ubuntu/flutteruser/flutterapps/fluvi-avatar-target-liveness-codex-20260909/test/features/dashboard/presentation/dashboard_avatar_target_liveness_test.dart: AVL persistent real CoreDashboard nonempty Avatar final-target liveness without Time scenario=cold
00:17 +69: /data/data/com.termux/files/home/ubuntu/flutteruser/flutterapps/fluvi-avatar-target-liveness-codex-20260909/test/features/dashboard/presentation/dashboard_avatar_target_liveness_test.dart: AVL persistent real CoreDashboard nonempty Avatar final-target liveness without Time scenario=cold
00:18 +70: /data/data/com.termux/files/home/ubuntu/flutteruser/flutterapps/fluvi-avatar-target-liveness-codex-20260909/test/features/dashboard/presentation/dashboard_avatar_target_liveness_test.dart: AVL persistent real CoreDashboard nonempty Avatar final-target liveness without Time scenario=cold
00:19 +71: /data/data/com.termux/files/home/ubuntu/flutteruser/flutterapps/fluvi-avatar-target-liveness-codex-20260909/test/features/dashboard/presentation/dashboard_avatar_target_liveness_test.dart: AVL persistent real CoreDashboard nonempty Avatar final-target liveness without Time scenario=cold
Carousel fling: raw=0.0px/s, effective=0.0px/s, itemExtent=58.00, speed=0.00 items/s, band=nearest, maxStep=0, projected=0, target=0, delta=0
Carousel fling: raw=0.0px/s, effective=0.0px/s, itemExtent=77.20, speed=0.00 items/s, band=nearest, maxStep=0, projected=0, target=0, delta=0
00:21 +71: /data/data/com.termux/files/home/ubuntu/flutteruser/flutterapps/fluvi-avatar-target-liveness-codex-20260909/test/features/dashboard/runtime/dashboard_presentation_controller_test.dart: a SUM preview is retained before close and reopen synchronously recenters it
Carousel fling: raw=0.0px/s, effective=0.0px/s, itemExtent=77.20, speed=0.00 items/s, band=nearest, maxStep=0, projected=0, target=0, delta=0
Carousel fling: raw=0.0px/s, effective=0.0px/s, itemExtent=77.20, speed=0.00 items/s, band=nearest, maxStep=0, projected=5, target=5, delta=0
Carousel fling: raw=0.0px/s, effective=0.0px/s, itemExtent=77.20, speed=0.00 items/s, band=nearest, maxStep=0, projected=1, target=1, delta=0
Carousel fling: raw=0.0px/s, effective=0.0px/s, itemExtent=77.20, speed=0.00 items/s, band=nearest, maxStep=0, projected=1, target=1, delta=0
Carousel fling: raw=0.0px/s, effective=0.0px/s, itemExtent=77.20, speed=0.00 items/s, band=nearest, maxStep=0, projected=1, target=1, delta=0
00:22 +72: /data/data/com.termux/files/home/ubuntu/flutteruser/flutterapps/fluvi-avatar-target-liveness-codex-20260909/test/features/dashboard/presentation/dashboard_avatar_target_liveness_test.dart: AVL persistent real CoreDashboard nonempty Avatar final-target liveness without Time scenario=cold
Carousel fling: raw=0.0px/s, effective=0.0px/s, itemExtent=58.00, speed=0.00 items/s, band=nearest, maxStep=0, projected=100000, target=100000, delta=0
Carousel fling: raw=0.0px/s, effective=0.0px/s, itemExtent=77.20, speed=0.00 items/s, band=nearest, maxStep=0, projected=100000, target=100000, delta=0
00:23 +73: /data/data/com.termux/files/home/ubuntu/flutteruser/flutterapps/fluvi-avatar-target-liveness-codex-20260909/test/features/dashboard/presentation/dashboard_avatar_target_liveness_test.dart: AVL persistent real CoreDashboard nonempty Avatar final-target liveness without Time scenario=cold
00:24 +73: /data/data/com.termux/files/home/ubuntu/flutteruser/flutterapps/fluvi-avatar-target-liveness-codex-20260909/test/features/dashboard/runtime/dashboard_presentation_controller_test.dart: a settled SUM rail child reopens at that canonical retained year
Carousel fling: raw=0.0px/s, effective=0.0px/s, itemExtent=77.20, speed=0.00 items/s, band=nearest, maxStep=0, projected=0, target=0, delta=0
Carousel fling: raw=0.0px/s, effective=0.0px/s, itemExtent=77.20, speed=0.00 items/s, band=nearest, maxStep=0, projected=5, target=5, delta=0
Carousel fling: raw=0.0px/s, effective=0.0px/s, itemExtent=77.20, speed=0.00 items/s, band=nearest, maxStep=0, projected=1, target=1, delta=0
Carousel fling: raw=0.0px/s, effective=0.0px/s, itemExtent=77.20, speed=0.00 items/s, band=nearest, maxStep=0, projected=1, target=1, delta=0
Carousel fling: raw=0.0px/s, effective=0.0px/s, itemExtent=77.20, speed=0.00 items/s, band=nearest, maxStep=0, projected=1, target=1, delta=0
00:24 +74: /data/data/com.termux/files/home/ubuntu/flutteruser/flutterapps/fluvi-avatar-target-liveness-codex-20260909/test/features/dashboard/presentation/dashboard_avatar_target_liveness_test.dart: AVL persistent real CoreDashboard nonempty Avatar final-target liveness without Time scenario=cold
Carousel fling: raw=2400.0px/s, effective=1584.0px/s, itemExtent=58.00, speed=27.31 items/s, band=max-5, maxStep=5, projected=100016, target=100008, delta=5
Carousel snap: stiffness=340.0, settle=1024ms
00:27 +75: /data/data/com.termux/files/home/ubuntu/flutteruser/flutterapps/fluvi-avatar-target-liveness-codex-20260909/test/features/dashboard/presentation/dashboard_avatar_target_liveness_test.dart: AVL persistent real CoreDashboard nonempty Avatar final-target liveness without Time scenario=cold
00:27 +76: /data/data/com.termux/files/home/ubuntu/flutteruser/flutterapps/fluvi-avatar-target-liveness-codex-20260909/test/features/dashboard/presentation/dashboard_avatar_target_liveness_test.dart: AVL persistent real CoreDashboard nonempty Avatar final-target liveness without Time scenario=cold
00:27 +77: /data/data/com.termux/files/home/ubuntu/flutteruser/flutterapps/fluvi-avatar-target-liveness-codex-20260909/test/features/dashboard/presentation/dashboard_avatar_target_liveness_test.dart: AVL persistent real CoreDashboard nonempty Avatar final-target liveness without Time scenario=cold
00:27 +78: /data/data/com.termux/files/home/ubuntu/flutteruser/flutterapps/fluvi-avatar-target-liveness-codex-20260909/test/features/dashboard/presentation/dashboard_avatar_target_liveness_test.dart: AVL persistent real CoreDashboard nonempty Avatar final-target liveness without Time scenario=cold
00:28 +79: /data/data/com.termux/files/home/ubuntu/flutteruser/flutterapps/fluvi-avatar-target-liveness-codex-20260909/test/features/dashboard/presentation/dashboard_avatar_target_liveness_test.dart: AVL persistent real CoreDashboard nonempty Avatar final-target liveness without Time scenario=cold
00:28 +80: /data/data/com.termux/files/home/ubuntu/flutteruser/flutterapps/fluvi-avatar-target-liveness-codex-20260909/test/features/dashboard/presentation/dashboard_avatar_target_liveness_test.dart: AVL persistent real CoreDashboard nonempty Avatar final-target liveness without Time scenario=cold
00:28 +81: /data/data/com.termux/files/home/ubuntu/flutteruser/flutterapps/fluvi-avatar-target-liveness-codex-20260909/test/features/dashboard/presentation/dashboard_avatar_target_liveness_test.dart: AVL persistent real CoreDashboard nonempty Avatar final-target liveness without Time scenario=cold
00:29 +82: /data/data/com.termux/files/home/ubuntu/flutteruser/flutterapps/fluvi-avatar-target-liveness-codex-20260909/test/features/dashboard/presentation/dashboard_avatar_target_liveness_test.dart: AVL persistent real CoreDashboard nonempty Avatar final-target liveness without Time scenario=cold
00:29 +83: /data/data/com.termux/files/home/ubuntu/flutteruser/flutterapps/fluvi-avatar-target-liveness-codex-20260909/test/features/dashboard/presentation/dashboard_avatar_target_liveness_test.dart: AVL persistent real CoreDashboard nonempty Avatar final-target liveness without Time scenario=cold
00:30 +84: /data/data/com.termux/files/home/ubuntu/flutteruser/flutterapps/fluvi-avatar-target-liveness-codex-20260909/test/features/dashboard/presentation/dashboard_avatar_target_liveness_test.dart: AVL persistent real CoreDashboard nonempty Avatar final-target liveness without Time scenario=cold
Carousel fling: raw=0.0px/s, effective=0.0px/s, itemExtent=58.00, speed=0.00 items/s, band=nearest, maxStep=0, projected=100008, target=100008, delta=0
00:30 +85: /data/data/com.termux/files/home/ubuntu/flutteruser/flutterapps/fluvi-avatar-target-liveness-codex-20260909/test/features/dashboard/presentation/dashboard_avatar_target_liveness_test.dart: AVL persistent real CoreDashboard nonempty Avatar final-target liveness without Time scenario=cold
Carousel fling: raw=0.0px/s, effective=0.0px/s, itemExtent=77.20, speed=0.00 items/s, band=nearest, maxStep=0, projected=100000, target=100000, delta=0
00:31 +86: /data/data/com.termux/files/home/ubuntu/flutteruser/flutterapps/fluvi-avatar-target-liveness-codex-20260909/test/features/dashboard/presentation/dashboard_avatar_target_liveness_test.dart: AVL persistent real CoreDashboard nonempty Avatar final-target liveness without Time scenario=cold
00:31 +87: /data/data/com.termux/files/home/ubuntu/flutteruser/flutterapps/fluvi-avatar-target-liveness-codex-20260909/test/features/dashboard/presentation/dashboard_avatar_target_liveness_test.dart: AVL persistent real CoreDashboard nonempty Avatar final-target liveness without Time scenario=cold
00:31 +88: /data/data/com.termux/files/home/ubuntu/flutteruser/flutterapps/fluvi-avatar-target-liveness-codex-20260909/test/features/dashboard/presentation/dashboard_avatar_target_liveness_test.dart: AVL persistent real CoreDashboard nonempty Avatar final-target liveness without Time scenario=cold
00:32 +89: /data/data/com.termux/files/home/ubuntu/flutteruser/flutterapps/fluvi-avatar-target-liveness-codex-20260909/test/features/dashboard/presentation/dashboard_avatar_target_liveness_test.dart: AVL persistent real CoreDashboard nonempty Avatar final-target liveness without Time scenario=cold
Carousel fling: raw=-2400.0px/s, effective=-1584.0px/s, itemExtent=58.00, speed=-27.31 items/s, band=max-5, maxStep=5, projected=99992, target=100000, delta=-5
Carousel snap: stiffness=340.0, settle=1024ms
00:32 +90: /data/data/com.termux/files/home/ubuntu/flutteruser/flutterapps/fluvi-avatar-target-liveness-codex-20260909/test/features/dashboard/presentation/dashboard_avatar_target_liveness_test.dart: AVL persistent real CoreDashboard nonempty Avatar final-target liveness without Time scenario=cold
00:33 +91: /data/data/com.termux/files/home/ubuntu/flutteruser/flutterapps/fluvi-avatar-target-liveness-codex-20260909/test/features/dashboard/presentation/dashboard_avatar_target_liveness_test.dart: AVL persistent real CoreDashboard nonempty Avatar final-target liveness without Time scenario=cold
00:34 +92: /data/data/com.termux/files/home/ubuntu/flutteruser/flutterapps/fluvi-avatar-target-liveness-codex-20260909/test/features/dashboard/presentation/dashboard_avatar_target_liveness_test.dart: AVL persistent real CoreDashboard nonempty Avatar final-target liveness without Time scenario=cold
00:35 +93: /data/data/com.termux/files/home/ubuntu/flutteruser/flutterapps/fluvi-avatar-target-liveness-codex-20260909/test/features/dashboard/presentation/dashboard_avatar_target_liveness_test.dart: AVL persistent real CoreDashboard nonempty Avatar final-target liveness without Time scenario=cold
00:35 +94: /data/data/com.termux/files/home/ubuntu/flutteruser/flutterapps/fluvi-avatar-target-liveness-codex-20260909/test/features/dashboard/presentation/dashboard_avatar_target_liveness_test.dart: AVL persistent real CoreDashboard nonempty Avatar final-target liveness without Time scenario=cold
00:35 +95: /data/data/com.termux/files/home/ubuntu/flutteruser/flutterapps/fluvi-avatar-target-liveness-codex-20260909/test/features/dashboard/presentation/dashboard_avatar_target_liveness_test.dart: AVL persistent real CoreDashboard nonempty Avatar final-target liveness without Time scenario=cold
00:35 +96: /data/data/com.termux/files/home/ubuntu/flutteruser/flutterapps/fluvi-avatar-target-liveness-codex-20260909/test/features/dashboard/presentation/dashboard_avatar_target_liveness_test.dart: AVL persistent real CoreDashboard nonempty Avatar final-target liveness without Time scenario=cold
00:36 +97: /data/data/com.termux/files/home/ubuntu/flutteruser/flutterapps/fluvi-avatar-target-liveness-codex-20260909/test/features/dashboard/presentation/dashboard_avatar_target_liveness_test.dart: AVL persistent real CoreDashboard nonempty Avatar final-target liveness without Time scenario=cold
Carousel fling: raw=0.0px/s, effective=0.0px/s, itemExtent=58.00, speed=0.00 items/s, band=nearest, maxStep=0, projected=100000, target=100000, delta=0
00:36 +98: /data/data/com.termux/files/home/ubuntu/flutteruser/flutterapps/fluvi-avatar-target-liveness-codex-20260909/test/features/dashboard/presentation/dashboard_avatar_target_liveness_test.dart: AVL persistent real CoreDashboard nonempty Avatar final-target liveness without Time scenario=cold
Carousel fling: raw=0.0px/s, effective=0.0px/s, itemExtent=77.20, speed=0.00 items/s, band=nearest, maxStep=0, projected=100000, target=100000, delta=0
Carousel fling: raw=2400.0px/s, effective=1584.0px/s, itemExtent=58.00, speed=27.31 items/s, band=max-5, maxStep=5, projected=100016, target=100008, delta=5
Carousel snap: stiffness=340.0, settle=1024ms
00:38 +99: /data/data/com.termux/files/home/ubuntu/flutteruser/flutterapps/fluvi-avatar-target-liveness-codex-20260909/test/features/dashboard/presentation/dashboard_avatar_target_liveness_test.dart: AVL persistent real CoreDashboard nonempty Avatar final-target liveness without Time scenario=cold
00:39 +100: /data/data/com.termux/files/home/ubuntu/flutteruser/flutterapps/fluvi-avatar-target-liveness-codex-20260909/test/features/dashboard/presentation/dashboard_avatar_target_liveness_test.dart: AVL persistent real CoreDashboard nonempty Avatar final-target liveness without Time scenario=cold
00:40 +101: /data/data/com.termux/files/home/ubuntu/flutteruser/flutterapps/fluvi-avatar-target-liveness-codex-20260909/test/features/dashboard/presentation/dashboard_avatar_target_liveness_test.dart: AVL persistent real CoreDashboard nonempty Avatar final-target liveness without Time scenario=cold
Carousel fling: raw=0.0px/s, effective=0.0px/s, itemExtent=58.00, speed=0.00 items/s, band=nearest, maxStep=0, projected=100008, target=100008, delta=0
Carousel fling: raw=0.0px/s, effective=0.0px/s, itemExtent=77.20, speed=0.00 items/s, band=nearest, maxStep=0, projected=100000, target=100000, delta=0
00:41 +102: /data/data/com.termux/files/home/ubuntu/flutteruser/flutterapps/fluvi-avatar-target-liveness-codex-20260909/test/features/dashboard/presentation/dashboard_avatar_target_liveness_test.dart: AVL persistent real CoreDashboard nonempty Avatar final-target liveness without Time scenario=cold
Carousel fling: raw=-2400.0px/s, effective=-1584.0px/s, itemExtent=58.00, speed=-27.31 items/s, band=max-5, maxStep=5, projected=99992, target=100000, delta=-5
Carousel snap: stiffness=340.0, settle=1024ms
00:42 +103: /data/data/com.termux/files/home/ubuntu/flutteruser/flutterapps/fluvi-avatar-target-liveness-codex-20260909/test/features/dashboard/presentation/dashboard_avatar_target_liveness_test.dart: AVL persistent real CoreDashboard nonempty Avatar final-target liveness without Time scenario=cold
00:43 +104: /data/data/com.termux/files/home/ubuntu/flutteruser/flutterapps/fluvi-avatar-target-liveness-codex-20260909/test/features/dashboard/presentation/dashboard_avatar_target_liveness_test.dart: AVL persistent real CoreDashboard nonempty Avatar final-target liveness without Time scenario=cold
Carousel fling: raw=0.0px/s, effective=0.0px/s, itemExtent=58.00, speed=0.00 items/s, band=nearest, maxStep=0, projected=100000, target=100000, delta=0
Carousel fling: raw=0.0px/s, effective=0.0px/s, itemExtent=77.20, speed=0.00 items/s, band=nearest, maxStep=0, projected=100000, target=100000, delta=0
00:44 +105: /data/data/com.termux/files/home/ubuntu/flutteruser/flutterapps/fluvi-avatar-target-liveness-codex-20260909/test/features/dashboard/application/dashboard_scene_window_rotation_test.dart: input cancels speculative preparation without rejecting navigation
00:45 +106: /data/data/com.termux/files/home/ubuntu/flutteruser/flutterapps/fluvi-avatar-target-liveness-codex-20260909/test/features/dashboard/application/dashboard_scene_window_rotation_test.dart: input cancels speculative preparation without rejecting navigation
00:45 +107: /data/data/com.termux/files/home/ubuntu/flutteruser/flutterapps/fluvi-avatar-target-liveness-codex-20260909/test/features/dashboard/application/dashboard_scene_window_rotation_test.dart: input cancels speculative preparation without rejecting navigation
00:45 +108: /data/data/com.termux/files/home/ubuntu/flutteruser/flutterapps/fluvi-avatar-target-liveness-codex-20260909/test/features/dashboard/application/dashboard_scene_window_rotation_test.dart: input cancels speculative preparation without rejecting navigation
00:45 +109: /data/data/com.termux/files/home/ubuntu/flutteruser/flutterapps/fluvi-avatar-target-liveness-codex-20260909/test/features/dashboard/application/dashboard_scene_window_rotation_test.dart: input cancels speculative preparation without rejecting navigation
00:45 +110: /data/data/com.termux/files/home/ubuntu/flutteruser/flutterapps/fluvi-avatar-target-liveness-codex-20260909/test/features/dashboard/application/dashboard_scene_window_rotation_test.dart: input cancels speculative preparation without rejecting navigation
00:45 +111: /data/data/com.termux/files/home/ubuntu/flutteruser/flutterapps/fluvi-avatar-target-liveness-codex-20260909/test/features/dashboard/application/dashboard_avatar_candidate_lifecycle_test.dart: exact preparation cancellation terminates explicitly
00:47 +112: /data/data/com.termux/files/home/ubuntu/flutteruser/flutterapps/fluvi-avatar-target-liveness-codex-20260909/test/features/dashboard/presentation/dashboard_avatar_target_liveness_test.dart: AVL persistent real CoreDashboard nonempty Avatar final-target liveness without Time scenario=persistent20cycles
00:48 +113: /data/data/com.termux/files/home/ubuntu/flutteruser/flutterapps/fluvi-avatar-target-liveness-codex-20260909/test/features/dashboard/presentation/dashboard_avatar_target_liveness_test.dart: AVL persistent real CoreDashboard nonempty Avatar final-target liveness without Time scenario=persistent20cycles
00:48 +114: /data/data/com.termux/files/home/ubuntu/flutteruser/flutterapps/fluvi-avatar-target-liveness-codex-20260909/test/features/dashboard/presentation/dashboard_avatar_target_liveness_test.dart: AVL persistent real CoreDashboard nonempty Avatar final-target liveness without Time scenario=persistent20cycles
Carousel fling: raw=0.0px/s, effective=0.0px/s, itemExtent=58.00, speed=0.00 items/s, band=nearest, maxStep=0, projected=0, target=0, delta=0
Carousel fling: raw=0.0px/s, effective=0.0px/s, itemExtent=77.20, speed=0.00 items/s, band=nearest, maxStep=0, projected=0, target=0, delta=0
Carousel fling: raw=0.0px/s, effective=0.0px/s, itemExtent=58.00, speed=0.00 items/s, band=nearest, maxStep=0, projected=100000, target=100000, delta=0
Carousel fling: raw=0.0px/s, effective=0.0px/s, itemExtent=77.20, speed=0.00 items/s, band=nearest, maxStep=0, projected=100000, target=100000, delta=0
Carousel fling: raw=2400.0px/s, effective=1584.0px/s, itemExtent=58.00, speed=27.31 items/s, band=max-5, maxStep=5, projected=100016, target=100008, delta=5
Carousel snap: stiffness=340.0, settle=1024ms
00:50 +115: /data/data/com.termux/files/home/ubuntu/flutteruser/flutterapps/fluvi-avatar-target-liveness-codex-20260909/test/features/dashboard/presentation/dashboard_avatar_target_liveness_test.dart: AVL persistent real CoreDashboard nonempty Avatar final-target liveness without Time scenario=persistent20cycles
00:51 +116: /data/data/com.termux/files/home/ubuntu/flutteruser/flutterapps/fluvi-avatar-target-liveness-codex-20260909/test/features/dashboard/presentation/dashboard_avatar_target_liveness_test.dart: AVL persistent real CoreDashboard nonempty Avatar final-target liveness without Time scenario=persistent20cycles
00:51 +117: /data/data/com.termux/files/home/ubuntu/flutteruser/flutterapps/fluvi-avatar-target-liveness-codex-20260909/test/features/dashboard/presentation/dashboard_avatar_target_liveness_test.dart: AVL persistent real CoreDashboard nonempty Avatar final-target liveness without Time scenario=persistent20cycles
Carousel fling: raw=0.0px/s, effective=0.0px/s, itemExtent=58.00, speed=0.00 items/s, band=nearest, maxStep=0, projected=100008, target=100008, delta=0
Carousel fling: raw=0.0px/s, effective=0.0px/s, itemExtent=77.20, speed=0.00 items/s, band=nearest, maxStep=0, projected=100000, target=100000, delta=0
Carousel fling: raw=-2400.0px/s, effective=-1584.0px/s, itemExtent=58.00, speed=-27.31 items/s, band=max-5, maxStep=5, projected=99992, target=100000, delta=-5
Carousel snap: stiffness=340.0, settle=1024ms
00:55 +118: /data/data/com.termux/files/home/ubuntu/flutteruser/flutterapps/fluvi-avatar-target-liveness-codex-20260909/test/features/dashboard/presentation/dashboard_avatar_target_liveness_test.dart: AVL persistent real CoreDashboard nonempty Avatar final-target liveness without Time scenario=persistent20cycles
00:55 +119: /data/data/com.termux/files/home/ubuntu/flutteruser/flutterapps/fluvi-avatar-target-liveness-codex-20260909/test/features/dashboard/presentation/dashboard_avatar_target_liveness_test.dart: AVL persistent real CoreDashboard nonempty Avatar final-target liveness without Time scenario=persistent20cycles
00:55 +120: /data/data/com.termux/files/home/ubuntu/flutteruser/flutterapps/fluvi-avatar-target-liveness-codex-20260909/test/features/dashboard/presentation/dashboard_avatar_target_liveness_test.dart: AVL persistent real CoreDashboard nonempty Avatar final-target liveness without Time scenario=persistent20cycles
00:55 +121: /data/data/com.termux/files/home/ubuntu/flutteruser/flutterapps/fluvi-avatar-target-liveness-codex-20260909/test/features/dashboard/presentation/dashboard_avatar_target_liveness_test.dart: AVL persistent real CoreDashboard nonempty Avatar final-target liveness without Time scenario=persistent20cycles
00:55 +122: /data/data/com.termux/files/home/ubuntu/flutteruser/flutterapps/fluvi-avatar-target-liveness-codex-20260909/test/features/dashboard/presentation/dashboard_avatar_target_liveness_test.dart: AVL persistent real CoreDashboard nonempty Avatar final-target liveness without Time scenario=persistent20cycles
00:55 +123: /data/data/com.termux/files/home/ubuntu/flutteruser/flutterapps/fluvi-avatar-target-liveness-codex-20260909/test/features/dashboard/presentation/dashboard_avatar_target_liveness_test.dart: AVL persistent real CoreDashboard nonempty Avatar final-target liveness without Time scenario=persistent20cycles
00:55 +124: /data/data/com.termux/files/home/ubuntu/flutteruser/flutterapps/fluvi-avatar-target-liveness-codex-20260909/test/features/dashboard/presentation/dashboard_avatar_target_liveness_test.dart: AVL persistent real CoreDashboard nonempty Avatar final-target liveness without Time scenario=persistent20cycles
Carousel fling: raw=0.0px/s, effective=0.0px/s, itemExtent=58.00, speed=0.00 items/s, band=nearest, maxStep=0, projected=100000, target=100000, delta=0
Carousel fling: raw=0.0px/s, effective=0.0px/s, itemExtent=77.20, speed=0.00 items/s, band=nearest, maxStep=0, projected=100000, target=100000, delta=0
Carousel fling: raw=2400.0px/s, effective=1584.0px/s, itemExtent=58.00, speed=27.31 items/s, band=max-5, maxStep=5, projected=100016, target=100008, delta=5
Carousel snap: stiffness=340.0, settle=1024ms
00:58 +125: /data/data/com.termux/files/home/ubuntu/flutteruser/flutterapps/fluvi-avatar-target-liveness-codex-20260909/test/features/dashboard/presentation/dashboard_avatar_target_liveness_test.dart: AVL persistent real CoreDashboard nonempty Avatar final-target liveness without Time scenario=persistent20cycles
00:59 +126: /data/data/com.termux/files/home/ubuntu/flutteruser/flutterapps/fluvi-avatar-target-liveness-codex-20260909/test/features/dashboard/presentation/dashboard_avatar_target_liveness_test.dart: AVL persistent real CoreDashboard nonempty Avatar final-target liveness without Time scenario=persistent20cycles
00:59 +127: /data/data/com.termux/files/home/ubuntu/flutteruser/flutterapps/fluvi-avatar-target-liveness-codex-20260909/test/features/dashboard/presentation/dashboard_avatar_target_liveness_test.dart: AVL persistent real CoreDashboard nonempty Avatar final-target liveness without Time scenario=persistent20cycles
00:59 +128: /data/data/com.termux/files/home/ubuntu/flutteruser/flutterapps/fluvi-avatar-target-liveness-codex-20260909/test/features/dashboard/presentation/dashboard_avatar_target_liveness_test.dart: AVL persistent real CoreDashboard nonempty Avatar final-target liveness without Time scenario=persistent20cycles
Carousel fling: raw=0.0px/s, effective=0.0px/s, itemExtent=58.00, speed=0.00 items/s, band=nearest, maxStep=0, projected=100008, target=100008, delta=0
Carousel fling: raw=0.0px/s, effective=0.0px/s, itemExtent=77.20, speed=0.00 items/s, band=nearest, maxStep=0, projected=100000, target=100000, delta=0
Carousel fling: raw=-2400.0px/s, effective=-1584.0px/s, itemExtent=58.00, speed=-27.31 items/s, band=max-5, maxStep=5, projected=99992, target=100000, delta=-5
Carousel snap: stiffness=340.0, settle=1024ms
01:01 +129: /data/data/com.termux/files/home/ubuntu/flutteruser/flutterapps/fluvi-avatar-target-liveness-codex-20260909/test/features/dashboard/presentation/dashboard_avatar_target_liveness_test.dart: AVL persistent real CoreDashboard nonempty Avatar final-target liveness without Time scenario=persistent20cycles
01:02 +130: /data/data/com.termux/files/home/ubuntu/flutteruser/flutterapps/fluvi-avatar-target-liveness-codex-20260909/test/features/dashboard/presentation/dashboard_avatar_target_liveness_test.dart: AVL persistent real CoreDashboard nonempty Avatar final-target liveness without Time scenario=persistent20cycles
01:02 +131: /data/data/com.termux/files/home/ubuntu/flutteruser/flutterapps/fluvi-avatar-target-liveness-codex-20260909/test/features/dashboard/presentation/dashboard_avatar_target_liveness_test.dart: AVL persistent real CoreDashboard nonempty Avatar final-target liveness without Time scenario=persistent20cycles
Carousel fling: raw=0.0px/s, effective=0.0px/s, itemExtent=58.00, speed=0.00 items/s, band=nearest, maxStep=0, projected=100000, target=100000, delta=0
Carousel fling: raw=0.0px/s, effective=0.0px/s, itemExtent=77.20, speed=0.00 items/s, band=nearest, maxStep=0, projected=100000, target=100000, delta=0
Carousel fling: raw=2400.0px/s, effective=1584.0px/s, itemExtent=58.00, speed=27.31 items/s, band=max-5, maxStep=5, projected=100016, target=100008, delta=5
Carousel snap: stiffness=340.0, settle=1024ms
01:05 +132: /data/data/com.termux/files/home/ubuntu/flutteruser/flutterapps/fluvi-avatar-target-liveness-codex-20260909/test/features/dashboard/presentation/dashboard_avatar_target_liveness_test.dart: AVL persistent real CoreDashboard nonempty Avatar final-target liveness without Time scenario=persistent20cycles
Carousel fling: raw=0.0px/s, effective=0.0px/s, itemExtent=58.00, speed=0.00 items/s, band=nearest, maxStep=0, projected=100008, target=100008, delta=0
01:06 +133: /data/data/com.termux/files/home/ubuntu/flutteruser/flutterapps/fluvi-avatar-target-liveness-codex-20260909/test/features/dashboard/presentation/dashboard_avatar_target_liveness_test.dart: AVL persistent real CoreDashboard nonempty Avatar final-target liveness without Time scenario=persistent20cycles
Carousel fling: raw=0.0px/s, effective=0.0px/s, itemExtent=77.20, speed=0.00 items/s, band=nearest, maxStep=0, projected=100000, target=100000, delta=0
Carousel fling: raw=-2400.0px/s, effective=-1584.0px/s, itemExtent=58.00, speed=-27.31 items/s, band=max-5, maxStep=5, projected=99992, target=100000, delta=-5
Carousel snap: stiffness=340.0, settle=1024ms
01:08 +134: /data/data/com.termux/files/home/ubuntu/flutteruser/flutterapps/fluvi-avatar-target-liveness-codex-20260909/test/features/dashboard/presentation/dashboard_avatar_target_liveness_test.dart: AVL persistent real CoreDashboard nonempty Avatar final-target liveness without Time scenario=persistent20cycles
01:09 +135: /data/data/com.termux/files/home/ubuntu/flutteruser/flutterapps/fluvi-avatar-target-liveness-codex-20260909/test/features/dashboard/presentation/dashboard_avatar_target_liveness_test.dart: AVL persistent real CoreDashboard nonempty Avatar final-target liveness without Time scenario=persistent20cycles
Carousel fling: raw=0.0px/s, effective=0.0px/s, itemExtent=58.00, speed=0.00 items/s, band=nearest, maxStep=0, projected=100000, target=100000, delta=0
Carousel fling: raw=0.0px/s, effective=0.0px/s, itemExtent=77.20, speed=0.00 items/s, band=nearest, maxStep=0, projected=100000, target=100000, delta=0
01:10 +136: /data/data/com.termux/files/home/ubuntu/flutteruser/flutterapps/fluvi-avatar-target-liveness-codex-20260909/test/features/dashboard/presentation/dashboard_avatar_target_liveness_test.dart: AVL persistent real CoreDashboard nonempty Avatar final-target liveness without Time scenario=persistent20cycles
01:10 +137: /data/data/com.termux/files/home/ubuntu/flutteruser/flutterapps/fluvi-avatar-target-liveness-codex-20260909/test/features/dashboard/presentation/dashboard_avatar_target_liveness_test.dart: AVL persistent real CoreDashboard nonempty Avatar final-target liveness without Time scenario=persistent20cycles
Carousel fling: raw=2400.0px/s, effective=1584.0px/s, itemExtent=58.00, speed=27.31 items/s, band=max-5, maxStep=5, projected=100016, target=100008, delta=5
Carousel snap: stiffness=340.0, settle=1024ms
01:11 +138: /data/data/com.termux/files/home/ubuntu/flutteruser/flutterapps/fluvi-avatar-target-liveness-codex-20260909/test/features/dashboard/presentation/dashboard_avatar_target_liveness_test.dart: AVL persistent real CoreDashboard nonempty Avatar final-target liveness without Time scenario=persistent20cycles
Carousel fling: raw=0.0px/s, effective=0.0px/s, itemExtent=58.00, speed=0.00 items/s, band=nearest, maxStep=0, projected=100008, target=100008, delta=0
Carousel fling: raw=0.0px/s, effective=0.0px/s, itemExtent=77.20, speed=0.00 items/s, band=nearest, maxStep=0, projected=100000, target=100000, delta=0
Carousel fling: raw=-2400.0px/s, effective=-1584.0px/s, itemExtent=58.00, speed=-27.31 items/s, band=max-5, maxStep=5, projected=99992, target=100000, delta=-5
Carousel snap: stiffness=340.0, settle=1024ms
01:13 +139: /data/data/com.termux/files/home/ubuntu/flutteruser/flutterapps/fluvi-avatar-target-liveness-codex-20260909/test/features/dashboard/presentation/dashboard_avatar_target_liveness_test.dart: AVL persistent real CoreDashboard nonempty Avatar final-target liveness without Time scenario=persistent20cycles
Carousel fling: raw=0.0px/s, effective=0.0px/s, itemExtent=58.00, speed=0.00 items/s, band=nearest, maxStep=0, projected=100000, target=100000, delta=0
Carousel fling: raw=0.0px/s, effective=0.0px/s, itemExtent=77.20, speed=0.00 items/s, band=nearest, maxStep=0, projected=100000, target=100000, delta=0
Carousel fling: raw=2400.0px/s, effective=1584.0px/s, itemExtent=58.00, speed=27.31 items/s, band=max-5, maxStep=5, projected=100016, target=100008, delta=5
Carousel snap: stiffness=340.0, settle=1024ms
01:15 +140: /data/data/com.termux/files/home/ubuntu/flutteruser/flutterapps/fluvi-avatar-target-liveness-codex-20260909/test/features/dashboard/presentation/dashboard_avatar_target_liveness_test.dart: AVL persistent real CoreDashboard nonempty Avatar final-target liveness without Time scenario=persistent20cycles
01:16 +141: /data/data/com.termux/files/home/ubuntu/flutteruser/flutterapps/fluvi-avatar-target-liveness-codex-20260909/test/features/dashboard/presentation/dashboard_avatar_target_liveness_test.dart: AVL persistent real CoreDashboard nonempty Avatar final-target liveness without Time scenario=persistent20cycles
Carousel fling: raw=0.0px/s, effective=0.0px/s, itemExtent=58.00, speed=0.00 items/s, band=nearest, maxStep=0, projected=100008, target=100008, delta=0
Carousel fling: raw=0.0px/s, effective=0.0px/s, itemExtent=77.20, speed=0.00 items/s, band=nearest, maxStep=0, projected=100000, target=100000, delta=0
Carousel fling: raw=-2400.0px/s, effective=-1584.0px/s, itemExtent=58.00, speed=-27.31 items/s, band=max-5, maxStep=5, projected=99992, target=100000, delta=-5
Carousel snap: stiffness=340.0, settle=1024ms
01:18 +142: /data/data/com.termux/files/home/ubuntu/flutteruser/flutterapps/fluvi-avatar-target-liveness-codex-20260909/test/features/dashboard/presentation/dashboard_avatar_target_liveness_test.dart: AVL persistent real CoreDashboard nonempty Avatar final-target liveness without Time scenario=persistent20cycles
01:19 +143: /data/data/com.termux/files/home/ubuntu/flutteruser/flutterapps/fluvi-avatar-target-liveness-codex-20260909/test/features/dashboard/presentation/dashboard_avatar_target_liveness_test.dart: AVL persistent real CoreDashboard nonempty Avatar final-target liveness without Time scenario=persistent20cycles
01:20 +144: /data/data/com.termux/files/home/ubuntu/flutteruser/flutterapps/fluvi-avatar-target-liveness-codex-20260909/test/features/dashboard/presentation/dashboard_avatar_target_liveness_test.dart: AVL persistent real CoreDashboard nonempty Avatar final-target liveness without Time scenario=persistent20cycles
Carousel fling: raw=0.0px/s, effective=0.0px/s, itemExtent=58.00, speed=0.00 items/s, band=nearest, maxStep=0, projected=100000, target=100000, delta=0
01:21 +145: /data/data/com.termux/files/home/ubuntu/flutteruser/flutterapps/fluvi-avatar-target-liveness-codex-20260909/test/features/dashboard/presentation/dashboard_avatar_target_liveness_test.dart: AVL persistent real CoreDashboard nonempty Avatar final-target liveness without Time scenario=persistent20cycles
Carousel fling: raw=0.0px/s, effective=0.0px/s, itemExtent=77.20, speed=0.00 items/s, band=nearest, maxStep=0, projected=100000, target=100000, delta=0
01:21 +146: /data/data/com.termux/files/home/ubuntu/flutteruser/flutterapps/fluvi-avatar-target-liveness-codex-20260909/test/features/dashboard/presentation/dashboard_avatar_target_liveness_test.dart: AVL persistent real CoreDashboard nonempty Avatar final-target liveness without Time scenario=persistent20cycles
Carousel fling: raw=2400.0px/s, effective=1584.0px/s, itemExtent=58.00, speed=27.31 items/s, band=max-5, maxStep=5, projected=100016, target=100008, delta=5
Carousel snap: stiffness=340.0, settle=1024ms
01:22 +147: /data/data/com.termux/files/home/ubuntu/flutteruser/flutterapps/fluvi-avatar-target-liveness-codex-20260909/test/features/dashboard/presentation/dashboard_avatar_target_liveness_test.dart: AVL persistent real CoreDashboard nonempty Avatar final-target liveness without Time scenario=persistent20cycles
01:22 +148: /data/data/com.termux/files/home/ubuntu/flutteruser/flutterapps/fluvi-avatar-target-liveness-codex-20260909/test/features/dashboard/presentation/dashboard_avatar_target_liveness_test.dart: AVL persistent real CoreDashboard nonempty Avatar final-target liveness without Time scenario=persistent20cycles
01:23 +149: /data/data/com.termux/files/home/ubuntu/flutteruser/flutterapps/fluvi-avatar-target-liveness-codex-20260909/test/features/dashboard/presentation/dashboard_avatar_target_liveness_test.dart: AVL persistent real CoreDashboard nonempty Avatar final-target liveness without Time scenario=persistent20cycles
Carousel fling: raw=0.0px/s, effective=0.0px/s, itemExtent=58.00, speed=0.00 items/s, band=nearest, maxStep=0, projected=100008, target=100008, delta=0
Carousel fling: raw=0.0px/s, effective=0.0px/s, itemExtent=77.20, speed=0.00 items/s, band=nearest, maxStep=0, projected=100000, target=100000, delta=0
01:24 +150: /data/data/com.termux/files/home/ubuntu/flutteruser/flutterapps/fluvi-avatar-target-liveness-codex-20260909/test/features/dashboard/presentation/dashboard_avatar_target_liveness_test.dart: AVL persistent real CoreDashboard nonempty Avatar final-target liveness without Time scenario=persistent20cycles
Carousel fling: raw=-2400.0px/s, effective=-1584.0px/s, itemExtent=58.00, speed=-27.31 items/s, band=max-5, maxStep=5, projected=99992, target=100000, delta=-5
Carousel snap: stiffness=340.0, settle=1024ms
Carousel fling: raw=0.0px/s, effective=0.0px/s, itemExtent=58.00, speed=0.00 items/s, band=nearest, maxStep=0, projected=100000, target=100000, delta=0
Carousel fling: raw=0.0px/s, effective=0.0px/s, itemExtent=77.20, speed=0.00 items/s, band=nearest, maxStep=0, projected=100000, target=100000, delta=0
01:26 +151: /data/data/com.termux/files/home/ubuntu/flutteruser/flutterapps/fluvi-avatar-target-liveness-codex-20260909/test/features/dashboard/presentation/dashboard_avatar_target_liveness_test.dart: AVL persistent real CoreDashboard nonempty Avatar final-target liveness without Time scenario=persistent20cycles
01:26 +152: /data/data/com.termux/files/home/ubuntu/flutteruser/flutterapps/fluvi-avatar-target-liveness-codex-20260909/test/features/dashboard/presentation/dashboard_avatar_target_liveness_test.dart: AVL persistent real CoreDashboard nonempty Avatar final-target liveness without Time scenario=persistent20cycles
01:26 +153: /data/data/com.termux/files/home/ubuntu/flutteruser/flutterapps/fluvi-avatar-target-liveness-codex-20260909/test/features/dashboard/presentation/dashboard_avatar_target_liveness_test.dart: AVL persistent real CoreDashboard nonempty Avatar final-target liveness without Time scenario=persistent20cycles
01:26 +154: /data/data/com.termux/files/home/ubuntu/flutteruser/flutterapps/fluvi-avatar-target-liveness-codex-20260909/test/features/dashboard/presentation/dashboard_avatar_target_liveness_test.dart: AVL persistent real CoreDashboard nonempty Avatar final-target liveness without Time scenario=persistent20cycles
Carousel fling: raw=2400.0px/s, effective=1584.0px/s, itemExtent=58.00, speed=27.31 items/s, band=max-5, maxStep=5, projected=100016, target=100008, delta=5
Carousel snap: stiffness=340.0, settle=1024ms
01:26 +155: /data/data/com.termux/files/home/ubuntu/flutteruser/flutterapps/fluvi-avatar-target-liveness-codex-20260909/test/features/dashboard/presentation/dashboard_avatar_target_liveness_test.dart: AVL persistent real CoreDashboard nonempty Avatar final-target liveness without Time scenario=persistent20cycles
01:26 +156: /data/data/com.termux/files/home/ubuntu/flutteruser/flutterapps/fluvi-avatar-target-liveness-codex-20260909/test/features/dashboard/presentation/dashboard_avatar_target_liveness_test.dart: AVL persistent real CoreDashboard nonempty Avatar final-target liveness without Time scenario=persistent20cycles
01:27 +157: /data/data/com.termux/files/home/ubuntu/flutteruser/flutterapps/fluvi-avatar-target-liveness-codex-20260909/test/features/dashboard/presentation/dashboard_avatar_target_liveness_test.dart: AVL persistent real CoreDashboard nonempty Avatar final-target liveness without Time scenario=persistent20cycles
01:27 +158: /data/data/com.termux/files/home/ubuntu/flutteruser/flutterapps/fluvi-avatar-target-liveness-codex-20260909/test/features/dashboard/presentation/dashboard_avatar_target_liveness_test.dart: AVL persistent real CoreDashboard nonempty Avatar final-target liveness without Time scenario=persistent20cycles
Carousel fling: raw=0.0px/s, effective=0.0px/s, itemExtent=58.00, speed=0.00 items/s, band=nearest, maxStep=0, projected=100008, target=100008, delta=0
Carousel fling: raw=0.0px/s, effective=0.0px/s, itemExtent=77.20, speed=0.00 items/s, band=nearest, maxStep=0, projected=100000, target=100000, delta=0
Carousel fling: raw=-2400.0px/s, effective=-1584.0px/s, itemExtent=58.00, speed=-27.31 items/s, band=max-5, maxStep=5, projected=99992, target=100000, delta=-5
Carousel snap: stiffness=340.0, settle=1024ms
01:29 +159: /data/data/com.termux/files/home/ubuntu/flutteruser/flutterapps/fluvi-avatar-target-liveness-codex-20260909/test/features/dashboard/presentation/dashboard_avatar_target_liveness_test.dart: AVL persistent real CoreDashboard nonempty Avatar final-target liveness without Time scenario=persistent20cycles
01:30 +160: /data/data/com.termux/files/home/ubuntu/flutteruser/flutterapps/fluvi-avatar-target-liveness-codex-20260909/test/features/dashboard/presentation/dashboard_avatar_target_liveness_test.dart: AVL persistent real CoreDashboard nonempty Avatar final-target liveness without Time scenario=persistent20cycles
Carousel fling: raw=0.0px/s, effective=0.0px/s, itemExtent=58.00, speed=0.00 items/s, band=nearest, maxStep=0, projected=100000, target=100000, delta=0
Carousel fling: raw=0.0px/s, effective=0.0px/s, itemExtent=77.20, speed=0.00 items/s, band=nearest, maxStep=0, projected=100000, target=100000, delta=0
01:30 +161: /data/data/com.termux/files/home/ubuntu/flutteruser/flutterapps/fluvi-avatar-target-liveness-codex-20260909/test/features/dashboard/presentation/dashboard_avatar_target_liveness_test.dart: AVL persistent real CoreDashboard nonempty Avatar final-target liveness without Time scenario=persistent20cycles
01:31 +162: /data/data/com.termux/files/home/ubuntu/flutteruser/flutterapps/fluvi-avatar-target-liveness-codex-20260909/test/features/dashboard/presentation/dashboard_avatar_target_liveness_test.dart: AVL persistent real CoreDashboard nonempty Avatar final-target liveness without Time scenario=persistent20cycles
01:31 +163: /data/data/com.termux/files/home/ubuntu/flutteruser/flutterapps/fluvi-avatar-target-liveness-codex-20260909/test/features/dashboard/presentation/dashboard_avatar_target_liveness_test.dart: AVL persistent real CoreDashboard nonempty Avatar final-target liveness without Time scenario=persistent20cycles
01:31 +164: /data/data/com.termux/files/home/ubuntu/flutteruser/flutterapps/fluvi-avatar-target-liveness-codex-20260909/test/features/dashboard/presentation/dashboard_avatar_target_liveness_test.dart: AVL persistent real CoreDashboard nonempty Avatar final-target liveness without Time scenario=persistent20cycles
Carousel fling: raw=2400.0px/s, effective=1584.0px/s, itemExtent=58.00, speed=27.31 items/s, band=max-5, maxStep=5, projected=100016, target=100008, delta=5
Carousel snap: stiffness=340.0, settle=1024ms
01:31 +165: /data/data/com.termux/files/home/ubuntu/flutteruser/flutterapps/fluvi-avatar-target-liveness-codex-20260909/test/features/dashboard/presentation/dashboard_avatar_target_liveness_test.dart: AVL persistent real CoreDashboard nonempty Avatar final-target liveness without Time scenario=persistent20cycles
01:31 +166: /data/data/com.termux/files/home/ubuntu/flutteruser/flutterapps/fluvi-avatar-target-liveness-codex-20260909/test/features/dashboard/presentation/dashboard_avatar_target_liveness_test.dart: AVL persistent real CoreDashboard nonempty Avatar final-target liveness without Time scenario=persistent20cycles
01:31 +167: /data/data/com.termux/files/home/ubuntu/flutteruser/flutterapps/fluvi-avatar-target-liveness-codex-20260909/test/features/dashboard/presentation/dashboard_avatar_target_liveness_test.dart: AVL persistent real CoreDashboard nonempty Avatar final-target liveness without Time scenario=persistent20cycles
01:31 +168: /data/data/com.termux/files/home/ubuntu/flutteruser/flutterapps/fluvi-avatar-target-liveness-codex-20260909/test/features/dashboard/presentation/dashboard_avatar_target_liveness_test.dart: AVL persistent real CoreDashboard nonempty Avatar final-target liveness without Time scenario=persistent20cycles
01:31 +169: /data/data/com.termux/files/home/ubuntu/flutteruser/flutterapps/fluvi-avatar-target-liveness-codex-20260909/test/features/dashboard/presentation/dashboard_avatar_target_liveness_test.dart: AVL persistent real CoreDashboard nonempty Avatar final-target liveness without Time scenario=persistent20cycles
01:31 +170: /data/data/com.termux/files/home/ubuntu/flutteruser/flutterapps/fluvi-avatar-target-liveness-codex-20260909/test/features/dashboard/presentation/dashboard_avatar_target_liveness_test.dart: AVL persistent real CoreDashboard nonempty Avatar final-target liveness without Time scenario=persistent20cycles
01:31 +171: /data/data/com.termux/files/home/ubuntu/flutteruser/flutterapps/fluvi-avatar-target-liveness-codex-20260909/test/features/dashboard/presentation/dashboard_avatar_target_liveness_test.dart: AVL persistent real CoreDashboard nonempty Avatar final-target liveness without Time scenario=persistent20cycles
01:31 +172: /data/data/com.termux/files/home/ubuntu/flutteruser/flutterapps/fluvi-avatar-target-liveness-codex-20260909/test/features/dashboard/presentation/dashboard_avatar_target_liveness_test.dart: AVL persistent real CoreDashboard nonempty Avatar final-target liveness without Time scenario=persistent20cycles
01:31 +173: /data/data/com.termux/files/home/ubuntu/flutteruser/flutterapps/fluvi-avatar-target-liveness-codex-20260909/test/features/dashboard/presentation/dashboard_avatar_target_liveness_test.dart: AVL persistent real CoreDashboard nonempty Avatar final-target liveness without Time scenario=persistent20cycles
01:31 +174: /data/data/com.termux/files/home/ubuntu/flutteruser/flutterapps/fluvi-avatar-target-liveness-codex-20260909/test/features/dashboard/presentation/dashboard_avatar_target_liveness_test.dart: AVL persistent real CoreDashboard nonempty Avatar final-target liveness without Time scenario=persistent20cycles
01:31 +175: /data/data/com.termux/files/home/ubuntu/flutteruser/flutterapps/fluvi-avatar-target-liveness-codex-20260909/test/features/dashboard/presentation/dashboard_avatar_target_liveness_test.dart: AVL persistent real CoreDashboard nonempty Avatar final-target liveness without Time scenario=persistent20cycles
01:32 +176: /data/data/com.termux/files/home/ubuntu/flutteruser/flutterapps/fluvi-avatar-target-liveness-codex-20260909/test/features/dashboard/presentation/dashboard_avatar_target_liveness_test.dart: AVL persistent real CoreDashboard nonempty Avatar final-target liveness without Time scenario=persistent20cycles
01:32 +177: /data/data/com.termux/files/home/ubuntu/flutteruser/flutterapps/fluvi-avatar-target-liveness-codex-20260909/test/features/dashboard/presentation/dashboard_avatar_target_liveness_test.dart: AVL persistent real CoreDashboard nonempty Avatar final-target liveness without Time scenario=persistent20cycles
01:32 +178: /data/data/com.termux/files/home/ubuntu/flutteruser/flutterapps/fluvi-avatar-target-liveness-codex-20260909/test/features/dashboard/presentation/dashboard_avatar_target_liveness_test.dart: AVL persistent real CoreDashboard nonempty Avatar final-target liveness without Time scenario=persistent20cycles
01:32 +179: /data/data/com.termux/files/home/ubuntu/flutteruser/flutterapps/fluvi-avatar-target-liveness-codex-20260909/test/features/dashboard/presentation/dashboard_avatar_target_liveness_test.dart: AVL persistent real CoreDashboard nonempty Avatar final-target liveness without Time scenario=persistent20cycles
Carousel fling: raw=0.0px/s, effective=0.0px/s, itemExtent=58.00, speed=0.00 items/s, band=nearest, maxStep=0, projected=100008, target=100008, delta=0
Carousel fling: raw=0.0px/s, effective=0.0px/s, itemExtent=77.20, speed=0.00 items/s, band=nearest, maxStep=0, projected=100000, target=100000, delta=0
01:33 +180: /data/data/com.termux/files/home/ubuntu/flutteruser/flutterapps/fluvi-avatar-target-liveness-codex-20260909/test/features/dashboard/presentation/dashboard_avatar_target_liveness_test.dart: AVL persistent real CoreDashboard nonempty Avatar final-target liveness without Time scenario=persistent20cycles
Carousel fling: raw=-2400.0px/s, effective=-1584.0px/s, itemExtent=58.00, speed=-27.31 items/s, band=max-5, maxStep=5, projected=99992, target=100000, delta=-5
Carousel snap: stiffness=340.0, settle=1024ms
01:33 +181: /data/data/com.termux/files/home/ubuntu/flutteruser/flutterapps/fluvi-avatar-target-liveness-codex-20260909/test/features/dashboard/presentation/dashboard_avatar_target_liveness_test.dart: AVL persistent real CoreDashboard nonempty Avatar final-target liveness without Time scenario=persistent20cycles
Carousel fling: raw=0.0px/s, effective=0.0px/s, itemExtent=58.00, speed=0.00 items/s, band=nearest, maxStep=0, projected=100000, target=100000, delta=0
Carousel fling: raw=0.0px/s, effective=0.0px/s, itemExtent=77.20, speed=0.00 items/s, band=nearest, maxStep=0, projected=100000, target=100000, delta=0
Carousel fling: raw=2400.0px/s, effective=1584.0px/s, itemExtent=58.00, speed=27.31 items/s, band=max-5, maxStep=5, projected=100016, target=100008, delta=5
Carousel snap: stiffness=340.0, settle=1024ms
01:35 +182: /data/data/com.termux/files/home/ubuntu/flutteruser/flutterapps/fluvi-avatar-target-liveness-codex-20260909/test/features/dashboard/presentation/dashboard_avatar_target_liveness_test.dart: AVL persistent real CoreDashboard nonempty Avatar final-target liveness without Time scenario=persistent20cycles
01:35 +183: /data/data/com.termux/files/home/ubuntu/flutteruser/flutterapps/fluvi-avatar-target-liveness-codex-20260909/test/features/dashboard/presentation/dashboard_avatar_target_liveness_test.dart: AVL persistent real CoreDashboard nonempty Avatar final-target liveness without Time scenario=persistent20cycles
01:35 +184: /data/data/com.termux/files/home/ubuntu/flutteruser/flutterapps/fluvi-avatar-target-liveness-codex-20260909/test/features/dashboard/presentation/dashboard_avatar_target_liveness_test.dart: AVL persistent real CoreDashboard nonempty Avatar final-target liveness without Time scenario=persistent20cycles
01:35 +185: /data/data/com.termux/files/home/ubuntu/flutteruser/flutterapps/fluvi-avatar-target-liveness-codex-20260909/test/features/dashboard/presentation/dashboard_avatar_target_liveness_test.dart: AVL persistent real CoreDashboard nonempty Avatar final-target liveness without Time scenario=persistent20cycles
01:35 +186: /data/data/com.termux/files/home/ubuntu/flutteruser/flutterapps/fluvi-avatar-target-liveness-codex-20260909/test/features/dashboard/presentation/dashboard_avatar_target_liveness_test.dart: AVL persistent real CoreDashboard nonempty Avatar final-target liveness without Time scenario=persistent20cycles
01:35 +187: /data/data/com.termux/files/home/ubuntu/flutteruser/flutterapps/fluvi-avatar-target-liveness-codex-20260909/test/features/dashboard/presentation/dashboard_avatar_target_liveness_test.dart: AVL persistent real CoreDashboard nonempty Avatar final-target liveness without Time scenario=persistent20cycles
01:35 +188: /data/data/com.termux/files/home/ubuntu/flutteruser/flutterapps/fluvi-avatar-target-liveness-codex-20260909/test/features/dashboard/presentation/dashboard_avatar_target_liveness_test.dart: AVL persistent real CoreDashboard nonempty Avatar final-target liveness without Time scenario=persistent20cycles
01:35 +189: /data/data/com.termux/files/home/ubuntu/flutteruser/flutterapps/fluvi-avatar-target-liveness-codex-20260909/test/features/dashboard/presentation/dashboard_avatar_target_liveness_test.dart: AVL persistent real CoreDashboard nonempty Avatar final-target liveness without Time scenario=persistent20cycles
01:35 +190: /data/data/com.termux/files/home/ubuntu/flutteruser/flutterapps/fluvi-avatar-target-liveness-codex-20260909/test/features/dashboard/presentation/dashboard_avatar_target_liveness_test.dart: AVL persistent real CoreDashboard nonempty Avatar final-target liveness without Time scenario=persistent20cycles
01:35 +191: /data/data/com.termux/files/home/ubuntu/flutteruser/flutterapps/fluvi-avatar-target-liveness-codex-20260909/test/features/dashboard/presentation/dashboard_avatar_target_liveness_test.dart: AVL persistent real CoreDashboard nonempty Avatar final-target liveness without Time scenario=persistent20cycles
01:35 +192: /data/data/com.termux/files/home/ubuntu/flutteruser/flutterapps/fluvi-avatar-target-liveness-codex-20260909/test/features/dashboard/presentation/dashboard_avatar_target_liveness_test.dart: AVL persistent real CoreDashboard nonempty Avatar final-target liveness without Time scenario=persistent20cycles
01:36 +193: /data/data/com.termux/files/home/ubuntu/flutteruser/flutterapps/fluvi-avatar-target-liveness-codex-20260909/test/features/dashboard/presentation/dashboard_avatar_target_liveness_test.dart: AVL persistent real CoreDashboard nonempty Avatar final-target liveness without Time scenario=persistent20cycles
01:36 +194: /data/data/com.termux/files/home/ubuntu/flutteruser/flutterapps/fluvi-avatar-target-liveness-codex-20260909/test/features/dashboard/presentation/dashboard_avatar_target_liveness_test.dart: AVL persistent real CoreDashboard nonempty Avatar final-target liveness without Time scenario=persistent20cycles
01:36 +195: /data/data/com.termux/files/home/ubuntu/flutteruser/flutterapps/fluvi-avatar-target-liveness-codex-20260909/test/features/dashboard/presentation/dashboard_avatar_target_liveness_test.dart: AVL persistent real CoreDashboard nonempty Avatar final-target liveness without Time scenario=persistent20cycles
01:36 +196: /data/data/com.termux/files/home/ubuntu/flutteruser/flutterapps/fluvi-avatar-target-liveness-codex-20260909/test/features/dashboard/presentation/dashboard_avatar_target_liveness_test.dart: AVL persistent real CoreDashboard nonempty Avatar final-target liveness without Time scenario=persistent20cycles
01:36 +197: /data/data/com.termux/files/home/ubuntu/flutteruser/flutterapps/fluvi-avatar-target-liveness-codex-20260909/test/features/dashboard/presentation/dashboard_avatar_target_liveness_test.dart: AVL persistent real CoreDashboard nonempty Avatar final-target liveness without Time scenario=persistent20cycles
01:36 +198: /data/data/com.termux/files/home/ubuntu/flutteruser/flutterapps/fluvi-avatar-target-liveness-codex-20260909/test/features/dashboard/presentation/dashboard_avatar_target_liveness_test.dart: AVL persistent real CoreDashboard nonempty Avatar final-target liveness without Time scenario=persistent20cycles
01:36 +199: /data/data/com.termux/files/home/ubuntu/flutteruser/flutterapps/fluvi-avatar-target-liveness-codex-20260909/test/features/dashboard/presentation/dashboard_avatar_target_liveness_test.dart: AVL persistent real CoreDashboard nonempty Avatar final-target liveness without Time scenario=persistent20cycles
01:36 +200: /data/data/com.termux/files/home/ubuntu/flutteruser/flutterapps/fluvi-avatar-target-liveness-codex-20260909/test/features/dashboard/presentation/dashboard_avatar_target_liveness_test.dart: AVL persistent real CoreDashboard nonempty Avatar final-target liveness without Time scenario=persistent20cycles
Carousel fling: raw=0.0px/s, effective=0.0px/s, itemExtent=58.00, speed=0.00 items/s, band=nearest, maxStep=0, projected=100008, target=100008, delta=0
01:36 +201: /data/data/com.termux/files/home/ubuntu/flutteruser/flutterapps/fluvi-avatar-target-liveness-codex-20260909/test/features/dashboard/presentation/dashboard_avatar_target_liveness_test.dart: AVL persistent real CoreDashboard nonempty Avatar final-target liveness without Time scenario=persistent20cycles
01:36 +202: /data/data/com.termux/files/home/ubuntu/flutteruser/flutterapps/fluvi-avatar-target-liveness-codex-20260909/test/features/dashboard/presentation/dashboard_avatar_target_liveness_test.dart: AVL persistent real CoreDashboard nonempty Avatar final-target liveness without Time scenario=persistent20cycles
01:36 +203: /data/data/com.termux/files/home/ubuntu/flutteruser/flutterapps/fluvi-avatar-target-liveness-codex-20260909/test/features/dashboard/presentation/dashboard_avatar_target_liveness_test.dart: AVL persistent real CoreDashboard nonempty Avatar final-target liveness without Time scenario=persistent20cycles
01:36 +204: /data/data/com.termux/files/home/ubuntu/flutteruser/flutterapps/fluvi-avatar-target-liveness-codex-20260909/test/features/dashboard/presentation/dashboard_avatar_target_liveness_test.dart: AVL persistent real CoreDashboard nonempty Avatar final-target liveness without Time scenario=persistent20cycles
01:36 +205: /data/data/com.termux/files/home/ubuntu/flutteruser/flutterapps/fluvi-avatar-target-liveness-codex-20260909/test/features/dashboard/presentation/dashboard_avatar_target_liveness_test.dart: AVL persistent real CoreDashboard nonempty Avatar final-target liveness without Time scenario=persistent20cycles
01:36 +206: /data/data/com.termux/files/home/ubuntu/flutteruser/flutterapps/fluvi-avatar-target-liveness-codex-20260909/test/features/dashboard/presentation/dashboard_avatar_target_liveness_test.dart: AVL persistent real CoreDashboard nonempty Avatar final-target liveness without Time scenario=persistent20cycles
Carousel fling: raw=0.0px/s, effective=0.0px/s, itemExtent=77.20, speed=0.00 items/s, band=nearest, maxStep=0, projected=100000, target=100000, delta=0
01:36 +207: /data/data/com.termux/files/home/ubuntu/flutteruser/flutterapps/fluvi-avatar-target-liveness-codex-20260909/test/features/dashboard/presentation/dashboard_avatar_target_liveness_test.dart: AVL persistent real CoreDashboard nonempty Avatar final-target liveness without Time scenario=persistent20cycles
01:36 +208: /data/data/com.termux/files/home/ubuntu/flutteruser/flutterapps/fluvi-avatar-target-liveness-codex-20260909/test/features/dashboard/presentation/dashboard_avatar_target_liveness_test.dart: AVL persistent real CoreDashboard nonempty Avatar final-target liveness without Time scenario=persistent20cycles
01:36 +209: /data/data/com.termux/files/home/ubuntu/flutteruser/flutterapps/fluvi-avatar-target-liveness-codex-20260909/test/features/dashboard/presentation/dashboard_avatar_target_liveness_test.dart: AVL persistent real CoreDashboard nonempty Avatar final-target liveness without Time scenario=persistent20cycles
01:36 +210: /data/data/com.termux/files/home/ubuntu/flutteruser/flutterapps/fluvi-avatar-target-liveness-codex-20260909/test/features/dashboard/presentation/dashboard_avatar_target_liveness_test.dart: AVL persistent real CoreDashboard nonempty Avatar final-target liveness without Time scenario=persistent20cycles
01:36 +211: /data/data/com.termux/files/home/ubuntu/flutteruser/flutterapps/fluvi-avatar-target-liveness-codex-20260909/test/features/dashboard/presentation/dashboard_avatar_target_liveness_test.dart: AVL persistent real CoreDashboard nonempty Avatar final-target liveness without Time scenario=persistent20cycles
01:36 +212: /data/data/com.termux/files/home/ubuntu/flutteruser/flutterapps/fluvi-avatar-target-liveness-codex-20260909/test/features/dashboard/presentation/dashboard_avatar_target_liveness_test.dart: AVL persistent real CoreDashboard nonempty Avatar final-target liveness without Time scenario=persistent20cycles
01:36 +213: /data/data/com.termux/files/home/ubuntu/flutteruser/flutterapps/fluvi-avatar-target-liveness-codex-20260909/test/features/dashboard/presentation/dashboard_avatar_target_liveness_test.dart: AVL persistent real CoreDashboard nonempty Avatar final-target liveness without Time scenario=persistent20cycles
01:36 +214: /data/data/com.termux/files/home/ubuntu/flutteruser/flutterapps/fluvi-avatar-target-liveness-codex-20260909/test/features/dashboard/presentation/dashboard_avatar_target_liveness_test.dart: AVL persistent real CoreDashboard nonempty Avatar final-target liveness without Time scenario=persistent20cycles
01:36 +215: /data/data/com.termux/files/home/ubuntu/flutteruser/flutterapps/fluvi-avatar-target-liveness-codex-20260909/test/features/dashboard/presentation/dashboard_avatar_target_liveness_test.dart: AVL persistent real CoreDashboard nonempty Avatar final-target liveness without Time scenario=persistent20cycles
01:36 +216: /data/data/com.termux/files/home/ubuntu/flutteruser/flutterapps/fluvi-avatar-target-liveness-codex-20260909/test/features/dashboard/presentation/dashboard_avatar_target_liveness_test.dart: AVL persistent real CoreDashboard nonempty Avatar final-target liveness without Time scenario=persistent20cycles
01:36 +217: /data/data/com.termux/files/home/ubuntu/flutteruser/flutterapps/fluvi-avatar-target-liveness-codex-20260909/test/features/dashboard/presentation/dashboard_avatar_target_liveness_test.dart: AVL persistent real CoreDashboard nonempty Avatar final-target liveness without Time scenario=persistent20cycles
01:36 +218: /data/data/com.termux/files/home/ubuntu/flutteruser/flutterapps/fluvi-avatar-target-liveness-codex-20260909/test/features/dashboard/presentation/dashboard_avatar_target_liveness_test.dart: AVL persistent real CoreDashboard nonempty Avatar final-target liveness without Time scenario=persistent20cycles
01:37 +219: /data/data/com.termux/files/home/ubuntu/flutteruser/flutterapps/fluvi-avatar-target-liveness-codex-20260909/test/features/dashboard/presentation/dashboard_avatar_target_liveness_test.dart: AVL persistent real CoreDashboard nonempty Avatar final-target liveness without Time scenario=persistent20cycles
01:37 +220: /data/data/com.termux/files/home/ubuntu/flutteruser/flutterapps/fluvi-avatar-target-liveness-codex-20260909/test/features/dashboard/presentation/dashboard_avatar_target_liveness_test.dart: AVL persistent real CoreDashboard nonempty Avatar final-target liveness without Time scenario=persistent20cycles
01:37 +221: /data/data/com.termux/files/home/ubuntu/flutteruser/flutterapps/fluvi-avatar-target-liveness-codex-20260909/test/features/dashboard/presentation/dashboard_avatar_target_liveness_test.dart: AVL persistent real CoreDashboard nonempty Avatar final-target liveness without Time scenario=persistent20cycles
01:37 +222: /data/data/com.termux/files/home/ubuntu/flutteruser/flutterapps/fluvi-avatar-target-liveness-codex-20260909/test/features/dashboard/presentation/dashboard_avatar_target_liveness_test.dart: AVL persistent real CoreDashboard nonempty Avatar final-target liveness without Time scenario=persistent20cycles
01:37 +223: /data/data/com.termux/files/home/ubuntu/flutteruser/flutterapps/fluvi-avatar-target-liveness-codex-20260909/test/features/dashboard/presentation/dashboard_avatar_target_liveness_test.dart: AVL persistent real CoreDashboard nonempty Avatar final-target liveness without Time scenario=persistent20cycles
Carousel fling: raw=-2400.0px/s, effective=-1584.0px/s, itemExtent=58.00, speed=-27.31 items/s, band=max-5, maxStep=5, projected=99992, target=100000, delta=-5
Carousel snap: stiffness=340.0, settle=1024ms
01:37 +224: /data/data/com.termux/files/home/ubuntu/flutteruser/flutterapps/fluvi-avatar-target-liveness-codex-20260909/test/features/dashboard/presentation/dashboard_avatar_target_liveness_test.dart: AVL persistent real CoreDashboard nonempty Avatar final-target liveness without Time scenario=persistent20cycles
01:37 +225: /data/data/com.termux/files/home/ubuntu/flutteruser/flutterapps/fluvi-avatar-target-liveness-codex-20260909/test/features/dashboard/presentation/dashboard_avatar_target_liveness_test.dart: AVL persistent real CoreDashboard nonempty Avatar final-target liveness without Time scenario=persistent20cycles
01:37 +226: /data/data/com.termux/files/home/ubuntu/flutteruser/flutterapps/fluvi-avatar-target-liveness-codex-20260909/test/features/dashboard/presentation/dashboard_avatar_target_liveness_test.dart: AVL persistent real CoreDashboard nonempty Avatar final-target liveness without Time scenario=persistent20cycles
01:38 +227: /data/data/com.termux/files/home/ubuntu/flutteruser/flutterapps/fluvi-avatar-target-liveness-codex-20260909/test/features/dashboard/presentation/dashboard_avatar_target_liveness_test.dart: AVL persistent real CoreDashboard nonempty Avatar final-target liveness without Time scenario=persistent20cycles
01:38 +228: /data/data/com.termux/files/home/ubuntu/flutteruser/flutterapps/fluvi-avatar-target-liveness-codex-20260909/test/features/dashboard/presentation/dashboard_avatar_target_liveness_test.dart: AVL persistent real CoreDashboard nonempty Avatar final-target liveness without Time scenario=persistent20cycles
01:38 +229: /data/data/com.termux/files/home/ubuntu/flutteruser/flutterapps/fluvi-avatar-target-liveness-codex-20260909/test/features/dashboard/presentation/dashboard_avatar_target_liveness_test.dart: AVL persistent real CoreDashboard nonempty Avatar final-target liveness without Time scenario=persistent20cycles
01:38 +230: /data/data/com.termux/files/home/ubuntu/flutteruser/flutterapps/fluvi-avatar-target-liveness-codex-20260909/test/features/dashboard/presentation/dashboard_avatar_target_liveness_test.dart: AVL persistent real CoreDashboard nonempty Avatar final-target liveness without Time scenario=persistent20cycles
01:38 +231: /data/data/com.termux/files/home/ubuntu/flutteruser/flutterapps/fluvi-avatar-target-liveness-codex-20260909/test/features/dashboard/presentation/dashboard_avatar_target_liveness_test.dart: AVL persistent real CoreDashboard nonempty Avatar final-target liveness without Time scenario=persistent20cycles
01:38 +232: /data/data/com.termux/files/home/ubuntu/flutteruser/flutterapps/fluvi-avatar-target-liveness-codex-20260909/test/features/dashboard/presentation/dashboard_avatar_target_liveness_test.dart: AVL persistent real CoreDashboard nonempty Avatar final-target liveness without Time scenario=persistent20cycles
01:38 +233: /data/data/com.termux/files/home/ubuntu/flutteruser/flutterapps/fluvi-avatar-target-liveness-codex-20260909/test/features/dashboard/presentation/dashboard_avatar_target_liveness_test.dart: AVL persistent real CoreDashboard nonempty Avatar final-target liveness without Time scenario=persistent20cycles
01:39 +234: /data/data/com.termux/files/home/ubuntu/flutteruser/flutterapps/fluvi-avatar-target-liveness-codex-20260909/test/features/dashboard/presentation/dashboard_avatar_target_liveness_test.dart: AVL persistent real CoreDashboard nonempty Avatar final-target liveness without Time scenario=persistent20cycles
Carousel fling: raw=0.0px/s, effective=0.0px/s, itemExtent=58.00, speed=0.00 items/s, band=nearest, maxStep=0, projected=100000, target=100000, delta=0
Carousel fling: raw=0.0px/s, effective=0.0px/s, itemExtent=77.20, speed=0.00 items/s, band=nearest, maxStep=0, projected=100000, target=100000, delta=0
01:40 +235: /data/data/com.termux/files/home/ubuntu/flutteruser/flutterapps/fluvi-avatar-target-liveness-codex-20260909/test/features/dashboard/presentation/dashboard_avatar_target_liveness_test.dart: AVL persistent real CoreDashboard nonempty Avatar final-target liveness without Time scenario=persistent20cycles
Carousel fling: raw=2400.0px/s, effective=1584.0px/s, itemExtent=58.00, speed=27.31 items/s, band=max-5, maxStep=5, projected=100016, target=100008, delta=5
Carousel snap: stiffness=340.0, settle=1024ms
Carousel fling: raw=0.0px/s, effective=0.0px/s, itemExtent=58.00, speed=0.00 items/s, band=nearest, maxStep=0, projected=100008, target=100008, delta=0
Carousel fling: raw=0.0px/s, effective=0.0px/s, itemExtent=77.20, speed=0.00 items/s, band=nearest, maxStep=0, projected=100000, target=100000, delta=0
01:42 +236: /data/data/com.termux/files/home/ubuntu/flutteruser/flutterapps/fluvi-avatar-target-liveness-codex-20260909/test/features/dashboard/presentation/dashboard_avatar_target_liveness_test.dart: AVL persistent real CoreDashboard nonempty Avatar final-target liveness without Time scenario=persistent20cycles
Carousel fling: raw=-2400.0px/s, effective=-1584.0px/s, itemExtent=58.00, speed=-27.31 items/s, band=max-5, maxStep=5, projected=99992, target=100000, delta=-5
Carousel snap: stiffness=340.0, settle=1024ms
Carousel fling: raw=0.0px/s, effective=0.0px/s, itemExtent=58.00, speed=0.00 items/s, band=nearest, maxStep=0, projected=100000, target=100000, delta=0
Carousel fling: raw=0.0px/s, effective=0.0px/s, itemExtent=77.20, speed=0.00 items/s, band=nearest, maxStep=0, projected=100000, target=100000, delta=0
01:44 +237: /data/data/com.termux/files/home/ubuntu/flutteruser/flutterapps/fluvi-avatar-target-liveness-codex-20260909/test/features/dashboard/presentation/dashboard_avatar_target_liveness_test.dart: AVL persistent real CoreDashboard nonempty Avatar final-target liveness without Time scenario=persistent20cycles
Carousel fling: raw=2400.0px/s, effective=1584.0px/s, itemExtent=58.00, speed=27.31 items/s, band=max-5, maxStep=5, projected=100016, target=100008, delta=5
Carousel snap: stiffness=340.0, settle=1024ms
01:45 +238: /data/data/com.termux/files/home/ubuntu/flutteruser/flutterapps/fluvi-avatar-target-liveness-codex-20260909/test/features/dashboard/presentation/dashboard_avatar_target_liveness_test.dart: AVL persistent real CoreDashboard nonempty Avatar final-target liveness without Time scenario=persistent20cycles
Carousel fling: raw=0.0px/s, effective=0.0px/s, itemExtent=58.00, speed=0.00 items/s, band=nearest, maxStep=0, projected=100008, target=100008, delta=0
Carousel fling: raw=0.0px/s, effective=0.0px/s, itemExtent=77.20, speed=0.00 items/s, band=nearest, maxStep=0, projected=100000, target=100000, delta=0
Carousel fling: raw=-2400.0px/s, effective=-1584.0px/s, itemExtent=58.00, speed=-27.31 items/s, band=max-5, maxStep=5, projected=99992, target=100000, delta=-5
Carousel snap: stiffness=340.0, settle=1024ms
Carousel fling: raw=0.0px/s, effective=0.0px/s, itemExtent=58.00, speed=0.00 items/s, band=nearest, maxStep=0, projected=100000, target=100000, delta=0
Carousel fling: raw=0.0px/s, effective=0.0px/s, itemExtent=77.20, speed=0.00 items/s, band=nearest, maxStep=0, projected=100000, target=100000, delta=0
01:49 +239: /data/data/com.termux/files/home/ubuntu/flutteruser/flutterapps/fluvi-avatar-target-liveness-codex-20260909/test/features/dashboard/presentation/dashboard_avatar_target_liveness_test.dart: AVL persistent real CoreDashboard nonempty Avatar final-target liveness without Time scenario=persistent20cycles
01:49 +240: /data/data/com.termux/files/home/ubuntu/flutteruser/flutterapps/fluvi-avatar-target-liveness-codex-20260909/test/features/dashboard/presentation/dashboard_avatar_target_liveness_test.dart: AVL persistent real CoreDashboard nonempty Avatar final-target liveness without Time scenario=persistent20cycles
Carousel fling: raw=2400.0px/s, effective=1584.0px/s, itemExtent=58.00, speed=27.31 items/s, band=max-5, maxStep=5, projected=100016, target=100008, delta=5
Carousel snap: stiffness=340.0, settle=1024ms
01:50 +241: /data/data/com.termux/files/home/ubuntu/flutteruser/flutterapps/fluvi-avatar-target-liveness-codex-20260909/test/features/dashboard/presentation/dashboard_avatar_target_liveness_test.dart: AVL persistent real CoreDashboard nonempty Avatar final-target liveness without Time scenario=persistent20cycles
Carousel fling: raw=0.0px/s, effective=0.0px/s, itemExtent=58.00, speed=0.00 items/s, band=nearest, maxStep=0, projected=100008, target=100008, delta=0
Carousel fling: raw=0.0px/s, effective=0.0px/s, itemExtent=77.20, speed=0.00 items/s, band=nearest, maxStep=0, projected=100000, target=100000, delta=0
Carousel fling: raw=-2400.0px/s, effective=-1584.0px/s, itemExtent=58.00, speed=-27.31 items/s, band=max-5, maxStep=5, projected=99992, target=100000, delta=-5
Carousel snap: stiffness=340.0, settle=1024ms
01:52 +242: /data/data/com.termux/files/home/ubuntu/flutteruser/flutterapps/fluvi-avatar-target-liveness-codex-20260909/test/features/dashboard/presentation/dashboard_avatar_target_liveness_test.dart: AVL persistent real CoreDashboard nonempty Avatar final-target liveness without Time scenario=persistent20cycles
01:52 +243: /data/data/com.termux/files/home/ubuntu/flutteruser/flutterapps/fluvi-avatar-target-liveness-codex-20260909/test/features/dashboard/presentation/dashboard_avatar_target_liveness_test.dart: AVL persistent real CoreDashboard nonempty Avatar final-target liveness without Time scenario=persistent20cycles
Carousel fling: raw=0.0px/s, effective=0.0px/s, itemExtent=58.00, speed=0.00 items/s, band=nearest, maxStep=0, projected=100000, target=100000, delta=0
Carousel fling: raw=0.0px/s, effective=0.0px/s, itemExtent=77.20, speed=0.00 items/s, band=nearest, maxStep=0, projected=100000, target=100000, delta=0
01:54 +244: /data/data/com.termux/files/home/ubuntu/flutteruser/flutterapps/fluvi-avatar-target-liveness-codex-20260909/test/features/dashboard/presentation/dashboard_avatar_target_liveness_test.dart: AVL persistent real CoreDashboard nonempty Avatar final-target liveness without Time scenario=persistent20cycles
Carousel fling: raw=2400.0px/s, effective=1584.0px/s, itemExtent=58.00, speed=27.31 items/s, band=max-5, maxStep=5, projected=100016, target=100008, delta=5
Carousel snap: stiffness=340.0, settle=1024ms
01:55 +245: /data/data/com.termux/files/home/ubuntu/flutteruser/flutterapps/fluvi-avatar-target-liveness-codex-20260909/test/features/dashboard/presentation/dashboard_avatar_target_liveness_test.dart: AVL persistent real CoreDashboard nonempty Avatar final-target liveness without Time scenario=persistent20cycles
Carousel fling: raw=0.0px/s, effective=0.0px/s, itemExtent=58.00, speed=0.00 items/s, band=nearest, maxStep=0, projected=100008, target=100008, delta=0
Carousel fling: raw=0.0px/s, effective=0.0px/s, itemExtent=77.20, speed=0.00 items/s, band=nearest, maxStep=0, projected=100000, target=100000, delta=0
Carousel fling: raw=-2400.0px/s, effective=-1584.0px/s, itemExtent=58.00, speed=-27.31 items/s, band=max-5, maxStep=5, projected=99992, target=100000, delta=-5
Carousel snap: stiffness=340.0, settle=1024ms
Carousel fling: raw=0.0px/s, effective=0.0px/s, itemExtent=58.00, speed=0.00 items/s, band=nearest, maxStep=0, projected=100000, target=100000, delta=0
Carousel fling: raw=0.0px/s, effective=0.0px/s, itemExtent=77.20, speed=0.00 items/s, band=nearest, maxStep=0, projected=100000, target=100000, delta=0
01:58 +246: /data/data/com.termux/files/home/ubuntu/flutteruser/flutterapps/fluvi-avatar-target-liveness-codex-20260909/test/features/dashboard/presentation/dashboard_avatar_target_liveness_test.dart: AVL persistent real CoreDashboard nonempty Avatar final-target liveness without Time scenario=persistent20cycles
Carousel fling: raw=2400.0px/s, effective=1584.0px/s, itemExtent=58.00, speed=27.31 items/s, band=max-5, maxStep=5, projected=100016, target=100008, delta=5
Carousel snap: stiffness=340.0, settle=1024ms
01:58 +247: /data/data/com.termux/files/home/ubuntu/flutteruser/flutterapps/fluvi-avatar-target-liveness-codex-20260909/test/features/dashboard/presentation/dashboard_avatar_target_liveness_test.dart: AVL persistent real CoreDashboard nonempty Avatar final-target liveness without Time scenario=persistent20cycles
01:59 +248: /data/data/com.termux/files/home/ubuntu/flutteruser/flutterapps/fluvi-avatar-target-liveness-codex-20260909/test/features/dashboard/presentation/dashboard_avatar_target_liveness_test.dart: AVL persistent real CoreDashboard nonempty Avatar final-target liveness without Time scenario=persistent20cycles
01:59 +249: /data/data/com.termux/files/home/ubuntu/flutteruser/flutterapps/fluvi-avatar-target-liveness-codex-20260909/test/features/dashboard/presentation/dashboard_avatar_target_liveness_test.dart: AVL persistent real CoreDashboard nonempty Avatar final-target liveness without Time scenario=persistent20cycles
Carousel fling: raw=0.0px/s, effective=0.0px/s, itemExtent=58.00, speed=0.00 items/s, band=nearest, maxStep=0, projected=100008, target=100008, delta=0
Carousel fling: raw=0.0px/s, effective=0.0px/s, itemExtent=77.20, speed=0.00 items/s, band=nearest, maxStep=0, projected=100000, target=100000, delta=0
02:00 +250: /data/data/com.termux/files/home/ubuntu/flutteruser/flutterapps/fluvi-avatar-target-liveness-codex-20260909/test/features/dashboard/presentation/dashboard_avatar_target_liveness_test.dart: AVL persistent real CoreDashboard nonempty Avatar final-target liveness without Time scenario=persistent20cycles
Carousel fling: raw=-2400.0px/s, effective=-1584.0px/s, itemExtent=58.00, speed=-27.31 items/s, band=max-5, maxStep=5, projected=99992, target=100000, delta=-5
Carousel snap: stiffness=340.0, settle=1024ms
02:01 +251: /data/data/com.termux/files/home/ubuntu/flutteruser/flutterapps/fluvi-avatar-target-liveness-codex-20260909/test/features/dashboard/presentation/dashboard_avatar_target_liveness_test.dart: AVL persistent real CoreDashboard nonempty Avatar final-target liveness without Time scenario=persistent20cycles
02:01 +252: /data/data/com.termux/files/home/ubuntu/flutteruser/flutterapps/fluvi-avatar-target-liveness-codex-20260909/test/features/dashboard/presentation/dashboard_avatar_target_liveness_test.dart: AVL persistent real CoreDashboard nonempty Avatar final-target liveness without Time scenario=persistent20cycles
02:02 +253: /data/data/com.termux/files/home/ubuntu/flutteruser/flutterapps/fluvi-avatar-target-liveness-codex-20260909/test/features/dashboard/presentation/dashboard_avatar_target_liveness_test.dart: AVL persistent real CoreDashboard nonempty Avatar final-target liveness without Time scenario=persistent20cycles
Carousel fling: raw=0.0px/s, effective=0.0px/s, itemExtent=58.00, speed=0.00 items/s, band=nearest, maxStep=0, projected=100000, target=100000, delta=0
02:02 +254: /data/data/com.termux/files/home/ubuntu/flutteruser/flutterapps/fluvi-avatar-target-liveness-codex-20260909/test/features/dashboard/presentation/dashboard_avatar_target_liveness_test.dart: AVL persistent real CoreDashboard nonempty Avatar final-target liveness without Time scenario=persistent20cycles
02:02 +255: /data/data/com.termux/files/home/ubuntu/flutteruser/flutterapps/fluvi-avatar-target-liveness-codex-20260909/test/features/dashboard/presentation/dashboard_avatar_target_liveness_test.dart: AVL persistent real CoreDashboard nonempty Avatar final-target liveness without Time scenario=persistent20cycles
Carousel fling: raw=0.0px/s, effective=0.0px/s, itemExtent=77.20, speed=0.00 items/s, band=nearest, maxStep=0, projected=100000, target=100000, delta=0
02:02 +256: /data/data/com.termux/files/home/ubuntu/flutteruser/flutterapps/fluvi-avatar-target-liveness-codex-20260909/test/features/dashboard/presentation/dashboard_avatar_target_liveness_test.dart: AVL persistent real CoreDashboard nonempty Avatar final-target liveness without Time scenario=persistent20cycles
02:02 +257: /data/data/com.termux/files/home/ubuntu/flutteruser/flutterapps/fluvi-avatar-target-liveness-codex-20260909/test/features/dashboard/presentation/dashboard_avatar_target_liveness_test.dart: AVL persistent real CoreDashboard nonempty Avatar final-target liveness without Time scenario=persistent20cycles
02:03 +258: /data/data/com.termux/files/home/ubuntu/flutteruser/flutterapps/fluvi-avatar-target-liveness-codex-20260909/test/features/dashboard/presentation/dashboard_avatar_target_liveness_test.dart: AVL persistent real CoreDashboard nonempty Avatar final-target liveness without Time scenario=persistent20cycles
Carousel fling: raw=2400.0px/s, effective=1584.0px/s, itemExtent=58.00, speed=27.31 items/s, band=max-5, maxStep=5, projected=100016, target=100008, delta=5
Carousel snap: stiffness=340.0, settle=1024ms
02:03 +259: /data/data/com.termux/files/home/ubuntu/flutteruser/flutterapps/fluvi-avatar-target-liveness-codex-20260909/test/features/dashboard/presentation/dashboard_avatar_target_liveness_test.dart: AVL persistent real CoreDashboard nonempty Avatar final-target liveness without Time scenario=persistent20cycles
02:04 +260: /data/data/com.termux/files/home/ubuntu/flutteruser/flutterapps/fluvi-avatar-target-liveness-codex-20260909/test/features/dashboard/presentation/dashboard_avatar_target_liveness_test.dart: AVL persistent real CoreDashboard nonempty Avatar final-target liveness without Time scenario=persistent20cycles
Carousel fling: raw=0.0px/s, effective=0.0px/s, itemExtent=58.00, speed=0.00 items/s, band=nearest, maxStep=0, projected=100008, target=100008, delta=0
02:04 +261: /data/data/com.termux/files/home/ubuntu/flutteruser/flutterapps/fluvi-avatar-target-liveness-codex-20260909/test/features/dashboard/presentation/dashboard_avatar_target_liveness_test.dart: AVL persistent real CoreDashboard nonempty Avatar final-target liveness without Time scenario=persistent20cycles
02:04 +262: /data/data/com.termux/files/home/ubuntu/flutteruser/flutterapps/fluvi-avatar-target-liveness-codex-20260909/test/features/dashboard/presentation/dashboard_avatar_target_liveness_test.dart: AVL persistent real CoreDashboard nonempty Avatar final-target liveness without Time scenario=persistent20cycles
Carousel fling: raw=0.0px/s, effective=0.0px/s, itemExtent=77.20, speed=0.00 items/s, band=nearest, maxStep=0, projected=100000, target=100000, delta=0
02:05 +263: /data/data/com.termux/files/home/ubuntu/flutteruser/flutterapps/fluvi-avatar-target-liveness-codex-20260909/test/features/dashboard/presentation/dashboard_avatar_target_liveness_test.dart: AVL persistent real CoreDashboard nonempty Avatar final-target liveness without Time scenario=persistent20cycles
02:05 +264: /data/data/com.termux/files/home/ubuntu/flutteruser/flutterapps/fluvi-avatar-target-liveness-codex-20260909/test/features/dashboard/presentation/dashboard_avatar_target_liveness_test.dart: AVL persistent real CoreDashboard nonempty Avatar final-target liveness without Time scenario=persistent20cycles
02:05 +265: /data/data/com.termux/files/home/ubuntu/flutteruser/flutterapps/fluvi-avatar-target-liveness-codex-20260909/test/features/dashboard/presentation/dashboard_avatar_target_liveness_test.dart: AVL persistent real CoreDashboard nonempty Avatar final-target liveness without Time scenario=persistent20cycles
Carousel fling: raw=-2400.0px/s, effective=-1584.0px/s, itemExtent=58.00, speed=-27.31 items/s, band=max-5, maxStep=5, projected=99992, target=100000, delta=-5
Carousel snap: stiffness=340.0, settle=1024ms
02:05 +266: /data/data/com.termux/files/home/ubuntu/flutteruser/flutterapps/fluvi-avatar-target-liveness-codex-20260909/test/features/dashboard/presentation/dashboard_avatar_target_liveness_test.dart: AVL persistent real CoreDashboard nonempty Avatar final-target liveness without Time scenario=persistent20cycles
02:06 +267: /data/data/com.termux/files/home/ubuntu/flutteruser/flutterapps/fluvi-avatar-target-liveness-codex-20260909/test/features/dashboard/presentation/dashboard_avatar_target_liveness_test.dart: AVL persistent real CoreDashboard nonempty Avatar final-target liveness without Time scenario=persistent20cycles
02:06 +268: /data/data/com.termux/files/home/ubuntu/flutteruser/flutterapps/fluvi-avatar-target-liveness-codex-20260909/test/features/dashboard/presentation/dashboard_avatar_target_liveness_test.dart: AVL persistent real CoreDashboard nonempty Avatar final-target liveness without Time scenario=persistent20cycles
Carousel fling: raw=0.0px/s, effective=0.0px/s, itemExtent=58.00, speed=0.00 items/s, band=nearest, maxStep=0, projected=100000, target=100000, delta=0
Carousel fling: raw=0.0px/s, effective=0.0px/s, itemExtent=77.20, speed=0.00 items/s, band=nearest, maxStep=0, projected=100000, target=100000, delta=0
02:07 +269: /data/data/com.termux/files/home/ubuntu/flutteruser/flutterapps/fluvi-avatar-target-liveness-codex-20260909/test/features/dashboard/presentation/dashboard_avatar_target_liveness_test.dart: AVL persistent real CoreDashboard nonempty Avatar final-target liveness without Time scenario=persistent20cycles
02:07 +270: /data/data/com.termux/files/home/ubuntu/flutteruser/flutterapps/fluvi-avatar-target-liveness-codex-20260909/test/features/dashboard/presentation/dashboard_avatar_target_liveness_test.dart: AVL persistent real CoreDashboard nonempty Avatar final-target liveness without Time scenario=persistent20cycles
Carousel fling: raw=2400.0px/s, effective=1584.0px/s, itemExtent=58.00, speed=27.31 items/s, band=max-5, maxStep=5, projected=100016, target=100008, delta=5
Carousel snap: stiffness=340.0, settle=1024ms
02:08 +271: /data/data/com.termux/files/home/ubuntu/flutteruser/flutterapps/fluvi-avatar-target-liveness-codex-20260909/test/features/dashboard/presentation/dashboard_avatar_target_liveness_test.dart: AVL persistent real CoreDashboard nonempty Avatar final-target liveness without Time scenario=persistent20cycles
02:08 +272: /data/data/com.termux/files/home/ubuntu/flutteruser/flutterapps/fluvi-avatar-target-liveness-codex-20260909/test/features/dashboard/presentation/dashboard_avatar_target_liveness_test.dart: AVL persistent real CoreDashboard nonempty Avatar final-target liveness without Time scenario=persistent20cycles
02:08 +273: /data/data/com.termux/files/home/ubuntu/flutteruser/flutterapps/fluvi-avatar-target-liveness-codex-20260909/test/features/dashboard/presentation/dashboard_avatar_target_liveness_test.dart: AVL persistent real CoreDashboard nonempty Avatar final-target liveness without Time scenario=persistent20cycles
02:08 +274: /data/data/com.termux/files/home/ubuntu/flutteruser/flutterapps/fluvi-avatar-target-liveness-codex-20260909/test/features/dashboard/presentation/dashboard_avatar_target_liveness_test.dart: AVL persistent real CoreDashboard nonempty Avatar final-target liveness without Time scenario=persistent20cycles
02:09 +275: /data/data/com.termux/files/home/ubuntu/flutteruser/flutterapps/fluvi-avatar-target-liveness-codex-20260909/test/features/dashboard/presentation/dashboard_avatar_target_liveness_test.dart: AVL persistent real CoreDashboard nonempty Avatar final-target liveness without Time scenario=persistent20cycles
02:10 +276: /data/data/com.termux/files/home/ubuntu/flutteruser/flutterapps/fluvi-avatar-target-liveness-codex-20260909/test/features/dashboard/presentation/dashboard_avatar_target_liveness_test.dart: AVL persistent real CoreDashboard nonempty Avatar final-target liveness without Time scenario=persistent20cycles
Carousel fling: raw=0.0px/s, effective=0.0px/s, itemExtent=58.00, speed=0.00 items/s, band=nearest, maxStep=0, projected=100008, target=100008, delta=0
Carousel fling: raw=0.0px/s, effective=0.0px/s, itemExtent=77.20, speed=0.00 items/s, band=nearest, maxStep=0, projected=100000, target=100000, delta=0
02:10 +277: /data/data/com.termux/files/home/ubuntu/flutteruser/flutterapps/fluvi-avatar-target-liveness-codex-20260909/test/features/dashboard/presentation/dashboard_avatar_target_liveness_test.dart: AVL persistent real CoreDashboard nonempty Avatar final-target liveness without Time scenario=persistent20cycles
02:11 +278: /data/data/com.termux/files/home/ubuntu/flutteruser/flutterapps/fluvi-avatar-target-liveness-codex-20260909/test/features/dashboard/presentation/dashboard_avatar_target_liveness_test.dart: AVL persistent real CoreDashboard nonempty Avatar final-target liveness without Time scenario=persistent20cycles
Carousel fling: raw=-2400.0px/s, effective=-1584.0px/s, itemExtent=58.00, speed=-27.31 items/s, band=max-5, maxStep=5, projected=99992, target=100000, delta=-5
Carousel snap: stiffness=340.0, settle=1024ms
02:11 +279: /data/data/com.termux/files/home/ubuntu/flutteruser/flutterapps/fluvi-avatar-target-liveness-codex-20260909/test/features/dashboard/presentation/dashboard_avatar_target_liveness_test.dart: AVL persistent real CoreDashboard nonempty Avatar final-target liveness without Time scenario=persistent20cycles
02:11 +280: /data/data/com.termux/files/home/ubuntu/flutteruser/flutterapps/fluvi-avatar-target-liveness-codex-20260909/test/features/dashboard/presentation/dashboard_avatar_target_liveness_test.dart: AVL persistent real CoreDashboard nonempty Avatar final-target liveness without Time scenario=persistent20cycles
02:12 +281: /data/data/com.termux/files/home/ubuntu/flutteruser/flutterapps/fluvi-avatar-target-liveness-codex-20260909/test/features/dashboard/presentation/dashboard_avatar_target_liveness_test.dart: AVL persistent real CoreDashboard nonempty Avatar final-target liveness without Time scenario=persistent20cycles
Carousel fling: raw=0.0px/s, effective=0.0px/s, itemExtent=58.00, speed=0.00 items/s, band=nearest, maxStep=0, projected=100000, target=100000, delta=0
02:12 +282: /data/data/com.termux/files/home/ubuntu/flutteruser/flutterapps/fluvi-avatar-target-liveness-codex-20260909/test/features/dashboard/presentation/dashboard_avatar_target_liveness_test.dart: AVL persistent real CoreDashboard nonempty Avatar final-target liveness without Time scenario=persistent20cycles
Carousel fling: raw=0.0px/s, effective=0.0px/s, itemExtent=77.20, speed=0.00 items/s, band=nearest, maxStep=0, projected=100000, target=100000, delta=0
02:13 +283: /data/data/com.termux/files/home/ubuntu/flutteruser/flutterapps/fluvi-avatar-target-liveness-codex-20260909/test/features/dashboard/presentation/dashboard_avatar_target_liveness_test.dart: AVL persistent real CoreDashboard nonempty Avatar final-target liveness without Time scenario=persistent20cycles
02:13 +284: /data/data/com.termux/files/home/ubuntu/flutteruser/flutterapps/fluvi-avatar-target-liveness-codex-20260909/test/features/dashboard/presentation/dashboard_avatar_target_liveness_test.dart: AVL persistent real CoreDashboard nonempty Avatar final-target liveness without Time scenario=persistent20cycles
Carousel fling: raw=2400.0px/s, effective=1584.0px/s, itemExtent=58.00, speed=27.31 items/s, band=max-5, maxStep=5, projected=100016, target=100008, delta=5
Carousel snap: stiffness=340.0, settle=1024ms
02:13 +285: /data/data/com.termux/files/home/ubuntu/flutteruser/flutterapps/fluvi-avatar-target-liveness-codex-20260909/test/features/dashboard/presentation/dashboard_avatar_target_liveness_test.dart: AVL persistent real CoreDashboard nonempty Avatar final-target liveness without Time scenario=persistent20cycles
Carousel fling: raw=0.0px/s, effective=0.0px/s, itemExtent=58.00, speed=0.00 items/s, band=nearest, maxStep=0, projected=100008, target=100008, delta=0
Carousel fling: raw=0.0px/s, effective=0.0px/s, itemExtent=77.20, speed=0.00 items/s, band=nearest, maxStep=0, projected=100000, target=100000, delta=0
Carousel fling: raw=-2400.0px/s, effective=-1584.0px/s, itemExtent=58.00, speed=-27.31 items/s, band=max-5, maxStep=5, projected=99992, target=100000, delta=-5
Carousel snap: stiffness=340.0, settle=1024ms
Carousel fling: raw=0.0px/s, effective=0.0px/s, itemExtent=58.00, speed=0.00 items/s, band=nearest, maxStep=0, projected=100000, target=100000, delta=0
Carousel fling: raw=0.0px/s, effective=0.0px/s, itemExtent=77.20, speed=0.00 items/s, band=nearest, maxStep=0, projected=100000, target=100000, delta=0
Carousel fling: raw=2400.0px/s, effective=1584.0px/s, itemExtent=58.00, speed=27.31 items/s, band=max-5, maxStep=5, projected=100016, target=100008, delta=5
Carousel snap: stiffness=340.0, settle=1024ms
02:18 +286: /data/data/com.termux/files/home/ubuntu/flutteruser/flutterapps/fluvi-avatar-target-liveness-codex-20260909/test/features/dashboard/presentation/dashboard_avatar_target_liveness_test.dart: AVL persistent real CoreDashboard nonempty Avatar final-target liveness without Time scenario=persistent20cycles
Carousel fling: raw=0.0px/s, effective=0.0px/s, itemExtent=58.00, speed=0.00 items/s, band=nearest, maxStep=0, projected=100008, target=100008, delta=0
Carousel fling: raw=0.0px/s, effective=0.0px/s, itemExtent=77.20, speed=0.00 items/s, band=nearest, maxStep=0, projected=100000, target=100000, delta=0
Carousel fling: raw=-2400.0px/s, effective=-1584.0px/s, itemExtent=58.00, speed=-27.31 items/s, band=max-5, maxStep=5, projected=99992, target=100000, delta=-5
Carousel snap: stiffness=340.0, settle=1024ms
02:20 +287: /data/data/com.termux/files/home/ubuntu/flutteruser/flutterapps/fluvi-avatar-target-liveness-codex-20260909/test/features/dashboard/presentation/dashboard_avatar_target_liveness_test.dart: AVL persistent real CoreDashboard nonempty Avatar final-target liveness without Time scenario=persistent20cycles
Carousel fling: raw=0.0px/s, effective=0.0px/s, itemExtent=58.00, speed=0.00 items/s, band=nearest, maxStep=0, projected=100000, target=100000, delta=0
Carousel fling: raw=0.0px/s, effective=0.0px/s, itemExtent=77.20, speed=0.00 items/s, band=nearest, maxStep=0, projected=100000, target=100000, delta=0
02:23 +288: /data/data/com.termux/files/home/ubuntu/flutteruser/flutterapps/fluvi-avatar-target-liveness-codex-20260909/test/features/dashboard/presentation/dashboard_avatar_target_liveness_test.dart: AVL persistent real CoreDashboard nonempty Avatar final-target liveness without Time scenario=persistent20cycles
Carousel fling: raw=2400.0px/s, effective=1584.0px/s, itemExtent=58.00, speed=27.31 items/s, band=max-5, maxStep=5, projected=100016, target=100008, delta=5
Carousel snap: stiffness=340.0, settle=1024ms
02:23 +288: /data/data/com.termux/files/home/ubuntu/flutteruser/flutterapps/fluvi-avatar-target-liveness-codex-20260909/test/features/dashboard/presentation/dashboard_rebuild_isolation_test.dart: structural dashboard changes preserve the rail controller, position and physics
Carousel fling: raw=0.0px/s, effective=0.0px/s, itemExtent=52.45, speed=0.00 items/s, band=nearest, maxStep=0, projected=0, target=0, delta=0
02:24 +288: /data/data/com.termux/files/home/ubuntu/flutteruser/flutterapps/fluvi-avatar-target-liveness-codex-20260909/test/features/dashboard/presentation/dashboard_avatar_target_liveness_test.dart: AVL persistent real CoreDashboard nonempty Avatar final-target liveness without Time scenario=persistent20cycles
Carousel fling: raw=0.0px/s, effective=0.0px/s, itemExtent=58.00, speed=0.00 items/s, band=nearest, maxStep=0, projected=100008, target=100008, delta=0
Carousel fling: raw=0.0px/s, effective=0.0px/s, itemExtent=77.20, speed=0.00 items/s, band=nearest, maxStep=0, projected=100000, target=100000, delta=0
02:25 +288: /data/data/com.termux/files/home/ubuntu/flutteruser/flutterapps/fluvi-avatar-target-liveness-codex-20260909/test/features/dashboard/presentation/dashboard_rebuild_isolation_test.dart: structural dashboard changes preserve the rail controller, position and physics
Carousel fling: raw=0.0px/s, effective=0.0px/s, itemExtent=52.45, speed=0.00 items/s, band=nearest, maxStep=0, projected=100000, target=100000, delta=0
02:25 +288: /data/data/com.termux/files/home/ubuntu/flutteruser/flutterapps/fluvi-avatar-target-liveness-codex-20260909/test/features/dashboard/presentation/dashboard_avatar_target_liveness_test.dart: AVL persistent real CoreDashboard nonempty Avatar final-target liveness without Time scenario=persistent20cycles
Carousel fling: raw=-2400.0px/s, effective=-1584.0px/s, itemExtent=58.00, speed=-27.31 items/s, band=max-5, maxStep=5, projected=99992, target=100000, delta=-5
Carousel snap: stiffness=340.0, settle=1024ms
02:25 +289: /data/data/com.termux/files/home/ubuntu/flutteruser/flutterapps/fluvi-avatar-target-liveness-codex-20260909/test/features/dashboard/presentation/dashboard_avatar_target_liveness_test.dart: AVL persistent real CoreDashboard nonempty Avatar final-target liveness without Time scenario=persistent20cycles
02:25 +289: /data/data/com.termux/files/home/ubuntu/flutteruser/flutterapps/fluvi-avatar-target-liveness-codex-20260909/test/features/dashboard/presentation/dashboard_rebuild_isolation_test.dart: structural dashboard changes preserve the rail controller, position and physics
Carousel fling: raw=0.0px/s, effective=0.0px/s, itemExtent=52.45, speed=0.00 items/s, band=nearest, maxStep=0, projected=100000, target=100000, delta=0
Carousel fling: raw=0.0px/s, effective=0.0px/s, itemExtent=52.45, speed=0.00 items/s, band=nearest, maxStep=0, projected=100000, target=100000, delta=0
Carousel fling: raw=0.0px/s, effective=0.0px/s, itemExtent=52.45, speed=0.00 items/s, band=nearest, maxStep=0, projected=100000, target=100000, delta=0
02:27 +289: /data/data/com.termux/files/home/ubuntu/flutteruser/flutterapps/fluvi-avatar-target-liveness-codex-20260909/test/features/dashboard/presentation/dashboard_avatar_target_liveness_test.dart: AVL persistent real CoreDashboard nonempty Avatar final-target liveness without Time scenario=persistent20cycles
Carousel fling: raw=0.0px/s, effective=0.0px/s, itemExtent=58.00, speed=0.00 items/s, band=nearest, maxStep=0, projected=100000, target=100000, delta=0
Carousel fling: raw=0.0px/s, effective=0.0px/s, itemExtent=77.20, speed=0.00 items/s, band=nearest, maxStep=0, projected=100000, target=100000, delta=0
02:27 +289: /data/data/com.termux/files/home/ubuntu/flutteruser/flutterapps/fluvi-avatar-target-liveness-codex-20260909/test/features/dashboard/presentation/dashboard_rebuild_isolation_test.dart: structural dashboard changes preserve the rail controller, position and physics
Carousel fling: raw=0.0px/s, effective=0.0px/s, itemExtent=52.45, speed=0.00 items/s, band=nearest, maxStep=0, projected=100000, target=100000, delta=0
Carousel fling: raw=0.0px/s, effective=0.0px/s, itemExtent=52.45, speed=0.00 items/s, band=nearest, maxStep=0, projected=6, target=6, delta=0
Carousel fling: raw=0.0px/s, effective=0.0px/s, itemExtent=52.45, speed=0.00 items/s, band=nearest, maxStep=0, projected=11, target=11, delta=0
02:27 +289: /data/data/com.termux/files/home/ubuntu/flutteruser/flutterapps/fluvi-avatar-target-liveness-codex-20260909/test/features/dashboard/presentation/dashboard_avatar_target_liveness_test.dart: AVL persistent real CoreDashboard nonempty Avatar final-target liveness without Time scenario=persistent20cycles
Carousel fling: raw=2400.0px/s, effective=1584.0px/s, itemExtent=58.00, speed=27.31 items/s, band=max-5, maxStep=5, projected=100016, target=100008, delta=5
Carousel snap: stiffness=340.0, settle=1024ms
02:28 +289: /data/data/com.termux/files/home/ubuntu/flutteruser/flutterapps/fluvi-avatar-target-liveness-codex-20260909/test/features/dashboard/presentation/dashboard_rebuild_isolation_test.dart: structural dashboard changes preserve the rail controller, position and physics
Carousel fling: raw=0.0px/s, effective=0.0px/s, itemExtent=52.45, speed=0.00 items/s, band=nearest, maxStep=0, projected=11, target=11, delta=0
Carousel fling: raw=0.0px/s, effective=0.0px/s, itemExtent=52.45, speed=0.00 items/s, band=nearest, maxStep=0, projected=11, target=11, delta=0
Carousel fling: raw=0.0px/s, effective=0.0px/s, itemExtent=52.45, speed=0.00 items/s, band=nearest, maxStep=0, projected=100000, target=100000, delta=0
Carousel fling: raw=0.0px/s, effective=0.0px/s, itemExtent=52.45, speed=0.00 items/s, band=nearest, maxStep=0, projected=100000, target=100000, delta=0
Carousel fling: raw=0.0px/s, effective=0.0px/s, itemExtent=52.45, speed=0.00 items/s, band=nearest, maxStep=0, projected=6, target=6, delta=0
Carousel fling: raw=0.0px/s, effective=0.0px/s, itemExtent=52.45, speed=0.00 items/s, band=nearest, maxStep=0, projected=11, target=11, delta=0
02:29 +289: /data/data/com.termux/files/home/ubuntu/flutteruser/flutterapps/fluvi-avatar-target-liveness-codex-20260909/test/features/dashboard/presentation/dashboard_avatar_target_liveness_test.dart: AVL persistent real CoreDashboard nonempty Avatar final-target liveness without Time scenario=persistent20cycles
Carousel fling: raw=0.0px/s, effective=0.0px/s, itemExtent=58.00, speed=0.00 items/s, band=nearest, maxStep=0, projected=100008, target=100008, delta=0
02:29 +289: /data/data/com.termux/files/home/ubuntu/flutteruser/flutterapps/fluvi-avatar-target-liveness-codex-20260909/test/features/dashboard/presentation/dashboard_rebuild_isolation_test.dart: structural dashboard changes preserve the rail controller, position and physics
Carousel fling: raw=0.0px/s, effective=0.0px/s, itemExtent=52.45, speed=0.00 items/s, band=nearest, maxStep=0, projected=11, target=11, delta=0
Carousel fling: raw=0.0px/s, effective=0.0px/s, itemExtent=52.45, speed=0.00 items/s, band=nearest, maxStep=0, projected=11, target=11, delta=0
02:29 +289: /data/data/com.termux/files/home/ubuntu/flutteruser/flutterapps/fluvi-avatar-target-liveness-codex-20260909/test/features/dashboard/presentation/dashboard_avatar_target_liveness_test.dart: AVL persistent real CoreDashboard nonempty Avatar final-target liveness without Time scenario=persistent20cycles
Carousel fling: raw=0.0px/s, effective=0.0px/s, itemExtent=77.20, speed=0.00 items/s, band=nearest, maxStep=0, projected=100000, target=100000, delta=0
02:30 +289: /data/data/com.termux/files/home/ubuntu/flutteruser/flutterapps/fluvi-avatar-target-liveness-codex-20260909/test/features/dashboard/presentation/dashboard_rebuild_isolation_test.dart: structural dashboard changes preserve the rail controller, position and physics
Carousel fling: raw=0.0px/s, effective=0.0px/s, itemExtent=52.45, speed=0.00 items/s, band=nearest, maxStep=0, projected=100000, target=100000, delta=0
Carousel fling: raw=0.0px/s, effective=0.0px/s, itemExtent=52.45, speed=0.00 items/s, band=nearest, maxStep=0, projected=100000, target=100000, delta=0
02:30 +289: /data/data/com.termux/files/home/ubuntu/flutteruser/flutterapps/fluvi-avatar-target-liveness-codex-20260909/test/features/dashboard/presentation/dashboard_avatar_target_liveness_test.dart: AVL persistent real CoreDashboard nonempty Avatar final-target liveness without Time scenario=persistent20cycles
Carousel fling: raw=-2400.0px/s, effective=-1584.0px/s, itemExtent=58.00, speed=-27.31 items/s, band=max-5, maxStep=5, projected=99992, target=100000, delta=-5
Carousel snap: stiffness=340.0, settle=1024ms
02:30 +289: /data/data/com.termux/files/home/ubuntu/flutteruser/flutterapps/fluvi-avatar-target-liveness-codex-20260909/test/features/dashboard/presentation/dashboard_rebuild_isolation_test.dart: structural dashboard changes preserve the rail controller, position and physics
Carousel fling: raw=0.0px/s, effective=0.0px/s, itemExtent=52.45, speed=0.00 items/s, band=nearest, maxStep=0, projected=6, target=6, delta=0
Carousel fling: raw=0.0px/s, effective=0.0px/s, itemExtent=52.45, speed=0.00 items/s, band=nearest, maxStep=0, projected=11, target=11, delta=0
Carousel fling: raw=0.0px/s, effective=0.0px/s, itemExtent=52.45, speed=0.00 items/s, band=nearest, maxStep=0, projected=11, target=11, delta=0
Carousel fling: raw=0.0px/s, effective=0.0px/s, itemExtent=52.45, speed=0.00 items/s, band=nearest, maxStep=0, projected=11, target=11, delta=0
Carousel fling: raw=0.0px/s, effective=0.0px/s, itemExtent=52.45, speed=0.00 items/s, band=nearest, maxStep=0, projected=100000, target=100000, delta=0
02:31 +290: /data/data/com.termux/files/home/ubuntu/flutteruser/flutterapps/fluvi-avatar-target-liveness-codex-20260909/test/features/dashboard/presentation/dashboard_avatar_target_liveness_test.dart: AVL persistent real CoreDashboard nonempty Avatar final-target liveness without Time scenario=persistent20cycles
Carousel fling: raw=0.0px/s, effective=0.0px/s, itemExtent=58.00, speed=0.00 items/s, band=nearest, maxStep=0, projected=100000, target=100000, delta=0
Carousel fling: raw=0.0px/s, effective=0.0px/s, itemExtent=77.20, speed=0.00 items/s, band=nearest, maxStep=0, projected=100000, target=100000, delta=0
02:32 +291: /data/data/com.termux/files/home/ubuntu/flutteruser/flutterapps/fluvi-avatar-target-liveness-codex-20260909/test/features/dashboard/application/dashboard_core_query_application_test.dart: RED: a seven-target chip hotset defers clear-all before its Query index build
02:33 +292: /data/data/com.termux/files/home/ubuntu/flutteruser/flutterapps/fluvi-avatar-target-liveness-codex-20260909/test/features/dashboard/application/dashboard_core_query_application_test.dart: RED: a seven-target chip hotset defers clear-all before its Query index build
02:33 +293: /data/data/com.termux/files/home/ubuntu/flutteruser/flutterapps/fluvi-avatar-target-liveness-codex-20260909/test/features/dashboard/application/dashboard_core_query_application_test.dart: RED: a seven-target chip hotset defers clear-all before its Query index build
02:33 +294: /data/data/com.termux/files/home/ubuntu/flutteruser/flutterapps/fluvi-avatar-target-liveness-codex-20260909/test/features/dashboard/application/dashboard_core_query_application_test.dart: RED: a seven-target chip hotset defers clear-all before its Query index build
02:33 +295: /data/data/com.termux/files/home/ubuntu/flutteruser/flutterapps/fluvi-avatar-target-liveness-codex-20260909/test/features/dashboard/application/dashboard_core_query_application_test.dart: RED: a seven-target chip hotset defers clear-all before its Query index build
02:35 +296: /data/data/com.termux/files/home/ubuntu/flutteruser/flutterapps/fluvi-avatar-target-liveness-codex-20260909/test/features/dashboard/application/dashboard_core_query_application_test.dart: RED: a seven-target chip hotset defers clear-all before its Query index build
02:35 +297: /data/data/com.termux/files/home/ubuntu/flutteruser/flutterapps/fluvi-avatar-target-liveness-codex-20260909/test/features/dashboard/application/dashboard_core_query_application_test.dart: RED: a seven-target chip hotset defers clear-all before its Query index build
02:35 +298: /data/data/com.termux/files/home/ubuntu/flutteruser/flutterapps/fluvi-avatar-target-liveness-codex-20260909/test/features/dashboard/application/dashboard_core_query_application_test.dart: RED: a seven-target chip hotset defers clear-all before its Query index build
02:35 +298: /data/data/com.termux/files/home/ubuntu/flutteruser/flutterapps/fluvi-avatar-target-liveness-codex-20260909/test/features/dashboard/presentation/dashboard_avatar_target_liveness_test.dart: AVL persistent real CoreDashboard nonempty Avatar final-target liveness without Time scenario=sparse
Carousel fling: raw=0.0px/s, effective=0.0px/s, itemExtent=58.00, speed=0.00 items/s, band=nearest, maxStep=0, projected=0, target=0, delta=0
Carousel fling: raw=0.0px/s, effective=0.0px/s, itemExtent=77.20, speed=0.00 items/s, band=nearest, maxStep=0, projected=0, target=0, delta=0
Carousel fling: raw=0.0px/s, effective=0.0px/s, itemExtent=58.00, speed=0.00 items/s, band=nearest, maxStep=0, projected=100000, target=100000, delta=0
Carousel fling: raw=0.0px/s, effective=0.0px/s, itemExtent=77.20, speed=0.00 items/s, band=nearest, maxStep=0, projected=100000, target=100000, delta=0
Carousel fling: raw=2400.0px/s, effective=1584.0px/s, itemExtent=58.00, speed=27.31 items/s, band=max-5, maxStep=5, projected=100016, target=100008, delta=5
Carousel snap: stiffness=340.0, settle=1024ms
02:37 +299: /data/data/com.termux/files/home/ubuntu/flutteruser/flutterapps/fluvi-avatar-target-liveness-codex-20260909/test/features/dashboard/application/dashboard_core_query_application_test.dart: RED: a seven-target chip hotset defers clear-all before its Query index build
02:37 +300: /data/data/com.termux/files/home/ubuntu/flutteruser/flutterapps/fluvi-avatar-target-liveness-codex-20260909/test/features/dashboard/application/dashboard_core_query_application_test.dart: RED: a seven-target chip hotset defers clear-all before its Query index build
02:37 +301: /data/data/com.termux/files/home/ubuntu/flutteruser/flutterapps/fluvi-avatar-target-liveness-codex-20260909/test/features/dashboard/application/dashboard_core_query_application_test.dart: RED: a seven-target chip hotset defers clear-all before its Query index build
02:37 +302: /data/data/com.termux/files/home/ubuntu/flutteruser/flutterapps/fluvi-avatar-target-liveness-codex-20260909/test/features/dashboard/application/dashboard_core_query_application_test.dart: RED: a seven-target chip hotset defers clear-all before its Query index build
02:37 +303: /data/data/com.termux/files/home/ubuntu/flutteruser/flutterapps/fluvi-avatar-target-liveness-codex-20260909/test/features/dashboard/application/dashboard_core_query_application_test.dart: RED: a seven-target chip hotset defers clear-all before its Query index build
02:37 +304: /data/data/com.termux/files/home/ubuntu/flutteruser/flutterapps/fluvi-avatar-target-liveness-codex-20260909/test/features/dashboard/application/dashboard_core_query_application_test.dart: RED: a seven-target chip hotset defers clear-all before its Query index build
02:37 +305: /data/data/com.termux/files/home/ubuntu/flutteruser/flutterapps/fluvi-avatar-target-liveness-codex-20260909/test/features/dashboard/application/dashboard_core_query_application_test.dart: RED: a seven-target chip hotset defers clear-all before its Query index build
02:37 +306: /data/data/com.termux/files/home/ubuntu/flutteruser/flutterapps/fluvi-avatar-target-liveness-codex-20260909/test/features/dashboard/application/dashboard_core_query_application_test.dart: RED: a seven-target chip hotset defers clear-all before its Query index build
02:37 +307: /data/data/com.termux/files/home/ubuntu/flutteruser/flutterapps/fluvi-avatar-target-liveness-codex-20260909/test/features/dashboard/application/dashboard_core_query_application_test.dart: RED: a seven-target chip hotset defers clear-all before its Query index build
02:37 +308: /data/data/com.termux/files/home/ubuntu/flutteruser/flutterapps/fluvi-avatar-target-liveness-codex-20260909/test/features/dashboard/application/dashboard_core_query_application_test.dart: RED: a seven-target chip hotset defers clear-all before its Query index build
02:37 +309: /data/data/com.termux/files/home/ubuntu/flutteruser/flutterapps/fluvi-avatar-target-liveness-codex-20260909/test/features/dashboard/application/dashboard_core_query_application_test.dart: RED: a seven-target chip hotset defers clear-all before its Query index build
02:37 +310: /data/data/com.termux/files/home/ubuntu/flutteruser/flutterapps/fluvi-avatar-target-liveness-codex-20260909/test/features/dashboard/application/dashboard_core_query_application_test.dart: RED: a seven-target chip hotset defers clear-all before its Query index build
02:37 +311: /data/data/com.termux/files/home/ubuntu/flutteruser/flutterapps/fluvi-avatar-target-liveness-codex-20260909/test/features/dashboard/application/dashboard_core_query_application_test.dart: RED: a seven-target chip hotset defers clear-all before its Query index build
02:37 +312: /data/data/com.termux/files/home/ubuntu/flutteruser/flutterapps/fluvi-avatar-target-liveness-codex-20260909/test/features/dashboard/application/dashboard_core_query_application_test.dart: RED: a seven-target chip hotset defers clear-all before its Query index build
02:38 +313: /data/data/com.termux/files/home/ubuntu/flutteruser/flutterapps/fluvi-avatar-target-liveness-codex-20260909/test/features/dashboard/application/dashboard_core_query_application_test.dart: RED: a seven-target chip hotset defers clear-all before its Query index build
02:38 +314: /data/data/com.termux/files/home/ubuntu/flutteruser/flutterapps/fluvi-avatar-target-liveness-codex-20260909/test/features/dashboard/application/dashboard_core_query_application_test.dart: RED: a seven-target chip hotset defers clear-all before its Query index build
02:38 +314: /data/data/com.termux/files/home/ubuntu/flutteruser/flutterapps/fluvi-avatar-target-liveness-codex-20260909/test/features/dashboard/presentation/dashboard_avatar_target_liveness_test.dart: AVL persistent real CoreDashboard nonempty Avatar final-target liveness without Time scenario=sparse
Carousel fling: raw=0.0px/s, effective=0.0px/s, itemExtent=58.00, speed=0.00 items/s, band=nearest, maxStep=0, projected=100008, target=100008, delta=0
02:38 +315: /data/data/com.termux/files/home/ubuntu/flutteruser/flutterapps/fluvi-avatar-target-liveness-codex-20260909/test/features/dashboard/application/dashboard_core_query_application_test.dart: RED: a seven-target chip hotset defers clear-all before its Query index build
02:38 +316: /data/data/com.termux/files/home/ubuntu/flutteruser/flutterapps/fluvi-avatar-target-liveness-codex-20260909/test/features/dashboard/application/dashboard_core_query_application_test.dart: RED: a seven-target chip hotset defers clear-all before its Query index build
02:38 +316: /data/data/com.termux/files/home/ubuntu/flutteruser/flutterapps/fluvi-avatar-target-liveness-codex-20260909/test/features/dashboard/presentation/dashboard_avatar_target_liveness_test.dart: AVL persistent real CoreDashboard nonempty Avatar final-target liveness without Time scenario=sparse
Carousel fling: raw=0.0px/s, effective=0.0px/s, itemExtent=77.20, speed=0.00 items/s, band=nearest, maxStep=0, projected=100000, target=100000, delta=0
02:38 +317: /data/data/com.termux/files/home/ubuntu/flutteruser/flutterapps/fluvi-avatar-target-liveness-codex-20260909/test/features/dashboard/application/dashboard_core_query_application_test.dart: RED: a seven-target chip hotset defers clear-all before its Query index build
02:38 +318: /data/data/com.termux/files/home/ubuntu/flutteruser/flutterapps/fluvi-avatar-target-liveness-codex-20260909/test/features/dashboard/application/dashboard_core_query_application_test.dart: RED: a seven-target chip hotset defers clear-all before its Query index build
02:38 +319: /data/data/com.termux/files/home/ubuntu/flutteruser/flutterapps/fluvi-avatar-target-liveness-codex-20260909/test/features/dashboard/application/dashboard_core_query_application_test.dart: RED: a seven-target chip hotset defers clear-all before its Query index build
02:38 +320: /data/data/com.termux/files/home/ubuntu/flutteruser/flutterapps/fluvi-avatar-target-liveness-codex-20260909/test/features/dashboard/application/dashboard_core_query_application_test.dart: RED: a seven-target chip hotset defers clear-all before its Query index build
02:38 +321: /data/data/com.termux/files/home/ubuntu/flutteruser/flutterapps/fluvi-avatar-target-liveness-codex-20260909/test/features/dashboard/application/dashboard_core_query_application_test.dart: RED: a seven-target chip hotset defers clear-all before its Query index build
02:38 +322: /data/data/com.termux/files/home/ubuntu/flutteruser/flutterapps/fluvi-avatar-target-liveness-codex-20260909/test/features/dashboard/application/dashboard_core_query_application_test.dart: RED: a seven-target chip hotset defers clear-all before its Query index build
02:38 +323: /data/data/com.termux/files/home/ubuntu/flutteruser/flutterapps/fluvi-avatar-target-liveness-codex-20260909/test/features/dashboard/application/dashboard_core_query_application_test.dart: RED: a seven-target chip hotset defers clear-all before its Query index build
02:38 +324: /data/data/com.termux/files/home/ubuntu/flutteruser/flutterapps/fluvi-avatar-target-liveness-codex-20260909/test/features/dashboard/application/dashboard_core_query_application_test.dart: RED: a seven-target chip hotset defers clear-all before its Query index build
02:38 +325: /data/data/com.termux/files/home/ubuntu/flutteruser/flutterapps/fluvi-avatar-target-liveness-codex-20260909/test/features/dashboard/application/dashboard_core_query_application_test.dart: RED: a seven-target chip hotset defers clear-all before its Query index build
02:38 +326: /data/data/com.termux/files/home/ubuntu/flutteruser/flutterapps/fluvi-avatar-target-liveness-codex-20260909/test/features/dashboard/application/dashboard_core_query_application_test.dart: RED: a seven-target chip hotset defers clear-all before its Query index build
02:38 +327: /data/data/com.termux/files/home/ubuntu/flutteruser/flutterapps/fluvi-avatar-target-liveness-codex-20260909/test/features/dashboard/application/dashboard_core_query_application_test.dart: RED: a seven-target chip hotset defers clear-all before its Query index build
02:38 +328: /data/data/com.termux/files/home/ubuntu/flutteruser/flutterapps/fluvi-avatar-target-liveness-codex-20260909/test/features/dashboard/application/dashboard_core_query_application_test.dart: RED: a seven-target chip hotset defers clear-all before its Query index build
02:38 +329: /data/data/com.termux/files/home/ubuntu/flutteruser/flutterapps/fluvi-avatar-target-liveness-codex-20260909/test/features/dashboard/application/dashboard_core_query_application_test.dart: RED: a seven-target chip hotset defers clear-all before its Query index build
02:38 +329: /data/data/com.termux/files/home/ubuntu/flutteruser/flutterapps/fluvi-avatar-target-liveness-codex-20260909/test/features/dashboard/presentation/dashboard_avatar_target_liveness_test.dart: AVL persistent real CoreDashboard nonempty Avatar final-target liveness without Time scenario=sparse
Carousel fling: raw=-2400.0px/s, effective=-1584.0px/s, itemExtent=58.00, speed=-27.31 items/s, band=max-5, maxStep=5, projected=99992, target=100000, delta=-5
Carousel snap: stiffness=340.0, settle=1024ms
02:39 +330: /data/data/com.termux/files/home/ubuntu/flutteruser/flutterapps/fluvi-avatar-target-liveness-codex-20260909/test/features/dashboard/presentation/dashboard_avatar_target_liveness_test.dart: AVL persistent real CoreDashboard nonempty Avatar final-target liveness without Time scenario=sparse
Carousel fling: raw=0.0px/s, effective=0.0px/s, itemExtent=58.00, speed=0.00 items/s, band=nearest, maxStep=0, projected=100000, target=100000, delta=0
Carousel fling: raw=0.0px/s, effective=0.0px/s, itemExtent=77.20, speed=0.00 items/s, band=nearest, maxStep=0, projected=100000, target=100000, delta=0
Carousel fling: raw=2400.0px/s, effective=1584.0px/s, itemExtent=58.00, speed=27.31 items/s, band=max-5, maxStep=5, projected=100016, target=100008, delta=5
Carousel snap: stiffness=340.0, settle=1024ms
Carousel fling: raw=0.0px/s, effective=0.0px/s, itemExtent=58.00, speed=0.00 items/s, band=nearest, maxStep=0, projected=100008, target=100008, delta=0
Carousel fling: raw=0.0px/s, effective=0.0px/s, itemExtent=77.20, speed=0.00 items/s, band=nearest, maxStep=0, projected=100000, target=100000, delta=0
Carousel fling: raw=-2400.0px/s, effective=-1584.0px/s, itemExtent=58.00, speed=-27.31 items/s, band=max-5, maxStep=5, projected=99992, target=100000, delta=-5
Carousel snap: stiffness=340.0, settle=1024ms
02:43 +331: /data/data/com.termux/files/home/ubuntu/flutteruser/flutterapps/fluvi-avatar-target-liveness-codex-20260909/test/features/dashboard/presentation/dashboard_avatar_target_liveness_test.dart: AVL persistent real CoreDashboard nonempty Avatar final-target liveness without Time scenario=sparse
02:43 +332: /data/data/com.termux/files/home/ubuntu/flutteruser/flutterapps/fluvi-avatar-target-liveness-codex-20260909/test/features/dashboard/presentation/dashboard_avatar_target_liveness_test.dart: AVL persistent real CoreDashboard nonempty Avatar final-target liveness without Time scenario=sparse
Carousel fling: raw=0.0px/s, effective=0.0px/s, itemExtent=58.00, speed=0.00 items/s, band=nearest, maxStep=0, projected=100000, target=100000, delta=0
Carousel fling: raw=0.0px/s, effective=0.0px/s, itemExtent=77.20, speed=0.00 items/s, band=nearest, maxStep=0, projected=100000, target=100000, delta=0
02:44 +333: /data/data/com.termux/files/home/ubuntu/flutteruser/flutterapps/fluvi-avatar-target-liveness-codex-20260909/test/features/dashboard/application/dashboard_core_query_application_test.dart: a deferred clear-all candidate is foreground-admitted once and then reused
02:44 +334: /data/data/com.termux/files/home/ubuntu/flutteruser/flutterapps/fluvi-avatar-target-liveness-codex-20260909/test/features/dashboard/presentation/dashboard_avatar_target_liveness_test.dart: AVL physical startup sequence 3 2 1 0 8 7 6 scenario=month
Carousel fling: raw=0.0px/s, effective=0.0px/s, itemExtent=58.00, speed=0.00 items/s, band=nearest, maxStep=0, projected=0, target=0, delta=0
Carousel fling: raw=0.0px/s, effective=0.0px/s, itemExtent=77.20, speed=0.00 items/s, band=nearest, maxStep=0, projected=0, target=0, delta=0
Carousel fling: raw=0.0px/s, effective=0.0px/s, itemExtent=58.00, speed=0.00 items/s, band=nearest, maxStep=0, projected=100000, target=100000, delta=0
Carousel fling: raw=0.0px/s, effective=0.0px/s, itemExtent=77.20, speed=0.00 items/s, band=nearest, maxStep=0, projected=100000, target=100000, delta=0
Carousel fling: raw=-0.0px/s, effective=-0.0px/s, itemExtent=58.00, speed=-0.00 items/s, band=nearest, maxStep=0, projected=100003, target=100003, delta=0
Carousel fling: raw=0.0px/s, effective=0.0px/s, itemExtent=77.20, speed=0.00 items/s, band=nearest, maxStep=0, projected=100000, target=100000, delta=0
Carousel fling: raw=-0.0px/s, effective=-0.0px/s, itemExtent=58.00, speed=-0.00 items/s, band=nearest, maxStep=0, projected=100002, target=100002, delta=0
Carousel fling: raw=0.0px/s, effective=0.0px/s, itemExtent=77.20, speed=0.00 items/s, band=nearest, maxStep=0, projected=100000, target=100000, delta=0
Carousel fling: raw=-0.0px/s, effective=-0.0px/s, itemExtent=58.00, speed=-0.00 items/s, band=nearest, maxStep=0, projected=100001, target=100001, delta=0
Carousel fling: raw=0.0px/s, effective=0.0px/s, itemExtent=77.20, speed=0.00 items/s, band=nearest, maxStep=0, projected=100000, target=100000, delta=0
Carousel fling: raw=-0.0px/s, effective=-0.0px/s, itemExtent=58.00, speed=-0.00 items/s, band=nearest, maxStep=0, projected=100000, target=100000, delta=0
Carousel fling: raw=0.0px/s, effective=0.0px/s, itemExtent=77.20, speed=0.00 items/s, band=nearest, maxStep=0, projected=100000, target=100000, delta=0
Carousel fling: raw=-0.0px/s, effective=-0.0px/s, itemExtent=58.00, speed=-0.00 items/s, band=nearest, maxStep=0, projected=99999, target=99999, delta=0
Carousel fling: raw=0.0px/s, effective=0.0px/s, itemExtent=77.20, speed=0.00 items/s, band=nearest, maxStep=0, projected=100000, target=100000, delta=0
Carousel fling: raw=-0.0px/s, effective=-0.0px/s, itemExtent=58.00, speed=-0.00 items/s, band=nearest, maxStep=0, projected=99998, target=99998, delta=0
Carousel fling: raw=0.0px/s, effective=0.0px/s, itemExtent=77.20, speed=0.00 items/s, band=nearest, maxStep=0, projected=100000, target=100000, delta=0
Carousel fling: raw=-0.0px/s, effective=-0.0px/s, itemExtent=58.00, speed=-0.00 items/s, band=nearest, maxStep=0, projected=99997, target=99997, delta=0
Carousel fling: raw=0.0px/s, effective=0.0px/s, itemExtent=77.20, speed=0.00 items/s, band=nearest, maxStep=0, projected=100000, target=100000, delta=0
02:53 +335: /data/data/com.termux/files/home/ubuntu/flutteruser/flutterapps/fluvi-avatar-target-liveness-codex-20260909/test/features/dashboard/application/dashboard_core_query_application_test.dart: five applied category chips retain every removal target plus clear-all
02:55 +335: /data/data/com.termux/files/home/ubuntu/flutteruser/flutterapps/fluvi-avatar-target-liveness-codex-20260909/test/features/dashboard/presentation/dashboard_avatar_target_liveness_test.dart: AVL physical startup sequence 3 2 1 0 8 7 6 scenario=monthTimeControl
Carousel fling: raw=0.0px/s, effective=0.0px/s, itemExtent=58.00, speed=0.00 items/s, band=nearest, maxStep=0, projected=0, target=0, delta=0
Carousel fling: raw=0.0px/s, effective=0.0px/s, itemExtent=77.20, speed=0.00 items/s, band=nearest, maxStep=0, projected=0, target=0, delta=0
Carousel fling: raw=0.0px/s, effective=0.0px/s, itemExtent=58.00, speed=0.00 items/s, band=nearest, maxStep=0, projected=100000, target=100000, delta=0
Carousel fling: raw=0.0px/s, effective=0.0px/s, itemExtent=77.20, speed=0.00 items/s, band=nearest, maxStep=0, projected=100000, target=100000, delta=0
Carousel fling: raw=-0.0px/s, effective=-0.0px/s, itemExtent=58.00, speed=-0.00 items/s, band=nearest, maxStep=0, projected=100003, target=100003, delta=0
Carousel fling: raw=0.0px/s, effective=0.0px/s, itemExtent=77.20, speed=0.00 items/s, band=nearest, maxStep=0, projected=100000, target=100000, delta=0
Carousel fling: raw=-0.0px/s, effective=-0.0px/s, itemExtent=58.00, speed=-0.00 items/s, band=nearest, maxStep=0, projected=100002, target=100002, delta=0
Carousel fling: raw=0.0px/s, effective=0.0px/s, itemExtent=77.20, speed=0.00 items/s, band=nearest, maxStep=0, projected=100000, target=100000, delta=0
02:58 +336: /data/data/com.termux/files/home/ubuntu/flutteruser/flutterapps/fluvi-avatar-target-liveness-codex-20260909/test/features/dashboard/presentation/dashboard_avatar_target_liveness_test.dart: AVL physical startup sequence 3 2 1 0 8 7 6 scenario=monthTimeControl
Carousel fling: raw=-0.0px/s, effective=-0.0px/s, itemExtent=58.00, speed=-0.00 items/s, band=nearest, maxStep=0, projected=100001, target=100001, delta=0
Carousel fling: raw=0.0px/s, effective=0.0px/s, itemExtent=77.20, speed=0.00 items/s, band=nearest, maxStep=0, projected=100000, target=100000, delta=0
Carousel fling: raw=-0.0px/s, effective=-0.0px/s, itemExtent=58.00, speed=-0.00 items/s, band=nearest, maxStep=0, projected=100000, target=100000, delta=0
Carousel fling: raw=0.0px/s, effective=0.0px/s, itemExtent=77.20, speed=0.00 items/s, band=nearest, maxStep=0, projected=100000, target=100000, delta=0
Carousel fling: raw=-0.0px/s, effective=-0.0px/s, itemExtent=58.00, speed=-0.00 items/s, band=nearest, maxStep=0, projected=99999, target=99999, delta=0
Carousel fling: raw=0.0px/s, effective=0.0px/s, itemExtent=77.20, speed=0.00 items/s, band=nearest, maxStep=0, projected=100000, target=100000, delta=0
Carousel fling: raw=-0.0px/s, effective=-0.0px/s, itemExtent=58.00, speed=-0.00 items/s, band=nearest, maxStep=0, projected=99998, target=99998, delta=0
Carousel fling: raw=0.0px/s, effective=0.0px/s, itemExtent=77.20, speed=0.00 items/s, band=nearest, maxStep=0, projected=100000, target=100000, delta=0
Carousel fling: raw=-0.0px/s, effective=-0.0px/s, itemExtent=58.00, speed=-0.00 items/s, band=nearest, maxStep=0, projected=99997, target=99997, delta=0
Carousel fling: raw=0.0px/s, effective=0.0px/s, itemExtent=77.20, speed=0.00 items/s, band=nearest, maxStep=0, projected=100000, target=100000, delta=0
Carousel fling: raw=-0.0px/s, effective=-0.0px/s, itemExtent=58.00, speed=-0.00 items/s, band=nearest, maxStep=0, projected=99994, target=99994, delta=0
Carousel fling: raw=0.0px/s, effective=0.0px/s, itemExtent=77.20, speed=0.00 items/s, band=nearest, maxStep=0, projected=100000, target=100000, delta=0
Carousel fling: raw=-0.0px/s, effective=-0.0px/s, itemExtent=58.00, speed=-0.00 items/s, band=nearest, maxStep=0, projected=99993, target=99993, delta=0
Carousel fling: raw=0.0px/s, effective=0.0px/s, itemExtent=77.20, speed=0.00 items/s, band=nearest, maxStep=0, projected=100000, target=100000, delta=0
Carousel fling: raw=-0.0px/s, effective=-0.0px/s, itemExtent=58.00, speed=-0.00 items/s, band=nearest, maxStep=0, projected=99992, target=99992, delta=0
Carousel fling: raw=0.0px/s, effective=0.0px/s, itemExtent=77.20, speed=0.00 items/s, band=nearest, maxStep=0, projected=100000, target=100000, delta=0
Carousel fling: raw=-0.0px/s, effective=-0.0px/s, itemExtent=58.00, speed=-0.00 items/s, band=nearest, maxStep=0, projected=99991, target=99991, delta=0
Carousel fling: raw=0.0px/s, effective=0.0px/s, itemExtent=77.20, speed=0.00 items/s, band=nearest, maxStep=0, projected=100000, target=100000, delta=0
Carousel fling: raw=-0.0px/s, effective=-0.0px/s, itemExtent=58.00, speed=-0.00 items/s, band=nearest, maxStep=0, projected=99990, target=99990, delta=0
Carousel fling: raw=0.0px/s, effective=0.0px/s, itemExtent=77.20, speed=0.00 items/s, band=nearest, maxStep=0, projected=100000, target=100000, delta=0
Carousel fling: raw=-0.0px/s, effective=-0.0px/s, itemExtent=58.00, speed=-0.00 items/s, band=nearest, maxStep=0, projected=99989, target=99989, delta=0
Carousel fling: raw=0.0px/s, effective=0.0px/s, itemExtent=77.20, speed=0.00 items/s, band=nearest, maxStep=0, projected=100000, target=100000, delta=0
Carousel fling: raw=-0.0px/s, effective=-0.0px/s, itemExtent=58.00, speed=-0.00 items/s, band=nearest, maxStep=0, projected=99988, target=99988, delta=0
Carousel fling: raw=0.0px/s, effective=0.0px/s, itemExtent=77.20, speed=0.00 items/s, band=nearest, maxStep=0, projected=100000, target=100000, delta=0
03:06 +337: /data/data/com.termux/files/home/ubuntu/flutteruser/flutterapps/fluvi-avatar-target-liveness-codex-20260909/test/features/dashboard/application/dashboard_core_query_application_test.dart: an editor foreground candidate displaces a full applied chip hotset and activates
03:08 +337: /data/data/com.termux/files/home/ubuntu/flutteruser/flutterapps/fluvi-avatar-target-liveness-codex-20260909/test/features/dashboard/presentation/dashboard_avatar_target_liveness_test.dart: AVL physical startup sequence 3 2 1 0 8 7 6 scenario=day
Carousel fling: raw=0.0px/s, effective=0.0px/s, itemExtent=58.00, speed=0.00 items/s, band=nearest, maxStep=0, projected=0, target=0, delta=0
Carousel fling: raw=0.0px/s, effective=0.0px/s, itemExtent=77.20, speed=0.00 items/s, band=nearest, maxStep=0, projected=0, target=0, delta=0
Carousel fling: raw=0.0px/s, effective=0.0px/s, itemExtent=58.00, speed=0.00 items/s, band=nearest, maxStep=0, projected=100000, target=100000, delta=0
Carousel fling: raw=0.0px/s, effective=0.0px/s, itemExtent=77.20, speed=0.00 items/s, band=nearest, maxStep=0, projected=100000, target=100000, delta=0
Carousel fling: raw=-0.0px/s, effective=-0.0px/s, itemExtent=58.00, speed=-0.00 items/s, band=nearest, maxStep=0, projected=100003, target=100003, delta=0
Carousel fling: raw=0.0px/s, effective=0.0px/s, itemExtent=77.20, speed=0.00 items/s, band=nearest, maxStep=0, projected=100000, target=100000, delta=0
03:10 +338: /data/data/com.termux/files/home/ubuntu/flutteruser/flutterapps/fluvi-avatar-target-liveness-codex-20260909/test/features/dashboard/presentation/dashboard_avatar_target_liveness_test.dart: AVL physical startup sequence 3 2 1 0 8 7 6 scenario=day
Carousel fling: raw=-0.0px/s, effective=-0.0px/s, itemExtent=58.00, speed=-0.00 items/s, band=nearest, maxStep=0, projected=100002, target=100002, delta=0
Carousel fling: raw=0.0px/s, effective=0.0px/s, itemExtent=77.20, speed=0.00 items/s, band=nearest, maxStep=0, projected=100000, target=100000, delta=0
Carousel fling: raw=-0.0px/s, effective=-0.0px/s, itemExtent=58.00, speed=-0.00 items/s, band=nearest, maxStep=0, projected=100001, target=100001, delta=0
Carousel fling: raw=0.0px/s, effective=0.0px/s, itemExtent=77.20, speed=0.00 items/s, band=nearest, maxStep=0, projected=100000, target=100000, delta=0
Carousel fling: raw=-0.0px/s, effective=-0.0px/s, itemExtent=58.00, speed=-0.00 items/s, band=nearest, maxStep=0, projected=100000, target=100000, delta=0
Carousel fling: raw=0.0px/s, effective=0.0px/s, itemExtent=77.20, speed=0.00 items/s, band=nearest, maxStep=0, projected=100000, target=100000, delta=0
Carousel fling: raw=-0.0px/s, effective=-0.0px/s, itemExtent=58.00, speed=-0.00 items/s, band=nearest, maxStep=0, projected=99999, target=99999, delta=0
Carousel fling: raw=0.0px/s, effective=0.0px/s, itemExtent=77.20, speed=0.00 items/s, band=nearest, maxStep=0, projected=100000, target=100000, delta=0
Carousel fling: raw=-0.0px/s, effective=-0.0px/s, itemExtent=58.00, speed=-0.00 items/s, band=nearest, maxStep=0, projected=99998, target=99998, delta=0
Carousel fling: raw=0.0px/s, effective=0.0px/s, itemExtent=77.20, speed=0.00 items/s, band=nearest, maxStep=0, projected=100000, target=100000, delta=0
Carousel fling: raw=-0.0px/s, effective=-0.0px/s, itemExtent=58.00, speed=-0.00 items/s, band=nearest, maxStep=0, projected=99997, target=99997, delta=0
Carousel fling: raw=0.0px/s, effective=0.0px/s, itemExtent=77.20, speed=0.00 items/s, band=nearest, maxStep=0, projected=100000, target=100000, delta=0
03:16 +339: /data/data/com.termux/files/home/ubuntu/flutteruser/flutterapps/fluvi-avatar-target-liveness-codex-20260909/test/features/dashboard/application/dashboard_core_query_application_test.dart: direction commit replaces the protected chip hotset before an Income editor stages
03:18 +339: /data/data/com.termux/files/home/ubuntu/flutteruser/flutterapps/fluvi-avatar-target-liveness-codex-20260909/test/features/dashboard/presentation/dashboard_avatar_target_liveness_test.dart: AVL earlier target 1 paints before final physical target 8 exact binder miss
Carousel fling: raw=0.0px/s, effective=0.0px/s, itemExtent=58.00, speed=0.00 items/s, band=nearest, maxStep=0, projected=0, target=0, delta=0
Carousel fling: raw=0.0px/s, effective=0.0px/s, itemExtent=77.20, speed=0.00 items/s, band=nearest, maxStep=0, projected=0, target=0, delta=0
Carousel fling: raw=0.0px/s, effective=0.0px/s, itemExtent=58.00, speed=0.00 items/s, band=nearest, maxStep=0, projected=100000, target=100000, delta=0
Carousel fling: raw=0.0px/s, effective=0.0px/s, itemExtent=77.20, speed=0.00 items/s, band=nearest, maxStep=0, projected=100000, target=100000, delta=0
Carousel fling: raw=-0.0px/s, effective=-0.0px/s, itemExtent=58.00, speed=-0.00 items/s, band=nearest, maxStep=0, projected=99999, target=99999, delta=0
Carousel fling: raw=0.0px/s, effective=0.0px/s, itemExtent=77.20, speed=0.00 items/s, band=nearest, maxStep=0, projected=100000, target=100000, delta=0
03:19 +340: /data/data/com.termux/files/home/ubuntu/flutteruser/flutterapps/fluvi-avatar-target-liveness-codex-20260909/test/features/dashboard/application/dashboard_core_query_application_test.dart: direction commit replaces the protected chip hotset before an Income editor stages
03:21 +340: /data/data/com.termux/files/home/ubuntu/flutteruser/flutterapps/fluvi-avatar-target-liveness-codex-20260909/test/features/dashboard/presentation/dashboard_avatar_target_liveness_test.dart: AVL retained painted target 1 yields to cold final 8 after real resource replacement
Carousel fling: raw=0.0px/s, effective=0.0px/s, itemExtent=58.00, speed=0.00 items/s, band=nearest, maxStep=0, projected=0, target=0, delta=0
Carousel fling: raw=0.0px/s, effective=0.0px/s, itemExtent=77.20, speed=0.00 items/s, band=nearest, maxStep=0, projected=0, target=0, delta=0
Carousel fling: raw=0.0px/s, effective=0.0px/s, itemExtent=58.00, speed=0.00 items/s, band=nearest, maxStep=0, projected=100000, target=100000, delta=0
Carousel fling: raw=0.0px/s, effective=0.0px/s, itemExtent=77.20, speed=0.00 items/s, band=nearest, maxStep=0, projected=100000, target=100000, delta=0
Carousel fling: raw=-0.0px/s, effective=-0.0px/s, itemExtent=58.00, speed=-0.00 items/s, band=nearest, maxStep=0, projected=100001, target=100001, delta=0
Carousel fling: raw=0.0px/s, effective=0.0px/s, itemExtent=77.20, speed=0.00 items/s, band=nearest, maxStep=0, projected=100000, target=100000, delta=0
03:22 +341: /data/data/com.termux/files/home/ubuntu/flutteruser/flutterapps/fluvi-avatar-target-liveness-codex-20260909/test/features/dashboard/presentation/dashboard_avatar_target_liveness_test.dart: AVL retained painted target 1 yields to cold final 8 after real resource replacement
Carousel fling: raw=-0.0px/s, effective=-0.0px/s, itemExtent=58.00, speed=-0.00 items/s, band=nearest, maxStep=0, projected=99999, target=99999, delta=0
Carousel fling: raw=0.0px/s, effective=0.0px/s, itemExtent=77.20, speed=0.00 items/s, band=nearest, maxStep=0, projected=100000, target=100000, delta=0
03:23 +342: /data/data/com.termux/files/home/ubuntu/flutteruser/flutterapps/fluvi-avatar-target-liveness-codex-20260909/test/features/dashboard/application/dashboard_core_query_application_test.dart: Cancel restores the active direction chip-hotset protection without publication
03:24 +343: /data/data/com.termux/files/home/ubuntu/flutteruser/flutterapps/fluvi-avatar-target-liveness-codex-20260909/test/features/dashboard/application/dashboard_core_query_application_test.dart: a prewarmed partner chip removes its Query without a tap-time build
03:27 +344: /data/data/com.termux/files/home/ubuntu/flutteruser/flutterapps/fluvi-avatar-target-liveness-codex-20260909/test/features/dashboard/application/dashboard_core_query_application_test.dart: Query chip speculation waits for the explicit sheet-removal boundary
03:29 +345: /data/data/com.termux/files/home/ubuntu/flutteruser/flutterapps/fluvi-avatar-target-liveness-codex-20260909/test/features/dashboard/application/dashboard_core_query_application_test.dart: direct prepared chip publication settles committed ready-ahead before speculation
03:33 +346: /data/data/com.termux/files/home/ubuntu/flutteruser/flutterapps/fluvi-avatar-target-liveness-codex-20260909/test/features/dashboard/application/dashboard_core_query_application_test.dart: RED: each admitted Query-chip neighbour needs a fresh input-fair idle grant
03:36 +347: /data/data/com.termux/files/home/ubuntu/flutteruser/flutterapps/fluvi-avatar-target-liveness-codex-20260909/test/features/dashboard/application/dashboard_core_query_application_test.dart: RED: disposing revokes a pending input-fair Query idle grant
03:38 +348: /data/data/com.termux/files/home/ubuntu/flutteruser/flutterapps/fluvi-avatar-target-liveness-codex-20260909/test/features/dashboard/application/dashboard_core_query_application_test.dart: a capacity-rejected Summary hotset is deferred once per cache admission epoch
03:39 +349: /data/data/com.termux/files/home/ubuntu/flutteruser/flutterapps/fluvi-avatar-target-liveness-codex-20260909/test/features/dashboard/application/dashboard_core_query_application_test.dart: direct prepared chip publication rejects a scene-owner warmup callback before ready-ahead settles
03:43 +350: /data/data/com.termux/files/home/ubuntu/flutteruser/flutterapps/fluvi-avatar-target-liveness-codex-20260909/test/features/dashboard/application/dashboard_core_query_application_test.dart: a queued rail warmup callback fails closed after direct publication reservation
03:45 +351: /data/data/com.termux/files/home/ubuntu/flutteruser/flutterapps/fluvi-avatar-target-liveness-codex-20260909/test/features/dashboard/application/dashboard_core_query_application_test.dart: a direct prepared miss holds scene-owner speculation behind exact ready-ahead
03:48 +352: /data/data/com.termux/files/home/ubuntu/flutteruser/flutterapps/fluvi-avatar-target-liveness-codex-20260909/test/features/dashboard/application/dashboard_core_query_application_test.dart: a zero-page direct publication binds and releases readiness without a page read
03:50 +353: /data/data/com.termux/files/home/ubuntu/flutteruser/flutterapps/fluvi-avatar-target-liveness-codex-20260909/test/features/dashboard/application/dashboard_core_query_application_test.dart: a multi-page direct publication settles exact ready-ahead before speculation
03:55 +354: /data/data/com.termux/files/home/ubuntu/flutteruser/flutterapps/fluvi-avatar-target-liveness-codex-20260909/test/features/dashboard/application/dashboard_core_query_application_test.dart: a one-page direct publication settles its reservation without a repository read
04:01 +355: /data/data/com.termux/files/home/ubuntu/flutteruser/flutterapps/fluvi-avatar-target-liveness-codex-20260909/test/features/dashboard/application/dashboard_core_query_application_test.dart: a structurally superseded publication cannot release newer readiness reservation
04:03 +356: /data/data/com.termux/files/home/ubuntu/flutteruser/flutterapps/fluvi-avatar-target-liveness-codex-20260909/test/features/dashboard/application/dashboard_core_query_application_test.dart: a publication activation failure releases only its own reservation
04:05 +357: /data/data/com.termux/files/home/ubuntu/flutteruser/flutterapps/fluvi-avatar-target-liveness-codex-20260909/test/features/dashboard/application/dashboard_core_query_application_test.dart: foreground chip Apply promotes a matching in-flight hotset acquisition
04:10 +358: /data/data/com.termux/files/home/ubuntu/flutteruser/flutterapps/fluvi-avatar-target-liveness-codex-20260909/test/features/dashboard/application/dashboard_core_query_application_test.dart: foreground chip Apply adopts an exact hotset candidate already scene-preparing
04:14 +359: /data/data/com.termux/files/home/ubuntu/flutteruser/flutterapps/fluvi-avatar-target-liveness-codex-20260909/test/features/dashboard/application/dashboard_core_query_application_test.dart: a different foreground chip target still supersedes hotset work
04:19 +360: /data/data/com.termux/files/home/ubuntu/flutteruser/flutterapps/fluvi-avatar-target-liveness-codex-20260909/test/features/dashboard/application/dashboard_core_query_application_test.dart: a promoted hotset continuation cannot publish after a newer chip target
04:24 +361: /data/data/com.termux/files/home/ubuntu/flutteruser/flutterapps/fluvi-avatar-target-liveness-codex-20260909/test/features/dashboard/application/dashboard_core_query_application_test.dart: rapid distinct chip removals acquire each exact target at most once
04:29 +362: /data/data/com.termux/files/home/ubuntu/flutteruser/flutterapps/fluvi-avatar-target-liveness-codex-20260909/test/features/dashboard/application/dashboard_core_query_application_test.dart: raw pointer intent pauses direct-chip speculation before formal vertical drag
04:33 +363: /data/data/com.termux/files/home/ubuntu/flutteruser/flutterapps/fluvi-avatar-target-liveness-codex-20260909/test/features/dashboard/application/dashboard_core_query_application_test.dart: pointer release resumes an exact deferred page and live ready-ahead while vertical interaction remains active
04:39 +364: /data/data/com.termux/files/home/ubuntu/flutteruser/flutterapps/fluvi-avatar-target-liveness-codex-20260909/test/features/dashboard/application/dashboard_core_query_application_test.dart: motion idle resumes deferred presentation and live ready-ahead while vertical interaction remains active
04:47 +365: /data/data/com.termux/files/home/ubuntu/flutteruser/flutterapps/fluvi-avatar-target-liveness-codex-20260909/test/features/dashboard/application/dashboard_core_query_application_test.dart: RED: structural motion idle without vertical input uses the full ready-ahead drain after a deferred page
04:53 +366: /data/data/com.termux/files/home/ubuntu/flutteruser/flutterapps/fluvi-avatar-target-liveness-codex-20260909/test/features/dashboard/application/dashboard_core_query_application_test.dart: RED: decorative summary text motion does not strand committed ready-ahead
04:58 +367: /data/data/com.termux/files/home/ubuntu/flutteruser/flutterapps/fluvi-avatar-target-liveness-codex-20260909/test/features/dashboard/application/dashboard_core_query_application_test.dart: an aborted accepted Apply releases the route-sensitive speculative boundary
04:59 +368: /data/data/com.termux/files/home/ubuntu/flutteruser/flutterapps/fluvi-avatar-target-liveness-codex-20260909/test/features/dashboard/application/dashboard_core_query_application_test.dart: income and expense applied queries remain independent across selection
05:02 +369: All tests passed!
