   Woah! You appear to be trying to run flutter as root.
   We strongly recommend running the flutter tool without superuser privileges.
  /
📎
Resolving dependencies...
Downloading packages...
  clock 1.1.2 (1.1.3 available)
  matcher 0.12.19 (0.12.20 available)
  material_color_utilities 0.13.0 (0.13.1 available)
  meta 1.17.0 (1.19.0 available)
  platform 3.1.6 (3.2.0 available)
  process 5.0.5 (5.0.6 available)
  stack_trace 1.12.1 (1.12.2 available)
  test_api 0.7.10 (0.7.14 available)
  vector_graphics 1.2.2 (1.2.3 available)
  vector_math 2.2.0 (2.4.2 available)
  vm_service 15.2.0 (15.3.0 available)
Got dependencies!
11 packages have newer versions incompatible with dependency constraints.
Try `flutter pub outdated` for more information.
00:00 +0: loading /data/data/com.termux/files/home/ubuntu/flutteruser/flutterapps/fluvi-avatar-target-liveness-codex-20260909/test/boundary/query_menu_boundary_test.dart
00:00 +0: /data/data/com.termux/files/home/ubuntu/flutteruser/flutterapps/fluvi-avatar-target-liveness-codex-20260909/test/boundary/query_menu_boundary_test.dart: Query Menu keeps one SQL owner and one reusable sheet boundary
00:00 +1: /data/data/com.termux/files/home/ubuntu/flutteruser/flutterapps/fluvi-avatar-target-liveness-codex-20260909/test/boundary/dashboard_interaction_performance_boundary_test.dart: keeps scene-window maintenance off dashboard input gates
00:00 +2: /data/data/com.termux/files/home/ubuntu/flutteruser/flutterapps/fluvi-avatar-target-liveness-codex-20260909/test/boundary/dashboard_interaction_performance_boundary_test.dart: keeps dashboard interaction ownership fail closed
00:01 +3: /data/data/com.termux/files/home/ubuntu/flutteruser/flutterapps/fluvi-avatar-target-liveness-codex-20260909/test/boundary/dashboard_interaction_performance_boundary_test.dart: keeps dashboard interaction ownership fail closed
00:01 +4: /data/data/com.termux/files/home/ubuntu/flutteruser/flutterapps/fluvi-avatar-target-liveness-codex-20260909/test/boundary/dashboard_interaction_performance_boundary_test.dart: keeps dashboard interaction ownership fail closed
00:01 +5: /data/data/com.termux/files/home/ubuntu/flutteruser/flutterapps/fluvi-avatar-target-liveness-codex-20260909/test/boundary/dashboard_interaction_performance_boundary_test.dart: keeps dashboard interaction ownership fail closed
00:03 +6: /data/data/com.termux/files/home/ubuntu/flutteruser/flutterapps/fluvi-avatar-target-liveness-codex-20260909/test/boundary/dashboard_motion_data_isolation_boundary_test.dart: keeps dashboard motion and data ownership fail closed
00:03 +7: /data/data/com.termux/files/home/ubuntu/flutteruser/flutterapps/fluvi-avatar-target-liveness-codex-20260909/test/boundary/dashboard_motion_data_isolation_boundary_test.dart: keeps dashboard motion and data ownership fail closed
00:04 +8: /data/data/com.termux/files/home/ubuntu/flutteruser/flutterapps/fluvi-avatar-target-liveness-codex-20260909/test/boundary/dashboard_avatar_target_liveness_boundary_test.dart: Avatar transaction reuses the single Core/cache/visible/focus owners
00:06 +9: /data/data/com.termux/files/home/ubuntu/flutteruser/flutterapps/fluvi-avatar-target-liveness-codex-20260909/test/boundary/dashboard_avatar_profile_boundary_test.dart: profile host persists raw response before fail-closed acceptance
00:06 +10: /data/data/com.termux/files/home/ubuntu/flutteruser/flutterapps/fluvi-avatar-target-liveness-codex-20260909/test/boundary/dashboard_avatar_profile_boundary_test.dart: suite completion is written after every existing suite assertion
00:06 +11: /data/data/com.termux/files/home/ubuntu/flutteruser/flutterapps/fluvi-avatar-target-liveness-codex-20260909/test/boundary/dashboard_avatar_profile_boundary_test.dart: suite budgets are finite and leave reporting and teardown margins
00:06 +12: /data/data/com.termux/files/home/ubuntu/flutteruser/flutterapps/fluvi-avatar-target-liveness-codex-20260909/test/boundary/dashboard_avatar_profile_boundary_test.dart: K observes production owners and validates each actual fling
00:07 +13: /data/data/com.termux/files/home/ubuntu/flutteruser/flutterapps/fluvi-avatar-target-liveness-codex-20260909/test/features/dashboard/application/dashboard_avatar_resource_window_test.dart: complete exact roots preserve nonempty aggregate and category8 payloads
00:07 +14: /data/data/com.termux/files/home/ubuntu/flutteruser/flutterapps/fluvi-avatar-target-liveness-codex-20260909/test/features/dashboard/application/dashboard_avatar_resource_window_test.dart: pending plan cannot be described as a ready window
00:07 +15: /data/data/com.termux/files/home/ubuntu/flutteruser/flutterapps/fluvi-avatar-target-liveness-codex-20260909/test/features/dashboard/application/dashboard_avatar_resource_window_test.dart: empty required keys is distinguished from a missing entry
00:07 +16: /data/data/com.termux/files/home/ubuntu/flutteruser/flutterapps/fluvi-avatar-target-liveness-codex-20260909/test/features/dashboard/application/dashboard_avatar_resource_window_test.dart: retired aggregate frame is classified without swallowing other errors
00:07 +17: /data/data/com.termux/files/home/ubuntu/flutteruser/flutterapps/fluvi-avatar-target-liveness-codex-20260909/test/features/dashboard/application/dashboard_avatar_resource_window_test.dart: nonempty payload from another scope is rejected
00:07 +18: /data/data/com.termux/files/home/ubuntu/flutteruser/flutterapps/fluvi-avatar-target-liveness-codex-20260909/test/features/dashboard/application/dashboard_avatar_resource_window_test.dart: same query from an older revision is rejected
00:07 +19: /data/data/com.termux/files/home/ubuntu/flutteruser/flutterapps/fluvi-avatar-target-liveness-codex-20260909/test/features/dashboard/application/dashboard_avatar_resource_window_test.dart: retired bank identity and foreground ownership are distinct
00:07 +20: /data/data/com.termux/files/home/ubuntu/flutteruser/flutterapps/fluvi-avatar-target-liveness-codex-20260909/test/features/dashboard/application/dashboard_avatar_resource_window_test.dart: scope rejection preserves the actual wrong payload identity
00:09 +21: /data/data/com.termux/files/home/ubuntu/flutteruser/flutterapps/fluvi-avatar-target-liveness-codex-20260909/test/features/dashboard/application/dashboard_avatar_candidate_lifecycle_test.dart: current nonempty target prepares exact resources with no broad hotset
00:12 +22: /data/data/com.termux/files/home/ubuntu/flutteruser/flutterapps/fluvi-avatar-target-liveness-codex-20260909/test/features/dashboard/application/dashboard_avatar_candidate_lifecycle_test.dart: target 8 coalesces held target 1 and replays its original order once
00:13 +23: /data/data/com.termux/files/home/ubuntu/flutteruser/flutterapps/fluvi-avatar-target-liveness-codex-20260909/test/features/dashboard/application/dashboard_avatar_candidate_lifecycle_test.dart: target 8 coalesces held target 1 and replays its original order once
00:13 +24: /data/data/com.termux/files/home/ubuntu/flutteruser/flutterapps/fluvi-avatar-target-liveness-codex-20260909/test/features/dashboard/application/dashboard_avatar_candidate_lifecycle_test.dart: target 8 coalesces held target 1 and replays its original order once
00:13 +25: /data/data/com.termux/files/home/ubuntu/flutteruser/flutterapps/fluvi-avatar-target-liveness-codex-20260909/test/features/dashboard/application/dashboard_avatar_candidate_lifecycle_test.dart: target 8 coalesces held target 1 and replays its original order once
00:13 +26: /data/data/com.termux/files/home/ubuntu/flutteruser/flutterapps/fluvi-avatar-target-liveness-codex-20260909/test/features/dashboard/application/dashboard_avatar_candidate_lifecycle_test.dart: target 8 coalesces held target 1 and replays its original order once
00:13 +27: /data/data/com.termux/files/home/ubuntu/flutteruser/flutterapps/fluvi-avatar-target-liveness-codex-20260909/test/features/dashboard/application/dashboard_avatar_candidate_lifecycle_test.dart: target 8 coalesces held target 1 and replays its original order once
00:13 +28: /data/data/com.termux/files/home/ubuntu/flutteruser/flutterapps/fluvi-avatar-target-liveness-codex-20260909/test/features/dashboard/application/dashboard_avatar_candidate_lifecycle_test.dart: target 8 coalesces held target 1 and replays its original order once
00:13 +29: /data/data/com.termux/files/home/ubuntu/flutteruser/flutterapps/fluvi-avatar-target-liveness-codex-20260909/test/features/dashboard/application/dashboard_avatar_candidate_lifecycle_test.dart: target 8 coalesces held target 1 and replays its original order once
00:13 +30: /data/data/com.termux/files/home/ubuntu/flutteruser/flutterapps/fluvi-avatar-target-liveness-codex-20260909/test/features/dashboard/application/dashboard_avatar_candidate_lifecycle_test.dart: target 8 coalesces held target 1 and replays its original order once
00:13 +31: /data/data/com.termux/files/home/ubuntu/flutteruser/flutterapps/fluvi-avatar-target-liveness-codex-20260909/test/features/dashboard/application/dashboard_avatar_candidate_lifecycle_test.dart: target 8 coalesces held target 1 and replays its original order once
00:13 +32: /data/data/com.termux/files/home/ubuntu/flutteruser/flutterapps/fluvi-avatar-target-liveness-codex-20260909/test/features/dashboard/application/dashboard_avatar_candidate_lifecycle_test.dart: target 8 coalesces held target 1 and replays its original order once
00:14 +33: /data/data/com.termux/files/home/ubuntu/flutteruser/flutterapps/fluvi-avatar-target-liveness-codex-20260909/test/features/dashboard/application/dashboard_avatar_candidate_lifecycle_test.dart: target 8 coalesces held target 1 and replays its original order once
00:14 +34: /data/data/com.termux/files/home/ubuntu/flutteruser/flutterapps/fluvi-avatar-target-liveness-codex-20260909/test/features/dashboard/application/dashboard_avatar_candidate_lifecycle_test.dart: target 8 coalesces held target 1 and replays its original order once
00:14 +35: /data/data/com.termux/files/home/ubuntu/flutteruser/flutterapps/fluvi-avatar-target-liveness-codex-20260909/test/features/dashboard/application/dashboard_avatar_candidate_lifecycle_test.dart: target 8 coalesces held target 1 and replays its original order once
00:14 +36: /data/data/com.termux/files/home/ubuntu/flutteruser/flutterapps/fluvi-avatar-target-liveness-codex-20260909/test/features/dashboard/application/dashboard_avatar_candidate_lifecycle_test.dart: target 8 coalesces held target 1 and replays its original order once
00:14 +37: /data/data/com.termux/files/home/ubuntu/flutteruser/flutterapps/fluvi-avatar-target-liveness-codex-20260909/test/features/dashboard/application/dashboard_avatar_candidate_lifecycle_test.dart: target 8 coalesces held target 1 and replays its original order once
00:14 +38: /data/data/com.termux/files/home/ubuntu/flutteruser/flutterapps/fluvi-avatar-target-liveness-codex-20260909/test/features/dashboard/application/dashboard_avatar_candidate_lifecycle_test.dart: target 8 coalesces held target 1 and replays its original order once
00:14 +39: /data/data/com.termux/files/home/ubuntu/flutteruser/flutterapps/fluvi-avatar-target-liveness-codex-20260909/test/features/dashboard/application/dashboard_avatar_candidate_lifecycle_test.dart: target 8 coalesces held target 1 and replays its original order once
00:14 +40: /data/data/com.termux/files/home/ubuntu/flutteruser/flutterapps/fluvi-avatar-target-liveness-codex-20260909/test/features/dashboard/application/dashboard_avatar_candidate_lifecycle_test.dart: target 8 coalesces held target 1 and replays its original order once
00:14 +41: /data/data/com.termux/files/home/ubuntu/flutteruser/flutterapps/fluvi-avatar-target-liveness-codex-20260909/test/features/dashboard/application/dashboard_avatar_candidate_lifecycle_test.dart: target 8 coalesces held target 1 and replays its original order once
00:14 +42: /data/data/com.termux/files/home/ubuntu/flutteruser/flutterapps/fluvi-avatar-target-liveness-codex-20260909/test/features/dashboard/application/dashboard_avatar_candidate_lifecycle_test.dart: target 8 coalesces held target 1 and replays its original order once
00:14 +43: /data/data/com.termux/files/home/ubuntu/flutteruser/flutterapps/fluvi-avatar-target-liveness-codex-20260909/test/features/dashboard/application/dashboard_avatar_candidate_lifecycle_test.dart: target 8 coalesces held target 1 and replays its original order once
00:14 +44: /data/data/com.termux/files/home/ubuntu/flutteruser/flutterapps/fluvi-avatar-target-liveness-codex-20260909/test/features/dashboard/application/dashboard_avatar_candidate_lifecycle_test.dart: target 8 coalesces held target 1 and replays its original order once
00:14 +45: /data/data/com.termux/files/home/ubuntu/flutteruser/flutterapps/fluvi-avatar-target-liveness-codex-20260909/test/features/dashboard/application/dashboard_avatar_candidate_lifecycle_test.dart: target 8 coalesces held target 1 and replays its original order once
00:14 +46: /data/data/com.termux/files/home/ubuntu/flutteruser/flutterapps/fluvi-avatar-target-liveness-codex-20260909/test/features/dashboard/application/dashboard_avatar_candidate_lifecycle_test.dart: target 8 coalesces held target 1 and replays its original order once
00:14 +47: /data/data/com.termux/files/home/ubuntu/flutteruser/flutterapps/fluvi-avatar-target-liveness-codex-20260909/test/features/dashboard/application/dashboard_avatar_candidate_lifecycle_test.dart: target 8 coalesces held target 1 and replays its original order once
00:14 +48: /data/data/com.termux/files/home/ubuntu/flutteruser/flutterapps/fluvi-avatar-target-liveness-codex-20260909/test/features/dashboard/application/dashboard_avatar_candidate_lifecycle_test.dart: target 8 coalesces held target 1 and replays its original order once
00:14 +49: /data/data/com.termux/files/home/ubuntu/flutteruser/flutterapps/fluvi-avatar-target-liveness-codex-20260909/test/features/dashboard/application/dashboard_avatar_candidate_lifecycle_test.dart: target 8 coalesces held target 1 and replays its original order once
00:14 +50: /data/data/com.termux/files/home/ubuntu/flutteruser/flutterapps/fluvi-avatar-target-liveness-codex-20260909/test/features/dashboard/application/dashboard_avatar_candidate_lifecycle_test.dart: target 8 coalesces held target 1 and replays its original order once
00:14 +51: /data/data/com.termux/files/home/ubuntu/flutteruser/flutterapps/fluvi-avatar-target-liveness-codex-20260909/test/features/dashboard/application/dashboard_avatar_candidate_lifecycle_test.dart: target 8 coalesces held target 1 and replays its original order once
00:14 +52: /data/data/com.termux/files/home/ubuntu/flutteruser/flutterapps/fluvi-avatar-target-liveness-codex-20260909/test/features/dashboard/application/dashboard_avatar_candidate_lifecycle_test.dart: target 8 coalesces held target 1 and replays its original order once
00:14 +53: /data/data/com.termux/files/home/ubuntu/flutteruser/flutterapps/fluvi-avatar-target-liveness-codex-20260909/test/features/dashboard/application/dashboard_avatar_candidate_lifecycle_test.dart: target 8 coalesces held target 1 and replays its original order once
00:14 +54: /data/data/com.termux/files/home/ubuntu/flutteruser/flutterapps/fluvi-avatar-target-liveness-codex-20260909/test/features/dashboard/application/dashboard_avatar_candidate_lifecycle_test.dart: target 8 coalesces held target 1 and replays its original order once
00:14 +55: /data/data/com.termux/files/home/ubuntu/flutteruser/flutterapps/fluvi-avatar-target-liveness-codex-20260909/test/features/dashboard/application/dashboard_avatar_candidate_lifecycle_test.dart: target 8 coalesces held target 1 and replays its original order once
00:14 +56: /data/data/com.termux/files/home/ubuntu/flutteruser/flutterapps/fluvi-avatar-target-liveness-codex-20260909/test/features/dashboard/application/dashboard_avatar_candidate_lifecycle_test.dart: target 8 coalesces held target 1 and replays its original order once
00:14 +57: /data/data/com.termux/files/home/ubuntu/flutteruser/flutterapps/fluvi-avatar-target-liveness-codex-20260909/test/features/dashboard/application/dashboard_avatar_candidate_lifecycle_test.dart: target 8 coalesces held target 1 and replays its original order once
00:14 +58: /data/data/com.termux/files/home/ubuntu/flutteruser/flutterapps/fluvi-avatar-target-liveness-codex-20260909/test/features/dashboard/application/dashboard_avatar_candidate_lifecycle_test.dart: target 8 coalesces held target 1 and replays its original order once
00:14 +59: /data/data/com.termux/files/home/ubuntu/flutteruser/flutterapps/fluvi-avatar-target-liveness-codex-20260909/test/features/dashboard/application/dashboard_avatar_candidate_lifecycle_test.dart: target 8 coalesces held target 1 and replays its original order once
00:14 +60: /data/data/com.termux/files/home/ubuntu/flutteruser/flutterapps/fluvi-avatar-target-liveness-codex-20260909/test/features/dashboard/application/dashboard_avatar_candidate_lifecycle_test.dart: target 8 coalesces held target 1 and replays its original order once
00:14 +61: /data/data/com.termux/files/home/ubuntu/flutteruser/flutterapps/fluvi-avatar-target-liveness-codex-20260909/test/features/dashboard/application/dashboard_avatar_candidate_lifecycle_test.dart: target 8 coalesces held target 1 and replays its original order once
00:14 +62: /data/data/com.termux/files/home/ubuntu/flutteruser/flutterapps/fluvi-avatar-target-liveness-codex-20260909/test/features/dashboard/application/dashboard_avatar_candidate_lifecycle_test.dart: target 8 coalesces held target 1 and replays its original order once
00:14 +63: /data/data/com.termux/files/home/ubuntu/flutteruser/flutterapps/fluvi-avatar-target-liveness-codex-20260909/test/features/dashboard/application/dashboard_avatar_candidate_lifecycle_test.dart: target 8 coalesces held target 1 and replays its original order once
00:14 +64: /data/data/com.termux/files/home/ubuntu/flutteruser/flutterapps/fluvi-avatar-target-liveness-codex-20260909/test/features/dashboard/application/dashboard_avatar_candidate_lifecycle_test.dart: target 8 coalesces held target 1 and replays its original order once
00:14 +65: /data/data/com.termux/files/home/ubuntu/flutteruser/flutterapps/fluvi-avatar-target-liveness-codex-20260909/test/features/dashboard/application/dashboard_avatar_candidate_lifecycle_test.dart: target 8 coalesces held target 1 and replays its original order once
00:14 +66: /data/data/com.termux/files/home/ubuntu/flutteruser/flutterapps/fluvi-avatar-target-liveness-codex-20260909/test/features/dashboard/application/dashboard_avatar_candidate_lifecycle_test.dart: target 8 coalesces held target 1 and replays its original order once
00:14 +67: /data/data/com.termux/files/home/ubuntu/flutteruser/flutterapps/fluvi-avatar-target-liveness-codex-20260909/test/features/dashboard/application/dashboard_avatar_candidate_lifecycle_test.dart: target 8 coalesces held target 1 and replays its original order once
00:14 +68: /data/data/com.termux/files/home/ubuntu/flutteruser/flutterapps/fluvi-avatar-target-liveness-codex-20260909/test/features/dashboard/application/dashboard_avatar_candidate_lifecycle_test.dart: target 8 coalesces held target 1 and replays its original order once
00:14 +69: /data/data/com.termux/files/home/ubuntu/flutteruser/flutterapps/fluvi-avatar-target-liveness-codex-20260909/test/features/dashboard/application/dashboard_avatar_candidate_lifecycle_test.dart: target 8 coalesces held target 1 and replays its original order once
00:14 +70: /data/data/com.termux/files/home/ubuntu/flutteruser/flutterapps/fluvi-avatar-target-liveness-codex-20260909/test/features/dashboard/application/dashboard_avatar_candidate_lifecycle_test.dart: target 8 coalesces held target 1 and replays its original order once
00:14 +71: /data/data/com.termux/files/home/ubuntu/flutteruser/flutterapps/fluvi-avatar-target-liveness-codex-20260909/test/features/dashboard/application/dashboard_avatar_candidate_lifecycle_test.dart: target 8 coalesces held target 1 and replays its original order once
00:14 +72: /data/data/com.termux/files/home/ubuntu/flutteruser/flutterapps/fluvi-avatar-target-liveness-codex-20260909/test/features/dashboard/application/dashboard_avatar_candidate_lifecycle_test.dart: target 8 coalesces held target 1 and replays its original order once
00:14 +73: /data/data/com.termux/files/home/ubuntu/flutteruser/flutterapps/fluvi-avatar-target-liveness-codex-20260909/test/features/dashboard/application/dashboard_avatar_candidate_lifecycle_test.dart: target 8 coalesces held target 1 and replays its original order once
00:15 +74: /data/data/com.termux/files/home/ubuntu/flutteruser/flutterapps/fluvi-avatar-target-liveness-codex-20260909/test/features/dashboard/application/dashboard_avatar_candidate_lifecycle_test.dart: target 8 coalesces held target 1 and replays its original order once
00:15 +75: /data/data/com.termux/files/home/ubuntu/flutteruser/flutterapps/fluvi-avatar-target-liveness-codex-20260909/test/features/dashboard/application/dashboard_avatar_candidate_lifecycle_test.dart: target 8 coalesces held target 1 and replays its original order once
00:15 +76: /data/data/com.termux/files/home/ubuntu/flutteruser/flutterapps/fluvi-avatar-target-liveness-codex-20260909/test/features/dashboard/application/dashboard_avatar_candidate_lifecycle_test.dart: target 8 coalesces held target 1 and replays its original order once
00:15 +77: /data/data/com.termux/files/home/ubuntu/flutteruser/flutterapps/fluvi-avatar-target-liveness-codex-20260909/test/features/dashboard/application/dashboard_avatar_candidate_lifecycle_test.dart: target 8 coalesces held target 1 and replays its original order once
00:15 +78: /data/data/com.termux/files/home/ubuntu/flutteruser/flutterapps/fluvi-avatar-target-liveness-codex-20260909/test/features/dashboard/application/dashboard_avatar_candidate_lifecycle_test.dart: target 8 coalesces held target 1 and replays its original order once
00:15 +79: /data/data/com.termux/files/home/ubuntu/flutteruser/flutterapps/fluvi-avatar-target-liveness-codex-20260909/test/features/dashboard/application/dashboard_avatar_candidate_lifecycle_test.dart: target 8 coalesces held target 1 and replays its original order once
00:15 +80: /data/data/com.termux/files/home/ubuntu/flutteruser/flutterapps/fluvi-avatar-target-liveness-codex-20260909/test/features/dashboard/application/dashboard_avatar_candidate_lifecycle_test.dart: target 8 coalesces held target 1 and replays its original order once
00:15 +81: /data/data/com.termux/files/home/ubuntu/flutteruser/flutterapps/fluvi-avatar-target-liveness-codex-20260909/test/features/dashboard/application/dashboard_avatar_candidate_lifecycle_test.dart: target 8 coalesces held target 1 and replays its original order once
00:15 +82: /data/data/com.termux/files/home/ubuntu/flutteruser/flutterapps/fluvi-avatar-target-liveness-codex-20260909/test/features/dashboard/application/dashboard_avatar_candidate_lifecycle_test.dart: target 8 coalesces held target 1 and replays its original order once
00:15 +83: /data/data/com.termux/files/home/ubuntu/flutteruser/flutterapps/fluvi-avatar-target-liveness-codex-20260909/test/features/dashboard/application/dashboard_avatar_candidate_lifecycle_test.dart: target 8 coalesces held target 1 and replays its original order once
00:15 +84: /data/data/com.termux/files/home/ubuntu/flutteruser/flutterapps/fluvi-avatar-target-liveness-codex-20260909/test/features/dashboard/application/dashboard_avatar_candidate_lifecycle_test.dart: target 8 coalesces held target 1 and replays its original order once
00:15 +85: /data/data/com.termux/files/home/ubuntu/flutteruser/flutterapps/fluvi-avatar-target-liveness-codex-20260909/test/features/dashboard/application/dashboard_avatar_candidate_lifecycle_test.dart: target 8 coalesces held target 1 and replays its original order once
00:15 +86: /data/data/com.termux/files/home/ubuntu/flutteruser/flutterapps/fluvi-avatar-target-liveness-codex-20260909/test/features/dashboard/application/dashboard_avatar_candidate_lifecycle_test.dart: target 8 coalesces held target 1 and replays its original order once
00:15 +87: /data/data/com.termux/files/home/ubuntu/flutteruser/flutterapps/fluvi-avatar-target-liveness-codex-20260909/test/features/dashboard/application/dashboard_avatar_candidate_lifecycle_test.dart: target 8 coalesces held target 1 and replays its original order once
00:15 +88: /data/data/com.termux/files/home/ubuntu/flutteruser/flutterapps/fluvi-avatar-target-liveness-codex-20260909/test/features/dashboard/application/dashboard_avatar_candidate_lifecycle_test.dart: target 8 coalesces held target 1 and replays its original order once
00:15 +89: /data/data/com.termux/files/home/ubuntu/flutteruser/flutterapps/fluvi-avatar-target-liveness-codex-20260909/test/features/dashboard/application/dashboard_avatar_candidate_lifecycle_test.dart: target 8 coalesces held target 1 and replays its original order once
00:15 +90: /data/data/com.termux/files/home/ubuntu/flutteruser/flutterapps/fluvi-avatar-target-liveness-codex-20260909/test/features/dashboard/application/dashboard_avatar_candidate_lifecycle_test.dart: target 8 coalesces held target 1 and replays its original order once
00:15 +91: /data/data/com.termux/files/home/ubuntu/flutteruser/flutterapps/fluvi-avatar-target-liveness-codex-20260909/test/features/dashboard/application/dashboard_avatar_candidate_lifecycle_test.dart: target 8 coalesces held target 1 and replays its original order once
00:15 +92: /data/data/com.termux/files/home/ubuntu/flutteruser/flutterapps/fluvi-avatar-target-liveness-codex-20260909/test/features/dashboard/application/dashboard_avatar_candidate_lifecycle_test.dart: target 8 coalesces held target 1 and replays its original order once
00:15 +93: /data/data/com.termux/files/home/ubuntu/flutteruser/flutterapps/fluvi-avatar-target-liveness-codex-20260909/test/features/dashboard/application/dashboard_avatar_candidate_lifecycle_test.dart: target 8 coalesces held target 1 and replays its original order once
00:15 +94: /data/data/com.termux/files/home/ubuntu/flutteruser/flutterapps/fluvi-avatar-target-liveness-codex-20260909/test/features/dashboard/application/dashboard_avatar_candidate_lifecycle_test.dart: target 8 coalesces held target 1 and replays its original order once
00:15 +95: /data/data/com.termux/files/home/ubuntu/flutteruser/flutterapps/fluvi-avatar-target-liveness-codex-20260909/test/features/dashboard/application/dashboard_avatar_candidate_lifecycle_test.dart: target 8 coalesces held target 1 and replays its original order once
00:15 +96: /data/data/com.termux/files/home/ubuntu/flutteruser/flutterapps/fluvi-avatar-target-liveness-codex-20260909/test/features/dashboard/application/dashboard_avatar_candidate_lifecycle_test.dart: target 8 coalesces held target 1 and replays its original order once
00:15 +97: /data/data/com.termux/files/home/ubuntu/flutteruser/flutterapps/fluvi-avatar-target-liveness-codex-20260909/test/features/dashboard/application/dashboard_avatar_candidate_lifecycle_test.dart: target 8 coalesces held target 1 and replays its original order once
00:15 +98: /data/data/com.termux/files/home/ubuntu/flutteruser/flutterapps/fluvi-avatar-target-liveness-codex-20260909/test/features/dashboard/application/dashboard_avatar_candidate_lifecycle_test.dart: target 8 coalesces held target 1 and replays its original order once
00:15 +99: /data/data/com.termux/files/home/ubuntu/flutteruser/flutterapps/fluvi-avatar-target-liveness-codex-20260909/test/features/dashboard/application/dashboard_avatar_candidate_lifecycle_test.dart: target 8 coalesces held target 1 and replays its original order once
00:15 +100: /data/data/com.termux/files/home/ubuntu/flutteruser/flutterapps/fluvi-avatar-target-liveness-codex-20260909/test/features/dashboard/application/dashboard_avatar_candidate_lifecycle_test.dart: target 8 coalesces held target 1 and replays its original order once
00:15 +101: /data/data/com.termux/files/home/ubuntu/flutteruser/flutterapps/fluvi-avatar-target-liveness-codex-20260909/test/features/dashboard/application/dashboard_avatar_candidate_lifecycle_test.dart: target 8 coalesces held target 1 and replays its original order once
00:15 +102: /data/data/com.termux/files/home/ubuntu/flutteruser/flutterapps/fluvi-avatar-target-liveness-codex-20260909/test/features/dashboard/application/dashboard_avatar_candidate_lifecycle_test.dart: target 8 coalesces held target 1 and replays its original order once
00:15 +103: /data/data/com.termux/files/home/ubuntu/flutteruser/flutterapps/fluvi-avatar-target-liveness-codex-20260909/test/features/dashboard/application/dashboard_avatar_candidate_lifecycle_test.dart: target 8 coalesces held target 1 and replays its original order once
00:15 +104: /data/data/com.termux/files/home/ubuntu/flutteruser/flutterapps/fluvi-avatar-target-liveness-codex-20260909/test/features/dashboard/application/dashboard_avatar_candidate_lifecycle_test.dart: target 8 coalesces held target 1 and replays its original order once
00:15 +105: /data/data/com.termux/files/home/ubuntu/flutteruser/flutterapps/fluvi-avatar-target-liveness-codex-20260909/test/features/dashboard/application/dashboard_avatar_candidate_lifecycle_test.dart: target 8 coalesces held target 1 and replays its original order once
00:15 +106: /data/data/com.termux/files/home/ubuntu/flutteruser/flutterapps/fluvi-avatar-target-liveness-codex-20260909/test/features/dashboard/application/dashboard_avatar_candidate_lifecycle_test.dart: target 8 coalesces held target 1 and replays its original order once
00:16 +107: /data/data/com.termux/files/home/ubuntu/flutteruser/flutterapps/fluvi-avatar-target-liveness-codex-20260909/test/features/dashboard/application/dashboard_avatar_candidate_lifecycle_test.dart: target 8 coalesces held target 1 and replays its original order once
00:16 +108: /data/data/com.termux/files/home/ubuntu/flutteruser/flutterapps/fluvi-avatar-target-liveness-codex-20260909/test/features/dashboard/application/dashboard_avatar_candidate_lifecycle_test.dart: target 8 coalesces held target 1 and replays its original order once
00:16 +109: /data/data/com.termux/files/home/ubuntu/flutteruser/flutterapps/fluvi-avatar-target-liveness-codex-20260909/test/features/dashboard/application/dashboard_avatar_candidate_lifecycle_test.dart: target 8 coalesces held target 1 and replays its original order once
00:16 +110: /data/data/com.termux/files/home/ubuntu/flutteruser/flutterapps/fluvi-avatar-target-liveness-codex-20260909/test/features/dashboard/application/dashboard_avatar_candidate_lifecycle_test.dart: target 8 coalesces held target 1 and replays its original order once
00:16 +111: /data/data/com.termux/files/home/ubuntu/flutteruser/flutterapps/fluvi-avatar-target-liveness-codex-20260909/test/features/dashboard/application/dashboard_avatar_candidate_lifecycle_test.dart: target 8 coalesces held target 1 and replays its original order once
00:16 +112: /data/data/com.termux/files/home/ubuntu/flutteruser/flutterapps/fluvi-avatar-target-liveness-codex-20260909/test/features/dashboard/application/dashboard_avatar_candidate_lifecycle_test.dart: target 8 coalesces held target 1 and replays its original order once
00:16 +113: /data/data/com.termux/files/home/ubuntu/flutteruser/flutterapps/fluvi-avatar-target-liveness-codex-20260909/test/features/dashboard/application/dashboard_avatar_candidate_lifecycle_test.dart: target 8 coalesces held target 1 and replays its original order once
00:16 +114: /data/data/com.termux/files/home/ubuntu/flutteruser/flutterapps/fluvi-avatar-target-liveness-codex-20260909/test/features/dashboard/application/dashboard_avatar_candidate_lifecycle_test.dart: target 8 coalesces held target 1 and replays its original order once
00:16 +115: /data/data/com.termux/files/home/ubuntu/flutteruser/flutterapps/fluvi-avatar-target-liveness-codex-20260909/test/features/dashboard/application/dashboard_avatar_candidate_lifecycle_test.dart: target 8 coalesces held target 1 and replays its original order once
00:16 +116: /data/data/com.termux/files/home/ubuntu/flutteruser/flutterapps/fluvi-avatar-target-liveness-codex-20260909/test/features/dashboard/application/dashboard_avatar_candidate_lifecycle_test.dart: target 8 coalesces held target 1 and replays its original order once
00:16 +117: /data/data/com.termux/files/home/ubuntu/flutteruser/flutterapps/fluvi-avatar-target-liveness-codex-20260909/test/features/dashboard/presentation/dashboard_avatar_target_liveness_test.dart: AVL persistent real CoreDashboard nonempty Avatar final-target liveness without Time scenario=cold
00:17 +118: /data/data/com.termux/files/home/ubuntu/flutteruser/flutterapps/fluvi-avatar-target-liveness-codex-20260909/test/features/dashboard/presentation/dashboard_avatar_target_liveness_test.dart: AVL persistent real CoreDashboard nonempty Avatar final-target liveness without Time scenario=cold
00:18 +119: /data/data/com.termux/files/home/ubuntu/flutteruser/flutterapps/fluvi-avatar-target-liveness-codex-20260909/test/features/dashboard/presentation/dashboard_avatar_target_liveness_test.dart: AVL persistent real CoreDashboard nonempty Avatar final-target liveness without Time scenario=cold
00:20 +120: /data/data/com.termux/files/home/ubuntu/flutteruser/flutterapps/fluvi-avatar-target-liveness-codex-20260909/test/features/dashboard/presentation/dashboard_avatar_target_liveness_test.dart: AVL persistent real CoreDashboard nonempty Avatar final-target liveness without Time scenario=cold
Carousel fling: raw=0.0px/s, effective=0.0px/s, itemExtent=58.00, speed=0.00 items/s, band=nearest, maxStep=0, projected=0, target=0, delta=0
Carousel fling: raw=0.0px/s, effective=0.0px/s, itemExtent=77.20, speed=0.00 items/s, band=nearest, maxStep=0, projected=0, target=0, delta=0
00:23 +121: /data/data/com.termux/files/home/ubuntu/flutteruser/flutterapps/fluvi-avatar-target-liveness-codex-20260909/test/features/dashboard/presentation/dashboard_avatar_target_liveness_test.dart: AVL persistent real CoreDashboard nonempty Avatar final-target liveness without Time scenario=cold
00:24 +121: /data/data/com.termux/files/home/ubuntu/flutteruser/flutterapps/fluvi-avatar-target-liveness-codex-20260909/test/features/dashboard/runtime/dashboard_presentation_controller_test.dart: a SUM preview is retained before close and reopen synchronously recenters it
Carousel fling: raw=0.0px/s, effective=0.0px/s, itemExtent=77.20, speed=0.00 items/s, band=nearest, maxStep=0, projected=0, target=0, delta=0
Carousel fling: raw=0.0px/s, effective=0.0px/s, itemExtent=77.20, speed=0.00 items/s, band=nearest, maxStep=0, projected=5, target=5, delta=0
Carousel fling: raw=0.0px/s, effective=0.0px/s, itemExtent=77.20, speed=0.00 items/s, band=nearest, maxStep=0, projected=1, target=1, delta=0
Carousel fling: raw=0.0px/s, effective=0.0px/s, itemExtent=77.20, speed=0.00 items/s, band=nearest, maxStep=0, projected=1, target=1, delta=0
Carousel fling: raw=0.0px/s, effective=0.0px/s, itemExtent=77.20, speed=0.00 items/s, band=nearest, maxStep=0, projected=1, target=1, delta=0
00:25 +122: /data/data/com.termux/files/home/ubuntu/flutteruser/flutterapps/fluvi-avatar-target-liveness-codex-20260909/test/features/dashboard/presentation/dashboard_avatar_target_liveness_test.dart: AVL persistent real CoreDashboard nonempty Avatar final-target liveness without Time scenario=cold
Carousel fling: raw=0.0px/s, effective=0.0px/s, itemExtent=58.00, speed=0.00 items/s, band=nearest, maxStep=0, projected=100000, target=100000, delta=0
Carousel fling: raw=0.0px/s, effective=0.0px/s, itemExtent=77.20, speed=0.00 items/s, band=nearest, maxStep=0, projected=100000, target=100000, delta=0
00:27 +122: /data/data/com.termux/files/home/ubuntu/flutteruser/flutterapps/fluvi-avatar-target-liveness-codex-20260909/test/features/dashboard/runtime/dashboard_presentation_controller_test.dart: a settled SUM rail child reopens at that canonical retained year
Carousel fling: raw=0.0px/s, effective=0.0px/s, itemExtent=77.20, speed=0.00 items/s, band=nearest, maxStep=0, projected=0, target=0, delta=0
Carousel fling: raw=0.0px/s, effective=0.0px/s, itemExtent=77.20, speed=0.00 items/s, band=nearest, maxStep=0, projected=5, target=5, delta=0
00:27 +123: /data/data/com.termux/files/home/ubuntu/flutteruser/flutterapps/fluvi-avatar-target-liveness-codex-20260909/test/features/dashboard/presentation/dashboard_avatar_target_liveness_test.dart: AVL persistent real CoreDashboard nonempty Avatar final-target liveness without Time scenario=cold
00:27 +123: /data/data/com.termux/files/home/ubuntu/flutteruser/flutterapps/fluvi-avatar-target-liveness-codex-20260909/test/features/dashboard/runtime/dashboard_presentation_controller_test.dart: a settled SUM rail child reopens at that canonical retained year
Carousel fling: raw=0.0px/s, effective=0.0px/s, itemExtent=77.20, speed=0.00 items/s, band=nearest, maxStep=0, projected=1, target=1, delta=0
Carousel fling: raw=0.0px/s, effective=0.0px/s, itemExtent=77.20, speed=0.00 items/s, band=nearest, maxStep=0, projected=1, target=1, delta=0
Carousel fling: raw=0.0px/s, effective=0.0px/s, itemExtent=77.20, speed=0.00 items/s, band=nearest, maxStep=0, projected=1, target=1, delta=0
00:27 +124: /data/data/com.termux/files/home/ubuntu/flutteruser/flutterapps/fluvi-avatar-target-liveness-codex-20260909/test/features/dashboard/presentation/dashboard_avatar_target_liveness_test.dart: AVL persistent real CoreDashboard nonempty Avatar final-target liveness without Time scenario=cold
00:27 +125: /data/data/com.termux/files/home/ubuntu/flutteruser/flutterapps/fluvi-avatar-target-liveness-codex-20260909/test/features/dashboard/presentation/dashboard_avatar_target_liveness_test.dart: AVL persistent real CoreDashboard nonempty Avatar final-target liveness without Time scenario=cold
Carousel fling: raw=2400.0px/s, effective=1584.0px/s, itemExtent=58.00, speed=27.31 items/s, band=max-5, maxStep=5, projected=100016, target=100008, delta=5
Carousel snap: stiffness=340.0, settle=1024ms
00:29 +126: /data/data/com.termux/files/home/ubuntu/flutteruser/flutterapps/fluvi-avatar-target-liveness-codex-20260909/test/features/dashboard/presentation/dashboard_avatar_target_liveness_test.dart: AVL persistent real CoreDashboard nonempty Avatar final-target liveness without Time scenario=cold
00:29 +127: /data/data/com.termux/files/home/ubuntu/flutteruser/flutterapps/fluvi-avatar-target-liveness-codex-20260909/test/features/dashboard/presentation/dashboard_avatar_target_liveness_test.dart: AVL persistent real CoreDashboard nonempty Avatar final-target liveness without Time scenario=cold
00:30 +128: /data/data/com.termux/files/home/ubuntu/flutteruser/flutterapps/fluvi-avatar-target-liveness-codex-20260909/test/features/dashboard/presentation/dashboard_avatar_target_liveness_test.dart: AVL persistent real CoreDashboard nonempty Avatar final-target liveness without Time scenario=cold
00:30 +129: /data/data/com.termux/files/home/ubuntu/flutteruser/flutterapps/fluvi-avatar-target-liveness-codex-20260909/test/features/dashboard/presentation/dashboard_avatar_target_liveness_test.dart: AVL persistent real CoreDashboard nonempty Avatar final-target liveness without Time scenario=cold
00:31 +130: /data/data/com.termux/files/home/ubuntu/flutteruser/flutterapps/fluvi-avatar-target-liveness-codex-20260909/test/features/dashboard/presentation/dashboard_avatar_target_liveness_test.dart: AVL persistent real CoreDashboard nonempty Avatar final-target liveness without Time scenario=cold
00:31 +131: /data/data/com.termux/files/home/ubuntu/flutteruser/flutterapps/fluvi-avatar-target-liveness-codex-20260909/test/features/dashboard/presentation/dashboard_avatar_target_liveness_test.dart: AVL persistent real CoreDashboard nonempty Avatar final-target liveness without Time scenario=cold
00:31 +132: /data/data/com.termux/files/home/ubuntu/flutteruser/flutterapps/fluvi-avatar-target-liveness-codex-20260909/test/features/dashboard/presentation/dashboard_avatar_target_liveness_test.dart: AVL persistent real CoreDashboard nonempty Avatar final-target liveness without Time scenario=cold
00:32 +133: /data/data/com.termux/files/home/ubuntu/flutteruser/flutterapps/fluvi-avatar-target-liveness-codex-20260909/test/features/dashboard/presentation/dashboard_avatar_target_liveness_test.dart: AVL persistent real CoreDashboard nonempty Avatar final-target liveness without Time scenario=cold
00:32 +134: /data/data/com.termux/files/home/ubuntu/flutteruser/flutterapps/fluvi-avatar-target-liveness-codex-20260909/test/features/dashboard/presentation/dashboard_avatar_target_liveness_test.dart: AVL persistent real CoreDashboard nonempty Avatar final-target liveness without Time scenario=cold
00:32 +135: /data/data/com.termux/files/home/ubuntu/flutteruser/flutterapps/fluvi-avatar-target-liveness-codex-20260909/test/features/dashboard/presentation/dashboard_avatar_target_liveness_test.dart: AVL persistent real CoreDashboard nonempty Avatar final-target liveness without Time scenario=cold
00:33 +136: /data/data/com.termux/files/home/ubuntu/flutteruser/flutterapps/fluvi-avatar-target-liveness-codex-20260909/test/features/dashboard/presentation/dashboard_avatar_target_liveness_test.dart: AVL persistent real CoreDashboard nonempty Avatar final-target liveness without Time scenario=cold
00:33 +137: /data/data/com.termux/files/home/ubuntu/flutteruser/flutterapps/fluvi-avatar-target-liveness-codex-20260909/test/features/dashboard/presentation/dashboard_avatar_target_liveness_test.dart: AVL persistent real CoreDashboard nonempty Avatar final-target liveness without Time scenario=cold
Carousel fling: raw=0.0px/s, effective=0.0px/s, itemExtent=58.00, speed=0.00 items/s, band=nearest, maxStep=0, projected=100008, target=100008, delta=0
00:33 +138: /data/data/com.termux/files/home/ubuntu/flutteruser/flutterapps/fluvi-avatar-target-liveness-codex-20260909/test/features/dashboard/presentation/dashboard_avatar_target_liveness_test.dart: AVL persistent real CoreDashboard nonempty Avatar final-target liveness without Time scenario=cold
Carousel fling: raw=0.0px/s, effective=0.0px/s, itemExtent=77.20, speed=0.00 items/s, band=nearest, maxStep=0, projected=100000, target=100000, delta=0
00:34 +139: /data/data/com.termux/files/home/ubuntu/flutteruser/flutterapps/fluvi-avatar-target-liveness-codex-20260909/test/features/dashboard/presentation/dashboard_avatar_target_liveness_test.dart: AVL persistent real CoreDashboard nonempty Avatar final-target liveness without Time scenario=cold
00:35 +140: /data/data/com.termux/files/home/ubuntu/flutteruser/flutterapps/fluvi-avatar-target-liveness-codex-20260909/test/features/dashboard/presentation/dashboard_avatar_target_liveness_test.dart: AVL persistent real CoreDashboard nonempty Avatar final-target liveness without Time scenario=cold
00:35 +141: /data/data/com.termux/files/home/ubuntu/flutteruser/flutterapps/fluvi-avatar-target-liveness-codex-20260909/test/features/dashboard/presentation/dashboard_avatar_target_liveness_test.dart: AVL persistent real CoreDashboard nonempty Avatar final-target liveness without Time scenario=cold
00:35 +142: /data/data/com.termux/files/home/ubuntu/flutteruser/flutterapps/fluvi-avatar-target-liveness-codex-20260909/test/features/dashboard/presentation/dashboard_avatar_target_liveness_test.dart: AVL persistent real CoreDashboard nonempty Avatar final-target liveness without Time scenario=cold
Carousel fling: raw=-2400.0px/s, effective=-1584.0px/s, itemExtent=58.00, speed=-27.31 items/s, band=max-5, maxStep=5, projected=99992, target=100000, delta=-5
Carousel snap: stiffness=340.0, settle=1024ms
00:36 +143: /data/data/com.termux/files/home/ubuntu/flutteruser/flutterapps/fluvi-avatar-target-liveness-codex-20260909/test/features/dashboard/presentation/dashboard_avatar_target_liveness_test.dart: AVL persistent real CoreDashboard nonempty Avatar final-target liveness without Time scenario=cold
00:36 +144: /data/data/com.termux/files/home/ubuntu/flutteruser/flutterapps/fluvi-avatar-target-liveness-codex-20260909/test/features/dashboard/presentation/dashboard_avatar_target_liveness_test.dart: AVL persistent real CoreDashboard nonempty Avatar final-target liveness without Time scenario=cold
00:37 +145: /data/data/com.termux/files/home/ubuntu/flutteruser/flutterapps/fluvi-avatar-target-liveness-codex-20260909/test/features/dashboard/presentation/dashboard_avatar_target_liveness_test.dart: AVL persistent real CoreDashboard nonempty Avatar final-target liveness without Time scenario=cold
00:37 +146: /data/data/com.termux/files/home/ubuntu/flutteruser/flutterapps/fluvi-avatar-target-liveness-codex-20260909/test/features/dashboard/presentation/dashboard_avatar_target_liveness_test.dart: AVL persistent real CoreDashboard nonempty Avatar final-target liveness without Time scenario=cold
00:37 +147: /data/data/com.termux/files/home/ubuntu/flutteruser/flutterapps/fluvi-avatar-target-liveness-codex-20260909/test/features/dashboard/presentation/dashboard_avatar_target_liveness_test.dart: AVL persistent real CoreDashboard nonempty Avatar final-target liveness without Time scenario=cold
00:37 +148: /data/data/com.termux/files/home/ubuntu/flutteruser/flutterapps/fluvi-avatar-target-liveness-codex-20260909/test/features/dashboard/presentation/dashboard_avatar_target_liveness_test.dart: AVL persistent real CoreDashboard nonempty Avatar final-target liveness without Time scenario=cold
00:38 +149: /data/data/com.termux/files/home/ubuntu/flutteruser/flutterapps/fluvi-avatar-target-liveness-codex-20260909/test/features/dashboard/presentation/dashboard_avatar_target_liveness_test.dart: AVL persistent real CoreDashboard nonempty Avatar final-target liveness without Time scenario=cold
Carousel fling: raw=0.0px/s, effective=0.0px/s, itemExtent=58.00, speed=0.00 items/s, band=nearest, maxStep=0, projected=100000, target=100000, delta=0
Carousel fling: raw=0.0px/s, effective=0.0px/s, itemExtent=77.20, speed=0.00 items/s, band=nearest, maxStep=0, projected=100000, target=100000, delta=0
00:39 +150: /data/data/com.termux/files/home/ubuntu/flutteruser/flutterapps/fluvi-avatar-target-liveness-codex-20260909/test/features/dashboard/presentation/dashboard_avatar_target_liveness_test.dart: AVL persistent real CoreDashboard nonempty Avatar final-target liveness without Time scenario=cold
Carousel fling: raw=2400.0px/s, effective=1584.0px/s, itemExtent=58.00, speed=27.31 items/s, band=max-5, maxStep=5, projected=100016, target=100008, delta=5
Carousel snap: stiffness=340.0, settle=1024ms
00:42 +151: /data/data/com.termux/files/home/ubuntu/flutteruser/flutterapps/fluvi-avatar-target-liveness-codex-20260909/test/features/dashboard/presentation/dashboard_avatar_target_liveness_test.dart: AVL persistent real CoreDashboard nonempty Avatar final-target liveness without Time scenario=cold
00:42 +152: /data/data/com.termux/files/home/ubuntu/flutteruser/flutterapps/fluvi-avatar-target-liveness-codex-20260909/test/features/dashboard/presentation/dashboard_avatar_target_liveness_test.dart: AVL persistent real CoreDashboard nonempty Avatar final-target liveness without Time scenario=cold
00:42 +153: /data/data/com.termux/files/home/ubuntu/flutteruser/flutterapps/fluvi-avatar-target-liveness-codex-20260909/test/features/dashboard/presentation/dashboard_avatar_target_liveness_test.dart: AVL persistent real CoreDashboard nonempty Avatar final-target liveness without Time scenario=cold
Carousel fling: raw=0.0px/s, effective=0.0px/s, itemExtent=58.00, speed=0.00 items/s, band=nearest, maxStep=0, projected=100008, target=100008, delta=0
Carousel fling: raw=0.0px/s, effective=0.0px/s, itemExtent=77.20, speed=0.00 items/s, band=nearest, maxStep=0, projected=100000, target=100000, delta=0
Carousel fling: raw=-2400.0px/s, effective=-1584.0px/s, itemExtent=58.00, speed=-27.31 items/s, band=max-5, maxStep=5, projected=99992, target=100000, delta=-5
Carousel snap: stiffness=340.0, settle=1024ms
00:44 +154: /data/data/com.termux/files/home/ubuntu/flutteruser/flutterapps/fluvi-avatar-target-liveness-codex-20260909/test/features/dashboard/presentation/dashboard_avatar_target_liveness_test.dart: AVL persistent real CoreDashboard nonempty Avatar final-target liveness without Time scenario=cold
00:45 +155: /data/data/com.termux/files/home/ubuntu/flutteruser/flutterapps/fluvi-avatar-target-liveness-codex-20260909/test/features/dashboard/presentation/dashboard_avatar_target_liveness_test.dart: AVL persistent real CoreDashboard nonempty Avatar final-target liveness without Time scenario=cold
00:45 +156: /data/data/com.termux/files/home/ubuntu/flutteruser/flutterapps/fluvi-avatar-target-liveness-codex-20260909/test/features/dashboard/presentation/dashboard_avatar_target_liveness_test.dart: AVL persistent real CoreDashboard nonempty Avatar final-target liveness without Time scenario=cold
00:45 +157: /data/data/com.termux/files/home/ubuntu/flutteruser/flutterapps/fluvi-avatar-target-liveness-codex-20260909/test/features/dashboard/presentation/dashboard_avatar_target_liveness_test.dart: AVL persistent real CoreDashboard nonempty Avatar final-target liveness without Time scenario=cold
00:45 +158: /data/data/com.termux/files/home/ubuntu/flutteruser/flutterapps/fluvi-avatar-target-liveness-codex-20260909/test/features/dashboard/presentation/dashboard_avatar_target_liveness_test.dart: AVL persistent real CoreDashboard nonempty Avatar final-target liveness without Time scenario=cold
00:45 +159: /data/data/com.termux/files/home/ubuntu/flutteruser/flutterapps/fluvi-avatar-target-liveness-codex-20260909/test/features/dashboard/presentation/dashboard_avatar_target_liveness_test.dart: AVL persistent real CoreDashboard nonempty Avatar final-target liveness without Time scenario=cold
Carousel fling: raw=0.0px/s, effective=0.0px/s, itemExtent=58.00, speed=0.00 items/s, band=nearest, maxStep=0, projected=100000, target=100000, delta=0
Carousel fling: raw=0.0px/s, effective=0.0px/s, itemExtent=77.20, speed=0.00 items/s, band=nearest, maxStep=0, projected=100000, target=100000, delta=0
00:46 +160: /data/data/com.termux/files/home/ubuntu/flutteruser/flutterapps/fluvi-avatar-target-liveness-codex-20260909/test/features/dashboard/presentation/dashboard_avatar_target_liveness_test.dart: AVL persistent real CoreDashboard nonempty Avatar final-target liveness without Time scenario=cold
00:46 +161: /data/data/com.termux/files/home/ubuntu/flutteruser/flutterapps/fluvi-avatar-target-liveness-codex-20260909/test/features/dashboard/application/dashboard_scene_window_rotation_test.dart: a revision publishes its index and complete rail bank together
00:47 +162: /data/data/com.termux/files/home/ubuntu/flutteruser/flutterapps/fluvi-avatar-target-liveness-codex-20260909/test/features/dashboard/application/dashboard_interaction_diagnostics_test.dart: core emits the complete runtime and RAM-navigation lifecycle
00:49 +163: /data/data/com.termux/files/home/ubuntu/flutteruser/flutterapps/fluvi-avatar-target-liveness-codex-20260909/test/features/dashboard/presentation/dashboard_avatar_target_liveness_test.dart: AVL persistent real CoreDashboard nonempty Avatar final-target liveness without Time scenario=persistent20cycles
00:50 +164: /data/data/com.termux/files/home/ubuntu/flutteruser/flutterapps/fluvi-avatar-target-liveness-codex-20260909/test/features/dashboard/presentation/dashboard_avatar_target_liveness_test.dart: AVL persistent real CoreDashboard nonempty Avatar final-target liveness without Time scenario=persistent20cycles
00:51 +165: /data/data/com.termux/files/home/ubuntu/flutteruser/flutterapps/fluvi-avatar-target-liveness-codex-20260909/test/features/dashboard/presentation/dashboard_avatar_target_liveness_test.dart: AVL persistent real CoreDashboard nonempty Avatar final-target liveness without Time scenario=persistent20cycles
Carousel fling: raw=0.0px/s, effective=0.0px/s, itemExtent=58.00, speed=0.00 items/s, band=nearest, maxStep=0, projected=0, target=0, delta=0
Carousel fling: raw=0.0px/s, effective=0.0px/s, itemExtent=77.20, speed=0.00 items/s, band=nearest, maxStep=0, projected=0, target=0, delta=0
Carousel fling: raw=0.0px/s, effective=0.0px/s, itemExtent=58.00, speed=0.00 items/s, band=nearest, maxStep=0, projected=100000, target=100000, delta=0
Carousel fling: raw=0.0px/s, effective=0.0px/s, itemExtent=77.20, speed=0.00 items/s, band=nearest, maxStep=0, projected=100000, target=100000, delta=0
Carousel fling: raw=2400.0px/s, effective=1584.0px/s, itemExtent=58.00, speed=27.31 items/s, band=max-5, maxStep=5, projected=100016, target=100008, delta=5
Carousel snap: stiffness=340.0, settle=1024ms
00:53 +166: /data/data/com.termux/files/home/ubuntu/flutteruser/flutterapps/fluvi-avatar-target-liveness-codex-20260909/test/features/dashboard/presentation/dashboard_avatar_target_liveness_test.dart: AVL persistent real CoreDashboard nonempty Avatar final-target liveness without Time scenario=persistent20cycles
00:54 +167: /data/data/com.termux/files/home/ubuntu/flutteruser/flutterapps/fluvi-avatar-target-liveness-codex-20260909/test/features/dashboard/presentation/dashboard_avatar_target_liveness_test.dart: AVL persistent real CoreDashboard nonempty Avatar final-target liveness without Time scenario=persistent20cycles
00:54 +168: /data/data/com.termux/files/home/ubuntu/flutteruser/flutterapps/fluvi-avatar-target-liveness-codex-20260909/test/features/dashboard/presentation/dashboard_avatar_target_liveness_test.dart: AVL persistent real CoreDashboard nonempty Avatar final-target liveness without Time scenario=persistent20cycles
00:54 +169: /data/data/com.termux/files/home/ubuntu/flutteruser/flutterapps/fluvi-avatar-target-liveness-codex-20260909/test/features/dashboard/presentation/dashboard_avatar_target_liveness_test.dart: AVL persistent real CoreDashboard nonempty Avatar final-target liveness without Time scenario=persistent20cycles
00:54 +170: /data/data/com.termux/files/home/ubuntu/flutteruser/flutterapps/fluvi-avatar-target-liveness-codex-20260909/test/features/dashboard/presentation/dashboard_avatar_target_liveness_test.dart: AVL persistent real CoreDashboard nonempty Avatar final-target liveness without Time scenario=persistent20cycles
00:54 +171: /data/data/com.termux/files/home/ubuntu/flutteruser/flutterapps/fluvi-avatar-target-liveness-codex-20260909/test/features/dashboard/presentation/dashboard_avatar_target_liveness_test.dart: AVL persistent real CoreDashboard nonempty Avatar final-target liveness without Time scenario=persistent20cycles
00:54 +172: /data/data/com.termux/files/home/ubuntu/flutteruser/flutterapps/fluvi-avatar-target-liveness-codex-20260909/test/features/dashboard/presentation/dashboard_avatar_target_liveness_test.dart: AVL persistent real CoreDashboard nonempty Avatar final-target liveness without Time scenario=persistent20cycles
00:54 +173: /data/data/com.termux/files/home/ubuntu/flutteruser/flutterapps/fluvi-avatar-target-liveness-codex-20260909/test/features/dashboard/presentation/dashboard_avatar_target_liveness_test.dart: AVL persistent real CoreDashboard nonempty Avatar final-target liveness without Time scenario=persistent20cycles
Carousel fling: raw=0.0px/s, effective=0.0px/s, itemExtent=58.00, speed=0.00 items/s, band=nearest, maxStep=0, projected=100008, target=100008, delta=0
Carousel fling: raw=0.0px/s, effective=0.0px/s, itemExtent=77.20, speed=0.00 items/s, band=nearest, maxStep=0, projected=100000, target=100000, delta=0
00:56 +174: /data/data/com.termux/files/home/ubuntu/flutteruser/flutterapps/fluvi-avatar-target-liveness-codex-20260909/test/features/dashboard/presentation/dashboard_avatar_target_liveness_test.dart: AVL persistent real CoreDashboard nonempty Avatar final-target liveness without Time scenario=persistent20cycles
Carousel fling: raw=-2400.0px/s, effective=-1584.0px/s, itemExtent=58.00, speed=-27.31 items/s, band=max-5, maxStep=5, projected=99992, target=100000, delta=-5
Carousel snap: stiffness=340.0, settle=1024ms
00:58 +175: /data/data/com.termux/files/home/ubuntu/flutteruser/flutterapps/fluvi-avatar-target-liveness-codex-20260909/test/features/dashboard/presentation/dashboard_avatar_target_liveness_test.dart: AVL persistent real CoreDashboard nonempty Avatar final-target liveness without Time scenario=persistent20cycles
00:58 +176: /data/data/com.termux/files/home/ubuntu/flutteruser/flutterapps/fluvi-avatar-target-liveness-codex-20260909/test/features/dashboard/presentation/dashboard_avatar_target_liveness_test.dart: AVL persistent real CoreDashboard nonempty Avatar final-target liveness without Time scenario=persistent20cycles
00:58 +177: /data/data/com.termux/files/home/ubuntu/flutteruser/flutterapps/fluvi-avatar-target-liveness-codex-20260909/test/features/dashboard/presentation/dashboard_avatar_target_liveness_test.dart: AVL persistent real CoreDashboard nonempty Avatar final-target liveness without Time scenario=persistent20cycles
00:59 +178: /data/data/com.termux/files/home/ubuntu/flutteruser/flutterapps/fluvi-avatar-target-liveness-codex-20260909/test/features/dashboard/presentation/dashboard_avatar_target_liveness_test.dart: AVL persistent real CoreDashboard nonempty Avatar final-target liveness without Time scenario=persistent20cycles
Carousel fling: raw=0.0px/s, effective=0.0px/s, itemExtent=58.00, speed=0.00 items/s, band=nearest, maxStep=0, projected=100000, target=100000, delta=0
Carousel fling: raw=0.0px/s, effective=0.0px/s, itemExtent=77.20, speed=0.00 items/s, band=nearest, maxStep=0, projected=100000, target=100000, delta=0
Carousel fling: raw=2400.0px/s, effective=1584.0px/s, itemExtent=58.00, speed=27.31 items/s, band=max-5, maxStep=5, projected=100016, target=100008, delta=5
Carousel snap: stiffness=340.0, settle=1024ms
01:01 +179: /data/data/com.termux/files/home/ubuntu/flutteruser/flutterapps/fluvi-avatar-target-liveness-codex-20260909/test/features/dashboard/presentation/dashboard_avatar_target_liveness_test.dart: AVL persistent real CoreDashboard nonempty Avatar final-target liveness without Time scenario=persistent20cycles
01:01 +180: /data/data/com.termux/files/home/ubuntu/flutteruser/flutterapps/fluvi-avatar-target-liveness-codex-20260909/test/features/dashboard/presentation/dashboard_avatar_target_liveness_test.dart: AVL persistent real CoreDashboard nonempty Avatar final-target liveness without Time scenario=persistent20cycles
01:02 +181: /data/data/com.termux/files/home/ubuntu/flutteruser/flutterapps/fluvi-avatar-target-liveness-codex-20260909/test/features/dashboard/presentation/dashboard_avatar_target_liveness_test.dart: AVL persistent real CoreDashboard nonempty Avatar final-target liveness without Time scenario=persistent20cycles
Carousel fling: raw=0.0px/s, effective=0.0px/s, itemExtent=58.00, speed=0.00 items/s, band=nearest, maxStep=0, projected=100008, target=100008, delta=0
Carousel fling: raw=0.0px/s, effective=0.0px/s, itemExtent=77.20, speed=0.00 items/s, band=nearest, maxStep=0, projected=100000, target=100000, delta=0
Carousel fling: raw=-2400.0px/s, effective=-1584.0px/s, itemExtent=58.00, speed=-27.31 items/s, band=max-5, maxStep=5, projected=99992, target=100000, delta=-5
Carousel snap: stiffness=340.0, settle=1024ms
01:06 +182: /data/data/com.termux/files/home/ubuntu/flutteruser/flutterapps/fluvi-avatar-target-liveness-codex-20260909/test/features/dashboard/presentation/dashboard_avatar_target_liveness_test.dart: AVL persistent real CoreDashboard nonempty Avatar final-target liveness without Time scenario=persistent20cycles
Carousel fling: raw=0.0px/s, effective=0.0px/s, itemExtent=58.00, speed=0.00 items/s, band=nearest, maxStep=0, projected=100000, target=100000, delta=0
Carousel fling: raw=0.0px/s, effective=0.0px/s, itemExtent=77.20, speed=0.00 items/s, band=nearest, maxStep=0, projected=100000, target=100000, delta=0
01:08 +183: /data/data/com.termux/files/home/ubuntu/flutteruser/flutterapps/fluvi-avatar-target-liveness-codex-20260909/test/features/dashboard/presentation/dashboard_avatar_target_liveness_test.dart: AVL persistent real CoreDashboard nonempty Avatar final-target liveness without Time scenario=persistent20cycles
Carousel fling: raw=2400.0px/s, effective=1584.0px/s, itemExtent=58.00, speed=27.31 items/s, band=max-5, maxStep=5, projected=100016, target=100008, delta=5
Carousel snap: stiffness=340.0, settle=1024ms
01:09 +184: /data/data/com.termux/files/home/ubuntu/flutteruser/flutterapps/fluvi-avatar-target-liveness-codex-20260909/test/features/dashboard/presentation/dashboard_avatar_target_liveness_test.dart: AVL persistent real CoreDashboard nonempty Avatar final-target liveness without Time scenario=persistent20cycles
01:09 +185: /data/data/com.termux/files/home/ubuntu/flutteruser/flutterapps/fluvi-avatar-target-liveness-codex-20260909/test/features/dashboard/presentation/dashboard_avatar_target_liveness_test.dart: AVL persistent real CoreDashboard nonempty Avatar final-target liveness without Time scenario=persistent20cycles
01:09 +186: /data/data/com.termux/files/home/ubuntu/flutteruser/flutterapps/fluvi-avatar-target-liveness-codex-20260909/test/features/dashboard/presentation/dashboard_avatar_target_liveness_test.dart: AVL persistent real CoreDashboard nonempty Avatar final-target liveness without Time scenario=persistent20cycles
01:10 +187: /data/data/com.termux/files/home/ubuntu/flutteruser/flutterapps/fluvi-avatar-target-liveness-codex-20260909/test/features/dashboard/presentation/dashboard_avatar_target_liveness_test.dart: AVL persistent real CoreDashboard nonempty Avatar final-target liveness without Time scenario=persistent20cycles
Carousel fling: raw=0.0px/s, effective=0.0px/s, itemExtent=58.00, speed=0.00 items/s, band=nearest, maxStep=0, projected=100008, target=100008, delta=0
Carousel fling: raw=0.0px/s, effective=0.0px/s, itemExtent=77.20, speed=0.00 items/s, band=nearest, maxStep=0, projected=100000, target=100000, delta=0
Carousel fling: raw=-2400.0px/s, effective=-1584.0px/s, itemExtent=58.00, speed=-27.31 items/s, band=max-5, maxStep=5, projected=99992, target=100000, delta=-5
Carousel snap: stiffness=340.0, settle=1024ms
01:12 +188: /data/data/com.termux/files/home/ubuntu/flutteruser/flutterapps/fluvi-avatar-target-liveness-codex-20260909/test/features/dashboard/presentation/dashboard_avatar_target_liveness_test.dart: AVL persistent real CoreDashboard nonempty Avatar final-target liveness without Time scenario=persistent20cycles
Carousel fling: raw=0.0px/s, effective=0.0px/s, itemExtent=58.00, speed=0.00 items/s, band=nearest, maxStep=0, projected=100000, target=100000, delta=0
01:13 +189: /data/data/com.termux/files/home/ubuntu/flutteruser/flutterapps/fluvi-avatar-target-liveness-codex-20260909/test/features/dashboard/presentation/dashboard_avatar_target_liveness_test.dart: AVL persistent real CoreDashboard nonempty Avatar final-target liveness without Time scenario=persistent20cycles
Carousel fling: raw=0.0px/s, effective=0.0px/s, itemExtent=77.20, speed=0.00 items/s, band=nearest, maxStep=0, projected=100000, target=100000, delta=0
Carousel fling: raw=2400.0px/s, effective=1584.0px/s, itemExtent=58.00, speed=27.31 items/s, band=max-5, maxStep=5, projected=100016, target=100008, delta=5
Carousel snap: stiffness=340.0, settle=1024ms
Carousel fling: raw=0.0px/s, effective=0.0px/s, itemExtent=58.00, speed=0.00 items/s, band=nearest, maxStep=0, projected=100008, target=100008, delta=0
01:16 +190: /data/data/com.termux/files/home/ubuntu/flutteruser/flutterapps/fluvi-avatar-target-liveness-codex-20260909/test/features/dashboard/presentation/dashboard_avatar_target_liveness_test.dart: AVL persistent real CoreDashboard nonempty Avatar final-target liveness without Time scenario=persistent20cycles
Carousel fling: raw=0.0px/s, effective=0.0px/s, itemExtent=77.20, speed=0.00 items/s, band=nearest, maxStep=0, projected=100000, target=100000, delta=0
Carousel fling: raw=-2400.0px/s, effective=-1584.0px/s, itemExtent=58.00, speed=-27.31 items/s, band=max-5, maxStep=5, projected=99992, target=100000, delta=-5
Carousel snap: stiffness=340.0, settle=1024ms
01:17 +191: /data/data/com.termux/files/home/ubuntu/flutteruser/flutterapps/fluvi-avatar-target-liveness-codex-20260909/test/features/dashboard/presentation/dashboard_avatar_target_liveness_test.dart: AVL persistent real CoreDashboard nonempty Avatar final-target liveness without Time scenario=persistent20cycles
Carousel fling: raw=0.0px/s, effective=0.0px/s, itemExtent=58.00, speed=0.00 items/s, band=nearest, maxStep=0, projected=100000, target=100000, delta=0
Carousel fling: raw=0.0px/s, effective=0.0px/s, itemExtent=77.20, speed=0.00 items/s, band=nearest, maxStep=0, projected=100000, target=100000, delta=0
01:19 +192: /data/data/com.termux/files/home/ubuntu/flutteruser/flutterapps/fluvi-avatar-target-liveness-codex-20260909/test/features/dashboard/presentation/dashboard_avatar_target_liveness_test.dart: AVL persistent real CoreDashboard nonempty Avatar final-target liveness without Time scenario=persistent20cycles
01:19 +193: /data/data/com.termux/files/home/ubuntu/flutteruser/flutterapps/fluvi-avatar-target-liveness-codex-20260909/test/features/dashboard/presentation/dashboard_avatar_target_liveness_test.dart: AVL persistent real CoreDashboard nonempty Avatar final-target liveness without Time scenario=persistent20cycles
Carousel fling: raw=2400.0px/s, effective=1584.0px/s, itemExtent=58.00, speed=27.31 items/s, band=max-5, maxStep=5, projected=100016, target=100008, delta=5
Carousel snap: stiffness=340.0, settle=1024ms
01:20 +194: /data/data/com.termux/files/home/ubuntu/flutteruser/flutterapps/fluvi-avatar-target-liveness-codex-20260909/test/features/dashboard/presentation/dashboard_avatar_target_liveness_test.dart: AVL persistent real CoreDashboard nonempty Avatar final-target liveness without Time scenario=persistent20cycles
01:21 +195: /data/data/com.termux/files/home/ubuntu/flutteruser/flutterapps/fluvi-avatar-target-liveness-codex-20260909/test/features/dashboard/presentation/dashboard_avatar_target_liveness_test.dart: AVL persistent real CoreDashboard nonempty Avatar final-target liveness without Time scenario=persistent20cycles
01:21 +196: /data/data/com.termux/files/home/ubuntu/flutteruser/flutterapps/fluvi-avatar-target-liveness-codex-20260909/test/features/dashboard/presentation/dashboard_avatar_target_liveness_test.dart: AVL persistent real CoreDashboard nonempty Avatar final-target liveness without Time scenario=persistent20cycles
Carousel fling: raw=0.0px/s, effective=0.0px/s, itemExtent=58.00, speed=0.00 items/s, band=nearest, maxStep=0, projected=100008, target=100008, delta=0
01:21 +197: /data/data/com.termux/files/home/ubuntu/flutteruser/flutterapps/fluvi-avatar-target-liveness-codex-20260909/test/features/dashboard/presentation/dashboard_avatar_target_liveness_test.dart: AVL persistent real CoreDashboard nonempty Avatar final-target liveness without Time scenario=persistent20cycles
Carousel fling: raw=0.0px/s, effective=0.0px/s, itemExtent=77.20, speed=0.00 items/s, band=nearest, maxStep=0, projected=100000, target=100000, delta=0
01:22 +198: /data/data/com.termux/files/home/ubuntu/flutteruser/flutterapps/fluvi-avatar-target-liveness-codex-20260909/test/features/dashboard/presentation/dashboard_avatar_target_liveness_test.dart: AVL persistent real CoreDashboard nonempty Avatar final-target liveness without Time scenario=persistent20cycles
Carousel fling: raw=-2400.0px/s, effective=-1584.0px/s, itemExtent=58.00, speed=-27.31 items/s, band=max-5, maxStep=5, projected=99992, target=100000, delta=-5
Carousel snap: stiffness=340.0, settle=1024ms
Carousel fling: raw=0.0px/s, effective=0.0px/s, itemExtent=58.00, speed=0.00 items/s, band=nearest, maxStep=0, projected=100000, target=100000, delta=0
Carousel fling: raw=0.0px/s, effective=0.0px/s, itemExtent=77.20, speed=0.00 items/s, band=nearest, maxStep=0, projected=100000, target=100000, delta=0
01:24 +199: /data/data/com.termux/files/home/ubuntu/flutteruser/flutterapps/fluvi-avatar-target-liveness-codex-20260909/test/features/dashboard/presentation/dashboard_avatar_target_liveness_test.dart: AVL persistent real CoreDashboard nonempty Avatar final-target liveness without Time scenario=persistent20cycles
Carousel fling: raw=2400.0px/s, effective=1584.0px/s, itemExtent=58.00, speed=27.31 items/s, band=max-5, maxStep=5, projected=100016, target=100008, delta=5
Carousel snap: stiffness=340.0, settle=1024ms
01:24 +200: /data/data/com.termux/files/home/ubuntu/flutteruser/flutterapps/fluvi-avatar-target-liveness-codex-20260909/test/features/dashboard/presentation/dashboard_avatar_target_liveness_test.dart: AVL persistent real CoreDashboard nonempty Avatar final-target liveness without Time scenario=persistent20cycles
01:24 +201: /data/data/com.termux/files/home/ubuntu/flutteruser/flutterapps/fluvi-avatar-target-liveness-codex-20260909/test/features/dashboard/presentation/dashboard_avatar_target_liveness_test.dart: AVL persistent real CoreDashboard nonempty Avatar final-target liveness without Time scenario=persistent20cycles
01:24 +202: /data/data/com.termux/files/home/ubuntu/flutteruser/flutterapps/fluvi-avatar-target-liveness-codex-20260909/test/features/dashboard/presentation/dashboard_avatar_target_liveness_test.dart: AVL persistent real CoreDashboard nonempty Avatar final-target liveness without Time scenario=persistent20cycles
01:24 +203: /data/data/com.termux/files/home/ubuntu/flutteruser/flutterapps/fluvi-avatar-target-liveness-codex-20260909/test/features/dashboard/presentation/dashboard_avatar_target_liveness_test.dart: AVL persistent real CoreDashboard nonempty Avatar final-target liveness without Time scenario=persistent20cycles
01:24 +204: /data/data/com.termux/files/home/ubuntu/flutteruser/flutterapps/fluvi-avatar-target-liveness-codex-20260909/test/features/dashboard/presentation/dashboard_avatar_target_liveness_test.dart: AVL persistent real CoreDashboard nonempty Avatar final-target liveness without Time scenario=persistent20cycles
01:25 +205: /data/data/com.termux/files/home/ubuntu/flutteruser/flutterapps/fluvi-avatar-target-liveness-codex-20260909/test/features/dashboard/presentation/dashboard_avatar_target_liveness_test.dart: AVL persistent real CoreDashboard nonempty Avatar final-target liveness without Time scenario=persistent20cycles
01:25 +206: /data/data/com.termux/files/home/ubuntu/flutteruser/flutterapps/fluvi-avatar-target-liveness-codex-20260909/test/features/dashboard/presentation/dashboard_avatar_target_liveness_test.dart: AVL persistent real CoreDashboard nonempty Avatar final-target liveness without Time scenario=persistent20cycles
Carousel fling: raw=0.0px/s, effective=0.0px/s, itemExtent=58.00, speed=0.00 items/s, band=nearest, maxStep=0, projected=100008, target=100008, delta=0
Carousel fling: raw=0.0px/s, effective=0.0px/s, itemExtent=77.20, speed=0.00 items/s, band=nearest, maxStep=0, projected=100000, target=100000, delta=0
Carousel fling: raw=-2400.0px/s, effective=-1584.0px/s, itemExtent=58.00, speed=-27.31 items/s, band=max-5, maxStep=5, projected=99992, target=100000, delta=-5
Carousel snap: stiffness=340.0, settle=1024ms
01:27 +207: /data/data/com.termux/files/home/ubuntu/flutteruser/flutterapps/fluvi-avatar-target-liveness-codex-20260909/test/features/dashboard/presentation/dashboard_avatar_target_liveness_test.dart: AVL persistent real CoreDashboard nonempty Avatar final-target liveness without Time scenario=persistent20cycles
01:27 +208: /data/data/com.termux/files/home/ubuntu/flutteruser/flutterapps/fluvi-avatar-target-liveness-codex-20260909/test/features/dashboard/presentation/dashboard_avatar_target_liveness_test.dart: AVL persistent real CoreDashboard nonempty Avatar final-target liveness without Time scenario=persistent20cycles
Carousel fling: raw=0.0px/s, effective=0.0px/s, itemExtent=58.00, speed=0.00 items/s, band=nearest, maxStep=0, projected=100000, target=100000, delta=0
Carousel fling: raw=0.0px/s, effective=0.0px/s, itemExtent=77.20, speed=0.00 items/s, band=nearest, maxStep=0, projected=100000, target=100000, delta=0
Carousel fling: raw=2400.0px/s, effective=1584.0px/s, itemExtent=58.00, speed=27.31 items/s, band=max-5, maxStep=5, projected=100016, target=100008, delta=5
Carousel snap: stiffness=340.0, settle=1024ms
01:29 +209: /data/data/com.termux/files/home/ubuntu/flutteruser/flutterapps/fluvi-avatar-target-liveness-codex-20260909/test/features/dashboard/presentation/dashboard_avatar_target_liveness_test.dart: AVL persistent real CoreDashboard nonempty Avatar final-target liveness without Time scenario=persistent20cycles
01:29 +210: /data/data/com.termux/files/home/ubuntu/flutteruser/flutterapps/fluvi-avatar-target-liveness-codex-20260909/test/features/dashboard/presentation/dashboard_avatar_target_liveness_test.dart: AVL persistent real CoreDashboard nonempty Avatar final-target liveness without Time scenario=persistent20cycles
01:29 +211: /data/data/com.termux/files/home/ubuntu/flutteruser/flutterapps/fluvi-avatar-target-liveness-codex-20260909/test/features/dashboard/presentation/dashboard_avatar_target_liveness_test.dart: AVL persistent real CoreDashboard nonempty Avatar final-target liveness without Time scenario=persistent20cycles
01:29 +212: /data/data/com.termux/files/home/ubuntu/flutteruser/flutterapps/fluvi-avatar-target-liveness-codex-20260909/test/features/dashboard/presentation/dashboard_avatar_target_liveness_test.dart: AVL persistent real CoreDashboard nonempty Avatar final-target liveness without Time scenario=persistent20cycles
01:29 +213: /data/data/com.termux/files/home/ubuntu/flutteruser/flutterapps/fluvi-avatar-target-liveness-codex-20260909/test/features/dashboard/presentation/dashboard_avatar_target_liveness_test.dart: AVL persistent real CoreDashboard nonempty Avatar final-target liveness without Time scenario=persistent20cycles
01:29 +214: /data/data/com.termux/files/home/ubuntu/flutteruser/flutterapps/fluvi-avatar-target-liveness-codex-20260909/test/features/dashboard/presentation/dashboard_avatar_target_liveness_test.dart: AVL persistent real CoreDashboard nonempty Avatar final-target liveness without Time scenario=persistent20cycles
01:29 +215: /data/data/com.termux/files/home/ubuntu/flutteruser/flutterapps/fluvi-avatar-target-liveness-codex-20260909/test/features/dashboard/presentation/dashboard_avatar_target_liveness_test.dart: AVL persistent real CoreDashboard nonempty Avatar final-target liveness without Time scenario=persistent20cycles
01:29 +216: /data/data/com.termux/files/home/ubuntu/flutteruser/flutterapps/fluvi-avatar-target-liveness-codex-20260909/test/features/dashboard/presentation/dashboard_avatar_target_liveness_test.dart: AVL persistent real CoreDashboard nonempty Avatar final-target liveness without Time scenario=persistent20cycles
01:29 +217: /data/data/com.termux/files/home/ubuntu/flutteruser/flutterapps/fluvi-avatar-target-liveness-codex-20260909/test/features/dashboard/presentation/dashboard_avatar_target_liveness_test.dart: AVL persistent real CoreDashboard nonempty Avatar final-target liveness without Time scenario=persistent20cycles
01:29 +218: /data/data/com.termux/files/home/ubuntu/flutteruser/flutterapps/fluvi-avatar-target-liveness-codex-20260909/test/features/dashboard/presentation/dashboard_avatar_target_liveness_test.dart: AVL persistent real CoreDashboard nonempty Avatar final-target liveness without Time scenario=persistent20cycles
01:29 +219: /data/data/com.termux/files/home/ubuntu/flutteruser/flutterapps/fluvi-avatar-target-liveness-codex-20260909/test/features/dashboard/presentation/dashboard_avatar_target_liveness_test.dart: AVL persistent real CoreDashboard nonempty Avatar final-target liveness without Time scenario=persistent20cycles
01:29 +220: /data/data/com.termux/files/home/ubuntu/flutteruser/flutterapps/fluvi-avatar-target-liveness-codex-20260909/test/features/dashboard/presentation/dashboard_avatar_target_liveness_test.dart: AVL persistent real CoreDashboard nonempty Avatar final-target liveness without Time scenario=persistent20cycles
01:30 +221: /data/data/com.termux/files/home/ubuntu/flutteruser/flutterapps/fluvi-avatar-target-liveness-codex-20260909/test/features/dashboard/presentation/dashboard_avatar_target_liveness_test.dart: AVL persistent real CoreDashboard nonempty Avatar final-target liveness without Time scenario=persistent20cycles
01:30 +222: /data/data/com.termux/files/home/ubuntu/flutteruser/flutterapps/fluvi-avatar-target-liveness-codex-20260909/test/features/dashboard/presentation/dashboard_avatar_target_liveness_test.dart: AVL persistent real CoreDashboard nonempty Avatar final-target liveness without Time scenario=persistent20cycles
Carousel fling: raw=0.0px/s, effective=0.0px/s, itemExtent=58.00, speed=0.00 items/s, band=nearest, maxStep=0, projected=100008, target=100008, delta=0
01:30 +223: /data/data/com.termux/files/home/ubuntu/flutteruser/flutterapps/fluvi-avatar-target-liveness-codex-20260909/test/features/dashboard/presentation/dashboard_avatar_target_liveness_test.dart: AVL persistent real CoreDashboard nonempty Avatar final-target liveness without Time scenario=persistent20cycles
01:30 +224: /data/data/com.termux/files/home/ubuntu/flutteruser/flutterapps/fluvi-avatar-target-liveness-codex-20260909/test/features/dashboard/presentation/dashboard_avatar_target_liveness_test.dart: AVL persistent real CoreDashboard nonempty Avatar final-target liveness without Time scenario=persistent20cycles
Carousel fling: raw=0.0px/s, effective=0.0px/s, itemExtent=77.20, speed=0.00 items/s, band=nearest, maxStep=0, projected=100000, target=100000, delta=0
01:30 +225: /data/data/com.termux/files/home/ubuntu/flutteruser/flutterapps/fluvi-avatar-target-liveness-codex-20260909/test/features/dashboard/presentation/dashboard_avatar_target_liveness_test.dart: AVL persistent real CoreDashboard nonempty Avatar final-target liveness without Time scenario=persistent20cycles
01:30 +226: /data/data/com.termux/files/home/ubuntu/flutteruser/flutterapps/fluvi-avatar-target-liveness-codex-20260909/test/features/dashboard/presentation/dashboard_avatar_target_liveness_test.dart: AVL persistent real CoreDashboard nonempty Avatar final-target liveness without Time scenario=persistent20cycles
01:30 +227: /data/data/com.termux/files/home/ubuntu/flutteruser/flutterapps/fluvi-avatar-target-liveness-codex-20260909/test/features/dashboard/presentation/dashboard_avatar_target_liveness_test.dart: AVL persistent real CoreDashboard nonempty Avatar final-target liveness without Time scenario=persistent20cycles
01:30 +228: /data/data/com.termux/files/home/ubuntu/flutteruser/flutterapps/fluvi-avatar-target-liveness-codex-20260909/test/features/dashboard/presentation/dashboard_avatar_target_liveness_test.dart: AVL persistent real CoreDashboard nonempty Avatar final-target liveness without Time scenario=persistent20cycles
01:31 +229: /data/data/com.termux/files/home/ubuntu/flutteruser/flutterapps/fluvi-avatar-target-liveness-codex-20260909/test/features/dashboard/presentation/dashboard_avatar_target_liveness_test.dart: AVL persistent real CoreDashboard nonempty Avatar final-target liveness without Time scenario=persistent20cycles
Carousel fling: raw=-2400.0px/s, effective=-1584.0px/s, itemExtent=58.00, speed=-27.31 items/s, band=max-5, maxStep=5, projected=99992, target=100000, delta=-5
Carousel snap: stiffness=340.0, settle=1024ms
Carousel fling: raw=0.0px/s, effective=0.0px/s, itemExtent=58.00, speed=0.00 items/s, band=nearest, maxStep=0, projected=100000, target=100000, delta=0
Carousel fling: raw=0.0px/s, effective=0.0px/s, itemExtent=77.20, speed=0.00 items/s, band=nearest, maxStep=0, projected=100000, target=100000, delta=0
Carousel fling: raw=2400.0px/s, effective=1584.0px/s, itemExtent=58.00, speed=27.31 items/s, band=max-5, maxStep=5, projected=100016, target=100008, delta=5
Carousel snap: stiffness=340.0, settle=1024ms
01:33 +230: /data/data/com.termux/files/home/ubuntu/flutteruser/flutterapps/fluvi-avatar-target-liveness-codex-20260909/test/features/dashboard/presentation/dashboard_avatar_target_liveness_test.dart: AVL persistent real CoreDashboard nonempty Avatar final-target liveness without Time scenario=persistent20cycles
01:33 +231: /data/data/com.termux/files/home/ubuntu/flutteruser/flutterapps/fluvi-avatar-target-liveness-codex-20260909/test/features/dashboard/presentation/dashboard_avatar_target_liveness_test.dart: AVL persistent real CoreDashboard nonempty Avatar final-target liveness without Time scenario=persistent20cycles
01:34 +232: /data/data/com.termux/files/home/ubuntu/flutteruser/flutterapps/fluvi-avatar-target-liveness-codex-20260909/test/features/dashboard/presentation/dashboard_avatar_target_liveness_test.dart: AVL persistent real CoreDashboard nonempty Avatar final-target liveness without Time scenario=persistent20cycles
01:34 +233: /data/data/com.termux/files/home/ubuntu/flutteruser/flutterapps/fluvi-avatar-target-liveness-codex-20260909/test/features/dashboard/presentation/dashboard_avatar_target_liveness_test.dart: AVL persistent real CoreDashboard nonempty Avatar final-target liveness without Time scenario=persistent20cycles
01:34 +234: /data/data/com.termux/files/home/ubuntu/flutteruser/flutterapps/fluvi-avatar-target-liveness-codex-20260909/test/features/dashboard/presentation/dashboard_avatar_target_liveness_test.dart: AVL persistent real CoreDashboard nonempty Avatar final-target liveness without Time scenario=persistent20cycles
01:34 +235: /data/data/com.termux/files/home/ubuntu/flutteruser/flutterapps/fluvi-avatar-target-liveness-codex-20260909/test/features/dashboard/presentation/dashboard_avatar_target_liveness_test.dart: AVL persistent real CoreDashboard nonempty Avatar final-target liveness without Time scenario=persistent20cycles
01:34 +236: /data/data/com.termux/files/home/ubuntu/flutteruser/flutterapps/fluvi-avatar-target-liveness-codex-20260909/test/features/dashboard/presentation/dashboard_avatar_target_liveness_test.dart: AVL persistent real CoreDashboard nonempty Avatar final-target liveness without Time scenario=persistent20cycles
01:34 +237: /data/data/com.termux/files/home/ubuntu/flutteruser/flutterapps/fluvi-avatar-target-liveness-codex-20260909/test/features/dashboard/presentation/dashboard_avatar_target_liveness_test.dart: AVL persistent real CoreDashboard nonempty Avatar final-target liveness without Time scenario=persistent20cycles
01:34 +238: /data/data/com.termux/files/home/ubuntu/flutteruser/flutterapps/fluvi-avatar-target-liveness-codex-20260909/test/features/dashboard/presentation/dashboard_avatar_target_liveness_test.dart: AVL persistent real CoreDashboard nonempty Avatar final-target liveness without Time scenario=persistent20cycles
01:34 +239: /data/data/com.termux/files/home/ubuntu/flutteruser/flutterapps/fluvi-avatar-target-liveness-codex-20260909/test/features/dashboard/presentation/dashboard_avatar_target_liveness_test.dart: AVL persistent real CoreDashboard nonempty Avatar final-target liveness without Time scenario=persistent20cycles
01:34 +240: /data/data/com.termux/files/home/ubuntu/flutteruser/flutterapps/fluvi-avatar-target-liveness-codex-20260909/test/features/dashboard/presentation/dashboard_avatar_target_liveness_test.dart: AVL persistent real CoreDashboard nonempty Avatar final-target liveness without Time scenario=persistent20cycles
01:34 +241: /data/data/com.termux/files/home/ubuntu/flutteruser/flutterapps/fluvi-avatar-target-liveness-codex-20260909/test/features/dashboard/presentation/dashboard_avatar_target_liveness_test.dart: AVL persistent real CoreDashboard nonempty Avatar final-target liveness without Time scenario=persistent20cycles
01:34 +242: /data/data/com.termux/files/home/ubuntu/flutteruser/flutterapps/fluvi-avatar-target-liveness-codex-20260909/test/features/dashboard/presentation/dashboard_avatar_target_liveness_test.dart: AVL persistent real CoreDashboard nonempty Avatar final-target liveness without Time scenario=persistent20cycles
01:34 +243: /data/data/com.termux/files/home/ubuntu/flutteruser/flutterapps/fluvi-avatar-target-liveness-codex-20260909/test/features/dashboard/presentation/dashboard_avatar_target_liveness_test.dart: AVL persistent real CoreDashboard nonempty Avatar final-target liveness without Time scenario=persistent20cycles
01:34 +244: /data/data/com.termux/files/home/ubuntu/flutteruser/flutterapps/fluvi-avatar-target-liveness-codex-20260909/test/features/dashboard/presentation/dashboard_avatar_target_liveness_test.dart: AVL persistent real CoreDashboard nonempty Avatar final-target liveness without Time scenario=persistent20cycles
01:35 +245: /data/data/com.termux/files/home/ubuntu/flutteruser/flutterapps/fluvi-avatar-target-liveness-codex-20260909/test/features/dashboard/presentation/dashboard_avatar_target_liveness_test.dart: AVL persistent real CoreDashboard nonempty Avatar final-target liveness without Time scenario=persistent20cycles
Carousel fling: raw=0.0px/s, effective=0.0px/s, itemExtent=58.00, speed=0.00 items/s, band=nearest, maxStep=0, projected=100008, target=100008, delta=0
01:35 +246: /data/data/com.termux/files/home/ubuntu/flutteruser/flutterapps/fluvi-avatar-target-liveness-codex-20260909/test/features/dashboard/presentation/dashboard_avatar_target_liveness_test.dart: AVL persistent real CoreDashboard nonempty Avatar final-target liveness without Time scenario=persistent20cycles
01:35 +247: /data/data/com.termux/files/home/ubuntu/flutteruser/flutterapps/fluvi-avatar-target-liveness-codex-20260909/test/features/dashboard/presentation/dashboard_avatar_target_liveness_test.dart: AVL persistent real CoreDashboard nonempty Avatar final-target liveness without Time scenario=persistent20cycles
01:35 +248: /data/data/com.termux/files/home/ubuntu/flutteruser/flutterapps/fluvi-avatar-target-liveness-codex-20260909/test/features/dashboard/presentation/dashboard_avatar_target_liveness_test.dart: AVL persistent real CoreDashboard nonempty Avatar final-target liveness without Time scenario=persistent20cycles
01:35 +249: /data/data/com.termux/files/home/ubuntu/flutteruser/flutterapps/fluvi-avatar-target-liveness-codex-20260909/test/features/dashboard/presentation/dashboard_avatar_target_liveness_test.dart: AVL persistent real CoreDashboard nonempty Avatar final-target liveness without Time scenario=persistent20cycles
01:35 +250: /data/data/com.termux/files/home/ubuntu/flutteruser/flutterapps/fluvi-avatar-target-liveness-codex-20260909/test/features/dashboard/presentation/dashboard_avatar_target_liveness_test.dart: AVL persistent real CoreDashboard nonempty Avatar final-target liveness without Time scenario=persistent20cycles
Carousel fling: raw=0.0px/s, effective=0.0px/s, itemExtent=77.20, speed=0.00 items/s, band=nearest, maxStep=0, projected=100000, target=100000, delta=0
01:35 +251: /data/data/com.termux/files/home/ubuntu/flutteruser/flutterapps/fluvi-avatar-target-liveness-codex-20260909/test/features/dashboard/presentation/dashboard_avatar_target_liveness_test.dart: AVL persistent real CoreDashboard nonempty Avatar final-target liveness without Time scenario=persistent20cycles
01:35 +252: /data/data/com.termux/files/home/ubuntu/flutteruser/flutterapps/fluvi-avatar-target-liveness-codex-20260909/test/features/dashboard/presentation/dashboard_avatar_target_liveness_test.dart: AVL persistent real CoreDashboard nonempty Avatar final-target liveness without Time scenario=persistent20cycles
01:35 +253: /data/data/com.termux/files/home/ubuntu/flutteruser/flutterapps/fluvi-avatar-target-liveness-codex-20260909/test/features/dashboard/presentation/dashboard_avatar_target_liveness_test.dart: AVL persistent real CoreDashboard nonempty Avatar final-target liveness without Time scenario=persistent20cycles
01:35 +254: /data/data/com.termux/files/home/ubuntu/flutteruser/flutterapps/fluvi-avatar-target-liveness-codex-20260909/test/features/dashboard/presentation/dashboard_avatar_target_liveness_test.dart: AVL persistent real CoreDashboard nonempty Avatar final-target liveness without Time scenario=persistent20cycles
01:35 +255: /data/data/com.termux/files/home/ubuntu/flutteruser/flutterapps/fluvi-avatar-target-liveness-codex-20260909/test/features/dashboard/presentation/dashboard_avatar_target_liveness_test.dart: AVL persistent real CoreDashboard nonempty Avatar final-target liveness without Time scenario=persistent20cycles
01:35 +256: /data/data/com.termux/files/home/ubuntu/flutteruser/flutterapps/fluvi-avatar-target-liveness-codex-20260909/test/features/dashboard/presentation/dashboard_avatar_target_liveness_test.dart: AVL persistent real CoreDashboard nonempty Avatar final-target liveness without Time scenario=persistent20cycles
01:35 +257: /data/data/com.termux/files/home/ubuntu/flutteruser/flutterapps/fluvi-avatar-target-liveness-codex-20260909/test/features/dashboard/presentation/dashboard_avatar_target_liveness_test.dart: AVL persistent real CoreDashboard nonempty Avatar final-target liveness without Time scenario=persistent20cycles
01:35 +258: /data/data/com.termux/files/home/ubuntu/flutteruser/flutterapps/fluvi-avatar-target-liveness-codex-20260909/test/features/dashboard/presentation/dashboard_avatar_target_liveness_test.dart: AVL persistent real CoreDashboard nonempty Avatar final-target liveness without Time scenario=persistent20cycles
01:35 +259: /data/data/com.termux/files/home/ubuntu/flutteruser/flutterapps/fluvi-avatar-target-liveness-codex-20260909/test/features/dashboard/presentation/dashboard_avatar_target_liveness_test.dart: AVL persistent real CoreDashboard nonempty Avatar final-target liveness without Time scenario=persistent20cycles
01:35 +260: /data/data/com.termux/files/home/ubuntu/flutteruser/flutterapps/fluvi-avatar-target-liveness-codex-20260909/test/features/dashboard/presentation/dashboard_avatar_target_liveness_test.dart: AVL persistent real CoreDashboard nonempty Avatar final-target liveness without Time scenario=persistent20cycles
01:35 +261: /data/data/com.termux/files/home/ubuntu/flutteruser/flutterapps/fluvi-avatar-target-liveness-codex-20260909/test/features/dashboard/presentation/dashboard_avatar_target_liveness_test.dart: AVL persistent real CoreDashboard nonempty Avatar final-target liveness without Time scenario=persistent20cycles
01:35 +262: /data/data/com.termux/files/home/ubuntu/flutteruser/flutterapps/fluvi-avatar-target-liveness-codex-20260909/test/features/dashboard/presentation/dashboard_avatar_target_liveness_test.dart: AVL persistent real CoreDashboard nonempty Avatar final-target liveness without Time scenario=persistent20cycles
01:35 +263: /data/data/com.termux/files/home/ubuntu/flutteruser/flutterapps/fluvi-avatar-target-liveness-codex-20260909/test/features/dashboard/presentation/dashboard_avatar_target_liveness_test.dart: AVL persistent real CoreDashboard nonempty Avatar final-target liveness without Time scenario=persistent20cycles
01:35 +264: /data/data/com.termux/files/home/ubuntu/flutteruser/flutterapps/fluvi-avatar-target-liveness-codex-20260909/test/features/dashboard/presentation/dashboard_avatar_target_liveness_test.dart: AVL persistent real CoreDashboard nonempty Avatar final-target liveness without Time scenario=persistent20cycles
Carousel fling: raw=-2400.0px/s, effective=-1584.0px/s, itemExtent=58.00, speed=-27.31 items/s, band=max-5, maxStep=5, projected=99992, target=100000, delta=-5
Carousel snap: stiffness=340.0, settle=1024ms
01:35 +265: /data/data/com.termux/files/home/ubuntu/flutteruser/flutterapps/fluvi-avatar-target-liveness-codex-20260909/test/features/dashboard/presentation/dashboard_avatar_target_liveness_test.dart: AVL persistent real CoreDashboard nonempty Avatar final-target liveness without Time scenario=persistent20cycles
01:35 +266: /data/data/com.termux/files/home/ubuntu/flutteruser/flutterapps/fluvi-avatar-target-liveness-codex-20260909/test/features/dashboard/presentation/dashboard_avatar_target_liveness_test.dart: AVL persistent real CoreDashboard nonempty Avatar final-target liveness without Time scenario=persistent20cycles
01:35 +267: /data/data/com.termux/files/home/ubuntu/flutteruser/flutterapps/fluvi-avatar-target-liveness-codex-20260909/test/features/dashboard/presentation/dashboard_avatar_target_liveness_test.dart: AVL persistent real CoreDashboard nonempty Avatar final-target liveness without Time scenario=persistent20cycles
01:35 +268: /data/data/com.termux/files/home/ubuntu/flutteruser/flutterapps/fluvi-avatar-target-liveness-codex-20260909/test/features/dashboard/presentation/dashboard_avatar_target_liveness_test.dart: AVL persistent real CoreDashboard nonempty Avatar final-target liveness without Time scenario=persistent20cycles
01:35 +269: /data/data/com.termux/files/home/ubuntu/flutteruser/flutterapps/fluvi-avatar-target-liveness-codex-20260909/test/features/dashboard/presentation/dashboard_avatar_target_liveness_test.dart: AVL persistent real CoreDashboard nonempty Avatar final-target liveness without Time scenario=persistent20cycles
01:36 +270: /data/data/com.termux/files/home/ubuntu/flutteruser/flutterapps/fluvi-avatar-target-liveness-codex-20260909/test/features/dashboard/presentation/dashboard_avatar_target_liveness_test.dart: AVL persistent real CoreDashboard nonempty Avatar final-target liveness without Time scenario=persistent20cycles
01:36 +271: /data/data/com.termux/files/home/ubuntu/flutteruser/flutterapps/fluvi-avatar-target-liveness-codex-20260909/test/features/dashboard/presentation/dashboard_avatar_target_liveness_test.dart: AVL persistent real CoreDashboard nonempty Avatar final-target liveness without Time scenario=persistent20cycles
01:36 +272: /data/data/com.termux/files/home/ubuntu/flutteruser/flutterapps/fluvi-avatar-target-liveness-codex-20260909/test/features/dashboard/presentation/dashboard_avatar_target_liveness_test.dart: AVL persistent real CoreDashboard nonempty Avatar final-target liveness without Time scenario=persistent20cycles
01:36 +273: /data/data/com.termux/files/home/ubuntu/flutteruser/flutterapps/fluvi-avatar-target-liveness-codex-20260909/test/features/dashboard/presentation/dashboard_avatar_target_liveness_test.dart: AVL persistent real CoreDashboard nonempty Avatar final-target liveness without Time scenario=persistent20cycles
01:36 +274: /data/data/com.termux/files/home/ubuntu/flutteruser/flutterapps/fluvi-avatar-target-liveness-codex-20260909/test/features/dashboard/presentation/dashboard_avatar_target_liveness_test.dart: AVL persistent real CoreDashboard nonempty Avatar final-target liveness without Time scenario=persistent20cycles
01:36 +275: /data/data/com.termux/files/home/ubuntu/flutteruser/flutterapps/fluvi-avatar-target-liveness-codex-20260909/test/features/dashboard/presentation/dashboard_avatar_target_liveness_test.dart: AVL persistent real CoreDashboard nonempty Avatar final-target liveness without Time scenario=persistent20cycles
01:36 +276: /data/data/com.termux/files/home/ubuntu/flutteruser/flutterapps/fluvi-avatar-target-liveness-codex-20260909/test/features/dashboard/presentation/dashboard_avatar_target_liveness_test.dart: AVL persistent real CoreDashboard nonempty Avatar final-target liveness without Time scenario=persistent20cycles
01:36 +277: /data/data/com.termux/files/home/ubuntu/flutteruser/flutterapps/fluvi-avatar-target-liveness-codex-20260909/test/features/dashboard/presentation/dashboard_avatar_target_liveness_test.dart: AVL persistent real CoreDashboard nonempty Avatar final-target liveness without Time scenario=persistent20cycles
01:36 +278: /data/data/com.termux/files/home/ubuntu/flutteruser/flutterapps/fluvi-avatar-target-liveness-codex-20260909/test/features/dashboard/presentation/dashboard_avatar_target_liveness_test.dart: AVL persistent real CoreDashboard nonempty Avatar final-target liveness without Time scenario=persistent20cycles
01:36 +279: /data/data/com.termux/files/home/ubuntu/flutteruser/flutterapps/fluvi-avatar-target-liveness-codex-20260909/test/features/dashboard/presentation/dashboard_avatar_target_liveness_test.dart: AVL persistent real CoreDashboard nonempty Avatar final-target liveness without Time scenario=persistent20cycles
01:36 +280: /data/data/com.termux/files/home/ubuntu/flutteruser/flutterapps/fluvi-avatar-target-liveness-codex-20260909/test/features/dashboard/presentation/dashboard_avatar_target_liveness_test.dart: AVL persistent real CoreDashboard nonempty Avatar final-target liveness without Time scenario=persistent20cycles
01:36 +281: /data/data/com.termux/files/home/ubuntu/flutteruser/flutterapps/fluvi-avatar-target-liveness-codex-20260909/test/features/dashboard/presentation/dashboard_avatar_target_liveness_test.dart: AVL persistent real CoreDashboard nonempty Avatar final-target liveness without Time scenario=persistent20cycles
01:37 +282: /data/data/com.termux/files/home/ubuntu/flutteruser/flutterapps/fluvi-avatar-target-liveness-codex-20260909/test/features/dashboard/presentation/dashboard_avatar_target_liveness_test.dart: AVL persistent real CoreDashboard nonempty Avatar final-target liveness without Time scenario=persistent20cycles
Carousel fling: raw=0.0px/s, effective=0.0px/s, itemExtent=58.00, speed=0.00 items/s, band=nearest, maxStep=0, projected=100000, target=100000, delta=0
Carousel fling: raw=0.0px/s, effective=0.0px/s, itemExtent=77.20, speed=0.00 items/s, band=nearest, maxStep=0, projected=100000, target=100000, delta=0
Carousel fling: raw=2400.0px/s, effective=1584.0px/s, itemExtent=58.00, speed=27.31 items/s, band=max-5, maxStep=5, projected=100016, target=100008, delta=5
Carousel snap: stiffness=340.0, settle=1024ms
01:38 +283: /data/data/com.termux/files/home/ubuntu/flutteruser/flutterapps/fluvi-avatar-target-liveness-codex-20260909/test/features/dashboard/presentation/dashboard_avatar_target_liveness_test.dart: AVL persistent real CoreDashboard nonempty Avatar final-target liveness without Time scenario=persistent20cycles
Carousel fling: raw=0.0px/s, effective=0.0px/s, itemExtent=58.00, speed=0.00 items/s, band=nearest, maxStep=0, projected=100008, target=100008, delta=0
Carousel fling: raw=0.0px/s, effective=0.0px/s, itemExtent=77.20, speed=0.00 items/s, band=nearest, maxStep=0, projected=100000, target=100000, delta=0
01:40 +284: /data/data/com.termux/files/home/ubuntu/flutteruser/flutterapps/fluvi-avatar-target-liveness-codex-20260909/test/features/dashboard/presentation/dashboard_avatar_target_liveness_test.dart: AVL persistent real CoreDashboard nonempty Avatar final-target liveness without Time scenario=persistent20cycles
Carousel fling: raw=-2400.0px/s, effective=-1584.0px/s, itemExtent=58.00, speed=-27.31 items/s, band=max-5, maxStep=5, projected=99992, target=100000, delta=-5
Carousel snap: stiffness=340.0, settle=1024ms
Carousel fling: raw=0.0px/s, effective=0.0px/s, itemExtent=58.00, speed=0.00 items/s, band=nearest, maxStep=0, projected=100000, target=100000, delta=0
Carousel fling: raw=0.0px/s, effective=0.0px/s, itemExtent=77.20, speed=0.00 items/s, band=nearest, maxStep=0, projected=100000, target=100000, delta=0
Carousel fling: raw=2400.0px/s, effective=1584.0px/s, itemExtent=58.00, speed=27.31 items/s, band=max-5, maxStep=5, projected=100016, target=100008, delta=5
Carousel snap: stiffness=340.0, settle=1024ms
01:43 +285: /data/data/com.termux/files/home/ubuntu/flutteruser/flutterapps/fluvi-avatar-target-liveness-codex-20260909/test/features/dashboard/presentation/dashboard_avatar_target_liveness_test.dart: AVL persistent real CoreDashboard nonempty Avatar final-target liveness without Time scenario=persistent20cycles
01:43 +286: /data/data/com.termux/files/home/ubuntu/flutteruser/flutterapps/fluvi-avatar-target-liveness-codex-20260909/test/features/dashboard/presentation/dashboard_avatar_target_liveness_test.dart: AVL persistent real CoreDashboard nonempty Avatar final-target liveness without Time scenario=persistent20cycles
Carousel fling: raw=0.0px/s, effective=0.0px/s, itemExtent=58.00, speed=0.00 items/s, band=nearest, maxStep=0, projected=100008, target=100008, delta=0
Carousel fling: raw=0.0px/s, effective=0.0px/s, itemExtent=77.20, speed=0.00 items/s, band=nearest, maxStep=0, projected=100000, target=100000, delta=0
Carousel fling: raw=-2400.0px/s, effective=-1584.0px/s, itemExtent=58.00, speed=-27.31 items/s, band=max-5, maxStep=5, projected=99992, target=100000, delta=-5
Carousel snap: stiffness=340.0, settle=1024ms
Carousel fling: raw=0.0px/s, effective=0.0px/s, itemExtent=58.00, speed=0.00 items/s, band=nearest, maxStep=0, projected=100000, target=100000, delta=0
Carousel fling: raw=0.0px/s, effective=0.0px/s, itemExtent=77.20, speed=0.00 items/s, band=nearest, maxStep=0, projected=100000, target=100000, delta=0
01:46 +287: /data/data/com.termux/files/home/ubuntu/flutteruser/flutterapps/fluvi-avatar-target-liveness-codex-20260909/test/features/dashboard/presentation/dashboard_avatar_target_liveness_test.dart: AVL persistent real CoreDashboard nonempty Avatar final-target liveness without Time scenario=persistent20cycles
Carousel fling: raw=2400.0px/s, effective=1584.0px/s, itemExtent=58.00, speed=27.31 items/s, band=max-5, maxStep=5, projected=100016, target=100008, delta=5
Carousel snap: stiffness=340.0, settle=1024ms
01:48 +288: /data/data/com.termux/files/home/ubuntu/flutteruser/flutterapps/fluvi-avatar-target-liveness-codex-20260909/test/features/dashboard/presentation/dashboard_avatar_target_liveness_test.dart: AVL persistent real CoreDashboard nonempty Avatar final-target liveness without Time scenario=persistent20cycles
01:48 +289: /data/data/com.termux/files/home/ubuntu/flutteruser/flutterapps/fluvi-avatar-target-liveness-codex-20260909/test/features/dashboard/presentation/dashboard_avatar_target_liveness_test.dart: AVL persistent real CoreDashboard nonempty Avatar final-target liveness without Time scenario=persistent20cycles
Carousel fling: raw=0.0px/s, effective=0.0px/s, itemExtent=58.00, speed=0.00 items/s, band=nearest, maxStep=0, projected=100008, target=100008, delta=0
Carousel fling: raw=0.0px/s, effective=0.0px/s, itemExtent=77.20, speed=0.00 items/s, band=nearest, maxStep=0, projected=100000, target=100000, delta=0
Carousel fling: raw=-2400.0px/s, effective=-1584.0px/s, itemExtent=58.00, speed=-27.31 items/s, band=max-5, maxStep=5, projected=99992, target=100000, delta=-5
Carousel snap: stiffness=340.0, settle=1024ms
01:49 +290: /data/data/com.termux/files/home/ubuntu/flutteruser/flutterapps/fluvi-avatar-target-liveness-codex-20260909/test/features/dashboard/presentation/dashboard_avatar_target_liveness_test.dart: AVL persistent real CoreDashboard nonempty Avatar final-target liveness without Time scenario=persistent20cycles
Carousel fling: raw=0.0px/s, effective=0.0px/s, itemExtent=58.00, speed=0.00 items/s, band=nearest, maxStep=0, projected=100000, target=100000, delta=0
Carousel fling: raw=0.0px/s, effective=0.0px/s, itemExtent=77.20, speed=0.00 items/s, band=nearest, maxStep=0, projected=100000, target=100000, delta=0
01:50 +291: /data/data/com.termux/files/home/ubuntu/flutteruser/flutterapps/fluvi-avatar-target-liveness-codex-20260909/test/features/dashboard/presentation/dashboard_avatar_target_liveness_test.dart: AVL persistent real CoreDashboard nonempty Avatar final-target liveness without Time scenario=persistent20cycles
Carousel fling: raw=2400.0px/s, effective=1584.0px/s, itemExtent=58.00, speed=27.31 items/s, band=max-5, maxStep=5, projected=100016, target=100008, delta=5
Carousel snap: stiffness=340.0, settle=1024ms
01:52 +292: /data/data/com.termux/files/home/ubuntu/flutteruser/flutterapps/fluvi-avatar-target-liveness-codex-20260909/test/features/dashboard/presentation/dashboard_avatar_target_liveness_test.dart: AVL persistent real CoreDashboard nonempty Avatar final-target liveness without Time scenario=persistent20cycles
01:52 +293: /data/data/com.termux/files/home/ubuntu/flutteruser/flutterapps/fluvi-avatar-target-liveness-codex-20260909/test/features/dashboard/presentation/dashboard_avatar_target_liveness_test.dart: AVL persistent real CoreDashboard nonempty Avatar final-target liveness without Time scenario=persistent20cycles
Carousel fling: raw=0.0px/s, effective=0.0px/s, itemExtent=58.00, speed=0.00 items/s, band=nearest, maxStep=0, projected=100008, target=100008, delta=0
Carousel fling: raw=0.0px/s, effective=0.0px/s, itemExtent=77.20, speed=0.00 items/s, band=nearest, maxStep=0, projected=100000, target=100000, delta=0
Carousel fling: raw=-2400.0px/s, effective=-1584.0px/s, itemExtent=58.00, speed=-27.31 items/s, band=max-5, maxStep=5, projected=99992, target=100000, delta=-5
Carousel snap: stiffness=340.0, settle=1024ms
Carousel fling: raw=0.0px/s, effective=0.0px/s, itemExtent=58.00, speed=0.00 items/s, band=nearest, maxStep=0, projected=100000, target=100000, delta=0
Carousel fling: raw=0.0px/s, effective=0.0px/s, itemExtent=77.20, speed=0.00 items/s, band=nearest, maxStep=0, projected=100000, target=100000, delta=0
01:54 +294: /data/data/com.termux/files/home/ubuntu/flutteruser/flutterapps/fluvi-avatar-target-liveness-codex-20260909/test/features/dashboard/presentation/dashboard_avatar_target_liveness_test.dart: AVL persistent real CoreDashboard nonempty Avatar final-target liveness without Time scenario=persistent20cycles
Carousel fling: raw=2400.0px/s, effective=1584.0px/s, itemExtent=58.00, speed=27.31 items/s, band=max-5, maxStep=5, projected=100016, target=100008, delta=5
Carousel snap: stiffness=340.0, settle=1024ms
01:56 +295: /data/data/com.termux/files/home/ubuntu/flutteruser/flutterapps/fluvi-avatar-target-liveness-codex-20260909/test/features/dashboard/presentation/dashboard_avatar_target_liveness_test.dart: AVL persistent real CoreDashboard nonempty Avatar final-target liveness without Time scenario=persistent20cycles
Carousel fling: raw=0.0px/s, effective=0.0px/s, itemExtent=58.00, speed=0.00 items/s, band=nearest, maxStep=0, projected=100008, target=100008, delta=0
Carousel fling: raw=0.0px/s, effective=0.0px/s, itemExtent=77.20, speed=0.00 items/s, band=nearest, maxStep=0, projected=100000, target=100000, delta=0
01:57 +296: /data/data/com.termux/files/home/ubuntu/flutteruser/flutterapps/fluvi-avatar-target-liveness-codex-20260909/test/features/dashboard/presentation/dashboard_avatar_target_liveness_test.dart: AVL persistent real CoreDashboard nonempty Avatar final-target liveness without Time scenario=persistent20cycles
01:57 +297: /data/data/com.termux/files/home/ubuntu/flutteruser/flutterapps/fluvi-avatar-target-liveness-codex-20260909/test/features/dashboard/presentation/dashboard_avatar_target_liveness_test.dart: AVL persistent real CoreDashboard nonempty Avatar final-target liveness without Time scenario=persistent20cycles
01:57 +298: /data/data/com.termux/files/home/ubuntu/flutteruser/flutterapps/fluvi-avatar-target-liveness-codex-20260909/test/features/dashboard/presentation/dashboard_avatar_target_liveness_test.dart: AVL persistent real CoreDashboard nonempty Avatar final-target liveness without Time scenario=persistent20cycles
Carousel fling: raw=-2400.0px/s, effective=-1584.0px/s, itemExtent=58.00, speed=-27.31 items/s, band=max-5, maxStep=5, projected=99992, target=100000, delta=-5
Carousel snap: stiffness=340.0, settle=1024ms
01:58 +299: /data/data/com.termux/files/home/ubuntu/flutteruser/flutterapps/fluvi-avatar-target-liveness-codex-20260909/test/features/dashboard/presentation/dashboard_avatar_target_liveness_test.dart: AVL persistent real CoreDashboard nonempty Avatar final-target liveness without Time scenario=persistent20cycles
01:59 +300: /data/data/com.termux/files/home/ubuntu/flutteruser/flutterapps/fluvi-avatar-target-liveness-codex-20260909/test/features/dashboard/presentation/dashboard_avatar_target_liveness_test.dart: AVL persistent real CoreDashboard nonempty Avatar final-target liveness without Time scenario=persistent20cycles
Carousel fling: raw=0.0px/s, effective=0.0px/s, itemExtent=58.00, speed=0.00 items/s, band=nearest, maxStep=0, projected=100000, target=100000, delta=0
Carousel fling: raw=0.0px/s, effective=0.0px/s, itemExtent=77.20, speed=0.00 items/s, band=nearest, maxStep=0, projected=100000, target=100000, delta=0
01:59 +301: /data/data/com.termux/files/home/ubuntu/flutteruser/flutterapps/fluvi-avatar-target-liveness-codex-20260909/test/features/dashboard/presentation/dashboard_avatar_target_liveness_test.dart: AVL persistent real CoreDashboard nonempty Avatar final-target liveness without Time scenario=persistent20cycles
02:00 +302: /data/data/com.termux/files/home/ubuntu/flutteruser/flutterapps/fluvi-avatar-target-liveness-codex-20260909/test/features/dashboard/presentation/dashboard_avatar_target_liveness_test.dart: AVL persistent real CoreDashboard nonempty Avatar final-target liveness without Time scenario=persistent20cycles
02:00 +303: /data/data/com.termux/files/home/ubuntu/flutteruser/flutterapps/fluvi-avatar-target-liveness-codex-20260909/test/features/dashboard/presentation/dashboard_avatar_target_liveness_test.dart: AVL persistent real CoreDashboard nonempty Avatar final-target liveness without Time scenario=persistent20cycles
02:00 +304: /data/data/com.termux/files/home/ubuntu/flutteruser/flutterapps/fluvi-avatar-target-liveness-codex-20260909/test/features/dashboard/presentation/dashboard_avatar_target_liveness_test.dart: AVL persistent real CoreDashboard nonempty Avatar final-target liveness without Time scenario=persistent20cycles
Carousel fling: raw=2400.0px/s, effective=1584.0px/s, itemExtent=58.00, speed=27.31 items/s, band=max-5, maxStep=5, projected=100016, target=100008, delta=5
Carousel snap: stiffness=340.0, settle=1024ms
02:00 +305: /data/data/com.termux/files/home/ubuntu/flutteruser/flutterapps/fluvi-avatar-target-liveness-codex-20260909/test/features/dashboard/presentation/dashboard_avatar_target_liveness_test.dart: AVL persistent real CoreDashboard nonempty Avatar final-target liveness without Time scenario=persistent20cycles
02:00 +306: /data/data/com.termux/files/home/ubuntu/flutteruser/flutterapps/fluvi-avatar-target-liveness-codex-20260909/test/features/dashboard/presentation/dashboard_avatar_target_liveness_test.dart: AVL persistent real CoreDashboard nonempty Avatar final-target liveness without Time scenario=persistent20cycles
02:00 +307: /data/data/com.termux/files/home/ubuntu/flutteruser/flutterapps/fluvi-avatar-target-liveness-codex-20260909/test/features/dashboard/presentation/dashboard_avatar_target_liveness_test.dart: AVL persistent real CoreDashboard nonempty Avatar final-target liveness without Time scenario=persistent20cycles
02:01 +308: /data/data/com.termux/files/home/ubuntu/flutteruser/flutterapps/fluvi-avatar-target-liveness-codex-20260909/test/features/dashboard/presentation/dashboard_avatar_target_liveness_test.dart: AVL persistent real CoreDashboard nonempty Avatar final-target liveness without Time scenario=persistent20cycles
02:01 +309: /data/data/com.termux/files/home/ubuntu/flutteruser/flutterapps/fluvi-avatar-target-liveness-codex-20260909/test/features/dashboard/presentation/dashboard_avatar_target_liveness_test.dart: AVL persistent real CoreDashboard nonempty Avatar final-target liveness without Time scenario=persistent20cycles
02:01 +310: /data/data/com.termux/files/home/ubuntu/flutteruser/flutterapps/fluvi-avatar-target-liveness-codex-20260909/test/features/dashboard/presentation/dashboard_avatar_target_liveness_test.dart: AVL persistent real CoreDashboard nonempty Avatar final-target liveness without Time scenario=persistent20cycles
Carousel fling: raw=0.0px/s, effective=0.0px/s, itemExtent=58.00, speed=0.00 items/s, band=nearest, maxStep=0, projected=100008, target=100008, delta=0
Carousel fling: raw=0.0px/s, effective=0.0px/s, itemExtent=77.20, speed=0.00 items/s, band=nearest, maxStep=0, projected=100000, target=100000, delta=0
02:02 +311: /data/data/com.termux/files/home/ubuntu/flutteruser/flutterapps/fluvi-avatar-target-liveness-codex-20260909/test/features/dashboard/presentation/dashboard_avatar_target_liveness_test.dart: AVL persistent real CoreDashboard nonempty Avatar final-target liveness without Time scenario=persistent20cycles
Carousel fling: raw=-2400.0px/s, effective=-1584.0px/s, itemExtent=58.00, speed=-27.31 items/s, band=max-5, maxStep=5, projected=99992, target=100000, delta=-5
Carousel snap: stiffness=340.0, settle=1024ms
02:02 +312: /data/data/com.termux/files/home/ubuntu/flutteruser/flutterapps/fluvi-avatar-target-liveness-codex-20260909/test/features/dashboard/presentation/dashboard_avatar_target_liveness_test.dart: AVL persistent real CoreDashboard nonempty Avatar final-target liveness without Time scenario=persistent20cycles
02:03 +313: /data/data/com.termux/files/home/ubuntu/flutteruser/flutterapps/fluvi-avatar-target-liveness-codex-20260909/test/features/dashboard/presentation/dashboard_avatar_target_liveness_test.dart: AVL persistent real CoreDashboard nonempty Avatar final-target liveness without Time scenario=persistent20cycles
02:03 +314: /data/data/com.termux/files/home/ubuntu/flutteruser/flutterapps/fluvi-avatar-target-liveness-codex-20260909/test/features/dashboard/presentation/dashboard_avatar_target_liveness_test.dart: AVL persistent real CoreDashboard nonempty Avatar final-target liveness without Time scenario=persistent20cycles
02:03 +315: /data/data/com.termux/files/home/ubuntu/flutteruser/flutterapps/fluvi-avatar-target-liveness-codex-20260909/test/features/dashboard/presentation/dashboard_avatar_target_liveness_test.dart: AVL persistent real CoreDashboard nonempty Avatar final-target liveness without Time scenario=persistent20cycles
02:03 +316: /data/data/com.termux/files/home/ubuntu/flutteruser/flutterapps/fluvi-avatar-target-liveness-codex-20260909/test/features/dashboard/presentation/dashboard_avatar_target_liveness_test.dart: AVL persistent real CoreDashboard nonempty Avatar final-target liveness without Time scenario=persistent20cycles
Carousel fling: raw=0.0px/s, effective=0.0px/s, itemExtent=58.00, speed=0.00 items/s, band=nearest, maxStep=0, projected=100000, target=100000, delta=0
Carousel fling: raw=0.0px/s, effective=0.0px/s, itemExtent=77.20, speed=0.00 items/s, band=nearest, maxStep=0, projected=100000, target=100000, delta=0
02:04 +317: /data/data/com.termux/files/home/ubuntu/flutteruser/flutterapps/fluvi-avatar-target-liveness-codex-20260909/test/features/dashboard/presentation/dashboard_avatar_target_liveness_test.dart: AVL persistent real CoreDashboard nonempty Avatar final-target liveness without Time scenario=persistent20cycles
Carousel fling: raw=2400.0px/s, effective=1584.0px/s, itemExtent=58.00, speed=27.31 items/s, band=max-5, maxStep=5, projected=100016, target=100008, delta=5
Carousel snap: stiffness=340.0, settle=1024ms
02:04 +318: /data/data/com.termux/files/home/ubuntu/flutteruser/flutterapps/fluvi-avatar-target-liveness-codex-20260909/test/features/dashboard/presentation/dashboard_avatar_target_liveness_test.dart: AVL persistent real CoreDashboard nonempty Avatar final-target liveness without Time scenario=persistent20cycles
02:05 +319: /data/data/com.termux/files/home/ubuntu/flutteruser/flutterapps/fluvi-avatar-target-liveness-codex-20260909/test/features/dashboard/presentation/dashboard_avatar_target_liveness_test.dart: AVL persistent real CoreDashboard nonempty Avatar final-target liveness without Time scenario=persistent20cycles
02:05 +320: /data/data/com.termux/files/home/ubuntu/flutteruser/flutterapps/fluvi-avatar-target-liveness-codex-20260909/test/features/dashboard/presentation/dashboard_avatar_target_liveness_test.dart: AVL persistent real CoreDashboard nonempty Avatar final-target liveness without Time scenario=persistent20cycles
02:05 +321: /data/data/com.termux/files/home/ubuntu/flutteruser/flutterapps/fluvi-avatar-target-liveness-codex-20260909/test/features/dashboard/presentation/dashboard_avatar_target_liveness_test.dart: AVL persistent real CoreDashboard nonempty Avatar final-target liveness without Time scenario=persistent20cycles
02:05 +322: /data/data/com.termux/files/home/ubuntu/flutteruser/flutterapps/fluvi-avatar-target-liveness-codex-20260909/test/features/dashboard/presentation/dashboard_avatar_target_liveness_test.dart: AVL persistent real CoreDashboard nonempty Avatar final-target liveness without Time scenario=persistent20cycles
02:06 +323: /data/data/com.termux/files/home/ubuntu/flutteruser/flutterapps/fluvi-avatar-target-liveness-codex-20260909/test/features/dashboard/presentation/dashboard_avatar_target_liveness_test.dart: AVL persistent real CoreDashboard nonempty Avatar final-target liveness without Time scenario=persistent20cycles
Carousel fling: raw=0.0px/s, effective=0.0px/s, itemExtent=58.00, speed=0.00 items/s, band=nearest, maxStep=0, projected=100008, target=100008, delta=0
Carousel fling: raw=0.0px/s, effective=0.0px/s, itemExtent=77.20, speed=0.00 items/s, band=nearest, maxStep=0, projected=100000, target=100000, delta=0
02:06 +324: /data/data/com.termux/files/home/ubuntu/flutteruser/flutterapps/fluvi-avatar-target-liveness-codex-20260909/test/features/dashboard/presentation/dashboard_avatar_target_liveness_test.dart: AVL persistent real CoreDashboard nonempty Avatar final-target liveness without Time scenario=persistent20cycles
02:06 +325: /data/data/com.termux/files/home/ubuntu/flutteruser/flutterapps/fluvi-avatar-target-liveness-codex-20260909/test/features/dashboard/presentation/dashboard_avatar_target_liveness_test.dart: AVL persistent real CoreDashboard nonempty Avatar final-target liveness without Time scenario=persistent20cycles
Carousel fling: raw=-2400.0px/s, effective=-1584.0px/s, itemExtent=58.00, speed=-27.31 items/s, band=max-5, maxStep=5, projected=99992, target=100000, delta=-5
Carousel snap: stiffness=340.0, settle=1024ms
02:07 +326: /data/data/com.termux/files/home/ubuntu/flutteruser/flutterapps/fluvi-avatar-target-liveness-codex-20260909/test/features/dashboard/presentation/dashboard_avatar_target_liveness_test.dart: AVL persistent real CoreDashboard nonempty Avatar final-target liveness without Time scenario=persistent20cycles
02:08 +327: /data/data/com.termux/files/home/ubuntu/flutteruser/flutterapps/fluvi-avatar-target-liveness-codex-20260909/test/features/dashboard/presentation/dashboard_avatar_target_liveness_test.dart: AVL persistent real CoreDashboard nonempty Avatar final-target liveness without Time scenario=persistent20cycles
Carousel fling: raw=0.0px/s, effective=0.0px/s, itemExtent=58.00, speed=0.00 items/s, band=nearest, maxStep=0, projected=100000, target=100000, delta=0
Carousel fling: raw=0.0px/s, effective=0.0px/s, itemExtent=77.20, speed=0.00 items/s, band=nearest, maxStep=0, projected=100000, target=100000, delta=0
02:08 +328: /data/data/com.termux/files/home/ubuntu/flutteruser/flutterapps/fluvi-avatar-target-liveness-codex-20260909/test/features/dashboard/presentation/dashboard_avatar_target_liveness_test.dart: AVL persistent real CoreDashboard nonempty Avatar final-target liveness without Time scenario=persistent20cycles
02:08 +329: /data/data/com.termux/files/home/ubuntu/flutteruser/flutterapps/fluvi-avatar-target-liveness-codex-20260909/test/features/dashboard/presentation/dashboard_avatar_target_liveness_test.dart: AVL persistent real CoreDashboard nonempty Avatar final-target liveness without Time scenario=persistent20cycles
02:08 +330: /data/data/com.termux/files/home/ubuntu/flutteruser/flutterapps/fluvi-avatar-target-liveness-codex-20260909/test/features/dashboard/presentation/dashboard_avatar_target_liveness_test.dart: AVL persistent real CoreDashboard nonempty Avatar final-target liveness without Time scenario=persistent20cycles
Carousel fling: raw=2400.0px/s, effective=1584.0px/s, itemExtent=58.00, speed=27.31 items/s, band=max-5, maxStep=5, projected=100016, target=100008, delta=5
Carousel snap: stiffness=340.0, settle=1024ms
02:09 +331: /data/data/com.termux/files/home/ubuntu/flutteruser/flutterapps/fluvi-avatar-target-liveness-codex-20260909/test/features/dashboard/presentation/dashboard_avatar_target_liveness_test.dart: AVL persistent real CoreDashboard nonempty Avatar final-target liveness without Time scenario=persistent20cycles
02:09 +332: /data/data/com.termux/files/home/ubuntu/flutteruser/flutterapps/fluvi-avatar-target-liveness-codex-20260909/test/features/dashboard/presentation/dashboard_avatar_target_liveness_test.dart: AVL persistent real CoreDashboard nonempty Avatar final-target liveness without Time scenario=persistent20cycles
02:09 +333: /data/data/com.termux/files/home/ubuntu/flutteruser/flutterapps/fluvi-avatar-target-liveness-codex-20260909/test/features/dashboard/presentation/dashboard_avatar_target_liveness_test.dart: AVL persistent real CoreDashboard nonempty Avatar final-target liveness without Time scenario=persistent20cycles
02:10 +334: /data/data/com.termux/files/home/ubuntu/flutteruser/flutterapps/fluvi-avatar-target-liveness-codex-20260909/test/features/dashboard/presentation/dashboard_avatar_target_liveness_test.dart: AVL persistent real CoreDashboard nonempty Avatar final-target liveness without Time scenario=persistent20cycles
Carousel fling: raw=0.0px/s, effective=0.0px/s, itemExtent=58.00, speed=0.00 items/s, band=nearest, maxStep=0, projected=100008, target=100008, delta=0
Carousel fling: raw=0.0px/s, effective=0.0px/s, itemExtent=77.20, speed=0.00 items/s, band=nearest, maxStep=0, projected=100000, target=100000, delta=0
Carousel fling: raw=-2400.0px/s, effective=-1584.0px/s, itemExtent=58.00, speed=-27.31 items/s, band=max-5, maxStep=5, projected=99992, target=100000, delta=-5
Carousel snap: stiffness=340.0, settle=1024ms
Carousel fling: raw=0.0px/s, effective=0.0px/s, itemExtent=58.00, speed=0.00 items/s, band=nearest, maxStep=0, projected=100000, target=100000, delta=0
Carousel fling: raw=0.0px/s, effective=0.0px/s, itemExtent=77.20, speed=0.00 items/s, band=nearest, maxStep=0, projected=100000, target=100000, delta=0
Carousel fling: raw=2400.0px/s, effective=1584.0px/s, itemExtent=58.00, speed=27.31 items/s, band=max-5, maxStep=5, projected=100016, target=100008, delta=5
Carousel snap: stiffness=340.0, settle=1024ms
Carousel fling: raw=0.0px/s, effective=0.0px/s, itemExtent=58.00, speed=0.00 items/s, band=nearest, maxStep=0, projected=100008, target=100008, delta=0
Carousel fling: raw=0.0px/s, effective=0.0px/s, itemExtent=77.20, speed=0.00 items/s, band=nearest, maxStep=0, projected=100000, target=100000, delta=0
Carousel fling: raw=-2400.0px/s, effective=-1584.0px/s, itemExtent=58.00, speed=-27.31 items/s, band=max-5, maxStep=5, projected=99992, target=100000, delta=-5
Carousel snap: stiffness=340.0, settle=1024ms
02:16 +335: /data/data/com.termux/files/home/ubuntu/flutteruser/flutterapps/fluvi-avatar-target-liveness-codex-20260909/test/features/dashboard/presentation/dashboard_avatar_target_liveness_test.dart: AVL persistent real CoreDashboard nonempty Avatar final-target liveness without Time scenario=persistent20cycles
Carousel fling: raw=0.0px/s, effective=0.0px/s, itemExtent=58.00, speed=0.00 items/s, band=nearest, maxStep=0, projected=100000, target=100000, delta=0
Carousel fling: raw=0.0px/s, effective=0.0px/s, itemExtent=77.20, speed=0.00 items/s, band=nearest, maxStep=0, projected=100000, target=100000, delta=0
Carousel fling: raw=2400.0px/s, effective=1584.0px/s, itemExtent=58.00, speed=27.31 items/s, band=max-5, maxStep=5, projected=100016, target=100008, delta=5
Carousel snap: stiffness=340.0, settle=1024ms
02:19 +336: /data/data/com.termux/files/home/ubuntu/flutteruser/flutterapps/fluvi-avatar-target-liveness-codex-20260909/test/features/dashboard/presentation/dashboard_avatar_target_liveness_test.dart: AVL persistent real CoreDashboard nonempty Avatar final-target liveness without Time scenario=persistent20cycles
Carousel fling: raw=0.0px/s, effective=0.0px/s, itemExtent=58.00, speed=0.00 items/s, band=nearest, maxStep=0, projected=100008, target=100008, delta=0
02:20 +336: /data/data/com.termux/files/home/ubuntu/flutteruser/flutterapps/fluvi-avatar-target-liveness-codex-20260909/test/features/dashboard/presentation/dashboard_rebuild_isolation_test.dart: structural dashboard changes preserve the rail controller, position and physics
Carousel fling: raw=0.0px/s, effective=0.0px/s, itemExtent=52.45, speed=0.00 items/s, band=nearest, maxStep=0, projected=0, target=0, delta=0
02:20 +336: /data/data/com.termux/files/home/ubuntu/flutteruser/flutterapps/fluvi-avatar-target-liveness-codex-20260909/test/features/dashboard/presentation/dashboard_avatar_target_liveness_test.dart: AVL persistent real CoreDashboard nonempty Avatar final-target liveness without Time scenario=persistent20cycles
Carousel fling: raw=0.0px/s, effective=0.0px/s, itemExtent=77.20, speed=0.00 items/s, band=nearest, maxStep=0, projected=100000, target=100000, delta=0
Carousel fling: raw=-2400.0px/s, effective=-1584.0px/s, itemExtent=58.00, speed=-27.31 items/s, band=max-5, maxStep=5, projected=99992, target=100000, delta=-5
Carousel snap: stiffness=340.0, settle=1024ms
02:21 +336: /data/data/com.termux/files/home/ubuntu/flutteruser/flutterapps/fluvi-avatar-target-liveness-codex-20260909/test/features/dashboard/presentation/dashboard_rebuild_isolation_test.dart: structural dashboard changes preserve the rail controller, position and physics
Carousel fling: raw=0.0px/s, effective=0.0px/s, itemExtent=52.45, speed=0.00 items/s, band=nearest, maxStep=0, projected=100000, target=100000, delta=0
02:22 +336: /data/data/com.termux/files/home/ubuntu/flutteruser/flutterapps/fluvi-avatar-target-liveness-codex-20260909/test/features/dashboard/presentation/dashboard_avatar_target_liveness_test.dart: AVL persistent real CoreDashboard nonempty Avatar final-target liveness without Time scenario=persistent20cycles
Carousel fling: raw=0.0px/s, effective=0.0px/s, itemExtent=58.00, speed=0.00 items/s, band=nearest, maxStep=0, projected=100000, target=100000, delta=0
Carousel fling: raw=0.0px/s, effective=0.0px/s, itemExtent=77.20, speed=0.00 items/s, band=nearest, maxStep=0, projected=100000, target=100000, delta=0
02:22 +337: /data/data/com.termux/files/home/ubuntu/flutteruser/flutterapps/fluvi-avatar-target-liveness-codex-20260909/test/features/dashboard/presentation/dashboard_avatar_target_liveness_test.dart: AVL persistent real CoreDashboard nonempty Avatar final-target liveness without Time scenario=persistent20cycles
02:22 +337: /data/data/com.termux/files/home/ubuntu/flutteruser/flutterapps/fluvi-avatar-target-liveness-codex-20260909/test/features/dashboard/presentation/dashboard_rebuild_isolation_test.dart: structural dashboard changes preserve the rail controller, position and physics
Carousel fling: raw=0.0px/s, effective=0.0px/s, itemExtent=52.45, speed=0.00 items/s, band=nearest, maxStep=0, projected=100000, target=100000, delta=0
02:22 +337: /data/data/com.termux/files/home/ubuntu/flutteruser/flutterapps/fluvi-avatar-target-liveness-codex-20260909/test/features/dashboard/presentation/dashboard_avatar_target_liveness_test.dart: AVL persistent real CoreDashboard nonempty Avatar final-target liveness without Time scenario=persistent20cycles
Carousel fling: raw=2400.0px/s, effective=1584.0px/s, itemExtent=58.00, speed=27.31 items/s, band=max-5, maxStep=5, projected=100016, target=100008, delta=5
Carousel snap: stiffness=340.0, settle=1024ms
02:22 +337: /data/data/com.termux/files/home/ubuntu/flutteruser/flutterapps/fluvi-avatar-target-liveness-codex-20260909/test/features/dashboard/presentation/dashboard_rebuild_isolation_test.dart: structural dashboard changes preserve the rail controller, position and physics
Carousel fling: raw=0.0px/s, effective=0.0px/s, itemExtent=52.45, speed=0.00 items/s, band=nearest, maxStep=0, projected=100000, target=100000, delta=0
Carousel fling: raw=0.0px/s, effective=0.0px/s, itemExtent=52.45, speed=0.00 items/s, band=nearest, maxStep=0, projected=100000, target=100000, delta=0
Carousel fling: raw=0.0px/s, effective=0.0px/s, itemExtent=52.45, speed=0.00 items/s, band=nearest, maxStep=0, projected=100000, target=100000, delta=0
Carousel fling: raw=0.0px/s, effective=0.0px/s, itemExtent=52.45, speed=0.00 items/s, band=nearest, maxStep=0, projected=6, target=6, delta=0
Carousel fling: raw=0.0px/s, effective=0.0px/s, itemExtent=52.45, speed=0.00 items/s, band=nearest, maxStep=0, projected=11, target=11, delta=0
02:24 +337: /data/data/com.termux/files/home/ubuntu/flutteruser/flutterapps/fluvi-avatar-target-liveness-codex-20260909/test/features/dashboard/presentation/dashboard_avatar_target_liveness_test.dart: AVL persistent real CoreDashboard nonempty Avatar final-target liveness without Time scenario=persistent20cycles
Carousel fling: raw=0.0px/s, effective=0.0px/s, itemExtent=58.00, speed=0.00 items/s, band=nearest, maxStep=0, projected=100008, target=100008, delta=0
02:25 +337: /data/data/com.termux/files/home/ubuntu/flutteruser/flutterapps/fluvi-avatar-target-liveness-codex-20260909/test/features/dashboard/presentation/dashboard_rebuild_isolation_test.dart: structural dashboard changes preserve the rail controller, position and physics
Carousel fling: raw=0.0px/s, effective=0.0px/s, itemExtent=52.45, speed=0.00 items/s, band=nearest, maxStep=0, projected=11, target=11, delta=0
Carousel fling: raw=0.0px/s, effective=0.0px/s, itemExtent=52.45, speed=0.00 items/s, band=nearest, maxStep=0, projected=11, target=11, delta=0
02:25 +337: /data/data/com.termux/files/home/ubuntu/flutteruser/flutterapps/fluvi-avatar-target-liveness-codex-20260909/test/features/dashboard/presentation/dashboard_avatar_target_liveness_test.dart: AVL persistent real CoreDashboard nonempty Avatar final-target liveness without Time scenario=persistent20cycles
Carousel fling: raw=0.0px/s, effective=0.0px/s, itemExtent=77.20, speed=0.00 items/s, band=nearest, maxStep=0, projected=100000, target=100000, delta=0
02:25 +337: /data/data/com.termux/files/home/ubuntu/flutteruser/flutterapps/fluvi-avatar-target-liveness-codex-20260909/test/features/dashboard/presentation/dashboard_rebuild_isolation_test.dart: structural dashboard changes preserve the rail controller, position and physics
Carousel fling: raw=0.0px/s, effective=0.0px/s, itemExtent=52.45, speed=0.00 items/s, band=nearest, maxStep=0, projected=100000, target=100000, delta=0
02:25 +337: /data/data/com.termux/files/home/ubuntu/flutteruser/flutterapps/fluvi-avatar-target-liveness-codex-20260909/test/features/dashboard/presentation/dashboard_avatar_target_liveness_test.dart: AVL persistent real CoreDashboard nonempty Avatar final-target liveness without Time scenario=persistent20cycles
Carousel fling: raw=-2400.0px/s, effective=-1584.0px/s, itemExtent=58.00, speed=-27.31 items/s, band=max-5, maxStep=5, projected=99992, target=100000, delta=-5
Carousel snap: stiffness=340.0, settle=1024ms
02:25 +337: /data/data/com.termux/files/home/ubuntu/flutteruser/flutterapps/fluvi-avatar-target-liveness-codex-20260909/test/features/dashboard/presentation/dashboard_rebuild_isolation_test.dart: structural dashboard changes preserve the rail controller, position and physics
Carousel fling: raw=0.0px/s, effective=0.0px/s, itemExtent=52.45, speed=0.00 items/s, band=nearest, maxStep=0, projected=100000, target=100000, delta=0
Carousel fling: raw=0.0px/s, effective=0.0px/s, itemExtent=52.45, speed=0.00 items/s, band=nearest, maxStep=0, projected=6, target=6, delta=0
Carousel fling: raw=0.0px/s, effective=0.0px/s, itemExtent=52.45, speed=0.00 items/s, band=nearest, maxStep=0, projected=11, target=11, delta=0
Carousel fling: raw=0.0px/s, effective=0.0px/s, itemExtent=52.45, speed=0.00 items/s, band=nearest, maxStep=0, projected=11, target=11, delta=0
Carousel fling: raw=0.0px/s, effective=0.0px/s, itemExtent=52.45, speed=0.00 items/s, band=nearest, maxStep=0, projected=11, target=11, delta=0
Carousel fling: raw=0.0px/s, effective=0.0px/s, itemExtent=52.45, speed=0.00 items/s, band=nearest, maxStep=0, projected=100000, target=100000, delta=0
Carousel fling: raw=0.0px/s, effective=0.0px/s, itemExtent=52.45, speed=0.00 items/s, band=nearest, maxStep=0, projected=100000, target=100000, delta=0
Carousel fling: raw=0.0px/s, effective=0.0px/s, itemExtent=52.45, speed=0.00 items/s, band=nearest, maxStep=0, projected=6, target=6, delta=0
Carousel fling: raw=0.0px/s, effective=0.0px/s, itemExtent=52.45, speed=0.00 items/s, band=nearest, maxStep=0, projected=11, target=11, delta=0
02:27 +337: /data/data/com.termux/files/home/ubuntu/flutteruser/flutterapps/fluvi-avatar-target-liveness-codex-20260909/test/features/dashboard/presentation/dashboard_avatar_target_liveness_test.dart: AVL persistent real CoreDashboard nonempty Avatar final-target liveness without Time scenario=persistent20cycles
Carousel fling: raw=0.0px/s, effective=0.0px/s, itemExtent=58.00, speed=0.00 items/s, band=nearest, maxStep=0, projected=100000, target=100000, delta=0
Carousel fling: raw=0.0px/s, effective=0.0px/s, itemExtent=77.20, speed=0.00 items/s, band=nearest, maxStep=0, projected=100000, target=100000, delta=0
02:28 +337: /data/data/com.termux/files/home/ubuntu/flutteruser/flutterapps/fluvi-avatar-target-liveness-codex-20260909/test/features/dashboard/presentation/dashboard_rebuild_isolation_test.dart: structural dashboard changes preserve the rail controller, position and physics
Carousel fling: raw=0.0px/s, effective=0.0px/s, itemExtent=52.45, speed=0.00 items/s, band=nearest, maxStep=0, projected=11, target=11, delta=0
Carousel fling: raw=0.0px/s, effective=0.0px/s, itemExtent=52.45, speed=0.00 items/s, band=nearest, maxStep=0, projected=11, target=11, delta=0
02:28 +337: /data/data/com.termux/files/home/ubuntu/flutteruser/flutterapps/fluvi-avatar-target-liveness-codex-20260909/test/features/dashboard/presentation/dashboard_avatar_target_liveness_test.dart: AVL persistent real CoreDashboard nonempty Avatar final-target liveness without Time scenario=persistent20cycles
Carousel fling: raw=2400.0px/s, effective=1584.0px/s, itemExtent=58.00, speed=27.31 items/s, band=max-5, maxStep=5, projected=100016, target=100008, delta=5
Carousel snap: stiffness=340.0, settle=1024ms
02:28 +337: /data/data/com.termux/files/home/ubuntu/flutteruser/flutterapps/fluvi-avatar-target-liveness-codex-20260909/test/features/dashboard/presentation/dashboard_rebuild_isolation_test.dart: structural dashboard changes preserve the rail controller, position and physics
Carousel fling: raw=0.0px/s, effective=0.0px/s, itemExtent=52.45, speed=0.00 items/s, band=nearest, maxStep=0, projected=100000, target=100000, delta=0
02:29 +338: /data/data/com.termux/files/home/ubuntu/flutteruser/flutterapps/fluvi-avatar-target-liveness-codex-20260909/test/features/dashboard/presentation/dashboard_avatar_target_liveness_test.dart: AVL persistent real CoreDashboard nonempty Avatar final-target liveness without Time scenario=persistent20cycles
02:29 +339: /data/data/com.termux/files/home/ubuntu/flutteruser/flutterapps/fluvi-avatar-target-liveness-codex-20260909/test/features/dashboard/presentation/dashboard_avatar_target_liveness_test.dart: AVL persistent real CoreDashboard nonempty Avatar final-target liveness without Time scenario=persistent20cycles
02:30 +340: /data/data/com.termux/files/home/ubuntu/flutteruser/flutterapps/fluvi-avatar-target-liveness-codex-20260909/test/features/dashboard/presentation/dashboard_avatar_target_liveness_test.dart: AVL persistent real CoreDashboard nonempty Avatar final-target liveness without Time scenario=persistent20cycles
Carousel fling: raw=0.0px/s, effective=0.0px/s, itemExtent=58.00, speed=0.00 items/s, band=nearest, maxStep=0, projected=100008, target=100008, delta=0
02:30 +341: /data/data/com.termux/files/home/ubuntu/flutteruser/flutterapps/fluvi-avatar-target-liveness-codex-20260909/test/features/dashboard/presentation/dashboard_avatar_target_liveness_test.dart: AVL persistent real CoreDashboard nonempty Avatar final-target liveness without Time scenario=persistent20cycles
02:30 +342: /data/data/com.termux/files/home/ubuntu/flutteruser/flutterapps/fluvi-avatar-target-liveness-codex-20260909/test/features/dashboard/presentation/dashboard_avatar_target_liveness_test.dart: AVL persistent real CoreDashboard nonempty Avatar final-target liveness without Time scenario=persistent20cycles
Carousel fling: raw=0.0px/s, effective=0.0px/s, itemExtent=77.20, speed=0.00 items/s, band=nearest, maxStep=0, projected=100000, target=100000, delta=0
02:30 +343: /data/data/com.termux/files/home/ubuntu/flutteruser/flutterapps/fluvi-avatar-target-liveness-codex-20260909/test/features/dashboard/presentation/dashboard_avatar_target_liveness_test.dart: AVL persistent real CoreDashboard nonempty Avatar final-target liveness without Time scenario=persistent20cycles
Carousel fling: raw=-2400.0px/s, effective=-1584.0px/s, itemExtent=58.00, speed=-27.31 items/s, band=max-5, maxStep=5, projected=99992, target=100000, delta=-5
Carousel snap: stiffness=340.0, settle=1024ms
Carousel fling: raw=0.0px/s, effective=0.0px/s, itemExtent=58.00, speed=0.00 items/s, band=nearest, maxStep=0, projected=100000, target=100000, delta=0
Carousel fling: raw=0.0px/s, effective=0.0px/s, itemExtent=77.20, speed=0.00 items/s, band=nearest, maxStep=0, projected=100000, target=100000, delta=0
02:32 +344: /data/data/com.termux/files/home/ubuntu/flutteruser/flutterapps/fluvi-avatar-target-liveness-codex-20260909/test/features/dashboard/presentation/dashboard_avatar_target_liveness_test.dart: AVL persistent real CoreDashboard nonempty Avatar final-target liveness without Time scenario=persistent20cycles
02:32 +345: /data/data/com.termux/files/home/ubuntu/flutteruser/flutterapps/fluvi-avatar-target-liveness-codex-20260909/test/features/dashboard/presentation/dashboard_avatar_target_liveness_test.dart: AVL persistent real CoreDashboard nonempty Avatar final-target liveness without Time scenario=persistent20cycles
02:32 +346: /data/data/com.termux/files/home/ubuntu/flutteruser/flutterapps/fluvi-avatar-target-liveness-codex-20260909/test/features/dashboard/presentation/dashboard_avatar_target_liveness_test.dart: AVL persistent real CoreDashboard nonempty Avatar final-target liveness without Time scenario=persistent20cycles
02:32 +347: /data/data/com.termux/files/home/ubuntu/flutteruser/flutterapps/fluvi-avatar-target-liveness-codex-20260909/test/features/dashboard/application/dashboard_core_query_application_test.dart: a deferred clear-all candidate is foreground-admitted once and then reused
02:33 +348: /data/data/com.termux/files/home/ubuntu/flutteruser/flutterapps/fluvi-avatar-target-liveness-codex-20260909/test/features/dashboard/application/dashboard_core_query_application_test.dart: a deferred clear-all candidate is foreground-admitted once and then reused
02:33 +349: /data/data/com.termux/files/home/ubuntu/flutteruser/flutterapps/fluvi-avatar-target-liveness-codex-20260909/test/features/dashboard/application/dashboard_core_query_application_test.dart: a deferred clear-all candidate is foreground-admitted once and then reused
02:33 +350: /data/data/com.termux/files/home/ubuntu/flutteruser/flutterapps/fluvi-avatar-target-liveness-codex-20260909/test/features/dashboard/application/dashboard_core_query_application_test.dart: a deferred clear-all candidate is foreground-admitted once and then reused
02:33 +351: /data/data/com.termux/files/home/ubuntu/flutteruser/flutterapps/fluvi-avatar-target-liveness-codex-20260909/test/features/dashboard/application/dashboard_core_query_application_test.dart: a deferred clear-all candidate is foreground-admitted once and then reused
02:33 +352: /data/data/com.termux/files/home/ubuntu/flutteruser/flutterapps/fluvi-avatar-target-liveness-codex-20260909/test/features/dashboard/application/dashboard_core_query_application_test.dart: a deferred clear-all candidate is foreground-admitted once and then reused
02:33 +353: /data/data/com.termux/files/home/ubuntu/flutteruser/flutterapps/fluvi-avatar-target-liveness-codex-20260909/test/features/dashboard/application/dashboard_core_query_application_test.dart: a deferred clear-all candidate is foreground-admitted once and then reused
02:33 +354: /data/data/com.termux/files/home/ubuntu/flutteruser/flutterapps/fluvi-avatar-target-liveness-codex-20260909/test/features/dashboard/application/dashboard_core_query_application_test.dart: a deferred clear-all candidate is foreground-admitted once and then reused
02:33 +355: /data/data/com.termux/files/home/ubuntu/flutteruser/flutterapps/fluvi-avatar-target-liveness-codex-20260909/test/features/dashboard/application/dashboard_core_query_application_test.dart: a deferred clear-all candidate is foreground-admitted once and then reused
02:33 +356: /data/data/com.termux/files/home/ubuntu/flutteruser/flutterapps/fluvi-avatar-target-liveness-codex-20260909/test/features/dashboard/application/dashboard_core_query_application_test.dart: a deferred clear-all candidate is foreground-admitted once and then reused
02:33 +357: /data/data/com.termux/files/home/ubuntu/flutteruser/flutterapps/fluvi-avatar-target-liveness-codex-20260909/test/features/dashboard/application/dashboard_core_query_application_test.dart: a deferred clear-all candidate is foreground-admitted once and then reused
02:33 +358: /data/data/com.termux/files/home/ubuntu/flutteruser/flutterapps/fluvi-avatar-target-liveness-codex-20260909/test/features/dashboard/application/dashboard_core_query_application_test.dart: a deferred clear-all candidate is foreground-admitted once and then reused
02:33 +359: /data/data/com.termux/files/home/ubuntu/flutteruser/flutterapps/fluvi-avatar-target-liveness-codex-20260909/test/features/dashboard/application/dashboard_core_query_application_test.dart: a deferred clear-all candidate is foreground-admitted once and then reused
02:34 +360: /data/data/com.termux/files/home/ubuntu/flutteruser/flutterapps/fluvi-avatar-target-liveness-codex-20260909/test/features/dashboard/application/dashboard_core_query_application_test.dart: a deferred clear-all candidate is foreground-admitted once and then reused
02:34 +361: /data/data/com.termux/files/home/ubuntu/flutteruser/flutterapps/fluvi-avatar-target-liveness-codex-20260909/test/features/dashboard/application/dashboard_core_query_application_test.dart: a deferred clear-all candidate is foreground-admitted once and then reused
02:34 +362: /data/data/com.termux/files/home/ubuntu/flutteruser/flutterapps/fluvi-avatar-target-liveness-codex-20260909/test/features/dashboard/application/dashboard_core_query_application_test.dart: a deferred clear-all candidate is foreground-admitted once and then reused
02:34 +363: /data/data/com.termux/files/home/ubuntu/flutteruser/flutterapps/fluvi-avatar-target-liveness-codex-20260909/test/features/dashboard/application/dashboard_core_query_application_test.dart: a deferred clear-all candidate is foreground-admitted once and then reused
02:34 +364: /data/data/com.termux/files/home/ubuntu/flutteruser/flutterapps/fluvi-avatar-target-liveness-codex-20260909/test/features/dashboard/application/dashboard_core_query_application_test.dart: a deferred clear-all candidate is foreground-admitted once and then reused
02:34 +365: /data/data/com.termux/files/home/ubuntu/flutteruser/flutterapps/fluvi-avatar-target-liveness-codex-20260909/test/features/dashboard/application/dashboard_core_query_application_test.dart: a deferred clear-all candidate is foreground-admitted once and then reused
02:34 +366: /data/data/com.termux/files/home/ubuntu/flutteruser/flutterapps/fluvi-avatar-target-liveness-codex-20260909/test/features/dashboard/application/dashboard_core_query_application_test.dart: a deferred clear-all candidate is foreground-admitted once and then reused
02:34 +367: /data/data/com.termux/files/home/ubuntu/flutteruser/flutterapps/fluvi-avatar-target-liveness-codex-20260909/test/features/dashboard/application/dashboard_core_query_application_test.dart: a deferred clear-all candidate is foreground-admitted once and then reused
02:34 +368: /data/data/com.termux/files/home/ubuntu/flutteruser/flutterapps/fluvi-avatar-target-liveness-codex-20260909/test/features/dashboard/application/dashboard_core_query_application_test.dart: a deferred clear-all candidate is foreground-admitted once and then reused
02:34 +369: /data/data/com.termux/files/home/ubuntu/flutteruser/flutterapps/fluvi-avatar-target-liveness-codex-20260909/test/features/dashboard/application/dashboard_core_query_application_test.dart: a deferred clear-all candidate is foreground-admitted once and then reused
02:34 +370: /data/data/com.termux/files/home/ubuntu/flutteruser/flutterapps/fluvi-avatar-target-liveness-codex-20260909/test/features/dashboard/application/dashboard_core_query_application_test.dart: a deferred clear-all candidate is foreground-admitted once and then reused
02:35 +371: /data/data/com.termux/files/home/ubuntu/flutteruser/flutterapps/fluvi-avatar-target-liveness-codex-20260909/test/features/dashboard/application/dashboard_core_query_application_test.dart: a deferred clear-all candidate is foreground-admitted once and then reused
02:35 +372: /data/data/com.termux/files/home/ubuntu/flutteruser/flutterapps/fluvi-avatar-target-liveness-codex-20260909/test/features/dashboard/application/dashboard_core_query_application_test.dart: a deferred clear-all candidate is foreground-admitted once and then reused
02:35 +373: /data/data/com.termux/files/home/ubuntu/flutteruser/flutterapps/fluvi-avatar-target-liveness-codex-20260909/test/features/dashboard/application/dashboard_core_query_application_test.dart: a deferred clear-all candidate is foreground-admitted once and then reused
02:35 +374: /data/data/com.termux/files/home/ubuntu/flutteruser/flutterapps/fluvi-avatar-target-liveness-codex-20260909/test/features/dashboard/application/dashboard_core_query_application_test.dart: a deferred clear-all candidate is foreground-admitted once and then reused
02:35 +375: /data/data/com.termux/files/home/ubuntu/flutteruser/flutterapps/fluvi-avatar-target-liveness-codex-20260909/test/features/dashboard/application/dashboard_core_query_application_test.dart: a deferred clear-all candidate is foreground-admitted once and then reused
02:35 +376: /data/data/com.termux/files/home/ubuntu/flutteruser/flutterapps/fluvi-avatar-target-liveness-codex-20260909/test/features/dashboard/application/dashboard_core_query_application_test.dart: a deferred clear-all candidate is foreground-admitted once and then reused
02:35 +377: /data/data/com.termux/files/home/ubuntu/flutteruser/flutterapps/fluvi-avatar-target-liveness-codex-20260909/test/features/dashboard/application/dashboard_core_query_application_test.dart: a deferred clear-all candidate is foreground-admitted once and then reused
02:35 +378: /data/data/com.termux/files/home/ubuntu/flutteruser/flutterapps/fluvi-avatar-target-liveness-codex-20260909/test/features/dashboard/application/dashboard_core_query_application_test.dart: a deferred clear-all candidate is foreground-admitted once and then reused
02:35 +378: /data/data/com.termux/files/home/ubuntu/flutteruser/flutterapps/fluvi-avatar-target-liveness-codex-20260909/test/features/dashboard/presentation/dashboard_avatar_target_liveness_test.dart: AVL persistent real CoreDashboard nonempty Avatar final-target liveness without Time scenario=sparse
Carousel fling: raw=0.0px/s, effective=0.0px/s, itemExtent=58.00, speed=0.00 items/s, band=nearest, maxStep=0, projected=0, target=0, delta=0
Carousel fling: raw=0.0px/s, effective=0.0px/s, itemExtent=77.20, speed=0.00 items/s, band=nearest, maxStep=0, projected=0, target=0, delta=0
Carousel fling: raw=0.0px/s, effective=0.0px/s, itemExtent=58.00, speed=0.00 items/s, band=nearest, maxStep=0, projected=100000, target=100000, delta=0
Carousel fling: raw=0.0px/s, effective=0.0px/s, itemExtent=77.20, speed=0.00 items/s, band=nearest, maxStep=0, projected=100000, target=100000, delta=0
Carousel fling: raw=2400.0px/s, effective=1584.0px/s, itemExtent=58.00, speed=27.31 items/s, band=max-5, maxStep=5, projected=100016, target=100008, delta=5
Carousel snap: stiffness=340.0, settle=1024ms
02:37 +379: /data/data/com.termux/files/home/ubuntu/flutteruser/flutterapps/fluvi-avatar-target-liveness-codex-20260909/test/features/dashboard/presentation/dashboard_avatar_target_liveness_test.dart: AVL persistent real CoreDashboard nonempty Avatar final-target liveness without Time scenario=sparse
Carousel fling: raw=0.0px/s, effective=0.0px/s, itemExtent=58.00, speed=0.00 items/s, band=nearest, maxStep=0, projected=100008, target=100008, delta=0
Carousel fling: raw=0.0px/s, effective=0.0px/s, itemExtent=77.20, speed=0.00 items/s, band=nearest, maxStep=0, projected=100000, target=100000, delta=0
Carousel fling: raw=-2400.0px/s, effective=-1584.0px/s, itemExtent=58.00, speed=-27.31 items/s, band=max-5, maxStep=5, projected=99992, target=100000, delta=-5
Carousel snap: stiffness=340.0, settle=1024ms
02:40 +380: /data/data/com.termux/files/home/ubuntu/flutteruser/flutterapps/fluvi-avatar-target-liveness-codex-20260909/test/features/dashboard/presentation/dashboard_avatar_target_liveness_test.dart: AVL persistent real CoreDashboard nonempty Avatar final-target liveness without Time scenario=sparse
02:40 +381: /data/data/com.termux/files/home/ubuntu/flutteruser/flutterapps/fluvi-avatar-target-liveness-codex-20260909/test/features/dashboard/presentation/dashboard_avatar_target_liveness_test.dart: AVL persistent real CoreDashboard nonempty Avatar final-target liveness without Time scenario=sparse
Carousel fling: raw=0.0px/s, effective=0.0px/s, itemExtent=58.00, speed=0.00 items/s, band=nearest, maxStep=0, projected=100000, target=100000, delta=0
Carousel fling: raw=0.0px/s, effective=0.0px/s, itemExtent=77.20, speed=0.00 items/s, band=nearest, maxStep=0, projected=100000, target=100000, delta=0
Carousel fling: raw=2400.0px/s, effective=1584.0px/s, itemExtent=58.00, speed=27.31 items/s, band=max-5, maxStep=5, projected=100016, target=100008, delta=5
Carousel snap: stiffness=340.0, settle=1024ms
Carousel fling: raw=0.0px/s, effective=0.0px/s, itemExtent=58.00, speed=0.00 items/s, band=nearest, maxStep=0, projected=100008, target=100008, delta=0
Carousel fling: raw=0.0px/s, effective=0.0px/s, itemExtent=77.20, speed=0.00 items/s, band=nearest, maxStep=0, projected=100000, target=100000, delta=0
Carousel fling: raw=-2400.0px/s, effective=-1584.0px/s, itemExtent=58.00, speed=-27.31 items/s, band=max-5, maxStep=5, projected=99992, target=100000, delta=-5
Carousel snap: stiffness=340.0, settle=1024ms
Carousel fling: raw=0.0px/s, effective=0.0px/s, itemExtent=58.00, speed=0.00 items/s, band=nearest, maxStep=0, projected=100000, target=100000, delta=0
Carousel fling: raw=0.0px/s, effective=0.0px/s, itemExtent=77.20, speed=0.00 items/s, band=nearest, maxStep=0, projected=100000, target=100000, delta=0
02:45 +382: /data/data/com.termux/files/home/ubuntu/flutteruser/flutterapps/fluvi-avatar-target-liveness-codex-20260909/test/features/dashboard/application/dashboard_core_query_application_test.dart: five applied category chips retain every removal target plus clear-all
02:47 +382: /data/data/com.termux/files/home/ubuntu/flutteruser/flutterapps/fluvi-avatar-target-liveness-codex-20260909/test/features/dashboard/presentation/dashboard_avatar_target_liveness_test.dart: AVL physical startup sequence 3 2 1 0 8 7 6 scenario=month
Carousel fling: raw=0.0px/s, effective=0.0px/s, itemExtent=58.00, speed=0.00 items/s, band=nearest, maxStep=0, projected=0, target=0, delta=0
Carousel fling: raw=0.0px/s, effective=0.0px/s, itemExtent=77.20, speed=0.00 items/s, band=nearest, maxStep=0, projected=0, target=0, delta=0
Carousel fling: raw=0.0px/s, effective=0.0px/s, itemExtent=58.00, speed=0.00 items/s, band=nearest, maxStep=0, projected=100000, target=100000, delta=0
Carousel fling: raw=0.0px/s, effective=0.0px/s, itemExtent=77.20, speed=0.00 items/s, band=nearest, maxStep=0, projected=100000, target=100000, delta=0
Carousel fling: raw=-0.0px/s, effective=-0.0px/s, itemExtent=58.00, speed=-0.00 items/s, band=nearest, maxStep=0, projected=100003, target=100003, delta=0
Carousel fling: raw=0.0px/s, effective=0.0px/s, itemExtent=77.20, speed=0.00 items/s, band=nearest, maxStep=0, projected=100000, target=100000, delta=0
02:49 +383: /data/data/com.termux/files/home/ubuntu/flutteruser/flutterapps/fluvi-avatar-target-liveness-codex-20260909/test/features/dashboard/presentation/dashboard_avatar_target_liveness_test.dart: AVL physical startup sequence 3 2 1 0 8 7 6 scenario=month
Carousel fling: raw=-0.0px/s, effective=-0.0px/s, itemExtent=58.00, speed=-0.00 items/s, band=nearest, maxStep=0, projected=100002, target=100002, delta=0
Carousel fling: raw=0.0px/s, effective=0.0px/s, itemExtent=77.20, speed=0.00 items/s, band=nearest, maxStep=0, projected=100000, target=100000, delta=0
Carousel fling: raw=-0.0px/s, effective=-0.0px/s, itemExtent=58.00, speed=-0.00 items/s, band=nearest, maxStep=0, projected=100001, target=100001, delta=0
Carousel fling: raw=0.0px/s, effective=0.0px/s, itemExtent=77.20, speed=0.00 items/s, band=nearest, maxStep=0, projected=100000, target=100000, delta=0
Carousel fling: raw=-0.0px/s, effective=-0.0px/s, itemExtent=58.00, speed=-0.00 items/s, band=nearest, maxStep=0, projected=100000, target=100000, delta=0
Carousel fling: raw=0.0px/s, effective=0.0px/s, itemExtent=77.20, speed=0.00 items/s, band=nearest, maxStep=0, projected=100000, target=100000, delta=0
Carousel fling: raw=-0.0px/s, effective=-0.0px/s, itemExtent=58.00, speed=-0.00 items/s, band=nearest, maxStep=0, projected=99999, target=99999, delta=0
Carousel fling: raw=0.0px/s, effective=0.0px/s, itemExtent=77.20, speed=0.00 items/s, band=nearest, maxStep=0, projected=100000, target=100000, delta=0
Carousel fling: raw=-0.0px/s, effective=-0.0px/s, itemExtent=58.00, speed=-0.00 items/s, band=nearest, maxStep=0, projected=99998, target=99998, delta=0
Carousel fling: raw=0.0px/s, effective=0.0px/s, itemExtent=77.20, speed=0.00 items/s, band=nearest, maxStep=0, projected=100000, target=100000, delta=0
Carousel fling: raw=-0.0px/s, effective=-0.0px/s, itemExtent=58.00, speed=-0.00 items/s, band=nearest, maxStep=0, projected=99997, target=99997, delta=0
Carousel fling: raw=0.0px/s, effective=0.0px/s, itemExtent=77.20, speed=0.00 items/s, band=nearest, maxStep=0, projected=100000, target=100000, delta=0
02:54 +384: /data/data/com.termux/files/home/ubuntu/flutteruser/flutterapps/fluvi-avatar-target-liveness-codex-20260909/test/features/dashboard/application/dashboard_core_query_application_test.dart: an editor foreground candidate displaces a full applied chip hotset and activates
02:56 +384: /data/data/com.termux/files/home/ubuntu/flutteruser/flutterapps/fluvi-avatar-target-liveness-codex-20260909/test/features/dashboard/presentation/dashboard_avatar_target_liveness_test.dart: AVL physical startup sequence 3 2 1 0 8 7 6 scenario=monthTimeControl
Carousel fling: raw=0.0px/s, effective=0.0px/s, itemExtent=58.00, speed=0.00 items/s, band=nearest, maxStep=0, projected=0, target=0, delta=0
Carousel fling: raw=0.0px/s, effective=0.0px/s, itemExtent=77.20, speed=0.00 items/s, band=nearest, maxStep=0, projected=0, target=0, delta=0
Carousel fling: raw=0.0px/s, effective=0.0px/s, itemExtent=58.00, speed=0.00 items/s, band=nearest, maxStep=0, projected=100000, target=100000, delta=0
Carousel fling: raw=0.0px/s, effective=0.0px/s, itemExtent=77.20, speed=0.00 items/s, band=nearest, maxStep=0, projected=100000, target=100000, delta=0
Carousel fling: raw=-0.0px/s, effective=-0.0px/s, itemExtent=58.00, speed=-0.00 items/s, band=nearest, maxStep=0, projected=100003, target=100003, delta=0
Carousel fling: raw=0.0px/s, effective=0.0px/s, itemExtent=77.20, speed=0.00 items/s, band=nearest, maxStep=0, projected=100000, target=100000, delta=0
Carousel fling: raw=-0.0px/s, effective=-0.0px/s, itemExtent=58.00, speed=-0.00 items/s, band=nearest, maxStep=0, projected=100002, target=100002, delta=0
Carousel fling: raw=0.0px/s, effective=0.0px/s, itemExtent=77.20, speed=0.00 items/s, band=nearest, maxStep=0, projected=100000, target=100000, delta=0
Carousel fling: raw=-0.0px/s, effective=-0.0px/s, itemExtent=58.00, speed=-0.00 items/s, band=nearest, maxStep=0, projected=100001, target=100001, delta=0
Carousel fling: raw=0.0px/s, effective=0.0px/s, itemExtent=77.20, speed=0.00 items/s, band=nearest, maxStep=0, projected=100000, target=100000, delta=0
Carousel fling: raw=-0.0px/s, effective=-0.0px/s, itemExtent=58.00, speed=-0.00 items/s, band=nearest, maxStep=0, projected=100000, target=100000, delta=0
Carousel fling: raw=0.0px/s, effective=0.0px/s, itemExtent=77.20, speed=0.00 items/s, band=nearest, maxStep=0, projected=100000, target=100000, delta=0
Carousel fling: raw=-0.0px/s, effective=-0.0px/s, itemExtent=58.00, speed=-0.00 items/s, band=nearest, maxStep=0, projected=99999, target=99999, delta=0
Carousel fling: raw=0.0px/s, effective=0.0px/s, itemExtent=77.20, speed=0.00 items/s, band=nearest, maxStep=0, projected=100000, target=100000, delta=0
Carousel fling: raw=-0.0px/s, effective=-0.0px/s, itemExtent=58.00, speed=-0.00 items/s, band=nearest, maxStep=0, projected=99998, target=99998, delta=0
Carousel fling: raw=0.0px/s, effective=0.0px/s, itemExtent=77.20, speed=0.00 items/s, band=nearest, maxStep=0, projected=100000, target=100000, delta=0
Carousel fling: raw=-0.0px/s, effective=-0.0px/s, itemExtent=58.00, speed=-0.00 items/s, band=nearest, maxStep=0, projected=99997, target=99997, delta=0
03:01 +385: /data/data/com.termux/files/home/ubuntu/flutteruser/flutterapps/fluvi-avatar-target-liveness-codex-20260909/test/features/dashboard/presentation/dashboard_avatar_target_liveness_test.dart: AVL physical startup sequence 3 2 1 0 8 7 6 scenario=monthTimeControl
Carousel fling: raw=0.0px/s, effective=0.0px/s, itemExtent=77.20, speed=0.00 items/s, band=nearest, maxStep=0, projected=100000, target=100000, delta=0
Carousel fling: raw=-0.0px/s, effective=-0.0px/s, itemExtent=58.00, speed=-0.00 items/s, band=nearest, maxStep=0, projected=99994, target=99994, delta=0
Carousel fling: raw=0.0px/s, effective=0.0px/s, itemExtent=77.20, speed=0.00 items/s, band=nearest, maxStep=0, projected=100000, target=100000, delta=0
Carousel fling: raw=-0.0px/s, effective=-0.0px/s, itemExtent=58.00, speed=-0.00 items/s, band=nearest, maxStep=0, projected=99993, target=99993, delta=0
Carousel fling: raw=0.0px/s, effective=0.0px/s, itemExtent=77.20, speed=0.00 items/s, band=nearest, maxStep=0, projected=100000, target=100000, delta=0
Carousel fling: raw=-0.0px/s, effective=-0.0px/s, itemExtent=58.00, speed=-0.00 items/s, band=nearest, maxStep=0, projected=99992, target=99992, delta=0
Carousel fling: raw=0.0px/s, effective=0.0px/s, itemExtent=77.20, speed=0.00 items/s, band=nearest, maxStep=0, projected=100000, target=100000, delta=0
Carousel fling: raw=-0.0px/s, effective=-0.0px/s, itemExtent=58.00, speed=-0.00 items/s, band=nearest, maxStep=0, projected=99991, target=99991, delta=0
Carousel fling: raw=0.0px/s, effective=0.0px/s, itemExtent=77.20, speed=0.00 items/s, band=nearest, maxStep=0, projected=100000, target=100000, delta=0
Carousel fling: raw=-0.0px/s, effective=-0.0px/s, itemExtent=58.00, speed=-0.00 items/s, band=nearest, maxStep=0, projected=99990, target=99990, delta=0
Carousel fling: raw=0.0px/s, effective=0.0px/s, itemExtent=77.20, speed=0.00 items/s, band=nearest, maxStep=0, projected=100000, target=100000, delta=0
Carousel fling: raw=-0.0px/s, effective=-0.0px/s, itemExtent=58.00, speed=-0.00 items/s, band=nearest, maxStep=0, projected=99989, target=99989, delta=0
Carousel fling: raw=0.0px/s, effective=0.0px/s, itemExtent=77.20, speed=0.00 items/s, band=nearest, maxStep=0, projected=100000, target=100000, delta=0
Carousel fling: raw=-0.0px/s, effective=-0.0px/s, itemExtent=58.00, speed=-0.00 items/s, band=nearest, maxStep=0, projected=99988, target=99988, delta=0
Carousel fling: raw=0.0px/s, effective=0.0px/s, itemExtent=77.20, speed=0.00 items/s, band=nearest, maxStep=0, projected=100000, target=100000, delta=0
03:05 +386: /data/data/com.termux/files/home/ubuntu/flutteruser/flutterapps/fluvi-avatar-target-liveness-codex-20260909/test/features/dashboard/application/dashboard_core_query_application_test.dart: direction commit replaces the protected chip hotset before an Income editor stages
03:09 +386: /data/data/com.termux/files/home/ubuntu/flutteruser/flutterapps/fluvi-avatar-target-liveness-codex-20260909/test/features/dashboard/presentation/dashboard_avatar_target_liveness_test.dart: AVL physical startup sequence 3 2 1 0 8 7 6 scenario=day
Carousel fling: raw=0.0px/s, effective=0.0px/s, itemExtent=58.00, speed=0.00 items/s, band=nearest, maxStep=0, projected=0, target=0, delta=0
Carousel fling: raw=0.0px/s, effective=0.0px/s, itemExtent=77.20, speed=0.00 items/s, band=nearest, maxStep=0, projected=0, target=0, delta=0
Carousel fling: raw=0.0px/s, effective=0.0px/s, itemExtent=58.00, speed=0.00 items/s, band=nearest, maxStep=0, projected=100000, target=100000, delta=0
Carousel fling: raw=0.0px/s, effective=0.0px/s, itemExtent=77.20, speed=0.00 items/s, band=nearest, maxStep=0, projected=100000, target=100000, delta=0
Carousel fling: raw=-0.0px/s, effective=-0.0px/s, itemExtent=58.00, speed=-0.00 items/s, band=nearest, maxStep=0, projected=100003, target=100003, delta=0
Carousel fling: raw=0.0px/s, effective=0.0px/s, itemExtent=77.20, speed=0.00 items/s, band=nearest, maxStep=0, projected=100000, target=100000, delta=0
Carousel fling: raw=-0.0px/s, effective=-0.0px/s, itemExtent=58.00, speed=-0.00 items/s, band=nearest, maxStep=0, projected=100002, target=100002, delta=0
Carousel fling: raw=0.0px/s, effective=0.0px/s, itemExtent=77.20, speed=0.00 items/s, band=nearest, maxStep=0, projected=100000, target=100000, delta=0
Carousel fling: raw=-0.0px/s, effective=-0.0px/s, itemExtent=58.00, speed=-0.00 items/s, band=nearest, maxStep=0, projected=100001, target=100001, delta=0
Carousel fling: raw=0.0px/s, effective=0.0px/s, itemExtent=77.20, speed=0.00 items/s, band=nearest, maxStep=0, projected=100000, target=100000, delta=0
03:13 +387: /data/data/com.termux/files/home/ubuntu/flutteruser/flutterapps/fluvi-avatar-target-liveness-codex-20260909/test/features/dashboard/presentation/dashboard_avatar_target_liveness_test.dart: AVL physical startup sequence 3 2 1 0 8 7 6 scenario=day
Carousel fling: raw=-0.0px/s, effective=-0.0px/s, itemExtent=58.00, speed=-0.00 items/s, band=nearest, maxStep=0, projected=100000, target=100000, delta=0
Carousel fling: raw=0.0px/s, effective=0.0px/s, itemExtent=77.20, speed=0.00 items/s, band=nearest, maxStep=0, projected=100000, target=100000, delta=0
Carousel fling: raw=-0.0px/s, effective=-0.0px/s, itemExtent=58.00, speed=-0.00 items/s, band=nearest, maxStep=0, projected=99999, target=99999, delta=0
Carousel fling: raw=0.0px/s, effective=0.0px/s, itemExtent=77.20, speed=0.00 items/s, band=nearest, maxStep=0, projected=100000, target=100000, delta=0
Carousel fling: raw=-0.0px/s, effective=-0.0px/s, itemExtent=58.00, speed=-0.00 items/s, band=nearest, maxStep=0, projected=99998, target=99998, delta=0
Carousel fling: raw=0.0px/s, effective=0.0px/s, itemExtent=77.20, speed=0.00 items/s, band=nearest, maxStep=0, projected=100000, target=100000, delta=0
Carousel fling: raw=-0.0px/s, effective=-0.0px/s, itemExtent=58.00, speed=-0.00 items/s, band=nearest, maxStep=0, projected=99997, target=99997, delta=0
03:16 +388: /data/data/com.termux/files/home/ubuntu/flutteruser/flutterapps/fluvi-avatar-target-liveness-codex-20260909/test/features/dashboard/presentation/dashboard_avatar_target_liveness_test.dart: AVL physical startup sequence 3 2 1 0 8 7 6 scenario=day
Carousel fling: raw=0.0px/s, effective=0.0px/s, itemExtent=77.20, speed=0.00 items/s, band=nearest, maxStep=0, projected=100000, target=100000, delta=0
03:16 +389: /data/data/com.termux/files/home/ubuntu/flutteruser/flutterapps/fluvi-avatar-target-liveness-codex-20260909/test/features/dashboard/application/dashboard_core_query_application_test.dart: a prewarmed partner chip removes its Query without a tap-time build
03:19 +389: /data/data/com.termux/files/home/ubuntu/flutteruser/flutterapps/fluvi-avatar-target-liveness-codex-20260909/test/features/dashboard/presentation/dashboard_avatar_target_liveness_test.dart: AVL earlier target 1 paints before final physical target 8 exact binder miss
Carousel fling: raw=0.0px/s, effective=0.0px/s, itemExtent=58.00, speed=0.00 items/s, band=nearest, maxStep=0, projected=0, target=0, delta=0
Carousel fling: raw=0.0px/s, effective=0.0px/s, itemExtent=77.20, speed=0.00 items/s, band=nearest, maxStep=0, projected=0, target=0, delta=0
Carousel fling: raw=0.0px/s, effective=0.0px/s, itemExtent=58.00, speed=0.00 items/s, band=nearest, maxStep=0, projected=100000, target=100000, delta=0
Carousel fling: raw=0.0px/s, effective=0.0px/s, itemExtent=77.20, speed=0.00 items/s, band=nearest, maxStep=0, projected=100000, target=100000, delta=0
Carousel fling: raw=-0.0px/s, effective=-0.0px/s, itemExtent=58.00, speed=-0.00 items/s, band=nearest, maxStep=0, projected=99999, target=99999, delta=0
Carousel fling: raw=0.0px/s, effective=0.0px/s, itemExtent=77.20, speed=0.00 items/s, band=nearest, maxStep=0, projected=100000, target=100000, delta=0
03:20 +390: /data/data/com.termux/files/home/ubuntu/flutteruser/flutterapps/fluvi-avatar-target-liveness-codex-20260909/test/features/dashboard/presentation/dashboard_avatar_target_liveness_test.dart: AVL earlier target 1 paints before final physical target 8 exact binder miss
03:20 +391: /data/data/com.termux/files/home/ubuntu/flutteruser/flutterapps/fluvi-avatar-target-liveness-codex-20260909/test/features/dashboard/application/dashboard_core_query_application_test.dart: Query chip speculation waits for the explicit sheet-removal boundary
03:23 +391: /data/data/com.termux/files/home/ubuntu/flutteruser/flutterapps/fluvi-avatar-target-liveness-codex-20260909/test/features/dashboard/presentation/dashboard_avatar_target_liveness_test.dart: AVL retained painted target 1 yields to cold final 8 after real resource replacement
Carousel fling: raw=0.0px/s, effective=0.0px/s, itemExtent=58.00, speed=0.00 items/s, band=nearest, maxStep=0, projected=0, target=0, delta=0
Carousel fling: raw=0.0px/s, effective=0.0px/s, itemExtent=77.20, speed=0.00 items/s, band=nearest, maxStep=0, projected=0, target=0, delta=0
Carousel fling: raw=0.0px/s, effective=0.0px/s, itemExtent=58.00, speed=0.00 items/s, band=nearest, maxStep=0, projected=100000, target=100000, delta=0
Carousel fling: raw=0.0px/s, effective=0.0px/s, itemExtent=77.20, speed=0.00 items/s, band=nearest, maxStep=0, projected=100000, target=100000, delta=0
Carousel fling: raw=-0.0px/s, effective=-0.0px/s, itemExtent=58.00, speed=-0.00 items/s, band=nearest, maxStep=0, projected=100001, target=100001, delta=0
Carousel fling: raw=0.0px/s, effective=0.0px/s, itemExtent=77.20, speed=0.00 items/s, band=nearest, maxStep=0, projected=100000, target=100000, delta=0
03:24 +392: /data/data/com.termux/files/home/ubuntu/flutteruser/flutterapps/fluvi-avatar-target-liveness-codex-20260909/test/features/dashboard/presentation/dashboard_avatar_target_liveness_test.dart: AVL retained painted target 1 yields to cold final 8 after real resource replacement
Carousel fling: raw=-0.0px/s, effective=-0.0px/s, itemExtent=58.00, speed=-0.00 items/s, band=nearest, maxStep=0, projected=99999, target=99999, delta=0
Carousel fling: raw=0.0px/s, effective=0.0px/s, itemExtent=77.20, speed=0.00 items/s, band=nearest, maxStep=0, projected=100000, target=100000, delta=0
03:25 +393: /data/data/com.termux/files/home/ubuntu/flutteruser/flutterapps/fluvi-avatar-target-liveness-codex-20260909/test/features/dashboard/application/dashboard_core_query_application_test.dart: direct prepared chip publication settles committed ready-ahead before speculation
03:28 +394: /data/data/com.termux/files/home/ubuntu/flutteruser/flutterapps/fluvi-avatar-target-liveness-codex-20260909/test/features/dashboard/application/dashboard_core_query_application_test.dart: RED: each admitted Query-chip neighbour needs a fresh input-fair idle grant
03:31 +395: /data/data/com.termux/files/home/ubuntu/flutteruser/flutterapps/fluvi-avatar-target-liveness-codex-20260909/test/features/dashboard/application/dashboard_core_query_application_test.dart: RED: disposing revokes a pending input-fair Query idle grant
03:33 +396: /data/data/com.termux/files/home/ubuntu/flutteruser/flutterapps/fluvi-avatar-target-liveness-codex-20260909/test/features/dashboard/application/dashboard_core_query_application_test.dart: a capacity-rejected Summary hotset is deferred once per cache admission epoch
03:34 +397: /data/data/com.termux/files/home/ubuntu/flutteruser/flutterapps/fluvi-avatar-target-liveness-codex-20260909/test/features/dashboard/application/dashboard_core_query_application_test.dart: direct prepared chip publication rejects a scene-owner warmup callback before ready-ahead settles
03:39 +398: /data/data/com.termux/files/home/ubuntu/flutteruser/flutterapps/fluvi-avatar-target-liveness-codex-20260909/test/features/dashboard/application/dashboard_core_query_application_test.dart: a queued rail warmup callback fails closed after direct publication reservation
03:41 +399: /data/data/com.termux/files/home/ubuntu/flutteruser/flutterapps/fluvi-avatar-target-liveness-codex-20260909/test/features/dashboard/application/dashboard_core_query_application_test.dart: a direct prepared miss holds scene-owner speculation behind exact ready-ahead
03:44 +400: /data/data/com.termux/files/home/ubuntu/flutteruser/flutterapps/fluvi-avatar-target-liveness-codex-20260909/test/features/dashboard/application/dashboard_core_query_application_test.dart: a zero-page direct publication binds and releases readiness without a page read
03:46 +401: /data/data/com.termux/files/home/ubuntu/flutteruser/flutterapps/fluvi-avatar-target-liveness-codex-20260909/test/features/dashboard/application/dashboard_core_query_application_test.dart: a multi-page direct publication settles exact ready-ahead before speculation
03:51 +402: /data/data/com.termux/files/home/ubuntu/flutteruser/flutterapps/fluvi-avatar-target-liveness-codex-20260909/test/features/dashboard/application/dashboard_core_query_application_test.dart: a one-page direct publication settles its reservation without a repository read
03:56 +403: /data/data/com.termux/files/home/ubuntu/flutteruser/flutterapps/fluvi-avatar-target-liveness-codex-20260909/test/features/dashboard/application/dashboard_core_query_application_test.dart: a structurally superseded publication cannot release newer readiness reservation
03:58 +404: /data/data/com.termux/files/home/ubuntu/flutteruser/flutterapps/fluvi-avatar-target-liveness-codex-20260909/test/features/dashboard/application/dashboard_core_query_application_test.dart: a publication activation failure releases only its own reservation
04:00 +405: /data/data/com.termux/files/home/ubuntu/flutteruser/flutterapps/fluvi-avatar-target-liveness-codex-20260909/test/features/dashboard/application/dashboard_core_query_application_test.dart: foreground chip Apply promotes a matching in-flight hotset acquisition
04:03 +406: /data/data/com.termux/files/home/ubuntu/flutteruser/flutterapps/fluvi-avatar-target-liveness-codex-20260909/test/features/dashboard/application/dashboard_core_query_application_test.dart: foreground chip Apply adopts an exact hotset candidate already scene-preparing
04:06 +407: /data/data/com.termux/files/home/ubuntu/flutteruser/flutterapps/fluvi-avatar-target-liveness-codex-20260909/test/features/dashboard/application/dashboard_core_query_application_test.dart: a different foreground chip target still supersedes hotset work
04:09 +408: /data/data/com.termux/files/home/ubuntu/flutteruser/flutterapps/fluvi-avatar-target-liveness-codex-20260909/test/features/dashboard/application/dashboard_core_query_application_test.dart: a promoted hotset continuation cannot publish after a newer chip target
04:13 +409: /data/data/com.termux/files/home/ubuntu/flutteruser/flutterapps/fluvi-avatar-target-liveness-codex-20260909/test/features/dashboard/application/dashboard_core_query_application_test.dart: rapid distinct chip removals acquire each exact target at most once
04:16 +410: /data/data/com.termux/files/home/ubuntu/flutteruser/flutterapps/fluvi-avatar-target-liveness-codex-20260909/test/features/dashboard/application/dashboard_core_query_application_test.dart: raw pointer intent pauses direct-chip speculation before formal vertical drag
04:19 +411: /data/data/com.termux/files/home/ubuntu/flutteruser/flutterapps/fluvi-avatar-target-liveness-codex-20260909/test/features/dashboard/application/dashboard_core_query_application_test.dart: pointer release resumes an exact deferred page and live ready-ahead while vertical interaction remains active
04:24 +412: /data/data/com.termux/files/home/ubuntu/flutteruser/flutterapps/fluvi-avatar-target-liveness-codex-20260909/test/features/dashboard/application/dashboard_core_query_application_test.dart: motion idle resumes deferred presentation and live ready-ahead while vertical interaction remains active
04:29 +413: /data/data/com.termux/files/home/ubuntu/flutteruser/flutterapps/fluvi-avatar-target-liveness-codex-20260909/test/features/dashboard/application/dashboard_core_query_application_test.dart: RED: structural motion idle without vertical input uses the full ready-ahead drain after a deferred page
04:34 +414: /data/data/com.termux/files/home/ubuntu/flutteruser/flutterapps/fluvi-avatar-target-liveness-codex-20260909/test/features/dashboard/application/dashboard_core_query_application_test.dart: RED: decorative summary text motion does not strand committed ready-ahead
04:39 +415: /data/data/com.termux/files/home/ubuntu/flutteruser/flutterapps/fluvi-avatar-target-liveness-codex-20260909/test/features/dashboard/application/dashboard_core_query_application_test.dart: an aborted accepted Apply releases the route-sensitive speculative boundary
04:40 +416: /data/data/com.termux/files/home/ubuntu/flutteruser/flutterapps/fluvi-avatar-target-liveness-codex-20260909/test/features/dashboard/application/dashboard_core_query_application_test.dart: income and expense applied queries remain independent across selection
04:42 +417: All tests passed!
