2026-09-09T13:45:14.9558831Z Current runner version: '2.337.0'
2026-09-09T13:45:14.9586198Z ##[group]Runner Image Provisioner
2026-09-09T13:45:14.9587135Z Hosted Compute Agent
2026-09-09T13:45:14.9588115Z Version: 20260828.587
2026-09-09T13:45:14.9588929Z Commit: abac92662cab4cc7352de4f9f9d2e2419aad9c29
2026-09-09T13:45:14.9589728Z Build Date: 2026-08-28T16:44:25Z
2026-09-09T13:45:14.9590491Z Worker ID: {694dab8c-f159-4419-a933-a24a2c885e2c}
2026-09-09T13:45:14.9591243Z Azure Region: westcentralus
2026-09-09T13:45:14.9591843Z ##[endgroup]
2026-09-09T13:45:14.9593497Z ##[group]Operating System
2026-09-09T13:45:14.9594141Z Ubuntu
2026-09-09T13:45:14.9594736Z 24.04.4
2026-09-09T13:45:14.9595264Z LTS
2026-09-09T13:45:14.9595788Z ##[endgroup]
2026-09-09T13:45:14.9597038Z ##[group]Runner Image
2026-09-09T13:45:14.9597777Z Image: ubuntu-24.04
2026-09-09T13:45:14.9598415Z Version: 20260831.293.1
2026-09-09T13:45:14.9599740Z Included Software: https://github.com/actions/runner-images/blob/ubuntu24/20260831.293/images/ubuntu/Ubuntu2404-Readme.md
2026-09-09T13:45:14.9601424Z Image Release: https://github.com/actions/runner-images/releases/tag/ubuntu24%2F20260831.293
2026-09-09T13:45:14.9602413Z ##[endgroup]
2026-09-09T13:45:14.9603677Z ##[group]GITHUB_TOKEN Permissions
2026-09-09T13:45:14.9605778Z Contents: read
2026-09-09T13:45:14.9606732Z Metadata: read
2026-09-09T13:45:14.9607337Z PullRequests: read
2026-09-09T13:45:14.9607916Z ##[endgroup]
2026-09-09T13:45:14.9610669Z Secret source: Actions
2026-09-09T13:45:14.9611852Z Prepare workflow directory
2026-09-09T13:45:15.0009679Z Prepare all required actions
2026-09-09T13:45:15.0058063Z Getting action download info
2026-09-09T13:45:15.3932010Z Download action repository 'actions/checkout@v5' (SHA:fbc6f3992d24b796d5a048ff273f7fcc4a7b6c09)
2026-09-09T13:45:15.5105558Z Download action repository 'actions/setup-java@v5' (SHA:b6effb05e454b25005698d916606bdc6ffcbf961)
2026-09-09T13:45:16.6132675Z Download action repository 'android-actions/setup-android@v3' (SHA:9fc6c4e9069bf8d3d10b2204b1fb8f6ef7065407)
2026-09-09T13:45:17.1091805Z Download action repository 'reactivecircus/android-emulator-runner@v2' (SHA:a421e43855164a8197daf9d8d40fe71c6996bb0d)
2026-09-09T13:45:17.6416511Z Download action repository 'actions/upload-artifact@v4' (SHA:ea165f8d65b6e75b540449e92b4886f43607fa02)
2026-09-09T13:45:17.8670605Z Complete job name: run-dashboard-profile
2026-09-09T13:45:17.9483168Z ##[group]Run actions/checkout@v5
2026-09-09T13:45:17.9484155Z with:
2026-09-09T13:45:17.9484576Z   repository: elizerpist/exptv2
2026-09-09T13:45:17.9487748Z   token: ***
2026-09-09T13:45:17.9488256Z   ssh-strict: true
2026-09-09T13:45:17.9488643Z   ssh-user: git
2026-09-09T13:45:17.9489119Z   persist-credentials: true
2026-09-09T13:45:17.9489548Z   clean: true
2026-09-09T13:45:17.9489991Z   sparse-checkout-cone-mode: true
2026-09-09T13:45:17.9490498Z   fetch-depth: 1
2026-09-09T13:45:17.9490896Z   fetch-tags: false
2026-09-09T13:45:17.9491348Z   show-progress: true
2026-09-09T13:45:17.9491742Z   lfs: false
2026-09-09T13:45:17.9492102Z   submodules: false
2026-09-09T13:45:17.9492653Z   set-safe-directory: true
2026-09-09T13:45:17.9493092Z   allow-unsafe-pr-checkout: false
2026-09-09T13:45:17.9563401Z ##[endgroup]
2026-09-09T13:45:18.0719615Z Syncing repository: elizerpist/exptv2
2026-09-09T13:45:18.0721975Z ##[group]Getting Git version info
2026-09-09T13:45:18.0722876Z Working directory is '/home/runner/work/exptv2/exptv2'
2026-09-09T13:45:18.0724026Z [command]/usr/bin/git version
2026-09-09T13:45:18.0834304Z git version 2.55.0
2026-09-09T13:45:18.0865820Z ##[endgroup]
2026-09-09T13:45:18.0873960Z Temporarily overriding HOME='/home/runner/work/_temp/0bcaf45f-a386-4d79-ab2e-1807b2f13701' before making global git config changes
2026-09-09T13:45:18.0875657Z Adding repository directory to the temporary git global config as a safe directory
2026-09-09T13:45:18.0880939Z [command]/usr/bin/git config --global --add safe.directory /home/runner/work/exptv2/exptv2
2026-09-09T13:45:18.0939171Z Deleting the contents of '/home/runner/work/exptv2/exptv2'
2026-09-09T13:45:18.0943942Z ##[group]Initializing the repository
2026-09-09T13:45:18.0950069Z [command]/usr/bin/git init /home/runner/work/exptv2/exptv2
2026-09-09T13:45:18.1062627Z hint: Using 'master' as the name for the initial branch. This default branch name
2026-09-09T13:45:18.1066677Z hint: will change to "main" in Git 3.0. To configure the initial branch name
2026-09-09T13:45:18.1067845Z hint: to use in all of your new repositories, which will suppress this warning,
2026-09-09T13:45:18.1068736Z hint: call:
2026-09-09T13:45:18.1069223Z hint:
2026-09-09T13:45:18.1069832Z hint: 	git config --global init.defaultBranch <name>
2026-09-09T13:45:18.1070545Z hint:
2026-09-09T13:45:18.1071198Z hint: Names commonly chosen instead of 'master' are 'main', 'trunk' and
2026-09-09T13:45:18.1072257Z hint: 'development'. The just-created branch can be renamed via this command:
2026-09-09T13:45:18.1073122Z hint:
2026-09-09T13:45:18.1073633Z hint: 	git branch -m <name>
2026-09-09T13:45:18.1074164Z hint:
2026-09-09T13:45:18.1074893Z hint: Disable this message with "git config set advice.defaultBranchName false"
2026-09-09T13:45:18.1076405Z Initialized empty Git repository in /home/runner/work/exptv2/exptv2/.git/
2026-09-09T13:45:18.1078639Z [command]/usr/bin/git remote add origin https://github.com/elizerpist/exptv2
2026-09-09T13:45:18.1129629Z ##[endgroup]
2026-09-09T13:45:18.1130554Z ##[group]Disabling automatic garbage collection
2026-09-09T13:45:18.1137678Z [command]/usr/bin/git config --local gc.auto 0
2026-09-09T13:45:18.1185473Z ##[endgroup]
2026-09-09T13:45:18.1186678Z ##[group]Setting up auth
2026-09-09T13:45:18.1190012Z [command]/usr/bin/git config --local --name-only --get-regexp core\.sshCommand
2026-09-09T13:45:18.1226493Z [command]/usr/bin/git submodule foreach --recursive sh -c "git config --local --name-only --get-regexp 'core\.sshCommand' && git config --local --unset-all 'core.sshCommand' || :"
2026-09-09T13:45:18.1690475Z [command]/usr/bin/git config --local --name-only --get-regexp http\.https\:\/\/github\.com\/\.extraheader
2026-09-09T13:45:18.1729818Z [command]/usr/bin/git submodule foreach --recursive sh -c "git config --local --name-only --get-regexp 'http\.https\:\/\/github\.com\/\.extraheader' && git config --local --unset-all 'http.https://github.com/.extraheader' || :"
2026-09-09T13:45:18.1971561Z [command]/usr/bin/git config --local --name-only --get-regexp ^includeIf\.gitdir:
2026-09-09T13:45:18.2010652Z [command]/usr/bin/git submodule foreach --recursive git config --local --show-origin --name-only --get-regexp remote.origin.url
2026-09-09T13:45:18.2252341Z [command]/usr/bin/git config --local http.https://github.com/.extraheader AUTHORIZATION: basic ***
2026-09-09T13:45:18.2305218Z ##[endgroup]
2026-09-09T13:45:18.2307076Z ##[group]Fetching the repository
2026-09-09T13:45:18.2321954Z [command]/usr/bin/git -c protocol.version=2 fetch --no-tags --prune --no-recurse-submodules --depth=1 origin +33ee878b070345c336bb73df2b087d9a63c87c5a:refs/remotes/origin/fix/avatar-target-liveness-codex-20260909
2026-09-09T13:45:20.1720032Z From https://github.com/elizerpist/exptv2
2026-09-09T13:45:20.1721276Z  * [new ref]         33ee878b070345c336bb73df2b087d9a63c87c5a -> origin/fix/avatar-target-liveness-codex-20260909
2026-09-09T13:45:20.1724977Z ##[endgroup]
2026-09-09T13:45:20.1726300Z ##[group]Determining the checkout info
2026-09-09T13:45:20.1728338Z ##[endgroup]
2026-09-09T13:45:20.1735288Z [command]/usr/bin/git sparse-checkout disable
2026-09-09T13:45:20.1797976Z [command]/usr/bin/git config --local --unset-all extensions.worktreeConfig
2026-09-09T13:45:20.1834916Z ##[group]Checking out the ref
2026-09-09T13:45:20.1841052Z [command]/usr/bin/git checkout --progress --force -B fix/avatar-target-liveness-codex-20260909 refs/remotes/origin/fix/avatar-target-liveness-codex-20260909
2026-09-09T13:45:20.3207701Z Switched to a new branch 'fix/avatar-target-liveness-codex-20260909'
2026-09-09T13:45:20.3212060Z branch 'fix/avatar-target-liveness-codex-20260909' set up to track 'origin/fix/avatar-target-liveness-codex-20260909'.
2026-09-09T13:45:20.3224470Z ##[endgroup]
2026-09-09T13:45:20.3281539Z [command]/usr/bin/git log -1 --format=%H
2026-09-09T13:45:20.3313208Z 33ee878b070345c336bb73df2b087d9a63c87c5a
2026-09-09T13:45:20.3646520Z ##[group]Run actions/setup-java@v5
2026-09-09T13:45:20.3646898Z with:
2026-09-09T13:45:20.3647109Z   distribution: temurin
2026-09-09T13:45:20.3647348Z   java-version: 17
2026-09-09T13:45:20.3647563Z   java-package: jdk
2026-09-09T13:45:20.3647788Z   check-latest: false
2026-09-09T13:45:20.3648025Z   set-default: true
2026-09-09T13:45:20.3648241Z   verify-signature: false
2026-09-09T13:45:20.3648474Z   server-id: github
2026-09-09T13:45:20.3648691Z   server-username: GITHUB_ACTOR
2026-09-09T13:45:20.3648954Z   server-password: GITHUB_TOKEN
2026-09-09T13:45:20.3649224Z   overwrite-settings: true
2026-09-09T13:45:20.3649463Z   job-status: success
2026-09-09T13:45:20.3651899Z   token: ***
2026-09-09T13:45:20.3652135Z   show-download-progress: false
2026-09-09T13:45:20.3652422Z ##[endgroup]
2026-09-09T13:45:20.5227798Z ##[group]Installed distributions
2026-09-09T13:45:20.5302899Z Resolved Java 17.0.20+1 from tool-cache
2026-09-09T13:45:20.5303837Z Setting Java 17.0.20+1 as the default
2026-09-09T13:45:20.5316558Z Creating toolchains.xml for JDK version 17 from temurin
2026-09-09T13:45:20.5393438Z Writing to /home/runner/.m2/toolchains.xml
2026-09-09T13:45:20.5393976Z 
2026-09-09T13:45:20.5394201Z Java configuration:
2026-09-09T13:45:20.5394657Z   Distribution: temurin
2026-09-09T13:45:20.5395109Z   Version: 17.0.20+1
2026-09-09T13:45:20.5395766Z   Path: /opt/hostedtoolcache/Java_Temurin-Hotspot_jdk/17.0.20-1/x64
2026-09-09T13:45:20.5396578Z 
2026-09-09T13:45:20.5397303Z ##[endgroup]
2026-09-09T13:45:20.5438795Z Creating settings.xml with server-id: github
2026-09-09T13:45:20.5439528Z Writing to /home/runner/.m2/settings.xml
2026-09-09T13:45:20.5440938Z Configured MAVEN_ARGS to include -ntp to suppress Maven transfer progress logs. Set 'show-download-progress: true' to keep the download progress output.
2026-09-09T13:45:20.5603962Z Node 20 is being deprecated. This workflow is running with Node 24 by default. If you need to temporarily use Node 20, you can set the ACTIONS_ALLOW_USE_UNSECURE_NODE_VERSION=true environment variable. For more information see: https://github.blog/changelog/2025-09-19-deprecation-of-node-20-on-github-actions-runners/
2026-09-09T13:45:20.5605352Z ##[group]Run android-actions/setup-android@v3
2026-09-09T13:45:20.5605665Z with:
2026-09-09T13:45:20.5605883Z   cmdline-tools-version: 12266719
2026-09-09T13:45:20.5606665Z   accept-android-sdk-licenses: true
2026-09-09T13:45:20.5607164Z   log-accepted-android-sdk-licenses: true
2026-09-09T13:45:20.5607572Z   packages: tools platform-tools
2026-09-09T13:45:20.5607832Z env:
2026-09-09T13:45:20.5608146Z   JAVA_HOME: /opt/hostedtoolcache/Java_Temurin-Hotspot_jdk/17.0.20-1/x64
2026-09-09T13:45:20.5608671Z   JAVA_HOME_17_X64: /opt/hostedtoolcache/Java_Temurin-Hotspot_jdk/17.0.20-1/x64
2026-09-09T13:45:20.5609094Z   MAVEN_ARGS: -ntp
2026-09-09T13:45:20.5609367Z ##[endgroup]
2026-09-09T13:45:20.6470232Z Found preinstalled sdkmanager in /usr/local/lib/android/sdk/cmdline-tools/latest with following source.properties:
2026-09-09T13:45:20.6471536Z Pkg.Revision=12.0
2026-09-09T13:45:20.6471995Z Pkg.Path=cmdline-tools;12.0
2026-09-09T13:45:20.6472531Z Pkg.Desc=Android SDK Command-line Tools
2026-09-09T13:45:20.6472770Z 
2026-09-09T13:45:20.6472975Z Wrong version in preinstalled sdkmanager
2026-09-09T13:45:20.6473732Z Downloading commandline tools from https://dl.google.com/android/repository/commandlinetools-linux-12266719_latest.zip
2026-09-09T13:45:21.4828554Z [command]/usr/bin/unzip -o -q /home/runner/work/_temp/e308c615-3911-47f7-9b4c-abebd66dae94
2026-09-09T13:45:22.2507863Z Accepting Android SDK licenses
2026-09-09T13:45:22.2513647Z [command]/usr/local/lib/android/sdk/cmdline-tools/16.0/bin/sdkmanager --licenses
2026-09-09T13:45:25.0631581Z Loading local repository...                                                     
2026-09-09T13:45:25.0632910Z [=========                              ] 25% Loading local repository...       
2026-09-09T13:45:26.2129529Z [=========                              ] 25% Fetch remote repository...        
2026-09-09T13:45:26.6700123Z [==========                             ] 26% Fetch remote repository...        
2026-09-09T13:45:26.6737078Z [============                           ] 31% Fetch remote repository...        
2026-09-09T13:45:26.7077057Z [============                           ] 32% Fetch remote repository...        
2026-09-09T13:45:26.7108380Z [=============                          ] 33% Fetch remote repository...        
2026-09-09T13:45:26.7268807Z [=============                          ] 35% Fetch remote repository...        
2026-09-09T13:45:26.7273584Z [==============                         ] 36% Fetch remote repository...        
2026-09-09T13:45:26.7590682Z [==============                         ] 37% Fetch remote repository...        
2026-09-09T13:45:26.7591760Z [===============                        ] 38% Fetch remote repository...        
2026-09-09T13:45:26.7876879Z [===============                        ] 39% Fetch remote repository...        
2026-09-09T13:45:26.7877766Z [================                       ] 40% Fetch remote repository...        
2026-09-09T13:45:26.8137267Z [================                       ] 41% Fetch remote repository...        
2026-09-09T13:45:26.8137999Z [================                       ] 42% Fetch remote repository...        
2026-09-09T13:45:26.8397284Z [=================                      ] 44% Fetch remote repository...        
2026-09-09T13:45:26.8398584Z [=================                      ] 45% Fetch remote repository...        
2026-09-09T13:45:26.8584710Z [==================                     ] 46% Fetch remote repository...        
2026-09-09T13:45:26.8587168Z [==================                     ] 47% Fetch remote repository...        
2026-09-09T13:45:26.8767610Z [===================                    ] 48% Fetch remote repository...        
2026-09-09T13:45:26.8769097Z [===================                    ] 49% Fetch remote repository...        
2026-09-09T13:45:26.8929246Z [====================                   ] 50% Fetch remote repository...        
2026-09-09T13:45:26.8930685Z [====================                   ] 51% Fetch remote repository...        
2026-09-09T13:45:27.0169288Z [====================                   ] 53% Fetch remote repository...        
2026-09-09T13:45:27.0170477Z [=====================                  ] 54% Fetch remote repository...        
2026-09-09T13:45:27.0342215Z [=====================                  ] 55% Fetch remote repository...        
2026-09-09T13:45:27.0343293Z [======================                 ] 56% Fetch remote repository...        
2026-09-09T13:45:27.0519904Z [======================                 ] 57% Fetch remote repository...        
2026-09-09T13:45:27.0531700Z [=======================                ] 58% Fetch remote repository...        
2026-09-09T13:45:27.0701602Z [=======================                ] 59% Fetch remote repository...        
2026-09-09T13:45:27.0717926Z [========================               ] 60% Fetch remote repository...        
2026-09-09T13:45:27.0949825Z [========================               ] 61% Fetch remote repository...        
2026-09-09T13:45:27.0955478Z [=========================              ] 63% Fetch remote repository...        
2026-09-09T13:45:27.1104455Z [=========================              ] 64% Fetch remote repository...        
2026-09-09T13:45:27.1110026Z [=========================              ] 65% Fetch remote repository...        
2026-09-09T13:45:27.1295548Z [==========================             ] 66% Fetch remote repository...        
2026-09-09T13:45:27.1327003Z [==========================             ] 67% Fetch remote repository...        
2026-09-09T13:45:27.1655496Z [===========================            ] 68% Fetch remote repository...        
2026-09-09T13:45:27.1660607Z [===========================            ] 69% Fetch remote repository...        
2026-09-09T13:45:27.2029574Z [============================           ] 70% Fetch remote repository...        
2026-09-09T13:45:27.2030711Z [============================           ] 72% Fetch remote repository...        
2026-09-09T13:45:27.2655136Z [=============================          ] 73% Fetch remote repository...        
2026-09-09T13:45:27.2656912Z [=============================          ] 74% Fetch remote repository...        
2026-09-09T13:45:27.2743553Z [=============================          ] 75% Fetch remote repository...        
2026-09-09T13:45:27.2860955Z [=============================          ] 75% Computing updates...              
2026-09-09T13:45:27.2876993Z [=======================================] 100% Computing updates...             
2026-09-09T13:45:27.3331045Z 6 of 7 SDK package licenses not accepted.
2026-09-09T13:45:27.3332147Z Review licenses that have not been accepted (y/N)? 
2026-09-09T13:45:27.3332953Z 1/6: License android-googletv-license:
2026-09-09T13:45:27.3333636Z ---------------------------------------
2026-09-09T13:45:27.3334291Z Terms and Conditions
2026-09-09T13:45:27.3334807Z 
2026-09-09T13:45:27.3335379Z This is the Google TV Add-on for the Android Software Development Kit License Agreement.
2026-09-09T13:45:27.3336465Z 
2026-09-09T13:45:27.3336792Z 1. Introduction
2026-09-09T13:45:27.3337182Z 
2026-09-09T13:45:27.3339647Z 1.1 The Google TV Add-on for the Android Software Development Kit (referred to in this License Agreement as the "Google TV Add-on" and specifically including the Android system files, packaged APIs, and Google APIs add-ons) is licensed to you subject to the terms of this License Agreement. This License Agreement forms a legally binding contract between you and Google in relation to your use of the Google TV Add-on.
2026-09-09T13:45:27.3342467Z 
2026-09-09T13:45:27.3343929Z 1.2 "Google" means Google Inc., a Delaware corporation with principal place of business at 1600 Amphitheatre Parkway, Mountain View, CA 94043, United States.
2026-09-09T13:45:27.3345158Z 
2026-09-09T13:45:27.3345516Z 2. Accepting this License Agreement
2026-09-09T13:45:27.3346262Z 
2026-09-09T13:45:27.3347287Z 2.1 In order to use the Google TV Add-on, you must first agree to this License Agreement. You may not use the Google TV Add-on if you do not accept this License Agreement.
2026-09-09T13:45:27.3348482Z 
2026-09-09T13:45:27.3348834Z 2.2 You can accept this License Agreement by:
2026-09-09T13:45:27.3349358Z 
2026-09-09T13:45:27.3350026Z (A) clicking to accept or agree to this License Agreement, where this option is made available to you; or
2026-09-09T13:45:27.3350881Z 
2026-09-09T13:45:27.3351919Z (B) by actually using the Google TV Add-on. In this case, you agree that use of the Google TV Add-on constitutes acceptance of the License Agreement from that point onwards.
2026-09-09T13:45:27.3353123Z 
2026-09-09T13:45:27.3354846Z 2.3 You may not use the Google TV Add-on and may not accept the Licensing Agreement if you are a person barred from receiving the Google TV Add-on under the laws of the United States or other countries including the country in which you are resident or from which you use the Google TV Add-on.
2026-09-09T13:45:27.3364766Z 
2026-09-09T13:45:27.3367432Z 2.4 If you are agreeing to be bound by this License Agreement on behalf of your employer or other entity, you represent and warrant that you have full legal authority to bind your employer or such entity to this License Agreement. If you do not have the requisite authority, you may not accept the Licensing Agreement or use the Google TV Add-on on behalf of your employer or other entity.
2026-09-09T13:45:27.3379858Z 
2026-09-09T13:45:27.3380375Z 3. Google TV Add-on License from Google
2026-09-09T13:45:27.3389456Z 
2026-09-09T13:45:27.3391014Z 3.1 Subject to the terms of this License Agreement, Google grants you a limited, worldwide, royalty-free, non- assignable and non-exclusive license to use the Google TV Add-on solely to develop applications to run on the Google TV platform.
2026-09-09T13:45:27.3396453Z 
2026-09-09T13:45:27.3420475Z 3.2 You agree that Google or third parties own all legal right, title and interest in and to the Google TV Add-on, including any Intellectual Property Rights that subsist in the Google TV Add-on. "Intellectual Property Rights" means any and all rights under patent law, copyright law, trade secret law, trademark law, and any and all other proprietary rights. Google reserves all rights not expressly granted to you.
2026-09-09T13:45:27.3423331Z 
2026-09-09T13:45:27.3427390Z 3.3 Except to the extent required by applicable third party licenses, you may not copy (except for backup purposes), modify, adapt, redistribute, decompile, reverse engineer, disassemble, or create derivative works of the Google TV Add-on or any part of the Google TV Add-on. Except to the extent required by applicable third party licenses, you may not load any part of the Google TV Add-on onto a mobile handset, television, or any other hardware device except a personal computer, combine any part of the Google TV Add-on with other software, or distribute any software or device incorporating a part of the Google TV Add-on.
2026-09-09T13:45:27.3431347Z 
2026-09-09T13:45:27.3432804Z 3.4 Use, reproduction and distribution of components of the Google TV Add-on licensed under an open source software license are governed solely by the terms of that open source software license and not this License Agreement.
2026-09-09T13:45:27.3434390Z 
2026-09-09T13:45:27.3437581Z 3.5 You agree that the form and nature of the Google TV Add-on that Google provides may change without prior notice to you and that future versions of the Google TV Add-on may be incompatible with applications developed on previous versions of the Google TV Add-on. You agree that Google may stop (permanently or temporarily) providing the Google TV Add-on (or any features within the Google TV Add-on) to you or to users generally at Google's sole discretion, without prior notice to you.
2026-09-09T13:45:27.3444252Z 
2026-09-09T13:45:27.3447140Z 3.6 Nothing in this License Agreement gives you a right to use any of Google's or it’s licensors’ trade names, trademarks, service marks, logos, domain names, or other distinctive brand features.
2026-09-09T13:45:27.3448720Z 
2026-09-09T13:45:27.3449991Z 3.7 You agree that you will not remove, obscure, or alter any proprietary rights notices (including copyright and trademark notices) that may be affixed to or contained within the Google TV Add-on.
2026-09-09T13:45:27.3451441Z 
2026-09-09T13:45:27.3451787Z 4. Use of the Google TV Add-on by You
2026-09-09T13:45:27.3452277Z 
2026-09-09T13:45:27.3453967Z 4.1 Google agrees that it obtains no right, title or interest from you (or your licensors) under this License Agreement in or to any software applications that you develop using the Google TV Add-on, including any intellectual property rights that subsist in those applications.
2026-09-09T13:45:27.3477667Z 
2026-09-09T13:45:27.3480117Z 4.2 You agree to use the Google TV Add-on and write applications only for purposes that are permitted by (a) this License Agreement and (b) any applicable law, regulation or generally accepted practices or guidelines in the relevant jurisdictions (including any laws regarding the export of data or software to and from the United States or other relevant countries).
2026-09-09T13:45:27.3500881Z 
2026-09-09T13:45:27.3506290Z 4.3 You agree that if you use the Google TV Add-on to develop applications for general public users, you will protect the privacy and legal rights of those users. If the users provide you with user names, passwords, or other login information or personal information, your must make the users aware that the information will be available to your application, and you must provide legally adequate privacy notice and protection for those users. If your application stores personal or sensitive information provided by users, it must do so securely. If the user provides your application with Google Account information, your application may only use that information to access the user's Google Account when, and for the limited purposes for which, the user has given you explicit permission to do so.
2026-09-09T13:45:27.3515783Z 
2026-09-09T13:45:27.3518766Z 4.4 You agree that you will not engage in any activity with the Google TV Add-on, including the development or distribution of an application, that interferes with, disrupts, damages, or accesses in an unauthorized manner the servers, networks, or other properties or services of any third party including, but not limited to, Google, Multichannel Video Program Distributors or any mobile communications carrier.
2026-09-09T13:45:27.3521475Z 
2026-09-09T13:45:27.3523763Z 4.5 You agree that you are solely responsible for (and that Google has no responsibility to you or to any third party for) any data, content, or resources that you create, transmit or display through the Google TV platform and/or applications for the Google TV platform, and for the consequences of your actions (including any loss or damage which Google may suffer) by doing so.
2026-09-09T13:45:27.3538201Z 
2026-09-09T13:45:27.3540709Z 4.6 You agree that you are solely responsible for (and that Google has no responsibility to you or to any third party for) any breach of your obligations under this License Agreement, any applicable third party contract or Terms of Service, or any applicable law or regulation, and for the consequences (including any loss or damage which Google or any third party may suffer) of any such breach.
2026-09-09T13:45:27.3543816Z 
2026-09-09T13:45:27.3544171Z 5. Your Developer Credentials
2026-09-09T13:45:27.3544618Z 
2026-09-09T13:45:27.3546673Z 5.1 You agree that you are responsible for maintaining the confidentiality of any developer credentials that may be issued to you by Google or which you may choose yourself and that you will be solely responsible for all applications that are developed under your developer credentials.
2026-09-09T13:45:27.3548855Z 
2026-09-09T13:45:27.3549196Z 6. Privacy and Information
2026-09-09T13:45:27.3549996Z 
2026-09-09T13:45:27.3553433Z 6.1 In order to continually innovate and improve the Google TV Add-on, Google may collect certain usage statistics from the software including but not limited to a unique identifier, associated IP address, version number of the software, and information on which tools and/or services in the Google TV Add-on are being used and how they are being used. Before any of this information is collected, the Google TV Add-on will notify you and seek your consent. If you withhold consent, the information will not be collected.
2026-09-09T13:45:27.3556994Z 
2026-09-09T13:45:27.3558102Z 6.2 The data collected is examined in the aggregate to improve the Google TV Add-on and is maintained in accordance with Google's Privacy Policy.
2026-09-09T13:45:27.3559199Z 
2026-09-09T13:45:27.3559609Z 7. Third Party Applications for the Google TV Platform
2026-09-09T13:45:27.3560161Z 
2026-09-09T13:45:27.3563771Z 7.1 If you use the Google TV Add-on to run applications developed by a third party or that access data, content or resources provided by a third party, you agree that Google is not responsible for those applications, data, content, or resources. You understand that all data, content or resources which you may access through such third party applications are the sole responsibility of the person from which they originated and that Google is not liable for any loss or damage that you may experience as a result of the use or access of any of those third party applications, data, content, or resources.
2026-09-09T13:45:27.3567689Z 
2026-09-09T13:45:27.3570547Z 7.2 You should be aware the data, content, and resources presented to you through such a third party application may be protected by intellectual property rights which are owned by the providers (or by other persons or companies on their behalf). You may not modify, rent, lease, loan, sell, distribute or create derivative works based on these data, content, or resources (either in whole or in part) unless you have been specifically given permission to do so by the relevant owners.
2026-09-09T13:45:27.3573917Z 
2026-09-09T13:45:27.3575580Z 7.3 You acknowledge that your use of such third party applications, data, content, or resources may be subject to separate terms between you and the relevant third party. In that case, this License Agreement does not affect your legal relationship with these third parties.
2026-09-09T13:45:27.3577644Z 
2026-09-09T13:45:27.3577974Z 8. Using Google TV APIs
2026-09-09T13:45:27.3578397Z 
2026-09-09T13:45:27.3581937Z 8.1 If you use any Google TV API to retrieve data from Google, you acknowledge that the data (“Google TV API Content”) may be protected by intellectual property rights which are owned by Google or those parties that provide the data (or by other persons or companies on their behalf). Your use of any such API may be subject to additional Terms of Service. You may not modify, rent, lease, loan, sell, distribute or create derivative works based on this data (either in whole or in part) unless allowed by the relevant Terms of Service. Some portions of the Google TV API Content are licensed to Google by third parties, including but not limited to Tribune Media Services
2026-09-09T13:45:27.3584336Z 
2026-09-09T13:45:27.3585231Z 8.2 If you use any API to retrieve a user's data from Google, you acknowledge and agree that you shall retrieve data only with the user's explicit consent and only when, and for the limited purposes for which, the user has given you permission to do so.
2026-09-09T13:45:27.3586617Z 
2026-09-09T13:45:27.3587112Z 8.3 Except as explicitly permitted in Section 3 (Google TV Add-on License from Google), you must:
2026-09-09T13:45:27.3587795Z 
2026-09-09T13:45:27.3588839Z (a) not modify nor format the Google TV API Content except to the extent reasonably and technically necessary to optimize the display such Google TV API Content in your application;
2026-09-09T13:45:27.3589971Z 
2026-09-09T13:45:27.3590855Z (b) not edit the Google TV API Content in a manner that renders the Google TV API Content inaccurate of alters its inherent meaning (provided that displaying excerpts will not violate the foregoing); or
2026-09-09T13:45:27.3591580Z 
2026-09-09T13:45:27.3592147Z (c) not create any commercial audience measurement tool or service using the Google TV API Content
2026-09-09T13:45:27.3592846Z 
2026-09-09T13:45:27.3593030Z 9. Terminating this License Agreement
2026-09-09T13:45:27.3593349Z 
2026-09-09T13:45:27.3593850Z 9.1 This License Agreement will continue to apply until terminated by either you or Google as set out below.
2026-09-09T13:45:27.3594266Z 
2026-09-09T13:45:27.3594691Z 9.2 If you want to terminate this License Agreement, you may do so by ceasing your use of the Google TV Add-on and any relevant developer credentials.
2026-09-09T13:45:27.3595221Z 
2026-09-09T13:45:27.3595420Z 9.3 Google may at any time, terminate this License Agreement with you if:
2026-09-09T13:45:27.3595700Z 
2026-09-09T13:45:27.3595872Z (A) you have breached any provision of this License Agreement; or
2026-09-09T13:45:27.3596529Z 
2026-09-09T13:45:27.3596747Z (B) Google is required to do so by law; or
2026-09-09T13:45:27.3596943Z 
2026-09-09T13:45:27.3597569Z (C) the partner with whom Google offered certain parts of Google TV Add-on (such as APIs) to you has terminated its relationship with Google or ceased to offer certain parts of the Google TV Add-on to you; or
2026-09-09T13:45:27.3598281Z 
2026-09-09T13:45:27.3599337Z (D) Google decides to no longer providing the Google TV Add-on or certain parts of the Google TV Add-on to users in the country in which you are resident or from which you use the service, or the provision of the Google TV Add-on or certain Google TV Add-on services to you by Google is, in Google's sole discretion, no longer commercially viable.
2026-09-09T13:45:27.3600507Z 
2026-09-09T13:45:27.3601949Z 9.4 When this License Agreement comes to an end, all of the legal rights, obligations and liabilities that you and Google have benefited from, been subject to (or which have accrued over time whilst this License Agreement has been in force) or which are expressed to continue indefinitely, shall be unaffected by this cessation, and the provisions of paragraph 14.7 shall continue to apply to such rights, obligations and liabilities indefinitely.
2026-09-09T13:45:27.3603650Z 
2026-09-09T13:45:27.3603749Z 10. DISCLAIMER OF WARRANTIES
2026-09-09T13:45:27.3603968Z 
2026-09-09T13:45:27.3604582Z 10.1 YOU EXPRESSLY UNDERSTAND AND AGREE THAT YOUR USE OF THE GOOGLE TV ADD-ON IS AT YOUR SOLE RISK AND THAT THE GOOGLE TV ADD-ON IS PROVIDED "AS IS" AND "AS AVAILABLE" WITHOUT WARRANTY OF ANY KIND FROM GOOGLE.
2026-09-09T13:45:27.3605271Z 
2026-09-09T13:45:27.3606417Z 10.2 YOUR USE OF THE GOOGLE TV ADD-ON AND ANY MATERIAL DOWNLOADED OR OTHERWISE OBTAINED THROUGH THE USE OF THE GOOGLE TV ADD-ON IS AT YOUR OWN DISCRETION AND RISK AND YOU ARE SOLELY RESPONSIBLE FOR ANY DAMAGE TO YOUR COMPUTER SYSTEM OR OTHER DEVICE OR LOSS OF DATA THAT RESULTS FROM SUCH USE.
2026-09-09T13:45:27.3607422Z 
2026-09-09T13:45:27.3608252Z 10.3 GOOGLE FURTHER EXPRESSLY DISCLAIMS ALL WARRANTIES AND CONDITIONS OF ANY KIND, WHETHER EXPRESS OR IMPLIED, INCLUDING, BUT NOT LIMITED TO THE IMPLIED WARRANTIES AND CONDITIONS OF MERCHANTABILITY, FITNESS FOR A PARTICULAR PURPOSE AND NON-INFRINGEMENT.
2026-09-09T13:45:27.3609165Z 
2026-09-09T13:45:27.3609267Z 11. LIMITATION OF LIABILITY
2026-09-09T13:45:27.3609418Z 
2026-09-09T13:45:27.3610811Z 11.1 YOU EXPRESSLY UNDERSTAND AND AGREE THAT GOOGLE, ITS SUBSIDIARIES AND AFFILIATES, AND ITS LICENSORS SHALL NOT BE LIABLE TO YOU UNDER ANY THEORY OF LIABILITY FOR ANY DIRECT, INDIRECT, INCIDENTAL, SPECIAL CONSEQUENTIAL OR EXEMPLARY DAMAGES THAT MAY BE INCURRED BY YOU, INCLUDING ANY LOSS OF DATA, WHETHER OR NOT GOOGLE OR ITS REPRESENTATIVES HAVE BEEN ADVISED OF OR SHOULD HAVE BEEN AWARE OF THE POSSIBILITY OF ANY SUCH LOSSES ARISING.
2026-09-09T13:45:27.3612287Z 
2026-09-09T13:45:27.3612371Z 12. Indemnification
2026-09-09T13:45:27.3612589Z 
2026-09-09T13:45:27.3615196Z 12.1 To the maximum extent permitted by law, you agree to defend, indemnify and hold harmless Google, its affiliates and their respective directors, officers, employees and agents from and against any and all claims, actions, suits or proceedings, as well as any and all losses, liabilities, damages, costs and expenses (including reasonable attorneys fees) arising out of or accruing from (a) your use of the Google TV Add-on, (b) any application you develop on the Google TV Add-on that infringes any copyright, trademark, trade secret, trade dress, patent or other intellectual property right of any person or defames any person or violates their rights of publicity or privacy, and (c) any non-compliance by you with this License Agreement.
2026-09-09T13:45:27.3618153Z 
2026-09-09T13:45:27.3618270Z 13. Changes to the License Agreement
2026-09-09T13:45:27.3618456Z 
2026-09-09T13:45:27.3618775Z 13.1 Google may make changes to the License Agreement as it distributes new versions of the Google TV Add-on.
2026-09-09T13:45:27.3619173Z 
2026-09-09T13:45:27.3619285Z 14. General Legal Terms
2026-09-09T13:45:27.3619430Z 
2026-09-09T13:45:27.3620475Z 14.1 This License Agreement constitute the whole legal agreement between you and Google and govern your use of the Google TV Add-on (excluding any services which Google may provide to you under a separate written agreement), and completely replace any prior agreements between you and Google in relation to the Google TV Add-on.
2026-09-09T13:45:27.3621605Z 
2026-09-09T13:45:27.3622590Z 14.2 You agree that if Google does not exercise or enforce any legal right or remedy which is contained in this License Agreement (or which Google has the benefit of under any applicable law), this will not be taken to be a formal waiver of Google's rights and that those rights or remedies will still be available to Google.
2026-09-09T13:45:27.3623667Z 
2026-09-09T13:45:27.3624775Z 14.3 If any court of law, having the jurisdiction to decide on this matter, rules that any provision of this License Agreement is invalid, then that provision will be removed from this License Agreement without affecting the rest of this License Agreement. The remaining provisions of this License Agreement will continue to be valid and enforceable.
2026-09-09T13:45:27.3626385Z 
2026-09-09T13:45:27.3628386Z 14.4 You acknowledge and agree that Google’s API data licensors and each member of the group of companies of which Google is the parent shall be third party beneficiaries to this License Agreement and that such other companies shall be entitled to directly enforce, and rely upon, any provision of this License Agreement that confers a benefit on (or rights in favor of) them. Other than this, no other person or company shall be third party beneficiaries to this License Agreement.
2026-09-09T13:45:27.3630019Z 
2026-09-09T13:45:27.3630951Z 14.5 EXPORT RESTRICTIONS. THE GOOGLE TV ADD-ON IS SUBJECT TO UNITED STATES EXPORT LAWS AND REGULATIONS. YOU MUST COMPLY WITH ALL DOMESTIC AND INTERNATIONAL EXPORT LAWS AND REGULATIONS THAT APPLY TO THE GOOGLE TV ADD-ON. THESE LAWS INCLUDE RESTRICTIONS ON DESTINATIONS, END USERS AND END USE.
2026-09-09T13:45:27.3631954Z 
2026-09-09T13:45:27.3633039Z 14.6 The rights granted in this License Agreement may not be assigned or transferred by either you or Google without the prior written approval of the other party. Neither you nor Google shall be permitted to delegate their responsibilities or obligations under this License Agreement without the prior written approval of the other party.
2026-09-09T13:45:27.3634213Z 
2026-09-09T13:45:27.3636491Z 14.7 This License Agreement, and your relationship with Google under this License Agreement, shall be governed by the laws of the State of California without regard to its conflict of laws provisions. You and Google agree to submit to the exclusive jurisdiction of the courts located within the county of Santa Clara, California to resolve any legal matter arising from this License Agreement. Notwithstanding this, you agree that Google shall still be allowed to apply for injunctive remedies (or an equivalent type of urgent legal relief) in any jurisdiction.
2026-09-09T13:45:27.3638447Z 
2026-09-09T13:45:27.3638452Z 
2026-09-09T13:45:27.3638549Z August 15, 2011
2026-09-09T13:45:27.3638771Z ---------------------------------------
2026-09-09T13:45:27.3639049Z Accept? (y/N): 
2026-09-09T13:45:27.3639285Z 2/6: License android-googlexr-license:
2026-09-09T13:45:27.3639578Z ---------------------------------------
2026-09-09T13:45:27.3640557Z To get started with the Android XR Emulator System Image SDK, you must agree to the following terms and conditions. As described below, please note that this is a preview, emulated version of the Android XR OS, subject to change, that you use at your own risk.
2026-09-09T13:45:27.3641444Z 
2026-09-09T13:45:27.3641625Z This is the Android XR Emulator System Image SDK License Agreement
2026-09-09T13:45:27.3641894Z 
2026-09-09T13:45:27.3641986Z 1. Introduction
2026-09-09T13:45:27.3642115Z 
2026-09-09T13:45:27.3643541Z 1.1 The Android Android XR Emulator System Image SDK (referred to in the License Agreement as the "SDK" and specifically including the Android system files,, packaged APIs, library files (if and when they are made available), and Google applications and APIs add-ons) is licensed to you subject to the terms of the License Agreement. The License Agreement forms a legally binding contract between you and Google in relation to your use of the SDK.
2026-09-09T13:45:27.3645048Z 
2026-09-09T13:45:27.3645722Z 1.2 "Android" means the Android software stack for devices, as made available under the Android Open Source Project, which is located at the following URL: https://source.android.com/, as updated from time to time.
2026-09-09T13:45:27.3646767Z 
2026-09-09T13:45:27.3647453Z 1.3 "Google" means Google LLC, organized under the laws of the State of Delaware, USA, and operating under the laws of the USA with principal place of business at 1600 Amphitheatre Parkway, Mountain View, CA 94043, USA.
2026-09-09T13:45:27.3648225Z 
2026-09-09T13:45:27.3648330Z 2. Accepting this License Agreement
2026-09-09T13:45:27.3648655Z 
2026-09-09T13:45:27.3649061Z 2.1 In order to use the SDK, you must first agree to the License Agreement. You may not use the SDK if you do not accept the License Agreement.
2026-09-09T13:45:27.3649572Z 
2026-09-09T13:45:27.3649871Z 2.2 By clicking to accept and/or using this SDK, you hereby agree to the terms of the License Agreement.
2026-09-09T13:45:27.3650267Z 
2026-09-09T13:45:27.3651043Z 2.3 You may not use the SDK and may not accept the License Agreement if you are a person barred from receiving the SDK under the laws of the United States or other countries, including the country in which you are resident or from which you use the SDK.
2026-09-09T13:45:27.3651907Z 
2026-09-09T13:45:27.3653062Z 2.4 If you are agreeing to be bound by the License Agreement on behalf of your employer or other entity, you represent and warrant that you have full legal authority to bind your employer or such entity to the License Agreement. If you do not have the requisite authority, you may not accept the License Agreement or use the SDK on behalf of your employer or other entity.
2026-09-09T13:45:27.3654302Z 
2026-09-09T13:45:27.3654400Z 3. SDK License from Google
2026-09-09T13:45:27.3654547Z 
2026-09-09T13:45:27.3655281Z 3.1 Subject to the terms of the License Agreement, Google grants you a limited, worldwide, royalty-free, non-assignable, non-exclusive, and non-sublicensable license to use the SDK solely to develop applications for Android XR.
2026-09-09T13:45:27.3656559Z 
2026-09-09T13:45:27.3683559Z 3.2 You may not use this SDK to develop applications for other platforms or to develop another SDK. You are of course free to develop applications for other platforms provided that this SDK is not used for that purpose.
2026-09-09T13:45:27.3685013Z 
2026-09-09T13:45:27.3686923Z 3.3 You agree that Google or third parties own all legal right, title and interest in and to the SDK, including any Intellectual Property Rights that subsist in the SDK. "Intellectual Property Rights" means any and all rights under patent law, copyright law, trade secret law, trademark law, and any and all other proprietary rights. Google reserves all rights not expressly granted to you.
2026-09-09T13:45:27.3688312Z 
2026-09-09T13:45:27.3690142Z 3.4 You may not use the SDK for any purpose not expressly permitted by the License Agreement. Except to the extent required by applicable third party licenses, you may not (a) copy (except for backup purposes), modify, adapt, redistribute, decompile, reverse engineer, disassemble, or create derivative works of the SDK or any part of the SDK; or (b) load any part of the SDK onto a mobile handset or any other hardware device except a personal computer, combine any part of the SDK with other software, or distribute any software or device incorporating a part of the SDK.
2026-09-09T13:45:27.3692041Z 
2026-09-09T13:45:27.3693374Z 3.5 Use, reproduction and distribution of components of the SDK licensed under an open source software license are governed solely by the terms of that open source software license and not the License Agreement. You agree to remain a licensee in good standing in regard to such open source software licenses under all the rights granted and to refrain from any actions that may terminate, suspend, or breach such rights.
2026-09-09T13:45:27.3694784Z 
2026-09-09T13:45:27.3696252Z 3.6 You agree that the form and nature of the SDK that Google provides may change without prior notice to you and that future versions of the SDK may be incompatible with applications developed on previous versions of the SDK. You agree that Google may stop (permanently or temporarily) providing the SDK (or any features within the SDK) to you or to users generally at Google's sole discretion, without prior notice to you.
2026-09-09T13:45:27.3697670Z 
2026-09-09T13:45:27.3698196Z 3.7 Nothing in the License Agreement gives you a right to use any of Google's trade names, trademarks, service marks, logos, domain names, or other distinctive brand features.
2026-09-09T13:45:27.3698828Z 
2026-09-09T13:45:27.3699412Z 3.8 You agree that you will not remove, obscure, or alter any proprietary rights notices (including copyright and trademark notices) that may be affixed to or contained within the SDK.
2026-09-09T13:45:27.3700228Z 
2026-09-09T13:45:27.3700325Z 4. Use of the SDK by You
2026-09-09T13:45:27.3700481Z 
2026-09-09T13:45:27.3701304Z 4.1 Google agrees that it obtains no right, title or interest from you (or your licensors) under the License Agreement in or to any software applications that you develop using the SDK, including any intellectual property rights that subsist in those applications.
2026-09-09T13:45:27.3702220Z 
2026-09-09T13:45:27.3703333Z 4.2 You agree to use the SDK and write applications only for purposes that are permitted by (a) the License Agreement and (b) any applicable law, regulation or generally accepted practices or guidelines in the relevant jurisdictions (including any laws regarding the export of data or software to and from the United States or other relevant countries).
2026-09-09T13:45:27.3704579Z 
2026-09-09T13:45:27.3707321Z 4.3 You agree that if you use the SDK to develop applications for general public users, you will protect the privacy and legal rights of those users. If the users provide you with user names, passwords, or other login information or personal information, you must make the users aware that the information will be available to your application, and you must provide legally adequate privacy notice and protection for those users. If your application stores personal or sensitive information provided by users, it must do so securely. If the user provides your application with Google Account information, your application may only use that information to access the user's Google Account when, and for the limited purposes for which, the user has given you permission to do so.
2026-09-09T13:45:27.3709914Z 
2026-09-09T13:45:27.3711184Z 4.4 You agree that you will not engage in any activity with the SDK, including the development or distribution of an application, that interferes with, disrupts, damages, or accesses in an unauthorized manner the servers, networks, or other properties or services of any third party including, but not limited to, Google or any mobile communications carrier.
2026-09-09T13:45:27.3712412Z 
2026-09-09T13:45:27.3713505Z 4.5 You agree that you are solely responsible for (and that Google has no responsibility to you or to any third party for) any data, content, or resources that you create, transmit or display through Android and/or applications for Android, and for the consequences of your actions (including any loss or damage which Google may suffer) by doing so.
2026-09-09T13:45:27.3714696Z 
2026-09-09T13:45:27.3716146Z 4.6 You agree that you are solely responsible for (and that Google has no responsibility to you or to any third party for) any breach of your obligations under the License Agreement, any applicable third party contract or Terms of Service, or any applicable law or regulation, and for the consequences (including any loss or damage which Google or any third party may suffer) of any such breach.
2026-09-09T13:45:27.3717554Z 
2026-09-09T13:45:27.3718480Z 4.7 The SDK is in development, and your testing and feedback are an important part of the development process. By using the SDK, you acknowledge that implementation of some features are still under development and that you should not rely on the SDK having the full functionality of a stable release.
2026-09-09T13:45:27.3719495Z 
2026-09-09T13:45:27.3719600Z 5. Your Developer Credentials
2026-09-09T13:45:27.3719769Z 
2026-09-09T13:45:27.3720669Z 5.1 You agree that you are responsible for maintaining the confidentiality of any developer credentials that may be issued to you by Google or which you may choose yourself and that you will be solely responsible for all applications that are developed under your developer credentials.
2026-09-09T13:45:27.3721646Z 
2026-09-09T13:45:27.3721754Z 6. Privacy and Information
2026-09-09T13:45:27.3721905Z 
2026-09-09T13:45:27.3723433Z 6.1 In order to continually innovate and improve the SDK, Google may collect certain usage statistics from the software including but not limited to a unique identifier, associated IP address, version number of the software, and information on which tools and/or services in the SDK are being used and how they are being used. Before any of this information is collected, the SDK will notify you and seek your consent. If you withhold consent, the information will not be collected.
2026-09-09T13:45:27.3725224Z 
2026-09-09T13:45:27.3726154Z 6.2 The data collected is examined in the aggregate to improve the SDK and is maintained in accordance with Google's Privacy Policy, which is located at the following URL: https://policies.google.com/privacy
2026-09-09T13:45:27.3727031Z 
2026-09-09T13:45:27.3727336Z 6.3 Anonymized and aggregated sets of the data may be shared with Google partners to improve the SDK.
2026-09-09T13:45:27.3727717Z 
2026-09-09T13:45:27.3727826Z 7. Third Party Applications
2026-09-09T13:45:27.3727988Z 
2026-09-09T13:45:27.3729887Z 7.1 If you use the SDK to run applications developed by a third party or that access data, content or resources provided by a third party, you agree that Google is not responsible for those applications, data, content, or resources. You understand that all data, content or resources which you may access through such third party applications are the sole responsibility of the person from which they originated and that Google is not liable for any loss or damage that you may experience as a result of the use or access of any of those third party applications, data, content, or resources.
2026-09-09T13:45:27.3731839Z 
2026-09-09T13:45:27.3733555Z 7.2 You should be aware that the data, content, and resources presented to you through such a third party application may be protected by intellectual property rights which are owned by the providers (or by other persons or companies on their behalf). You may not modify, rent, lease, loan, sell, distribute or create derivative works based on these data, content, or resources (either in whole or in part) unless you have been specifically given permission to do so by the relevant owners.
2026-09-09T13:45:27.3735192Z 
2026-09-09T13:45:27.3736551Z 7.3 You acknowledge that your use of such third party applications, data, content, or resources may be subject to separate terms between you and the relevant third party. In that case, the License Agreement does not affect your legal relationship with these third parties.
2026-09-09T13:45:27.3737527Z 
2026-09-09T13:45:27.3737632Z 8. Using Android APIs
2026-09-09T13:45:27.3737773Z 
2026-09-09T13:45:27.3737865Z 8.1 Google Data APIs
2026-09-09T13:45:27.3737991Z 
2026-09-09T13:45:27.3739578Z 8.1.1 If you use any API to retrieve data from Google, you acknowledge that the data may be protected by intellectual property rights which are owned by Google or those parties that provide the data (or by other persons or companies on their behalf). Your use of any such API may be subject to additional Terms of Service. You may not modify, rent, lease, loan, sell, distribute or create derivative works based on this data (either in whole or in part) unless allowed by the relevant Terms of Service.
2026-09-09T13:45:27.3741240Z 
2026-09-09T13:45:27.3743993Z 8.1.2 If you use any API to retrieve a user's data from Google, you acknowledge and agree that you shall retrieve data only with the user's explicit consent and only when, and for the limited purposes for which, the user has given you permission to do so. If you use the Android Recognition Service API, documented at the following URL: https://developer.android.com/reference/android/speech/RecognitionService, as updated from time to time, you acknowledge that the use of the API is subject to the Data Processing Addendum for Products where Google is a Data Processor, which is located at the following URL: https://privacy.google.com/businesses/gdprprocessorterms/, as updated from time to time. By clicking to accept, you hereby agree to the terms of the Data Processing Addendum for Products where Google is a Data Processor.
2026-09-09T13:45:27.3747065Z 
2026-09-09T13:45:27.3747182Z 9. Terminating this License Agreement
2026-09-09T13:45:27.3747372Z 
2026-09-09T13:45:27.3747683Z 9.1 The License Agreement will continue to apply until terminated by either you or Google as set out below.
2026-09-09T13:45:27.3748094Z 
2026-09-09T13:45:27.3748480Z 9.2 If you want to terminate the License Agreement, you may do so by ceasing your use of the SDK and any relevant developer credentials.
2026-09-09T13:45:27.3748955Z 
2026-09-09T13:45:27.3750989Z 9.3 Google may at any time, terminate the License Agreement with you if: (A) you have breached any provision of the License Agreement; or (B) Google is required to do so by law; or (C) the partner with whom Google offered certain parts of SDK (such as APIs) to you has terminated its relationship with Google or ceased to offer certain parts of the SDK to you; or (D) Google decides to no longer provide the SDK or certain parts of the SDK to users in the country in which you are resident or from which you use the service, or the provision of the SDK or certain SDK services to you by Google is, in Google's sole discretion, no longer commercially viable.
2026-09-09T13:45:27.3753082Z 
2026-09-09T13:45:27.3754488Z 9.4 When the License Agreement comes to an end, all of the legal rights, obligations and liabilities that you and Google have benefited from, been subject to (or which have accrued over time whilst the License Agreement has been in force) or which are expressed to continue indefinitely, shall be unaffected by this cessation, and the provisions of paragraph 14.7 shall continue to apply to such rights, obligations and liabilities indefinitely.
2026-09-09T13:45:27.3756247Z 
2026-09-09T13:45:27.3756361Z 10. DISCLAIMER OF WARRANTIES
2026-09-09T13:45:27.3756522Z 
2026-09-09T13:45:27.3757051Z 10.1 YOU EXPRESSLY UNDERSTAND AND AGREE THAT YOUR USE OF THE SDK IS AT YOUR SOLE RISK AND THAT THE SDK IS PROVIDED "AS IS" AND "AS AVAILABLE" WITHOUT WARRANTY OF ANY KIND FROM GOOGLE.
2026-09-09T13:45:27.3757803Z 
2026-09-09T13:45:27.3758615Z 10.2 YOUR USE OF THE SDK AND ANY MATERIAL DOWNLOADED OR OTHERWISE OBTAINED THROUGH THE USE OF THE SDK IS AT YOUR OWN DISCRETION AND RISK AND YOU ARE SOLELY RESPONSIBLE FOR ANY DAMAGE TO YOUR COMPUTER SYSTEM OR OTHER DEVICE OR LOSS OF DATA THAT RESULTS FROM SUCH USE.
2026-09-09T13:45:27.3759524Z 
2026-09-09T13:45:27.3760330Z 10.3 GOOGLE FURTHER EXPRESSLY DISCLAIMS ALL WARRANTIES AND CONDITIONS OF ANY KIND, WHETHER EXPRESS OR IMPLIED, INCLUDING, BUT NOT LIMITED TO THE IMPLIED WARRANTIES AND CONDITIONS OF MERCHANTABILITY, FITNESS FOR A PARTICULAR PURPOSE AND NON-INFRINGEMENT.
2026-09-09T13:45:27.3761217Z 
2026-09-09T13:45:27.3761323Z 11. LIMITATION OF LIABILITY
2026-09-09T13:45:27.3761477Z 
2026-09-09T13:45:27.3763261Z 11.1 YOU EXPRESSLY UNDERSTAND AND AGREE THAT GOOGLE, ITS SUBSIDIARIES AND AFFILIATES, AND ITS LICENSORS SHALL NOT BE LIABLE TO YOU UNDER ANY THEORY OF LIABILITY FOR ANY DIRECT, INDIRECT, INCIDENTAL, SPECIAL, CONSEQUENTIAL OR EXEMPLARY DAMAGES THAT MAY BE INCURRED BY YOU, INCLUDING ANY LOSS OF DATA, WHETHER OR NOT GOOGLE OR ITS REPRESENTATIVES HAVE BEEN ADVISED OF OR SHOULD HAVE BEEN AWARE OF THE POSSIBILITY OF ANY SUCH LOSSES ARISING.
2026-09-09T13:45:27.3764761Z 
2026-09-09T13:45:27.3764855Z 12. Indemnification
2026-09-09T13:45:27.3764994Z 
2026-09-09T13:45:27.3767489Z 12.1 To the maximum extent permitted by law, you agree to defend, indemnify and hold harmless Google, its affiliates and their respective directors, officers, employees and agents from and against any and all claims, actions, suits or proceedings, as well as any and all losses, liabilities, damages, costs and expenses (including reasonable attorneys fees) arising out of or accruing from (a) your use of the SDK, (b) any application you develop on the SDK that infringes any copyright, trademark, trade secret, trade dress, patent or other intellectual property right of any person or defames any person or violates their rights of publicity or privacy, and (c) any non-compliance by you with the License Agreement.
2026-09-09T13:45:27.3770055Z 
2026-09-09T13:45:27.3770164Z 13. Changes to the License Agreement
2026-09-09T13:45:27.3770355Z 
2026-09-09T13:45:27.3771083Z 13.1 Google may make changes to the License Agreement as it distributes new versions of the SDK. When these changes are made, Google will make a new version of the License Agreement available on the website where the SDK is made available.
2026-09-09T13:45:27.3771905Z 
2026-09-09T13:45:27.3772004Z 14. General Legal Terms
2026-09-09T13:45:27.3772142Z 
2026-09-09T13:45:27.3773112Z 14.1 The License Agreement constitutes the whole legal agreement between you and Google and governs your use of the SDK (excluding any services which Google may provide to you under a separate written agreement), and completely replaces any prior agreements between you and Google in relation to the SDK.
2026-09-09T13:45:27.3774159Z 
2026-09-09T13:45:27.3775149Z 14.2 You agree that if Google does not exercise or enforce any legal right or remedy which is contained in the License Agreement (or which Google has the benefit of under any applicable law), this will not be taken to be a formal waiver of Google's rights and that those rights or remedies will still be available to Google.
2026-09-09T13:45:27.3776546Z 
2026-09-09T13:45:27.3777647Z 14.3 If any court of law, having the jurisdiction to decide on this matter, rules that any provision of the License Agreement is invalid, then that provision will be removed from the License Agreement without affecting the rest of the License Agreement. The remaining provisions of the License Agreement will continue to be valid and enforceable.
2026-09-09T13:45:27.3778818Z 
2026-09-09T13:45:27.3780391Z 14.4 You acknowledge and agree that each member of the group of companies of which Google is the parent shall be third party beneficiaries to the License Agreement and that such other companies shall be entitled to directly enforce, and rely upon, any provision of the License Agreement that confers a benefit on (or rights in favor of) them. Other than this, no other person or company shall be third party beneficiaries to the License Agreement.
2026-09-09T13:45:27.3781907Z 
2026-09-09T13:45:27.3782744Z 14.5 EXPORT RESTRICTIONS. THE SDK IS SUBJECT TO UNITED STATES EXPORT LAWS AND REGULATIONS. YOU MUST COMPLY WITH ALL DOMESTIC AND INTERNATIONAL EXPORT LAWS AND REGULATIONS THAT APPLY TO THE SDK. THESE LAWS INCLUDE RESTRICTIONS ON DESTINATIONS, END USERS AND END USE.
2026-09-09T13:45:27.3783664Z 
2026-09-09T13:45:27.3784752Z 14.6 The rights granted in the License Agreement may not be assigned or transferred by either you or Google without the prior written approval of the other party. Neither you nor Google shall be permitted to delegate their responsibilities or obligations under the License Agreement without the prior written approval of the other party.
2026-09-09T13:45:27.3786060Z 
2026-09-09T13:45:27.3787875Z 14.7 The License Agreement, and your relationship with Google under the License Agreement, shall be governed by the laws of the State of California without regard to its conflict of laws provisions. You and Google agree to submit to the exclusive jurisdiction of the courts located within the county of Santa Clara, California to resolve any legal matter arising from the License Agreement. Notwithstanding this, you agree that Google shall still be allowed to apply for injunctive remedies (or an equivalent type of urgent legal relief) in any jurisdiction.
2026-09-09T13:45:27.3789868Z ---------------------------------------
2026-09-09T13:45:27.3790141Z Accept? (y/N): 
2026-09-09T13:45:27.3790387Z 3/6: License android-sdk-arm-dbt-license:
2026-09-09T13:45:27.3790681Z ---------------------------------------
2026-09-09T13:45:27.3790941Z Terms and Conditions
2026-09-09T13:45:27.3791078Z 
2026-09-09T13:45:27.3791243Z This is the Android Software Development Kit License Agreement
2026-09-09T13:45:27.3791507Z 
2026-09-09T13:45:27.3791589Z 1. Introduction
2026-09-09T13:45:27.3791713Z 
2026-09-09T13:45:27.3792867Z 1.1 The Android Software Development Kit (referred to in the License Agreement as the "SDK" and specifically including the Android system files, packaged APIs, and Google APIs add-ons) is licensed to you subject to the terms of the License Agreement. The License Agreement forms a legally binding contract between you and Google in relation to your use of the SDK.
2026-09-09T13:45:27.3794218Z 
2026-09-09T13:45:27.3794882Z 1.2 "Android" means the Android software stack for devices, as made available under the Android Open Source Project, which is located at the following URL: http://source.android.com/, as updated from time to time.
2026-09-09T13:45:27.3795629Z 
2026-09-09T13:45:27.3797023Z 1.3 A "compatible implementation" means any Android device that (i) complies with the Android Compatibility Definition document, which can be found at the Android compatibility website (http://source.android.com/compatibility) and which may be updated from time to time; and (ii) successfully passes the Android Compatibility Test Suite (CTS).
2026-09-09T13:45:27.3798250Z 
2026-09-09T13:45:27.3798730Z 1.4 "Google" means Google Inc., a Delaware corporation with principal place of business at 1600 Amphitheatre Parkway, Mountain View, CA 94043, United States.
2026-09-09T13:45:27.3799293Z 
2026-09-09T13:45:27.3799297Z 
2026-09-09T13:45:27.3799410Z 2. Accepting the License Agreement
2026-09-09T13:45:27.3799591Z 
2026-09-09T13:45:27.3799990Z 2.1 In order to use the SDK, you must first agree to the License Agreement. You may not use the SDK if you do not accept the License Agreement.
2026-09-09T13:45:27.3800491Z 
2026-09-09T13:45:27.3800704Z 2.2 By clicking to accept, you hereby agree to the terms of the License Agreement.
2026-09-09T13:45:27.3801018Z 
2026-09-09T13:45:27.3801784Z 2.3 You may not use the SDK and may not accept the License Agreement if you are a person barred from receiving the SDK under the laws of the United States or other countries, including the country in which you are resident or from which you use the SDK.
2026-09-09T13:45:27.3802635Z 
2026-09-09T13:45:27.3803995Z 2.4 If you are agreeing to be bound by the License Agreement on behalf of your employer or other entity, you represent and warrant that you have full legal authority to bind your employer or such entity to the License Agreement. If you do not have the requisite authority, you may not accept the License Agreement or use the SDK on behalf of your employer or other entity.
2026-09-09T13:45:27.3805242Z 
2026-09-09T13:45:27.3805247Z 
2026-09-09T13:45:27.3805344Z 3. SDK License from Google
2026-09-09T13:45:27.3805498Z 
2026-09-09T13:45:27.3806454Z 3.1 Subject to the terms of the License Agreement, Google grants you a limited, worldwide, royalty-free, non-assignable, non-exclusive, and non-sublicensable license to use the SDK solely to develop applications for compatible implementations of Android.
2026-09-09T13:45:27.3807351Z 
2026-09-09T13:45:27.3808413Z 3.2 You may not use this SDK to develop applications for other platforms (including non-compatible implementations of Android) or to develop another SDK. You are of course free to develop applications for other platforms, including non-compatible implementations of Android, provided that this SDK is not used for that purpose.
2026-09-09T13:45:27.3809557Z 
2026-09-09T13:45:27.3810794Z 3.3 You agree that Google or third parties own all legal right, title and interest in and to the SDK, including any Intellectual Property Rights that subsist in the SDK. "Intellectual Property Rights" means any and all rights under patent law, copyright law, trade secret law, trademark law, and any and all other proprietary rights. Google reserves all rights not expressly granted to you.
2026-09-09T13:45:27.3812116Z 
2026-09-09T13:45:27.3813190Z 3.4 You may not use the SDK for any purpose not expressly permitted by the License Agreement. Except to the extent required by applicable third party licenses, you may not copy (except for backup purposes), modify, adapt, redistribute, decompile, reverse engineer, disassemble, or create derivative works of the SDK or any part of the SDK.
2026-09-09T13:45:27.3814466Z 
2026-09-09T13:45:27.3815117Z 3.5 Use, reproduction and distribution of components of the SDK licensed under an open source software license are governed solely by the terms of that open source software license and not the License Agreement.
2026-09-09T13:45:27.3815856Z 
2026-09-09T13:45:27.3817514Z 3.6 You agree that the form and nature of the SDK that Google provides may change without prior notice to you and that future versions of the SDK may be incompatible with applications developed on previous versions of the SDK. You agree that Google may stop (permanently or temporarily) providing the SDK (or any features within the SDK) to you or to users generally at Google's sole discretion, without prior notice to you.
2026-09-09T13:45:27.3818945Z 
2026-09-09T13:45:27.3819470Z 3.7 Nothing in the License Agreement gives you a right to use any of Google's trade names, trademarks, service marks, logos, domain names, or other distinctive brand features.
2026-09-09T13:45:27.3820088Z 
2026-09-09T13:45:27.3820658Z 3.8 You agree that you will not remove, obscure, or alter any proprietary rights notices (including copyright and trademark notices) that may be affixed to or contained within the SDK.
2026-09-09T13:45:27.3821313Z 
2026-09-09T13:45:27.3821318Z 
2026-09-09T13:45:27.3821411Z 4. Use of the SDK by You
2026-09-09T13:45:27.3821564Z 
2026-09-09T13:45:27.3822390Z 4.1 Google agrees that it obtains no right, title or interest from you (or your licensors) under the License Agreement in or to any software applications that you develop using the SDK, including any intellectual property rights that subsist in those applications.
2026-09-09T13:45:27.3823289Z 
2026-09-09T13:45:27.3824531Z 4.2 You agree to use the SDK and write applications only for purposes that are permitted by (a) the License Agreement and (b) any applicable law, regulation or generally accepted practices or guidelines in the relevant jurisdictions (including any laws regarding the export of data or software to and from the United States or other relevant countries).
2026-09-09T13:45:27.3825750Z 
2026-09-09T13:45:27.3828450Z 4.3 You agree that if you use the SDK to develop applications for general public users, you will protect the privacy and legal rights of those users. If the users provide you with user names, passwords, or other login information or personal information, you must make the users aware that the information will be available to your application, and you must provide legally adequate privacy notice and protection for those users. If your application stores personal or sensitive information provided by users, it must do so securely. If the user provides your application with Google Account information, your application may only use that information to access the user's Google Account when, and for the limited purposes for which, the user has given you permission to do so.
2026-09-09T13:45:27.3831056Z 
2026-09-09T13:45:27.3832200Z 4.4 You agree that you will not engage in any activity with the SDK, including the development or distribution of an application, that interferes with, disrupts, damages, or accesses in an unauthorized manner the servers, networks, or other properties or services of any third party including, but not limited to, Google or any mobile communications carrier.
2026-09-09T13:45:27.3833425Z 
2026-09-09T13:45:27.3834508Z 4.5 You agree that you are solely responsible for (and that Google has no responsibility to you or to any third party for) any data, content, or resources that you create, transmit or display through Android and/or applications for Android, and for the consequences of your actions (including any loss or damage which Google may suffer) by doing so.
2026-09-09T13:45:27.3835685Z 
2026-09-09T13:45:27.3837192Z 4.6 You agree that you are solely responsible for (and that Google has no responsibility to you or to any third party for) any breach of your obligations under the License Agreement, any applicable third party contract or Terms of Service, or any applicable law or regulation, and for the consequences (including any loss or damage which Google or any third party may suffer) of any such breach.
2026-09-09T13:45:27.3838672Z 
2026-09-09T13:45:27.3840304Z 4.7 This software enables the execution of intellectual property owned by Arm Limited. You agree that your use of the software, that allows execution of ARM Instruction Set Architecture (“ISA”) compliant executables for application development and debug only on x86 desktop, laptop, customer on-premise servers, and customer-procured cloud-based environments.
2026-09-09T13:45:27.3841585Z 
2026-09-09T13:45:27.3841690Z 5. Your Developer Credentials
2026-09-09T13:45:27.3841865Z 
2026-09-09T13:45:27.3842771Z 5.1 You agree that you are responsible for maintaining the confidentiality of any developer credentials that may be issued to you by Google or which you may choose yourself and that you will be solely responsible for all applications that are developed under your developer credentials.
2026-09-09T13:45:27.3843760Z 
2026-09-09T13:45:27.3843879Z 6. Privacy and Information
2026-09-09T13:45:27.3844044Z 
2026-09-09T13:45:27.3845577Z 6.1 In order to continually innovate and improve the SDK, Google may collect certain usage statistics from the software including but not limited to a unique identifier, associated IP address, version number of the software, and information on which tools and/or services in the SDK are being used and how they are being used. Before any of this information is collected, the SDK will notify you and seek your consent. If you withhold consent, the information will not be collected.
2026-09-09T13:45:27.3847340Z 
2026-09-09T13:45:27.3847733Z 6.2 The data collected is examined in the aggregate to improve the SDK and is maintained in accordance with Google's Privacy Policy.
2026-09-09T13:45:27.3848211Z 
2026-09-09T13:45:27.3848215Z 
2026-09-09T13:45:27.3848321Z 7. Third Party Applications
2026-09-09T13:45:27.3848477Z 
2026-09-09T13:45:27.3850513Z 7.1 If you use the SDK to run applications developed by a third party or that access data, content or resources provided by a third party, you agree that Google is not responsible for those applications, data, content, or resources. You understand that all data, content or resources which you may access through such third party applications are the sole responsibility of the person from which they originated and that Google is not liable for any loss or damage that you may experience as a result of the use or access of any of those third party applications, data, content, or resources.
2026-09-09T13:45:27.3852517Z 
2026-09-09T13:45:27.3854062Z 7.2 You should be aware the data, content, and resources presented to you through such a third party application may be protected by intellectual property rights which are owned by the providers (or by other persons or companies on their behalf). You may not modify, rent, lease, loan, sell, distribute or create derivative works based on these data, content, or resources (either in whole or in part) unless you have been specifically given permission to do so by the relevant owners.
2026-09-09T13:45:27.3855683Z 
2026-09-09T13:45:27.3856778Z 7.3 You acknowledge that your use of such third party applications, data, content, or resources may be subject to separate terms between you and the relevant third party. In that case, the License Agreement does not affect your legal relationship with these third parties.
2026-09-09T13:45:27.3857738Z 
2026-09-09T13:45:27.3857743Z 
2026-09-09T13:45:27.3857840Z 8. Using Android APIs
2026-09-09T13:45:27.3857976Z 
2026-09-09T13:45:27.3858068Z 8.1 Google Data APIs
2026-09-09T13:45:27.3858193Z 
2026-09-09T13:45:27.3859779Z 8.1.1 If you use any API to retrieve data from Google, you acknowledge that the data may be protected by intellectual property rights which are owned by Google or those parties that provide the data (or by other persons or companies on their behalf). Your use of any such API may be subject to additional Terms of Service. You may not modify, rent, lease, loan, sell, distribute or create derivative works based on this data (either in whole or in part) unless allowed by the relevant Terms of Service.
2026-09-09T13:45:27.3861571Z 
2026-09-09T13:45:27.3864317Z 8.1.2 If you use any API to retrieve a user's data from Google, you acknowledge and agree that you shall retrieve data only with the user's explicit consent and only when, and for the limited purposes for which, the user has given you permission to do so. If you use the Android Recognition Service API, documented at the following URL: https://developer.android.com/reference/android/speech/RecognitionService, as updated from time to time, you acknowledge that the use of the API is subject to the Data Processing Addendum for Products where Google is a Data Processor, which is located at the following URL: https://privacy.google.com/businesses/gdprprocessorterms/, as updated from time to time. By clicking to accept, you hereby agree to the terms of the Data Processing Addendum for Products where Google is a Data Processor.
2026-09-09T13:45:27.3867270Z 
2026-09-09T13:45:27.3867296Z 
2026-09-09T13:45:27.3867405Z 9. Terminating the License Agreement
2026-09-09T13:45:27.3867644Z 
2026-09-09T13:45:27.3867961Z 9.1 The License Agreement will continue to apply until terminated by either you or Google as set out below.
2026-09-09T13:45:27.3868372Z 
2026-09-09T13:45:27.3868766Z 9.2 If you want to terminate the License Agreement, you may do so by ceasing your use of the SDK and any relevant developer credentials.
2026-09-09T13:45:27.3869252Z 
2026-09-09T13:45:27.3871444Z 9.3 Google may at any time, terminate the License Agreement with you if: (A) you have breached any provision of the License Agreement; or (B) Google is required to do so by law; or (C) the partner with whom Google offered certain parts of SDK (such as APIs) to you has terminated its relationship with Google or ceased to offer certain parts of the SDK to you; or (D) Google decides to no longer provide the SDK or certain parts of the SDK to users in the country in which you are resident or from which you use the service, or the provision of the SDK or certain SDK services to you by Google is, in Google's sole discretion, no longer commercially viable.
2026-09-09T13:45:27.3873569Z 
2026-09-09T13:45:27.3875000Z 9.4 When the License Agreement comes to an end, all of the legal rights, obligations and liabilities that you and Google have benefited from, been subject to (or which have accrued over time whilst the License Agreement has been in force) or which are expressed to continue indefinitely, shall be unaffected by this cessation, and the provisions of paragraph 14.7 shall continue to apply to such rights, obligations and liabilities indefinitely.
2026-09-09T13:45:27.3876639Z 
2026-09-09T13:45:27.3876643Z 
2026-09-09T13:45:27.3876747Z 10. DISCLAIMER OF WARRANTIES
2026-09-09T13:45:27.3876914Z 
2026-09-09T13:45:27.3877445Z 10.1 YOU EXPRESSLY UNDERSTAND AND AGREE THAT YOUR USE OF THE SDK IS AT YOUR SOLE RISK AND THAT THE SDK IS PROVIDED "AS IS" AND "AS AVAILABLE" WITHOUT WARRANTY OF ANY KIND FROM GOOGLE.
2026-09-09T13:45:27.3878073Z 
2026-09-09T13:45:27.3878884Z 10.2 YOUR USE OF THE SDK AND ANY MATERIAL DOWNLOADED OR OTHERWISE OBTAINED THROUGH THE USE OF THE SDK IS AT YOUR OWN DISCRETION AND RISK AND YOU ARE SOLELY RESPONSIBLE FOR ANY DAMAGE TO YOUR COMPUTER SYSTEM OR OTHER DEVICE OR LOSS OF DATA THAT RESULTS FROM SUCH USE.
2026-09-09T13:45:27.3879790Z 
2026-09-09T13:45:27.3880596Z 10.3 GOOGLE FURTHER EXPRESSLY DISCLAIMS ALL WARRANTIES AND CONDITIONS OF ANY KIND, WHETHER EXPRESS OR IMPLIED, INCLUDING, BUT NOT LIMITED TO THE IMPLIED WARRANTIES AND CONDITIONS OF MERCHANTABILITY, FITNESS FOR A PARTICULAR PURPOSE AND NON-INFRINGEMENT.
2026-09-09T13:45:27.3881494Z 
2026-09-09T13:45:27.3881499Z 
2026-09-09T13:45:27.3881594Z 11. LIMITATION OF LIABILITY
2026-09-09T13:45:27.3881749Z 
2026-09-09T13:45:27.3883159Z 11.1 YOU EXPRESSLY UNDERSTAND AND AGREE THAT GOOGLE, ITS SUBSIDIARIES AND AFFILIATES, AND ITS LICENSORS SHALL NOT BE LIABLE TO YOU UNDER ANY THEORY OF LIABILITY FOR ANY DIRECT, INDIRECT, INCIDENTAL, SPECIAL, CONSEQUENTIAL OR EXEMPLARY DAMAGES THAT MAY BE INCURRED BY YOU, INCLUDING ANY LOSS OF DATA, WHETHER OR NOT GOOGLE OR ITS REPRESENTATIVES HAVE BEEN ADVISED OF OR SHOULD HAVE BEEN AWARE OF THE POSSIBILITY OF ANY SUCH LOSSES ARISING.
2026-09-09T13:45:27.3884778Z 
2026-09-09T13:45:27.3884783Z 
2026-09-09T13:45:27.3884870Z 12. Indemnification
2026-09-09T13:45:27.3885003Z 
2026-09-09T13:45:27.3887459Z 12.1 To the maximum extent permitted by law, you agree to defend, indemnify and hold harmless Google, its affiliates and their respective directors, officers, employees and agents from and against any and all claims, actions, suits or proceedings, as well as any and all losses, liabilities, damages, costs and expenses (including reasonable attorneys fees) arising out of or accruing from (a) your use of the SDK, (b) any application you develop on the SDK that infringes any copyright, trademark, trade secret, trade dress, patent or other intellectual property right of any person or defames any person or violates their rights of publicity or privacy, and (c) any non-compliance by you with the License Agreement.
2026-09-09T13:45:27.3889848Z 
2026-09-09T13:45:27.3889852Z 
2026-09-09T13:45:27.3889958Z 13. Changes to the License Agreement
2026-09-09T13:45:27.3890139Z 
2026-09-09T13:45:27.3891001Z 13.1 Google may make changes to the License Agreement as it distributes new versions of the SDK. When these changes are made, Google will make a new version of the License Agreement available on the website where the SDK is made available.
2026-09-09T13:45:27.3891952Z 
2026-09-09T13:45:27.3891957Z 
2026-09-09T13:45:27.3892060Z 14. General Legal Terms
2026-09-09T13:45:27.3892196Z 
2026-09-09T13:45:27.3893176Z 14.1 The License Agreement constitutes the whole legal agreement between you and Google and governs your use of the SDK (excluding any services which Google may provide to you under a separate written agreement), and completely replaces any prior agreements between you and Google in relation to the SDK.
2026-09-09T13:45:27.3894233Z 
2026-09-09T13:45:27.3895434Z 14.2 You agree that if Google does not exercise or enforce any legal right or remedy which is contained in the License Agreement (or which Google has the benefit of under any applicable law), this will not be taken to be a formal waiver of Google's rights and that those rights or remedies will still be available to Google.
2026-09-09T13:45:27.3896727Z 
2026-09-09T13:45:27.3897825Z 14.3 If any court of law, having the jurisdiction to decide on this matter, rules that any provision of the License Agreement is invalid, then that provision will be removed from the License Agreement without affecting the rest of the License Agreement. The remaining provisions of the License Agreement will continue to be valid and enforceable.
2026-09-09T13:45:27.3899023Z 
2026-09-09T13:45:27.3900453Z 14.4 You acknowledge and agree that each member of the group of companies of which Google is the parent shall be third party beneficiaries to the License Agreement and that such other companies shall be entitled to directly enforce, and rely upon, any provision of the License Agreement that confers a benefit on (or rights in favor of) them. Other than this, no other person or company shall be third party beneficiaries to the License Agreement.
2026-09-09T13:45:27.3901970Z 
2026-09-09T13:45:27.3902811Z 14.5 EXPORT RESTRICTIONS. THE SDK IS SUBJECT TO UNITED STATES EXPORT LAWS AND REGULATIONS. YOU MUST COMPLY WITH ALL DOMESTIC AND INTERNATIONAL EXPORT LAWS AND REGULATIONS THAT APPLY TO THE SDK. THESE LAWS INCLUDE RESTRICTIONS ON DESTINATIONS, END USERS AND END USE.
2026-09-09T13:45:27.3903742Z 
2026-09-09T13:45:27.3904861Z 14.6 The rights granted in the License Agreement may not be assigned or transferred by either you or Google without the prior written approval of the other party. Neither you nor Google shall be permitted to delegate their responsibilities or obligations under the License Agreement without the prior written approval of the other party.
2026-09-09T13:45:27.3906140Z 
2026-09-09T13:45:27.3907962Z 14.7 The License Agreement, and your relationship with Google under the License Agreement, shall be governed by the laws of the State of California without regard to its conflict of laws provisions. You and Google agree to submit to the exclusive jurisdiction of the courts located within the county of Santa Clara, California to resolve any legal matter arising from the License Agreement. Notwithstanding this, you agree that Google shall still be allowed to apply for injunctive remedies (or an equivalent type of urgent legal relief) in any jurisdiction.
2026-09-09T13:45:27.3909980Z 
2026-09-09T13:45:27.3909985Z 
2026-09-09T13:45:27.3910077Z January 16, 2019
2026-09-09T13:45:27.3910305Z ---------------------------------------
2026-09-09T13:45:27.3910569Z Accept? (y/N): 
2026-09-09T13:45:27.3910807Z 4/6: License android-sdk-preview-license:
2026-09-09T13:45:27.3911098Z ---------------------------------------
2026-09-09T13:45:27.3912501Z To get started with the Android SDK Preview, you must agree to the following terms and conditions. As described below, please note that this is a preview version of the Android SDK, subject to change, that you use at your own risk. The Android SDK Preview is not a stable release, and may contain errors and defects that can result in serious damage to your computer systems, devices and data.
2026-09-09T13:45:27.3913826Z 
2026-09-09T13:45:27.3914036Z This is the Android SDK Preview License Agreement (the "License Agreement").
2026-09-09T13:45:27.3914347Z 
2026-09-09T13:45:27.3914430Z 1. Introduction
2026-09-09T13:45:27.3914553Z 
2026-09-09T13:45:27.3916329Z 1.1 The Android SDK Preview (referred to in the License Agreement as the “Preview” and specifically including the Android system files, packaged APIs, and Preview library files, if and when they are made available) is licensed to you subject to the terms of the License Agreement. The License Agreement forms a legally binding contract between you and Google in relation to your use of the Preview.
2026-09-09T13:45:27.3917685Z 
2026-09-09T13:45:27.3918478Z 1.2 "Android" means the Android software stack for devices, as made available under the Android Open Source Project, which is located at the following URL: http://source.android.com/, as updated from time to time.
2026-09-09T13:45:27.3919233Z 
2026-09-09T13:45:27.3919725Z 1.3 "Google" means Google Inc., a Delaware corporation with principal place of business at 1600 Amphitheatre Parkway, Mountain View, CA 94043, United States.
2026-09-09T13:45:27.3920303Z 
2026-09-09T13:45:27.3920406Z 2. Accepting the License Agreement
2026-09-09T13:45:27.3920584Z 
2026-09-09T13:45:27.3921017Z 2.1 In order to use the Preview, you must first agree to the License Agreement. You may not use the Preview if you do not accept the License Agreement.
2026-09-09T13:45:27.3921551Z 
2026-09-09T13:45:27.3921852Z 2.2 By clicking to accept and/or using the Preview, you hereby agree to the terms of the License Agreement.
2026-09-09T13:45:27.3922244Z 
2026-09-09T13:45:27.3923060Z 2.3 You may not use the Preview and may not accept the License Agreement if you are a person barred from receiving the Preview under the laws of the United States or other countries including the country in which you are resident or from which you use the Preview.
2026-09-09T13:45:27.3923967Z 
2026-09-09T13:45:27.3925369Z 2.4 If you will use the Preview internally within your company or organization you agree to be bound by the License Agreement on behalf of your employer or other entity, and you represent and warrant that you have full legal authority to bind your employer or such entity to the License Agreement. If you do not have the requisite authority, you may not accept the License Agreement or use the Preview on behalf of your employer or other entity.
2026-09-09T13:45:27.3926979Z 
2026-09-09T13:45:27.3927085Z 3. Preview License from Google
2026-09-09T13:45:27.3927246Z 
2026-09-09T13:45:27.3928261Z 3.1 Subject to the terms of the License Agreement, Google grants you a royalty-free, non-assignable, non-exclusive, non-sublicensable, limited, revocable license to use the Preview, personally or internally within your company or organization, solely to develop applications to run on the Android platform.
2026-09-09T13:45:27.3929471Z 
2026-09-09T13:45:27.3930755Z 3.2 You agree that Google or third parties owns all legal right, title and interest in and to the Preview, including any Intellectual Property Rights that subsist in the Preview. "Intellectual Property Rights" means any and all rights under patent law, copyright law, trade secret law, trademark law, and any and all other proprietary rights. Google reserves all rights not expressly granted to you.
2026-09-09T13:45:27.3932130Z 
2026-09-09T13:45:27.3934054Z 3.3 You may not use the Preview for any purpose not expressly permitted by the License Agreement. Except to the extent required by applicable third party licenses, you may not: (a) copy (except for backup purposes), modify, adapt, redistribute, decompile, reverse engineer, disassemble, or create derivative works of the Preview or any part of the Preview; or (b) load any part of the Preview onto a mobile handset or any other hardware device except a personal computer, combine any part of the Preview with other software, or distribute any software or device incorporating a part of the Preview.
2026-09-09T13:45:27.3936181Z 
2026-09-09T13:45:27.3936979Z 3.4 You agree that you will not take any actions that may cause or result in the fragmentation of Android, including but not limited to distributing, participating in the creation of, or promoting in any way a software development kit derived from the Preview.
2026-09-09T13:45:27.3937874Z 
2026-09-09T13:45:27.3939363Z 3.5 Use, reproduction and distribution of components of the Preview licensed under an open source software license are governed solely by the terms of that open source software license and not the License Agreement. You agree to remain a licensee in good standing in regard to such open source software licenses under all the rights granted and to refrain from any actions that may terminate, suspend, or breach such rights.
2026-09-09T13:45:27.3940801Z 
2026-09-09T13:45:27.3942220Z 3.6 You agree that the form and nature of the Preview that Google provides may change without prior notice to you and that future versions of the Preview may be incompatible with applications developed on previous versions of the Preview. You agree that Google may stop (permanently or temporarily) providing the Preview (or any features within the Preview) to you or to users generally at Google's sole discretion, without prior notice to you.
2026-09-09T13:45:27.3943723Z 
2026-09-09T13:45:27.3944245Z 3.7 Nothing in the License Agreement gives you a right to use any of Google's trade names, trademarks, service marks, logos, domain names, or other distinctive brand features.
2026-09-09T13:45:27.3944862Z 
2026-09-09T13:45:27.3945444Z 3.8 You agree that you will not remove, obscure, or alter any proprietary rights notices (including copyright and trademark notices) that may be affixed to or contained within the Preview.
2026-09-09T13:45:27.3946241Z 
2026-09-09T13:45:27.3946348Z 4. Use of the Preview by You
2026-09-09T13:45:27.3946505Z 
2026-09-09T13:45:27.3947476Z 4.1 Google agrees that nothing in the License Agreement gives Google any right, title or interest from you (or your licensors) under the License Agreement in or to any software applications that you develop using the Preview, including any intellectual property rights that subsist in those applications.
2026-09-09T13:45:27.3948532Z 
2026-09-09T13:45:27.3949668Z 4.2 You agree to use the Preview and write applications only for purposes that are permitted by (a) the License Agreement, and (b) any applicable law, regulation or generally accepted practices or guidelines in the relevant jurisdictions (including any laws regarding the export of data or software to and from the United States or other relevant countries).
2026-09-09T13:45:27.3950893Z 
2026-09-09T13:45:27.3953282Z 4.3 You agree that if you use the Preview to develop applications, you will protect the privacy and legal rights of users. If users provide you with user names, passwords, or other login information or personal information, you must make the users aware that the information will be available to your application, and you must provide legally adequate privacy notice and protection for those users. If your application stores personal or sensitive information provided by users, it must do so securely. If users provide you with Google Account information, your application may only use that information to access the user's Google Account when, and for the limited purposes for which, each user has given you permission to do so.
2026-09-09T13:45:27.3956401Z 
2026-09-09T13:45:27.3957359Z 4.4 You agree that you will not engage in any activity with the Preview, including the development or distribution of an application, that interferes with, disrupts, damages, or accesses in an unauthorized manner the servers, networks, or other properties or services of Google or any third party.
2026-09-09T13:45:27.3958388Z 
2026-09-09T13:45:27.3959500Z 4.5 You agree that you are solely responsible for (and that Google has no responsibility to you or to any third party for) any data, content, or resources that you create, transmit or display through Android and/or applications for Android, and for the consequences of your actions (including any loss or damage which Google may suffer) by doing so.
2026-09-09T13:45:27.3960682Z 
2026-09-09T13:45:27.3961928Z 4.6 You agree that you are solely responsible for (and that Google has no responsibility to you or to any third party for) any breach of your obligations under the License Agreement, any applicable third party contract or Terms of Service, or any applicable law or regulation, and for the consequences (including any loss or damage which Google or any third party may suffer) of any such breach.
2026-09-09T13:45:27.3963259Z 
2026-09-09T13:45:27.3965298Z 4.7 The Preview is in development, and your testing and feedback are an important part of the development process. By using the Preview, you acknowledge that implementation of some features are still under development and that you should not rely on the Preview having the full functionality of a stable release. You agree not to publicly distribute or ship any application using this Preview as this Preview will no longer be supported after the official Android SDK is released.
2026-09-09T13:45:27.3968551Z 
2026-09-09T13:45:27.3968682Z 5. Your Developer Credentials
2026-09-09T13:45:27.3968877Z 
2026-09-09T13:45:27.3969780Z 5.1 You agree that you are responsible for maintaining the confidentiality of any developer credentials that may be issued to you by Google or which you may choose yourself and that you will be solely responsible for all applications that are developed under your developer credentials.
2026-09-09T13:45:27.3970775Z 
2026-09-09T13:45:27.3970878Z 6. Privacy and Information
2026-09-09T13:45:27.3971027Z 
2026-09-09T13:45:27.3972623Z 6.1 In order to continually innovate and improve the Preview, Google may collect certain usage statistics from the software including but not limited to a unique identifier, associated IP address, version number of the software, and information on which tools and/or services in the Preview are being used and how they are being used. Before any of this information is collected, the Preview will notify you and seek your consent. If you withhold consent, the information will not be collected.
2026-09-09T13:45:27.3974291Z 
2026-09-09T13:45:27.3974945Z 6.2 The data collected is examined in the aggregate to improve the Preview and is maintained in accordance with Google's Privacy Policy located at http://www.google.com/policies/privacy/.
2026-09-09T13:45:27.3975619Z 
2026-09-09T13:45:27.3975725Z 7. Third Party Applications
2026-09-09T13:45:27.3976129Z 
2026-09-09T13:45:27.3978155Z 7.1 If you use the Preview to run applications developed by a third party or that access data, content or resources provided by a third party, you agree that Google is not responsible for those applications, data, content, or resources. You understand that all data, content or resources which you may access through such third party applications are the sole responsibility of the person from which they originated and that Google is not liable for any loss or damage that you may experience as a result of the use or access of any of those third party applications, data, content, or resources.
2026-09-09T13:45:27.3980321Z 
2026-09-09T13:45:27.3981897Z 7.2 You should be aware the data, content, and resources presented to you through such a third party application may be protected by intellectual property rights which are owned by the providers (or by other persons or companies on their behalf). You may not modify, rent, lease, loan, sell, distribute or create derivative works based on these data, content, or resources (either in whole or in part) unless you have been specifically given permission to do so by the relevant owners.
2026-09-09T13:45:27.3983530Z 
2026-09-09T13:45:27.3984060Z 7.3 You acknowledge that your use of such third party applications, data, content, or resources may be subject to separate terms between you and the relevant third party.
2026-09-09T13:45:27.3984671Z 
2026-09-09T13:45:27.3984766Z 8. Using Google APIs
2026-09-09T13:45:27.3984910Z 
2026-09-09T13:45:27.3984993Z 8.1 Google APIs
2026-09-09T13:45:27.3985122Z 
2026-09-09T13:45:27.3986999Z 8.1.1 If you use any API to retrieve data from Google, you acknowledge that the data may be protected by intellectual property rights which are owned by Google or those parties that provide the data (or by other persons or companies on their behalf). Your use of any such API may be subject to additional Terms of Service. You may not modify, rent, lease, loan, sell, distribute or create derivative works based on this data (either in whole or in part) unless allowed by the relevant Terms of Service.
2026-09-09T13:45:27.3988682Z 
2026-09-09T13:45:27.3989625Z 8.1.2 If you use any API to retrieve a user's data from Google, you acknowledge and agree that you shall retrieve data only with the user's explicit consent and only when, and for the limited purposes for which, the user has given you permission to do so.
2026-09-09T13:45:27.3990497Z 
2026-09-09T13:45:27.3990605Z 9. Terminating the License Agreement
2026-09-09T13:45:27.3990788Z 
2026-09-09T13:45:27.3991098Z 9.1 the License Agreement will continue to apply until terminated by either you or Google as set out below.
2026-09-09T13:45:27.3991513Z 
2026-09-09T13:45:27.3992092Z 9.2 If you want to terminate the License Agreement, you may do so by ceasing your use of the Preview and any relevant developer credentials.
2026-09-09T13:45:27.3992590Z 
2026-09-09T13:45:27.3992880Z 9.3 Google may at any time, terminate the License Agreement, with or without cause, upon notice to you.
2026-09-09T13:45:27.3993267Z 
2026-09-09T13:45:27.3994318Z 9.4 The License Agreement will automatically terminate without notice or other action upon the earlier of: (A) when Google ceases to provide the Preview or certain parts of the Preview to users in the country in which you are resident or from which you use the service; and (B) Google issues a final release version of the Android SDK.
2026-09-09T13:45:27.3995453Z 
2026-09-09T13:45:27.3996442Z 9.5 When the License Agreement is terminated, the license granted to you in the License Agreement will terminate, you will immediately cease all use of the Preview, and the provisions of paragraphs 10, 11, 12 and 14 shall survive indefinitely.
2026-09-09T13:45:27.3997290Z 
2026-09-09T13:45:27.3997381Z 10. DISCLAIMERS
2026-09-09T13:45:27.3997502Z 
2026-09-09T13:45:27.3998073Z 10.1 YOU EXPRESSLY UNDERSTAND AND AGREE THAT YOUR USE OF THE PREVIEW IS AT YOUR SOLE RISK AND THAT THE PREVIEW IS PROVIDED "AS IS" AND "AS AVAILABLE" WITHOUT WARRANTY OF ANY KIND FROM GOOGLE.
2026-09-09T13:45:27.3998721Z 
2026-09-09T13:45:27.4000510Z 10.2 YOUR USE OF THE PREVIEW AND ANY MATERIAL DOWNLOADED OR OTHERWISE OBTAINED THROUGH THE USE OF THE PREVIEW IS AT YOUR OWN DISCRETION AND RISK AND YOU ARE SOLELY RESPONSIBLE FOR ANY DAMAGE TO YOUR COMPUTER SYSTEM OR OTHER DEVICE OR LOSS OF DATA THAT RESULTS FROM SUCH USE. WITHOUT LIMITING THE FOREGOING, YOU UNDERSTAND THAT THE PREVIEW IS NOT A STABLE RELEASE AND MAY CONTAIN ERRORS, DEFECTS AND SECURITY VULNERABILITIES THAT CAN RESULT IN SIGNIFICANT DAMAGE, INCLUDING THE COMPLETE, IRRECOVERABLE LOSS OF USE OF YOUR COMPUTER SYSTEM OR OTHER DEVICE.
2026-09-09T13:45:27.4002547Z 
2026-09-09T13:45:27.4003354Z 10.3 GOOGLE FURTHER EXPRESSLY DISCLAIMS ALL WARRANTIES AND CONDITIONS OF ANY KIND, WHETHER EXPRESS OR IMPLIED, INCLUDING, BUT NOT LIMITED TO THE IMPLIED WARRANTIES AND CONDITIONS OF MERCHANTABILITY, FITNESS FOR A PARTICULAR PURPOSE AND NON-INFRINGEMENT.
2026-09-09T13:45:27.4004291Z 
2026-09-09T13:45:27.4004394Z 11. LIMITATION OF LIABILITY
2026-09-09T13:45:27.4004547Z 
2026-09-09T13:45:27.4006237Z 11.1 YOU EXPRESSLY UNDERSTAND AND AGREE THAT GOOGLE, ITS SUBSIDIARIES AND AFFILIATES, AND ITS LICENSORS SHALL NOT BE LIABLE TO YOU UNDER ANY THEORY OF LIABILITY FOR ANY DIRECT, INDIRECT, INCIDENTAL, SPECIAL, CONSEQUENTIAL OR EXEMPLARY DAMAGES THAT MAY BE INCURRED BY YOU, INCLUDING ANY LOSS OF DATA, WHETHER OR NOT GOOGLE OR ITS REPRESENTATIVES HAVE BEEN ADVISED OF OR SHOULD HAVE BEEN AWARE OF THE POSSIBILITY OF ANY SUCH LOSSES ARISING.
2026-09-09T13:45:27.4007791Z 
2026-09-09T13:45:27.4007892Z 12. Indemnification
2026-09-09T13:45:27.4008025Z 
2026-09-09T13:45:27.4010772Z 12.1 To the maximum extent permitted by law, you agree to defend, indemnify and hold harmless Google, its affiliates and their respective directors, officers, employees and agents from and against any and all claims, actions, suits or proceedings, as well as any and all losses, liabilities, damages, costs and expenses (including reasonable attorneys’ fees) arising out of or accruing from (a) your use of the Preview, (b) any application you develop on the Preview that infringes any Intellectual Property Rights of any person or defames any person or violates their rights of publicity or privacy, and (c) any non-compliance by you of the License Agreement.
2026-09-09T13:45:27.4013005Z 
2026-09-09T13:45:27.4013266Z 13. Changes to the License Agreement
2026-09-09T13:45:27.4013457Z 
2026-09-09T13:45:27.4014262Z 13.1 Google may make changes to the License Agreement as it distributes new versions of the Preview. When these changes are made, Google will make a new version of the License Agreement available on the website where the Preview is made available.
2026-09-09T13:45:27.4015118Z 
2026-09-09T13:45:27.4015218Z 14. General Legal Terms
2026-09-09T13:45:27.4015356Z 
2026-09-09T13:45:27.4016751Z 14.1 the License Agreement constitutes the whole legal agreement between you and Google and governs your use of the Preview (excluding any services which Google may provide to you under a separate written agreement), and completely replaces any prior agreements between you and Google in relation to the Preview.
2026-09-09T13:45:27.4017870Z 
2026-09-09T13:45:27.4018872Z 14.2 You agree that if Google does not exercise or enforce any legal right or remedy which is contained in the License Agreement (or which Google has the benefit of under any applicable law), this will not be taken to be a formal waiver of Google's rights and that those rights or remedies will still be available to Google.
2026-09-09T13:45:27.4019957Z 
2026-09-09T13:45:27.4021042Z 14.3 If any court of law, having the jurisdiction to decide on this matter, rules that any provision of the License Agreement is invalid, then that provision will be removed from the License Agreement without affecting the rest of the License Agreement. The remaining provisions of the License Agreement will continue to be valid and enforceable.
2026-09-09T13:45:27.4022212Z 
2026-09-09T13:45:27.4023635Z 14.4 You acknowledge and agree that each member of the group of companies of which Google is the parent shall be third party beneficiaries to the License Agreement and that such other companies shall be entitled to directly enforce, and rely upon, any provision of the License Agreement that confers a benefit on (or rights in favor of) them. Other than this, no other person or company shall be third party beneficiaries to the License Agreement.
2026-09-09T13:45:27.4025331Z 
2026-09-09T13:45:27.4026420Z 14.5 EXPORT RESTRICTIONS. THE PREVIEW IS SUBJECT TO UNITED STATES EXPORT LAWS AND REGULATIONS. YOU MUST COMPLY WITH ALL DOMESTIC AND INTERNATIONAL EXPORT LAWS AND REGULATIONS THAT APPLY TO THE PREVIEW. THESE LAWS INCLUDE RESTRICTIONS ON DESTINATIONS, END USERS AND END USE.
2026-09-09T13:45:27.4027381Z 
2026-09-09T13:45:27.4028384Z 14.6 The License Agreement may not be assigned or transferred by you without the prior written approval of Google, and any attempted assignment without such approval will be void. You shall not delegate your responsibilities or obligations under the License Agreement without the prior written approval of Google.
2026-09-09T13:45:27.4029465Z 
2026-09-09T13:45:27.4031263Z 14.7 The License Agreement, and your relationship with Google under the License Agreement, shall be governed by the laws of the State of California without regard to its conflict of laws provisions. You and Google agree to submit to the exclusive jurisdiction of the courts located within the county of Santa Clara, California to resolve any legal matter arising from the License Agreement. Notwithstanding this, you agree that Google shall still be allowed to apply for injunctive remedies (or an equivalent type of urgent legal relief) in any jurisdiction.
2026-09-09T13:45:27.4033146Z 
2026-09-09T13:45:27.4033231Z June 2014.
2026-09-09T13:45:27.4033435Z ---------------------------------------
2026-09-09T13:45:27.4033700Z Accept? (y/N): 
2026-09-09T13:45:27.4033929Z 5/6: License google-gdk-license:
2026-09-09T13:45:27.4034190Z ---------------------------------------
2026-09-09T13:45:27.4034529Z This is a Developer Preview of the GDK that is subject to change.
2026-09-09T13:45:27.4034800Z 
2026-09-09T13:45:27.4034888Z Terms and Conditions
2026-09-09T13:45:27.4035027Z 
2026-09-09T13:45:27.4035166Z This is the Glass Development Kit License Agreement.
2026-09-09T13:45:27.4035392Z 
2026-09-09T13:45:27.4035648Z 1. Introduction
2026-09-09T13:45:27.4035768Z 
2026-09-09T13:45:27.4037324Z 1.1 The Glass Development Kit (referred to in this License Agreement as the "GDK" and specifically including the Android system files, packaged APIs, and GDK library files, if and when they are made available) is licensed to you subject to the terms of this License Agreement. This License Agreement forms a legally binding contract between you and Google in relation to your use of the GDK.
2026-09-09T13:45:27.4038671Z 
2026-09-09T13:45:27.4038901Z 1.2 "Glass" means Glass devices and the Glass software stack for use on Glass devices.
2026-09-09T13:45:27.4039237Z 
2026-09-09T13:45:27.4039241Z 
2026-09-09T13:45:27.4039904Z 1.3 "Android" means the Android software stack for devices, as made available under the Android Open Source Project, which is located at the following URL: http://source.android.com/, as updated from time to time.
2026-09-09T13:45:27.4040643Z 
2026-09-09T13:45:27.4041132Z 1.4 "Google" means Google Inc., a Delaware corporation with principal place of business at 1600 Amphitheatre Parkway, Mountain View, CA 94043, United States.
2026-09-09T13:45:27.4041718Z 
2026-09-09T13:45:27.4041826Z 2. Accepting this License Agreement
2026-09-09T13:45:27.4042009Z 
2026-09-09T13:45:27.4042419Z 2.1 In order to use the GDK, you must first agree to this License Agreement. You may not use the GDK if you do not accept this License Agreement.
2026-09-09T13:45:27.4042966Z 
2026-09-09T13:45:27.4043196Z 2.2 By clicking to accept, you hereby agree to the terms of this License Agreement.
2026-09-09T13:45:27.4043514Z 
2026-09-09T13:45:27.4044279Z 2.3 You may not use the GDK and may not accept the License Agreement if you are a person barred from receiving the GDK under the laws of the United States or other countries including the country in which you are resident or from which you use the GDK.
2026-09-09T13:45:27.4045130Z 
2026-09-09T13:45:27.4046554Z 2.4 If you are agreeing to be bound by this License Agreement on behalf of your employer or other entity, you represent and warrant that you have full legal authority to bind your employer or such entity to this License Agreement. If you do not have the requisite authority, you may not accept the License Agreement or use the GDK on behalf of your employer or other entity.
2026-09-09T13:45:27.4047985Z 
2026-09-09T13:45:27.4048089Z 3. GDK License from Google
2026-09-09T13:45:27.4048253Z 
2026-09-09T13:45:27.4049024Z 3.1 Subject to the terms of this License Agreement, Google grants you a limited, worldwide, royalty-free, non-assignable and non-exclusive license to use the GDK solely to develop applications to run on the Glass platform for Glass devices.
2026-09-09T13:45:27.4049869Z 
2026-09-09T13:45:27.4051116Z 3.2 You agree that Google or third parties own all legal right, title and interest in and to the GDK, including any Intellectual Property Rights that subsist in the GDK. "Intellectual Property Rights" means any and all rights under patent law, copyright law, trade secret law, trademark law, and any and all other proprietary rights. Google reserves all rights not expressly granted to you.
2026-09-09T13:45:27.4052447Z 
2026-09-09T13:45:27.4054444Z 3.3 You may not use the GDK for any purpose not expressly permitted by this License Agreement. Except to the extent required by applicable third party licenses, you may not: (a) copy (except for backup purposes), modify, adapt, redistribute, decompile, reverse engineer, disassemble, or create derivative works of the GDK or any part of the GDK; or (b) load any part of the GDK onto a mobile handset or wearable computing device or any other hardware device except a Glass device personal computer, combine any part of the GDK with other software, or distribute any software or device incorporating a part of the GDK.
2026-09-09T13:45:27.4056746Z 
2026-09-09T13:45:27.4057662Z 3.4 You agree that you will not take any actions that may cause or result in the fragmentation of Glass, including but not limited to distributing, participating in the creation of, or promoting in any way a software development kit derived from the GDK.
2026-09-09T13:45:27.4058709Z 
2026-09-09T13:45:27.4059358Z 3.5 Use, reproduction and distribution of components of the GDK licensed under an open source software license are governed solely by the terms of that open source software license and not this License Agreement.
2026-09-09T13:45:27.4060103Z 
2026-09-09T13:45:27.4061714Z 3.6 You agree that the form and nature of the GDK that Google provides may change without prior notice to you and that future versions of the GDK may be incompatible with applications developed on previous versions of the GDK. You agree that Google may stop (permanently or temporarily) providing the GDK (or any features within the GDK) to you or to users generally at Google's sole discretion, without prior notice to you.
2026-09-09T13:45:27.4063269Z 
2026-09-09T13:45:27.4063812Z 3.7 Nothing in this License Agreement gives you a right to use any of Google's trade names, trademarks, service marks, logos, domain names, or other distinctive brand features.
2026-09-09T13:45:27.4064443Z 
2026-09-09T13:45:27.4065000Z 3.8 You agree that you will not remove, obscure, or alter any proprietary rights notices (including copyright and trademark notices) that may be affixed to or contained within the GDK.
2026-09-09T13:45:27.4065661Z 
2026-09-09T13:45:27.4065665Z 
2026-09-09T13:45:27.4067166Z 3.9 Your use of any Android system files, packaged APIs, or other components of the GDK which are part of the Android Software Development Kit is subject to the terms of the Android Software Development Kit License Agreement located at http://developer.android.com/sdk/terms.html. These terms are hereby incorporated by reference into this License Agreement.
2026-09-09T13:45:27.4068667Z 
2026-09-09T13:45:27.4068778Z 4. Use of the GDK by You
2026-09-09T13:45:27.4069040Z 
2026-09-09T13:45:27.4070243Z 4.1 Google agrees that it obtains no right, title or interest from you (or your licensors) under this License Agreement in or to any software applications that you develop using the GDK, including any intellectual property rights that subsist in those applications.
2026-09-09T13:45:27.4071364Z 
2026-09-09T13:45:27.4073335Z 4.2 You agree to use the GDK and write applications only for purposes that are permitted by (a) this License Agreement, (b) the Glass Platform Developer Policies (located at https://developers.google.com/glass/policies, and hereby incorporated into this License Agreement by reference), and (c) any applicable law, regulation or generally accepted practices or guidelines in the relevant jurisdictions (including any laws regarding the export of data or software to and from the United States or other relevant countries).
2026-09-09T13:45:27.4075428Z 
2026-09-09T13:45:27.4078356Z 4.3 You agree that if you use the GDK to develop applications for general public users, you will protect the privacy and legal rights of those users. If the users provide you with user names, passwords, or other login information or personal information, you must make the users aware that the information will be available to your application, and you must provide legally adequate privacy notice and protection for those users. If your application stores personal or sensitive information provided by users, it must do so securely. If the user provides your application with Google Account information, your application may only use that information to access the user's Google Account when, and for the limited purposes for which, the user has given you permission to do so.
2026-09-09T13:45:27.4080983Z 
2026-09-09T13:45:27.4081999Z 4.4 You agree that you will not engage in any activity with the GDK, including the development or distribution of an application, that interferes with, disrupts, damages, or accesses in an unauthorized manner the servers, networks, or other properties or services of any third party including, but not limited to, Google.
2026-09-09T13:45:27.4083124Z 
2026-09-09T13:45:27.4084571Z 4.5 You agree that you are solely responsible for (and that Google has no responsibility to you or to any third party for) any data, content, or resources that you create, transmit or display through Glass and/or applications for Glass, and for the consequences of your actions (including any loss or damage which Google may suffer) by doing so.
2026-09-09T13:45:27.4085773Z 
2026-09-09T13:45:27.4087438Z 4.6 You agree that you are solely responsible for (and that Google has no responsibility to you or to any third party for) any breach of your obligations under this License Agreement, any applicable third party contract or Terms of Service, or any applicable law or regulation, and for the consequences (including any loss or damage which Google or any third party may suffer) of any such breach.
2026-09-09T13:45:27.4088792Z 
2026-09-09T13:45:27.4088798Z 
2026-09-09T13:45:27.4090448Z 4.7 The GDK is in development, and your testing and feedback are an important part of the development process. By using the GDK, you acknowledge that implementation of some features are still under development and that you should not rely on the GDK, Glass devices, Glass system software, Google Mirror API, or Glass services having the full functionality of a stable release.
2026-09-09T13:45:27.4091812Z 
2026-09-09T13:45:27.4091925Z 5. Your Developer Credentials
2026-09-09T13:45:27.4092100Z 
2026-09-09T13:45:27.4092997Z 5.1 You agree that you are responsible for maintaining the confidentiality of any developer credentials that may be issued to you by Google or which you may choose yourself and that you will be solely responsible for all applications that are developed under your developer credentials.
2026-09-09T13:45:27.4093992Z 
2026-09-09T13:45:27.4094093Z 6. Privacy and Information
2026-09-09T13:45:27.4094244Z 
2026-09-09T13:45:27.4094249Z 
2026-09-09T13:45:27.4095781Z 6.1 In order to continually innovate and improve the GDK, Google may collect certain usage statistics from the software including but not limited to a unique identifier, associated IP address, version number of the software, and information on which tools and/or services in the GDK are being used and how they are being used. Before any of this information is collected, the GDK will notify you and seek your consent. If you withhold consent, the information will not be collected.
2026-09-09T13:45:27.4097810Z 
2026-09-09T13:45:27.4098201Z 6.2 The data collected is examined in the aggregate to improve the GDK and is maintained in accordance with Google's Privacy Policy.
2026-09-09T13:45:27.4098686Z 
2026-09-09T13:45:27.4098791Z 7. Third Party Applications
2026-09-09T13:45:27.4098945Z 
2026-09-09T13:45:27.4100838Z 7.1 If you use the GDK to run applications developed by a third party or that access data, content or resources provided by a third party, you agree that Google is not responsible for those applications, data, content, or resources. You understand that all data, content or resources which you may access through such third party applications are the sole responsibility of the person from which they originated and that Google is not liable for any loss or damage that you may experience as a result of the use or access of any of those third party applications, data, content, or resources.
2026-09-09T13:45:27.4103465Z 
2026-09-09T13:45:27.4106283Z 7.2 You should be aware the data, content, and resources presented to you through such a third party application may be protected by intellectual property rights which are owned by the providers (or by other persons or companies on their behalf). You may not modify, rent, lease, loan, sell, distribute or create derivative works based on these data, content, or resources (either in whole or in part) unless you have been specifically given permission to do so by the relevant owners.
2026-09-09T13:45:27.4108204Z 
2026-09-09T13:45:27.4109086Z 7.3 You acknowledge that your use of such third party applications, data, content, or resources may be subject to separate terms between you and the relevant third party. In that case, this License Agreement does not affect your legal relationship with these third parties.
2026-09-09T13:45:27.4110223Z 
2026-09-09T13:45:27.4110328Z 8. Using Google APIs
2026-09-09T13:45:27.4110474Z 
2026-09-09T13:45:27.4110561Z 8.1 Google APIs
2026-09-09T13:45:27.4110689Z 
2026-09-09T13:45:27.4112261Z 8.1.1 If you use any API to retrieve data from Google, you acknowledge that the data may be protected by intellectual property rights which are owned by Google or those parties that provide the data (or by other persons or companies on their behalf). Your use of any such API may be subject to additional Terms of Service. You may not modify, rent, lease, loan, sell, distribute or create derivative works based on this data (either in whole or in part) unless allowed by the relevant Terms of Service.
2026-09-09T13:45:27.4113939Z 
2026-09-09T13:45:27.4114728Z 8.1.2 If you use any API to retrieve a user's data from Google, you acknowledge and agree that you shall retrieve data only with the user's explicit consent and only when, and for the limited purposes for which, the user has given you permission to do so.
2026-09-09T13:45:27.4115602Z 
2026-09-09T13:45:27.4115712Z 9. Terminating this License Agreement
2026-09-09T13:45:27.4116181Z 
2026-09-09T13:45:27.4116647Z 9.1 This License Agreement will continue to apply until terminated by either you or Google as set out below.
2026-09-09T13:45:27.4117071Z 
2026-09-09T13:45:27.4117470Z 9.2 If you want to terminate this License Agreement, you may do so by ceasing your use of the GDK and any relevant developer credentials.
2026-09-09T13:45:27.4117950Z 
2026-09-09T13:45:27.4119988Z 9.3 Google may at any time, terminate this License Agreement with you if: (A) you have breached any provision of this License Agreement; or (B) Google is required to do so by law; or (C) the partner with whom Google offered certain parts of GDK (such as APIs) to you has terminated its relationship with Google or ceased to offer certain parts of the GDK to you; or (D) Google decides to no longer provide the GDK or certain parts of the GDK to users in the country in which you are resident or from which you use the service, or the provision of the GDK or certain GDK services to you by Google is, in Google's sole discretion, no longer commercially viable.
2026-09-09T13:45:27.4122224Z 
2026-09-09T13:45:27.4123645Z 9.4 When this License Agreement comes to an end, all of the legal rights, obligations and liabilities that you and Google have benefited from, been subject to (or which have accrued over time whilst this License Agreement has been in force) or which are expressed to continue indefinitely, shall be unaffected by this cessation, and the provisions of paragraph 14.7 shall continue to apply to such rights, obligations and liabilities indefinitely.
2026-09-09T13:45:27.4125137Z 
2026-09-09T13:45:27.4125242Z 10. DISCLAIMER OF WARRANTIES
2026-09-09T13:45:27.4125406Z 
2026-09-09T13:45:27.4126085Z 10.1 YOU EXPRESSLY UNDERSTAND AND AGREE THAT YOUR USE OF THE GDK IS AT YOUR SOLE RISK AND THAT THE GDK IS PROVIDED "AS IS" AND "AS AVAILABLE" WITHOUT WARRANTY OF ANY KIND FROM GOOGLE.
2026-09-09T13:45:27.4126729Z 
2026-09-09T13:45:27.4127545Z 10.2 YOUR USE OF THE GDK AND ANY MATERIAL DOWNLOADED OR OTHERWISE OBTAINED THROUGH THE USE OF THE GDK IS AT YOUR OWN DISCRETION AND RISK AND YOU ARE SOLELY RESPONSIBLE FOR ANY DAMAGE TO YOUR COMPUTER SYSTEM OR OTHER DEVICE OR LOSS OF DATA THAT RESULTS FROM SUCH USE.
2026-09-09T13:45:27.4128439Z 
2026-09-09T13:45:27.4129250Z 10.3 GOOGLE FURTHER EXPRESSLY DISCLAIMS ALL WARRANTIES AND CONDITIONS OF ANY KIND, WHETHER EXPRESS OR IMPLIED, INCLUDING, BUT NOT LIMITED TO THE IMPLIED WARRANTIES AND CONDITIONS OF MERCHANTABILITY, FITNESS FOR A PARTICULAR PURPOSE AND NON-INFRINGEMENT.
2026-09-09T13:45:27.4130146Z 
2026-09-09T13:45:27.4130241Z 11. LIMITATION OF LIABILITY
2026-09-09T13:45:27.4130399Z 
2026-09-09T13:45:27.4131925Z 11.1 YOU EXPRESSLY UNDERSTAND AND AGREE THAT GOOGLE, ITS SUBSIDIARIES AND AFFILIATES, AND ITS LICENSORS SHALL NOT BE LIABLE TO YOU UNDER ANY THEORY OF LIABILITY FOR ANY DIRECT, INDIRECT, INCIDENTAL, SPECIAL, CONSEQUENTIAL OR EXEMPLARY DAMAGES THAT MAY BE INCURRED BY YOU, INCLUDING ANY LOSS OF DATA, WHETHER OR NOT GOOGLE OR ITS REPRESENTATIVES HAVE BEEN ADVISED OF OR SHOULD HAVE BEEN AWARE OF THE POSSIBILITY OF ANY SUCH LOSSES ARISING.
2026-09-09T13:45:27.4133410Z 
2026-09-09T13:45:27.4133500Z 12. Indemnification
2026-09-09T13:45:27.4133640Z 
2026-09-09T13:45:27.4136098Z 12.1 To the maximum extent permitted by law, you agree to defend, indemnify and hold harmless Google, its affiliates and their respective directors, officers, employees and agents from and against any and all claims, actions, suits or proceedings, as well as any and all losses, liabilities, damages, costs and expenses (including reasonable attorneys fees) arising out of or accruing from (a) your use of the GDK, (b) any application you develop on the GDK that infringes any copyright, trademark, trade secret, trade dress, patent or other intellectual property right of any person or defames any person or violates their rights of publicity or privacy, and (c) any non-compliance by you with this License Agreement.
2026-09-09T13:45:27.4138473Z 
2026-09-09T13:45:27.4138582Z 13. Changes to the License Agreement
2026-09-09T13:45:27.4138764Z 
2026-09-09T13:45:27.4139483Z 13.1 Google may make changes to the License Agreement as it distributes new versions of the GDK. When these changes are made, Google will make a new version of the License Agreement available on the website where the GDK is made available.
2026-09-09T13:45:27.4140305Z 
2026-09-09T13:45:27.4140394Z 14. General Legal Terms
2026-09-09T13:45:27.4140535Z 
2026-09-09T13:45:27.4141495Z 14.1 This License Agreement constitutes the whole legal agreement between you and Google and governs your use of the GDK (excluding any services which Google may provide to you under a separate written agreement), and completely replaces any prior agreements between you and Google in relation to the GDK.
2026-09-09T13:45:27.4142541Z 
2026-09-09T13:45:27.4143542Z 14.2 You agree that if Google does not exercise or enforce any legal right or remedy which is contained in this License Agreement (or which Google has the benefit of under any applicable law), this will not be taken to be a formal waiver of Google's rights and that those rights or remedies will still be available to Google.
2026-09-09T13:45:27.4144759Z 
2026-09-09T13:45:27.4146103Z 14.3 If any court of law, having the jurisdiction to decide on this matter, rules that any provision of this License Agreement is invalid, then that provision will be removed from this License Agreement without affecting the rest of this License Agreement. The remaining provisions of this License Agreement will continue to be valid and enforceable.
2026-09-09T13:45:27.4147391Z 
2026-09-09T13:45:27.4148827Z 14.4 You acknowledge and agree that each member of the group of companies of which Google is the parent shall be third party beneficiaries to this License Agreement and that such other companies shall be entitled to directly enforce, and rely upon, any provision of this License Agreement that confers a benefit on (or rights in favor of) them. Other than this, no other person or company shall be third party beneficiaries to this License Agreement.
2026-09-09T13:45:27.4150337Z 
2026-09-09T13:45:27.4151160Z 14.5 EXPORT RESTRICTIONS. THE GDK IS SUBJECT TO UNITED STATES EXPORT LAWS AND REGULATIONS. YOU MUST COMPLY WITH ALL DOMESTIC AND INTERNATIONAL EXPORT LAWS AND REGULATIONS THAT APPLY TO THE GDK. THESE LAWS INCLUDE RESTRICTIONS ON DESTINATIONS, END USERS AND END USE.
2026-09-09T13:45:27.4152080Z 
2026-09-09T13:45:27.4153169Z 14.6 The rights granted in this License Agreement may not be assigned or transferred by either you or Google without the prior written approval of the other party. Neither you nor Google shall be permitted to delegate their responsibilities or obligations under this License Agreement without the prior written approval of the other party.
2026-09-09T13:45:27.4154388Z 
2026-09-09T13:45:27.4157431Z 14.7 This License Agreement, and your relationship with Google under this License Agreement, shall be governed by the laws of the State of California without regard to its conflict of laws provisions. You and Google agree to submit to the exclusive jurisdiction of the courts located within the county of Santa Clara, California to resolve any legal matter arising from this License Agreement. Notwithstanding this, you agree that Google shall still be allowed to apply for injunctive remedies (or an equivalent type of urgent legal relief) in any jurisdiction.
2026-09-09T13:45:27.4159366Z 
2026-09-09T13:45:27.4159466Z November 19, 2013
2026-09-09T13:45:27.4159699Z ---------------------------------------
2026-09-09T13:45:27.4159971Z Accept? (y/N): 
2026-09-09T13:45:27.4160215Z 6/6: License mips-android-sysimage-license:
2026-09-09T13:45:27.4160513Z ---------------------------------------
2026-09-09T13:45:27.4162749Z MIPS Technologies, Inc. (“MIPS”) Internal Evaluation License Agreement for MIPS Android™ System Images for Android Software Development Kit (SDK): This Internal Evaluation License Agreement (this "Agreement") is entered into by and between MIPS and you (as an individual developer or a legal entity -- identified below as “Recipient”). MIPS shall make the Evaluation Software available to Recipient as described in accordance with the terms and conditions set forth below.
2026-09-09T13:45:27.4164406Z 
2026-09-09T13:45:27.4166662Z By clicking on the “Accept” button, downloading, installing, or otherwise using the Evaluation Materials (defined below), you agree to be bound by the terms of this Agreement effective as of the date you click “Accept” (the “Effective Date”), and if doing so on behalf of an entity, you represent that you are authorized to bind the entity to the terms and conditions of this Agreement. If you do not agree to be bound by the terms and conditions of this Agreement, do not download, install, or use the Evaluation Materials.
2026-09-09T13:45:27.4168837Z 
2026-09-09T13:45:27.4169030Z 1. DEFINITIONS. These terms shall have the following meanings:
2026-09-09T13:45:27.4169304Z 
2026-09-09T13:45:27.4169925Z 1.1 “MIPS” shall mean MIPS Technologies, Inc., a Delaware corporation having a principal place of business at: 955 East Arques Ave., Sunnyvale, CA 94085
2026-09-09T13:45:27.4170665Z 
2026-09-09T13:45:27.4171239Z 1.2 “Evaluation Software” shall mean MIPS Android™ emulator system images for Android Software Development Kit (SDK), as made available to Recipient.
2026-09-09T13:45:27.4171805Z 
2026-09-09T13:45:27.4172986Z 1.3 “Evaluation Materials" means, collectively, the Evaluation Software (in source and/or object code form) and documentation (including, without limitation, any design documents, specifications, reference manuals, and other related materials) related to the Evaluation Software as made available to Recipient.
2026-09-09T13:45:27.4174070Z 
2026-09-09T13:45:27.4178156Z 1.4 “Open Source Software” means any software that requires (as a condition of use, modification and/or distribution of such software) that such software or other software incorporated into, derived from or distributed with such software (a) be disclosed or distributed in source code form; or (b) be licensed by the user to third parties for the purpose of making and/or distributing derivative works; or (c) be redistributable at no charge. Open Source Software includes, without limitation, software licensed or distributed under any of the following licenses or distribution models, or licenses or distribution models substantially similar to any of the following: (a) GNU’s General Public License (GPL) or Lesser/Library GPL (LGPL), (b) the Artistic License (e.g., PERL), (c) the Mozilla Public License, (d) the Netscape Public License, (e) the Sun Community Source License (SCSL), (f) the Sun Industry Source License (SISL), (g) the Apache Software license and (h) the Common Public License (CPL).
2026-09-09T13:45:27.4181504Z 
2026-09-09T13:45:27.4182778Z 1.5 “Pre-Release Materials” means “alpha” or “beta” designated pre-release features, which may not be fully functional, which MIPS may substantially modify in producing any production version of the Evaluation Materials, and/or which is still under development by MIPS and/or MIPS’ suppliers.
2026-09-09T13:45:27.4184119Z 
2026-09-09T13:45:27.4187825Z 2. PURPOSE. MIPS desires to make the Evaluation Materials available to Recipient solely for Recipient's internal evaluation of the Evaluation Software to evaluate the desirability of cooperating with MIPS in developing products that are compatible with the Evaluation Software and/or to advise MIPS as to possible modifications to the Evaluation Software. Recipient may not disclose, distribute, modify (except to facilitate the above-mentioned internal evaluation), or make commercial use of the Evaluation Materials or any modifications of the Evaluation Materials.
2026-09-09T13:45:27.4191549Z 
2026-09-09T13:45:27.4194242Z THE EVALUATION MATERIALS ARE PROVIDED FOR EVALUATION PURPOSES ONLY AND MAY NOT BE MODIFIED (EXCEPT TO FACILITATE THE INTERNAL EVALUATION) OR DISTRIBUTED BY RECIPIENT OR INCORPORATED INTO RECIPIENT’S PRODUCTS OR SOFTWARE. PLEASE CONTACT A MIPS SALES REPRESENTATIVE TO LEARN ABOUT THE AVAILABILITY AND COST OF A COMMERCIAL VERSION OF THE EVALUATION SOFTWARE.
2026-09-09T13:45:27.4196951Z 
2026-09-09T13:45:27.4198649Z 3. TITLE. Title to the Evaluation Materials remains with MIPS or its suppliers. Recipient shall not mortgage, pledge or encumber the Evaluation Materials in any way. Recipient shall return all Evaluation Materials, keeping no copies, upon termination or expiration of this Agreement.
2026-09-09T13:45:27.4200519Z 
2026-09-09T13:45:27.4206711Z 4. LICENSE. MIPS grants Recipient a royalty-free, personal, nontransferable, nonexclusive license under its copyrights to use the Evaluation Software only for the purposes described in paragraph 2 above and only for a period beginning on the Effective Date and extending to the first anniversary of the Effective Date (the “Evaluation Period”). Unless otherwise communicated in writing by MIPS to Recipient, to the extent the Evaluation Software is provided in more than one delivery or release (each, a “Release”) the license grant in this Section 4 and the Evaluation Period shall apply to each Release, in which case the Evaluation Period shall begin on the date that the Release is made generally available and continue to the first anniversary of such date. Recipient may not make modifications to the Evaluation Software. Recipient shall not disassemble, reverse-engineer, or decompile any software that is not provided to Recipient in source code form.
2026-09-09T13:45:27.4210219Z 
2026-09-09T13:45:27.4210225Z 
2026-09-09T13:45:27.4211333Z EXCEPT AS PROVIDED HEREIN, NO OTHER LICENSE, EXPRESS OR IMPLIED, BY ESTOPPEL OR OTHERWISE, TO ANY OTHER MIPS INTELLECTUAL PROPERTY RIGHTS IS GRANTED TO THE RECIPIENT. OTHER THAN AS EXPLICITLY SET FORTH IN PARAGRAPH 2 ABOVE, NO RIGHT TO COPY, TO REPRODUCE, TO MODIFY, OR TO CREATE DERIVATIVE WORKS OF, THE EVALUATION MATERIALS IS GRANTED HEREIN.
2026-09-09T13:45:27.4212520Z 
2026-09-09T13:45:27.4213356Z 5. NO OBLIGATION. Recipient shall have no duty to purchase or license any product from MIPS. MIPS and its suppliers shall have no obligation to provide support for, or develop a non-evaluation version of, the Evaluation Software or to license any version of it.
2026-09-09T13:45:27.4214277Z 
2026-09-09T13:45:27.4218460Z 6. MODIFICATIONS. This Agreement does not obligate Recipient to provide MIPS with comments or suggestions regarding Evaluation Materials. However, should Recipient provide MIPS with comments or suggestions for the modification, correction, improvement or enhancement of (a) the Evaluation Materials or (b) MIPS products or processes which may embody the Evaluation Materials, then Recipient agrees to grant and hereby grants to MIPS a non-exclusive, irrevocable, worldwide, fully paid-up, royalty-free license, with the right to sublicense MIPS’ licensees and customers, under Recipient’s Intellectual property rights, to use and disclose such comments and suggestions in any manner MIPS chooses and to display, perform, copy, make, have made, use, sell, offer to sell, import, and otherwise dispose of MIPS’ and its sublicensee’s products embodying such comments and suggestions in any manner and via any media MIPS chooses, without reference to the source.
2026-09-09T13:45:27.4221733Z 
2026-09-09T13:45:27.4223422Z 7. WARRANTY DISCLAIMER. MIPS AND ITS SUPPLIERS MAKE NO WARRANTIES WITH RESPECT TO EVALUATION MATERIALS, EITHER EXPRESS OR IMPLIED, INCLUDING ANY IMPLIED WARRANTIES OF MERCHANTABILITY OR FITNESS FOR A PARTICULAR PURPOSE, OR ANY IMPLIED WARRANTY OF NONINFRINGEMENT WITH RESPECT TO THIRD PARTY INTELLECTUAL PROPERTY. RECIPIENT ACKNOWLEDGES AND AGREES THAT THE EVALUATION MATERIALS ARE PROVIDED “AS IS,” WITHOUT WARRANTY OF ANY KIND.
2026-09-09T13:45:27.4224933Z 
2026-09-09T13:45:27.4227171Z 8. LIMITATION OF LIABILITY. MIPS AND ITS SUPPLIERS SHALL NOT BE LIABLE FOR ANY PROPERTY DAMAGE, PERSONAL INJURY, LOSS OF PROFITS, INTERRUPTION OF BUSINESS OR FOR ANY DIRECT, INDIRECT, SPECIAL, CONSEQUENTIAL OR INCIDENTAL DAMAGES, HOWEVER CAUSED OR ALLEGED, WHETHER FOR BREACH OF WARRANTY, CONTRACT, STRICT LIABILITY OR OTHERWISE, INCLUDING WITHOUT LIMITATION, UNDER TORT OR OTHER LEGAL THEORY. MIPS AND ITS SUPPLIERS DISCLAIM ANY AND ALL LIABILITY, INCLUDING LIABILITY FOR INFRINGEMENT OF ANY INTELLECTUAL PROPERTY RIGHTS OF ANY KIND RELATING TO THE EVALUATION MATERIALS.
2026-09-09T13:45:27.4229152Z 
2026-09-09T13:45:27.4229880Z 9. EXPIRATION. MIPS may terminate this Agreement immediately after a breach by Recipient or otherwise at MIPS’ reasonable discretion and upon five (5) business days’ notice to Recipient.
2026-09-09T13:45:27.4230669Z 
2026-09-09T13:45:27.4230800Z 10. GENERAL.
2026-09-09T13:45:27.4230928Z 
2026-09-09T13:45:27.4235641Z 10.1 Controlling Law. This Agreement shall be governed by California law excluding its choice of law rules. With the exception of MIPS’ rights to enforce its intellectual property rights and any confidentiality obligations under this Agreement or any licenses distributed with the Evaluation Materials, all disputes and any claims arising under or relating to this Agreement shall be subject to the exclusive jurisdiction and venue of the state and federal courts located in Santa Clara County, California. Each party hereby agrees to jurisdiction and venue in the courts set forth in the preceding sentence. The parties agree that the United Nations Convention on Contracts for the International Sale of Goods is specifically excluded from application to this Agreement. The parties consent to the personal jurisdiction of the above courts.
2026-09-09T13:45:27.4239780Z 
2026-09-09T13:45:27.4241707Z 10.2 Remedies. Recipient acknowledges and agrees that any breach of confidentiality obligations under this Agreement or any licenses distributed with the Evaluation Materials, as well as any disclosure, commercialization, or public use of the Evaluation Materials, would cause irreparable injury to MIPS, and therefore Recipient agrees to consent to, and hereby consents to, the grant of an injunction by any court of competent jurisdiction in the event of an actual or threatened breach.
2026-09-09T13:45:27.4243707Z 
2026-09-09T13:45:27.4246320Z 10.3 Assignment. Recipient may not delegate, assign or transfer this Agreement, the license granted or any of Recipient’s rights, obligations, or duties hereunder, expressly, by implication, by operation of law, by way of merger (regardless of whether Recipient is the surviving entity) or acquisition, or otherwise and any attempt to do so, without MIPS’ express prior written consent, shall be ineffective, null and void. MIPS may freely assign this Agreement, and its rights and obligations hereunder, in its sole discretion.
2026-09-09T13:45:27.4248477Z 
2026-09-09T13:45:27.4250310Z 10.4 Entire Agreement. This Agreement constitutes the entire agreement between Recipient and MIPS and supersedes in their entirety any and all oral or written agreements previously existing between Recipient and MIPS with respect to the subject matter hereof. This Agreement may only be amended or supplemented by a writing that refers explicitly to this Agreement and that is signed or otherwise accepted by duly authorized representatives of Recipient and MIPS.
2026-09-09T13:45:27.4252238Z 
2026-09-09T13:45:27.4253928Z 10.5 Severability. In the event that any provision of this Agreement is finally adjudicated to be unenforceable or invalid under any applicable law, such unenforceability or invalidity shall not render this Agreement unenforceable or invalid as a whole, and, in such event, such unenforceable or invalid provision shall be interpreted so as to best accomplish the objectives of such provision within the limits of applicable law or applicable court decisions.
2026-09-09T13:45:27.4255734Z 
2026-09-09T13:45:27.4262158Z 10.6 Export Regulations / Export Control. Recipient shall not export, either directly or indirectly, any product, service or technical data or system incorporating the Evaluation Materials without first obtaining any required license or other necessary approval from the U.S. Department of Commerce or any other governing agency or department of the United States Government. In the event any product is exported from the United States or re-exported from a foreign destination by Recipient, Recipient shall ensure that the distribution and export/re-export or import of the product is in compliance with all applicable laws, regulations, orders, or other restrictions of the U.S. Export Administration Regulations and the appropriate foreign government. Recipient agrees that neither it nor any of its subsidiaries will export/re-export any technical data, process, product, or service, directly or indirectly, to any country for which the United States government or any agency thereof or the foreign government from where it is shipping requires an export license, or other governmental approval, without first obtaining such license or approval. Recipient also agrees to implement measures to ensure that foreign national employees are authorized to receive any information controlled by U.S. export control laws. An export is "deemed" to take place when information is released to a foreign national wherever located.
2026-09-09T13:45:27.4268622Z 
2026-09-09T13:45:27.4272872Z 10.7 Special Terms for Pre-Release Materials. If so indicated in the description of the Evaluation Software, the Evaluation Software may contain Pre-Release Materials. Recipient hereby understands, acknowledges and agrees that: (i) Pre-Release Materials may not be fully tested and may contain bugs or errors; (ii) Pre-Release materials are not suitable for commercial release in their current state; (iii) regulatory approvals for Pre-Release Materials (such as UL or FCC) have not been obtained, and Pre-Release Materials may therefore not be certified for use in certain countries or environments or may not be suitable for certain applications and (iv) MIPS can provide no assurance that it will ever produce or make generally available a production version of the Pre-Release Materials . MIPS is not under any obligation to develop and/or release or offer for sale or license a final product based upon the Pre-Release Materials and may unilaterally elect to abandon the Pre-Release Materials or any such development platform at any time and without any obligation or liability whatsoever to Recipient or any other person.
2026-09-09T13:45:27.4277571Z 
2026-09-09T13:45:27.4278524Z ANY PRE-RELEASE MATERIALS ARE NON-QUALIFIED AND, AS SUCH, ARE PROVIDED “AS IS” AND “AS AVAILABLE”, POSSIBLY WITH FAULTS, AND WITHOUT REPRESENTATION OR WARRANTY OF ANY KIND.
2026-09-09T13:45:27.4279316Z 
2026-09-09T13:45:27.4281890Z 10.8 Open Source Software. In the event Open Source software is included with Evaluation Software, such Open Source software is licensed pursuant to the applicable Open Source software license agreement identified in the Open Source software comments in the applicable source code file(s) and/or file header as indicated in the Evaluation Software. Additional detail may be available (where applicable) in the accompanying on-line documentation. With respect to the Open Source software, nothing in this Agreement limits any rights under, or grants rights that supersede, the terms of any applicable Open Source software license agreement.
2026-09-09T13:45:27.4284528Z ---------------------------------------
2026-09-09T13:45:27.4284993Z Accept? (y/N): All SDK package licenses accepted
2026-09-09T13:45:27.4285220Z 
2026-09-09T13:45:27.4285475Z [command]/usr/local/lib/android/sdk/cmdline-tools/16.0/bin/sdkmanager tools
2026-09-09T13:45:28.2687538Z Loading package information...                                                  
2026-09-09T13:45:28.3823877Z Loading local repository...                                                     
2026-09-09T13:45:28.3827621Z [                                       ] 3% Loading local repository...        
2026-09-09T13:45:28.3933762Z [                                       ] 3% Fetch remote repository...         
2026-09-09T13:45:28.6810436Z [=                                      ] 3% Fetch remote repository...         
2026-09-09T13:45:28.8289323Z [=                                      ] 4% Fetch remote repository...         
2026-09-09T13:45:28.8639800Z [=                                      ] 5% Fetch remote repository...         
2026-09-09T13:45:28.9289495Z [==                                     ] 5% Fetch remote repository...         
2026-09-09T13:45:29.0182021Z [==                                     ] 6% Fetch remote repository...         
2026-09-09T13:45:29.0915840Z [==                                     ] 7% Fetch remote repository...         
2026-09-09T13:45:29.0947246Z [==                                     ] 7% Computing updates...               
2026-09-09T13:45:29.1097158Z [===                                    ] 8% Computing updates...               
2026-09-09T13:45:29.1229540Z [===                                    ] 10% Computing updates...              
2026-09-09T13:45:29.5368065Z [===                                    ] 10% Installing Android Emulator       
2026-09-09T13:45:29.9260591Z [===                                    ] 10% Downloading emulator-linux_x64-159
2026-09-09T13:45:30.6657526Z [====                                   ] 10% Downloading emulator-linux_x64-159
2026-09-09T13:45:30.8907423Z [====                                   ] 11% Downloading emulator-linux_x64-159
2026-09-09T13:45:31.0711101Z [====                                   ] 12% Downloading emulator-linux_x64-159
2026-09-09T13:45:31.2137703Z [=====                                  ] 13% Downloading emulator-linux_x64-159
2026-09-09T13:45:31.3362680Z [=====                                  ] 14% Downloading emulator-linux_x64-159
2026-09-09T13:45:31.4101494Z [=====                                  ] 15% Downloading emulator-linux_x64-159
2026-09-09T13:45:31.4683747Z [======                                 ] 15% Downloading emulator-linux_x64-159
2026-09-09T13:45:31.5902392Z [======                                 ] 16% Downloading emulator-linux_x64-159
2026-09-09T13:45:31.6615322Z [======                                 ] 17% Downloading emulator-linux_x64-159
2026-09-09T13:45:31.7282734Z [=======                                ] 18% Downloading emulator-linux_x64-159
2026-09-09T13:45:31.7943137Z [=======                                ] 19% Downloading emulator-linux_x64-159
2026-09-09T13:45:31.8244145Z [=======                                ] 20% Downloading emulator-linux_x64-159
2026-09-09T13:45:31.8617764Z [========                               ] 20% Downloading emulator-linux_x64-159
2026-09-09T13:45:31.9057403Z [========                               ] 21% Downloading emulator-linux_x64-159
2026-09-09T13:45:32.0845018Z [========                               ] 21% Unzipping...                      
2026-09-09T13:45:32.0845806Z [========                               ] 21% Unzipping... emulator/            
2026-09-09T13:45:32.0846768Z [========                               ] 21% Unzipping... emulator/resources/  
2026-09-09T13:45:32.1308666Z [========                               ] 21% Unzipping... emulator/qsn         
2026-09-09T13:45:32.2018207Z [========                               ] 21% Unzipping... emulator/emulator    
2026-09-09T13:45:32.2340309Z [========                               ] 21% Unzipping... emulator/netsimd     
2026-09-09T13:45:32.3307860Z [========                               ] 22% Unzipping... emulator/netsimd     
2026-09-09T13:45:32.3308971Z [========                               ] 22% Unzipping... emulator/bin64/      
2026-09-09T13:45:32.3309959Z [========                               ] 22% Unzipping... emulator/qemu/       
2026-09-09T13:45:32.3310922Z [========                               ] 22% Unzipping... emulator/NOTICE.txt  
2026-09-09T13:45:32.3482660Z [========                               ] 22% Unzipping... emulator/crashpad_han
2026-09-09T13:45:32.3485804Z [========                               ] 22% Unzipping... emulator/source.prope
2026-09-09T13:45:32.4108942Z [========                               ] 22% Unzipping... emulator/nimble_bridg
2026-09-09T13:45:32.4112399Z [========                               ] 22% Unzipping... emulator/LICENSE     
2026-09-09T13:45:32.4113998Z [========                               ] 22% Unzipping... emulator/lib/        
2026-09-09T13:45:32.4233841Z [========                               ] 22% Unzipping... emulator/qemu-img    
2026-09-09T13:45:32.4236771Z [========                               ] 22% Unzipping... emulator/include/    
2026-09-09T13:45:32.4242359Z [========                               ] 22% Unzipping... emulator/NOTICE.csv  
2026-09-09T13:45:32.4243744Z [========                               ] 22% Unzipping... emulator/lib64/      
2026-09-09T13:45:32.4478785Z [========                               ] 22% Unzipping... emulator/emulator-che
2026-09-09T13:45:32.4750623Z [========                               ] 22% Unzipping... emulator/crashreport 
2026-09-09T13:45:32.4774212Z [========                               ] 22% Unzipping... emulator/mksdcard    
2026-09-09T13:45:32.4964490Z [========                               ] 22% Unzipping... emulator/resources/To
2026-09-09T13:45:32.4982371Z [========                               ] 22% Unzipping... emulator/resources/de
2026-09-09T13:45:32.5126308Z [========                               ] 22% Unzipping... emulator/resources/To
2026-09-09T13:45:32.5127143Z [========                               ] 22% Unzipping... emulator/resources/ma
2026-09-09T13:45:32.5157154Z [========                               ] 22% Unzipping... emulator/resources/de
2026-09-09T13:45:32.5157911Z [========                               ] 22% Unzipping... emulator/resources/sk
2026-09-09T13:45:32.5195693Z [========                               ] 22% Unzipping... emulator/resources/de
2026-09-09T13:45:32.5198200Z [========                               ] 22% Unzipping... emulator/resources/ma
2026-09-09T13:45:32.5213109Z [========                               ] 22% Unzipping... emulator/resources/po
2026-09-09T13:45:32.5299670Z [========                               ] 22% Unzipping... emulator/resources/ma
2026-09-09T13:45:32.5376836Z [========                               ] 22% Unzipping... emulator/resources/sk
2026-09-09T13:45:32.5394092Z [========                               ] 22% Unzipping... emulator/resources/ma
2026-09-09T13:45:32.5512380Z [========                               ] 22% Unzipping... emulator/bin64/e2fsck
2026-09-09T13:45:32.5531486Z [========                               ] 22% Unzipping... emulator/bin64/fsck.e
2026-09-09T13:45:32.5532801Z [========                               ] 22% Unzipping... emulator/bin64/tune2f
2026-09-09T13:45:32.5536188Z [========                               ] 22% Unzipping... emulator/bin64/resize
2026-09-09T13:45:32.5613133Z [========                               ] 22% Unzipping... emulator/bin64/mkfs.e
2026-09-09T13:45:32.5760541Z [========                               ] 22% Unzipping... emulator/qemu/linux-x
2026-09-09T13:45:32.9559791Z [=========                              ] 23% Unzipping... emulator/qemu/linux-x
2026-09-09T13:45:33.2909334Z [=========                              ] 24% Unzipping... emulator/qemu/linux-x
2026-09-09T13:45:33.4517001Z [=========                              ] 25% Unzipping... emulator/qemu/linux-x
2026-09-09T13:45:33.6211252Z [==========                             ] 25% Unzipping... emulator/qemu/linux-x
2026-09-09T13:45:33.6213718Z [==========                             ] 25% Unzipping... emulator/lib/emulator
2026-09-09T13:45:33.6217344Z [==========                             ] 25% Unzipping... emulator/lib/rtc_serv
2026-09-09T13:45:33.6222061Z [==========                             ] 25% Unzipping... emulator/lib/advanced
2026-09-09T13:45:33.6224331Z [==========                             ] 25% Unzipping... emulator/lib/cmake/  
2026-09-09T13:45:33.6234472Z [==========                             ] 25% Unzipping... emulator/lib/emulator
2026-09-09T13:45:33.6235334Z [==========                             ] 25% Unzipping... emulator/lib/control_
2026-09-09T13:45:33.6236488Z [==========                             ] 25% Unzipping... emulator/lib/emulated
2026-09-09T13:45:33.6238457Z [==========                             ] 25% Unzipping... emulator/lib/rtc_serv
2026-09-09T13:45:33.6241357Z [==========                             ] 25% Unzipping... emulator/lib/emu-orig
2026-09-09T13:45:33.6245031Z [==========                             ] 25% Unzipping... emulator/lib/hardware
2026-09-09T13:45:33.6246348Z [==========                             ] 25% Unzipping... emulator/lib/pkgconfi
2026-09-09T13:45:33.6247490Z [==========                             ] 25% Unzipping... emulator/lib/pc-bios/
2026-09-09T13:45:33.6250257Z [==========                             ] 25% Unzipping... emulator/lib/snapshot
2026-09-09T13:45:33.6256813Z [==========                             ] 25% Unzipping... emulator/lib/adb_serv
2026-09-09T13:45:33.6287064Z [==========                             ] 25% Unzipping... emulator/lib/hostapd.
2026-09-09T13:45:33.6287911Z [==========                             ] 25% Unzipping... emulator/lib/grpc_end
2026-09-09T13:45:33.6288716Z [==========                             ] 25% Unzipping... emulator/lib/ca-bundl
2026-09-09T13:45:33.6289886Z [==========                             ] 25% Unzipping... emulator/lib/ui_contr
2026-09-09T13:45:33.6290622Z [==========                             ] 25% Unzipping... emulator/lib/snapshot
2026-09-09T13:45:33.6291411Z [==========                             ] 25% Unzipping... emulator/lib/ice_conf
2026-09-09T13:45:33.6430179Z [==========                             ] 25% Unzipping... emulator/lib/libflatb
2026-09-09T13:45:33.6602293Z [==========                             ] 26% Unzipping... emulator/lib/libflatb
2026-09-09T13:45:33.6609818Z [==========                             ] 26% Unzipping... emulator/lib/emulator
2026-09-09T13:45:33.6615262Z [==========                             ] 26% Unzipping... emulator/lib/waterfal
2026-09-09T13:45:33.6621226Z [==========                             ] 26% Unzipping... emulator/lib/emulated
2026-09-09T13:45:33.6633374Z [==========                             ] 26% Unzipping... emulator/lib/cmake/fl
2026-09-09T13:45:33.6635600Z [==========                             ] 26% Unzipping... emulator/lib/pkgconfi
2026-09-09T13:45:33.6817187Z [==========                             ] 26% Unzipping... emulator/lib/pc-bios/
2026-09-09T13:45:33.6918014Z [==========                             ] 26% Unzipping... emulator/include/flat
2026-09-09T13:45:33.7016232Z [==========                             ] 26% Unzipping... emulator/lib64/libgli
2026-09-09T13:45:33.7152479Z [==========                             ] 26% Unzipping... emulator/lib64/libpro
2026-09-09T13:45:33.7153265Z [==========                             ] 26% Unzipping... emulator/lib64/qt/   
2026-09-09T13:45:33.7547841Z [==========                             ] 26% Unzipping... emulator/lib64/liband
2026-09-09T13:45:33.8233395Z [==========                             ] 26% Unzipping... emulator/lib64/libgfx
2026-09-09T13:45:33.8234178Z [==========                             ] 26% Unzipping... emulator/lib64/gles_l
2026-09-09T13:45:33.8244070Z [==========                             ] 26% Unzipping... emulator/lib64/liband
2026-09-09T13:45:33.8244910Z [==========                             ] 26% Unzipping... emulator/lib64/vulkan
2026-09-09T13:45:33.8245619Z [==========                             ] 26% Unzipping... emulator/lib64/gles_s
2026-09-09T13:45:33.8249975Z [==========                             ] 26% Unzipping... emulator/lib64/libemu
2026-09-09T13:45:33.8371587Z [==========                             ] 26% Unzipping... emulator/lib64/libpro
2026-09-09T13:45:33.9902628Z [==========                             ] 26% Unzipping... emulator/lib64/liband
2026-09-09T13:45:33.9921362Z [==========                             ] 26% Unzipping... emulator/lib64/libtcm
2026-09-09T13:45:33.9925081Z [==========                             ] 26% Unzipping... emulator/lib64/libima
2026-09-09T13:45:33.9990929Z [==========                             ] 26% Unzipping... emulator/lib64/libc++
2026-09-09T13:45:34.0265665Z [==========                             ] 26% Unzipping... emulator/lib64/liband
2026-09-09T13:45:34.0327209Z [==========                             ] 26% Unzipping... emulator/lib64/libabs
2026-09-09T13:45:34.0328348Z [==========                             ] 26% Unzipping... emulator/lib64/gles_a
2026-09-09T13:45:34.0429931Z [==========                             ] 26% Unzipping... emulator/lib64/libsha
2026-09-09T13:45:34.0497842Z [==========                             ] 26% Unzipping... emulator/lib64/libc++
2026-09-09T13:45:34.0500789Z [==========                             ] 26% Unzipping... emulator/lib64/qt/res
2026-09-09T13:45:34.0501705Z [==========                             ] 26% Unzipping... emulator/lib64/qt/lib
2026-09-09T13:45:34.0502558Z [==========                             ] 26% Unzipping... emulator/lib64/qt/tra
2026-09-09T13:45:34.0503447Z [==========                             ] 26% Unzipping... emulator/lib64/qt/plu
2026-09-09T13:45:34.0517580Z [==========                             ] 26% Unzipping... emulator/lib64/qt/res
2026-09-09T13:45:34.1245273Z [==========                             ] 27% Unzipping... emulator/lib64/qt/res
2026-09-09T13:45:34.1982788Z [==========                             ] 27% Unzipping... emulator/lib64/qt/lib
2026-09-09T13:45:34.5766677Z [===========                            ] 28% Unzipping... emulator/lib64/qt/lib
2026-09-09T13:45:34.9669330Z [===========                            ] 29% Unzipping... emulator/lib64/qt/lib
2026-09-09T13:45:35.1393406Z [===========                            ] 30% Unzipping... emulator/lib64/qt/lib
2026-09-09T13:45:35.2958140Z [============                           ] 30% Unzipping... emulator/lib64/qt/lib
2026-09-09T13:45:35.3510733Z [============                           ] 30% Unzipping... emulator/lib64/qt/tra
2026-09-09T13:45:35.4126877Z [============                           ] 31% Unzipping... emulator/lib64/qt/tra
2026-09-09T13:45:35.4248543Z [============                           ] 31% Unzipping... emulator/lib64/qt/plu
2026-09-09T13:45:35.5087201Z [============                           ] 31% Unzipping... emulator/lib64/gles_l
2026-09-09T13:45:35.7310377Z [============                           ] 31% Unzipping... emulator/lib64/vulkan
2026-09-09T13:45:36.0555319Z [============                           ] 32% Unzipping... emulator/lib64/vulkan
2026-09-09T13:45:36.1231362Z [============                           ] 32% Unzipping... emulator/lib64/gles_s
2026-09-09T13:45:36.1802936Z [============                           ] 32% Unzipping... emulator/lib64/gles_a
2026-09-09T13:45:36.2404260Z [=============                          ] 33% Unzipping... emulator/lib64/gles_a
2026-09-09T13:45:36.5188015Z [=====================                  ] 55% Unzipping... emulator/lib64/gles_a
2026-09-09T13:45:36.5681106Z [=====================                  ] 55% Installing Android SDK Tools emula
2026-09-09T13:45:36.5823186Z [=====================                  ] 55% Downloading sdk-tools-linux-433379
2026-09-09T13:45:36.5995418Z [======================                 ] 55% Downloading sdk-tools-linux-433379
2026-09-09T13:45:36.6313630Z [======================                 ] 56% Downloading sdk-tools-linux-433379
2026-09-09T13:45:36.6614922Z [======================                 ] 57% Downloading sdk-tools-linux-433379
2026-09-09T13:45:36.6938146Z [=======================                ] 58% Downloading sdk-tools-linux-433379
2026-09-09T13:45:36.7193649Z [=======================                ] 59% Downloading sdk-tools-linux-433379
2026-09-09T13:45:36.7361958Z [=======================                ] 60% Downloading sdk-tools-linux-433379
2026-09-09T13:45:36.7493233Z [========================               ] 60% Downloading sdk-tools-linux-433379
2026-09-09T13:45:36.7786204Z [========================               ] 61% Downloading sdk-tools-linux-433379
2026-09-09T13:45:36.8076197Z [========================               ] 62% Downloading sdk-tools-linux-433379
2026-09-09T13:45:36.8368392Z [=========================              ] 63% Downloading sdk-tools-linux-433379
2026-09-09T13:45:36.8659749Z [=========================              ] 64% Downloading sdk-tools-linux-433379
2026-09-09T13:45:36.8788763Z [=========================              ] 65% Downloading sdk-tools-linux-433379
2026-09-09T13:45:36.8953739Z [==========================             ] 65% Downloading sdk-tools-linux-433379
2026-09-09T13:45:36.9137466Z [==========================             ] 66% Downloading sdk-tools-linux-433379
2026-09-09T13:45:36.9644700Z [==========================             ] 66% Unzipping... emulator/lib64/gles_a
2026-09-09T13:45:36.9646286Z [==========================             ] 66% Unzipping... tools/               
2026-09-09T13:45:36.9647365Z [==========================             ] 66% Unzipping... tools/proguard/      
2026-09-09T13:45:36.9648400Z [==========================             ] 66% Unzipping... tools/proguard/licens
2026-09-09T13:45:36.9649433Z [==========================             ] 66% Unzipping... tools/proguard/lib/  
2026-09-09T13:45:36.9688770Z [==========================             ] 66% Unzipping... tools/proguard/lib/pr
2026-09-09T13:45:36.9691522Z [==========================             ] 66% Unzipping... tools/proguard/lib/re
2026-09-09T13:45:36.9702347Z [==========================             ] 66% Unzipping... tools/proguard/lib/pr
2026-09-09T13:45:36.9705443Z [==========================             ] 66% Unzipping... tools/proguard/ant/  
2026-09-09T13:45:36.9707087Z [==========================             ] 66% Unzipping... tools/proguard/ant/ta
2026-09-09T13:45:36.9708199Z [==========================             ] 66% Unzipping... tools/proguard/docs/ 
2026-09-09T13:45:36.9711683Z [==========================             ] 66% Unzipping... tools/proguard/docs/f
2026-09-09T13:45:36.9720920Z [==========================             ] 66% Unzipping... tools/proguard/docs/s
2026-09-09T13:45:36.9723353Z [==========================             ] 66% Unzipping... tools/proguard/docs/d
2026-09-09T13:45:36.9727234Z [==========================             ] 66% Unzipping... tools/proguard/docs/s
2026-09-09T13:45:36.9730917Z [==========================             ] 66% Unzipping... tools/proguard/docs/F
2026-09-09T13:45:36.9736545Z [==========================             ] 66% Unzipping... tools/proguard/docs/s
2026-09-09T13:45:36.9739752Z [==========================             ] 66% Unzipping... tools/proguard/docs/l
2026-09-09T13:45:36.9745581Z [==========================             ] 66% Unzipping... tools/proguard/docs/s
2026-09-09T13:45:36.9750183Z [==========================             ] 66% Unzipping... tools/proguard/docs/d
2026-09-09T13:45:36.9758396Z [==========================             ] 66% Unzipping... tools/proguard/docs/s
2026-09-09T13:45:36.9760796Z [==========================             ] 66% Unzipping... tools/proguard/docs/r
2026-09-09T13:45:36.9762969Z [==========================             ] 66% Unzipping... tools/proguard/docs/d
2026-09-09T13:45:36.9766297Z [==========================             ] 66% Unzipping... tools/proguard/docs/t
2026-09-09T13:45:36.9768418Z [==========================             ] 66% Unzipping... tools/proguard/docs/f
2026-09-09T13:45:36.9771476Z [==========================             ] 66% Unzipping... tools/proguard/docs/s
2026-09-09T13:45:36.9773778Z [==========================             ] 66% Unzipping... tools/proguard/docs/t
2026-09-09T13:45:36.9779691Z [==========================             ] 66% Unzipping... tools/proguard/docs/i
2026-09-09T13:45:36.9783390Z [==========================             ] 66% Unzipping... tools/proguard/docs/s
2026-09-09T13:45:36.9786218Z [==========================             ] 66% Unzipping... tools/proguard/docs/m
2026-09-09T13:45:36.9792763Z [==========================             ] 66% Unzipping... tools/proguard/docs/s
2026-09-09T13:45:36.9793982Z [==========================             ] 66% Unzipping... tools/proguard/docs/q
2026-09-09T13:45:36.9795471Z [==========================             ] 66% Unzipping... tools/proguard/docs/G
2026-09-09T13:45:36.9797763Z [==========================             ] 66% Unzipping... tools/proguard/docs/t
2026-09-09T13:45:36.9810284Z [==========================             ] 66% Unzipping... tools/proguard/docs/s
2026-09-09T13:45:36.9868911Z [==========================             ] 66% Unzipping... tools/proguard/docs/m
2026-09-09T13:45:36.9870173Z [==========================             ] 66% Unzipping... tools/proguard/docs/s
2026-09-09T13:45:36.9871086Z [==========================             ] 66% Unzipping... tools/proguard/docs/G
2026-09-09T13:45:36.9871948Z [==========================             ] 66% Unzipping... tools/proguard/docs/c
2026-09-09T13:45:36.9873382Z [==========================             ] 66% Unzipping... tools/proguard/docs/a
2026-09-09T13:45:36.9878775Z [==========================             ] 66% Unzipping... tools/proguard/docs/s
2026-09-09T13:45:36.9881225Z [==========================             ] 66% Unzipping... tools/proguard/docs/d
2026-09-09T13:45:36.9983973Z [==========================             ] 66% Unzipping... tools/proguard/exampl
2026-09-09T13:45:36.9987355Z [==========================             ] 66% Unzipping... tools/proguard/bin/  
2026-09-09T13:45:36.9989509Z [==========================             ] 66% Unzipping... tools/proguard/bin/pr
2026-09-09T13:45:36.9992000Z [==========================             ] 66% Unzipping... tools/proguard/bin/re
2026-09-09T13:45:36.9994056Z [==========================             ] 66% Unzipping... tools/proguard/README
2026-09-09T13:45:37.0000858Z [==========================             ] 66% Unzipping... tools/proguard/progua
2026-09-09T13:45:37.0001530Z [==========================             ] 66% Unzipping... tools/lib/           
2026-09-09T13:45:37.0051063Z [==========================             ] 66% Unzipping... tools/lib/bcpkix-jdk1
2026-09-09T13:45:37.0057844Z [==========================             ] 66% Unzipping... tools/lib/org-eclipse
2026-09-09T13:45:37.0072864Z [==========================             ] 66% Unzipping... tools/lib/manifest-me
2026-09-09T13:45:37.0075942Z [==========================             ] 66% Unzipping... tools/lib/jcommander-
2026-09-09T13:45:37.0092167Z [==========================             ] 66% Unzipping... tools/lib/gson-2.3.ja
2026-09-09T13:45:37.0103236Z [==========================             ] 66% Unzipping... tools/lib/ddms-26.0.0
2026-09-09T13:45:37.0104111Z [==========================             ] 66% Unzipping... tools/lib/asm-tree-5.
2026-09-09T13:45:37.0162949Z [==========================             ] 66% Unzipping... tools/lib/uast-26.0.0
2026-09-09T13:45:37.0172320Z [==========================             ] 66% Unzipping... tools/lib/dexlib2-2.2
2026-09-09T13:45:37.0210519Z [==========================             ] 67% Unzipping... tools/lib/dexlib2-2.2
2026-09-09T13:45:37.0212930Z [==========================             ] 67% Unzipping... tools/lib/android.el 
2026-09-09T13:45:37.0220112Z [==========================             ] 67% Unzipping... tools/lib/apkanalyzer
2026-09-09T13:45:37.0337628Z [==========================             ] 67% Unzipping... tools/lib/guava-22.0.
2026-09-09T13:45:37.0366966Z [==========================             ] 67% Unzipping... tools/lib/lint-api-26
2026-09-09T13:45:37.0375038Z [==========================             ] 67% Unzipping... tools/lib/baksmali-2.
2026-09-09T13:45:37.0380930Z [==========================             ] 67% Unzipping... tools/lib/shared.jar 
2026-09-09T13:45:37.0386668Z [==========================             ] 67% Unzipping... tools/lib/jsr305-1.3.
2026-09-09T13:45:37.0406812Z [==========================             ] 67% Unzipping... tools/lib/httpclient-
2026-09-09T13:45:37.0512081Z [==========================             ] 67% Unzipping... tools/lib/ecj-4.6.1.j
2026-09-09T13:45:37.0515790Z [==========================             ] 67% Unzipping... tools/lib/jobb-26.0.0
2026-09-09T13:45:37.0538170Z [==========================             ] 67% Unzipping... tools/lib/jcommon-1.0
2026-09-09T13:45:37.0542317Z [==========================             ] 67% Unzipping... tools/lib/kxml2-2.3.0
2026-09-09T13:45:37.0614981Z [==========================             ] 67% Unzipping... tools/lib/jfreechart-
2026-09-09T13:45:37.0618937Z [==========================             ] 67% Unzipping... tools/lib/common-26.0
2026-09-09T13:45:37.0672066Z [==========================             ] 67% Unzipping... tools/lib/lint-checks
2026-09-09T13:45:37.0780954Z [==========================             ] 67% Unzipping... tools/lib/kotlin-refl
2026-09-09T13:45:37.0784025Z [==========================             ] 67% Unzipping... tools/lib/builder-mod
2026-09-09T13:45:37.0817874Z [==========================             ] 67% Unzipping... tools/lib/sdklib-26.0
2026-09-09T13:45:37.0824426Z [==========================             ] 67% Unzipping... tools/lib/layoutlib-a
2026-09-09T13:45:37.0827885Z [==========================             ] 67% Unzipping... tools/lib/annotations
2026-09-09T13:45:37.0835483Z [==========================             ] 67% Unzipping... tools/lib/fat32lib.ja
2026-09-09T13:45:37.0837681Z [==========================             ] 67% Unzipping... tools/lib/jsr305-3.0.
2026-09-09T13:45:37.0888386Z [==========================             ] 67% Unzipping... tools/lib/org-eclipse
2026-09-09T13:45:37.0892601Z [==========================             ] 67% Unzipping... tools/lib/error_prone
2026-09-09T13:45:37.0899635Z [==========================             ] 67% Unzipping... tools/lib/org-eclipse
2026-09-09T13:45:37.0906833Z [==========================             ] 67% Unzipping... tools/lib/animal-snif
2026-09-09T13:45:37.0940064Z [==========================             ] 67% Unzipping... tools/lib/asset-studi
2026-09-09T13:45:37.0966842Z [===========================            ] 68% Unzipping... tools/lib/asset-studi
2026-09-09T13:45:37.0979520Z [===========================            ] 68% Unzipping... tools/lib/repository-
2026-09-09T13:45:37.0983604Z [===========================            ] 68% Unzipping... tools/lib/dvlib-26.0.
2026-09-09T13:45:37.1011613Z [===========================            ] 68% Unzipping... tools/lib/jsilver-1.0
2026-09-09T13:45:37.1017542Z [===========================            ] 68% Unzipping... tools/lib/asm-5.1.jar
2026-09-09T13:45:37.1020499Z [===========================            ] 68% Unzipping... tools/lib/devices.xml
2026-09-09T13:45:37.1023518Z [===========================            ] 68% Unzipping... tools/lib/asm-analysi
2026-09-09T13:45:37.1046378Z [===========================            ] 68% Unzipping... tools/lib/hierarchyvi
2026-09-09T13:45:37.1053419Z [===========================            ] 68% Unzipping... tools/lib/monkeyrunne
2026-09-09T13:45:37.1059100Z [===========================            ] 68% Unzipping... tools/lib/uiautomator
2026-09-09T13:45:37.1060776Z [===========================            ] 68% Unzipping... tools/lib/archquery-2
2026-09-09T13:45:37.1065832Z [===========================            ] 68% Unzipping... tools/lib/chimpchat-2
2026-09-09T13:45:37.1069269Z [===========================            ] 68% Unzipping... tools/lib/explainer.j
2026-09-09T13:45:37.1088442Z [===========================            ] 68% Unzipping... tools/lib/ddmlib-26.0
2026-09-09T13:45:37.1092092Z [===========================            ] 68% Unzipping... tools/lib/swtmenubar-
2026-09-09T13:45:37.1161836Z [===========================            ] 68% Unzipping... tools/lib/osgi-4.0.0.
2026-09-09T13:45:37.1163210Z [===========================            ] 68% Unzipping... tools/lib/x86_64/    
2026-09-09T13:45:37.1235486Z [===========================            ] 68% Unzipping... tools/lib/x86_64/swt.
2026-09-09T13:45:37.1661599Z [===========================            ] 68% Unzipping... tools/lib/monitor-x86
2026-09-09T13:45:37.2424908Z [===========================            ] 69% Unzipping... tools/lib/monitor-x86
2026-09-09T13:45:37.2885739Z [===========================            ] 70% Unzipping... tools/lib/monitor-x86
2026-09-09T13:45:37.3278662Z [============================           ] 70% Unzipping... tools/lib/monitor-x86
2026-09-09T13:45:37.4706273Z [============================           ] 71% Unzipping... tools/lib/monitor-x86
2026-09-09T13:45:37.4707897Z [============================           ] 71% Unzipping... tools/lib/httpmime-4.
2026-09-09T13:45:37.4710573Z [============================           ] 71% Unzipping... tools/lib/annotations
2026-09-09T13:45:37.4724672Z [============================           ] 71% Unzipping... tools/lib/lint-26.0.0
2026-09-09T13:45:37.4730760Z [============================           ] 71% Unzipping... tools/lib/apkanalyzer
2026-09-09T13:45:37.4740056Z [============================           ] 71% Unzipping... tools/lib/binary-reso
2026-09-09T13:45:37.4742666Z [============================           ] 71% Unzipping... tools/lib/jopt-simple
2026-09-09T13:45:37.4748572Z [============================           ] 71% Unzipping... tools/lib/util-2.2.1.
2026-09-09T13:45:37.4765100Z [============================           ] 71% Unzipping... tools/lib/ddmuilib-26
2026-09-09T13:45:37.4780910Z [============================           ] 72% Unzipping... tools/lib/ddmuilib-26
2026-09-09T13:45:37.4825692Z [============================           ] 72% Unzipping... tools/lib/sdk-common-
2026-09-09T13:45:37.4834806Z [============================           ] 72% Unzipping... tools/lib/traceview-2
2026-09-09T13:45:37.4848052Z [============================           ] 72% Unzipping... tools/lib/httpcore-4.
2026-09-09T13:45:37.4850728Z [============================           ] 72% Unzipping... tools/lib/screenshot2
2026-09-09T13:45:37.4863007Z [============================           ] 72% Unzipping... tools/lib/commons-cod
2026-09-09T13:45:37.4865339Z [============================           ] 72% Unzipping... tools/lib/proguard-pr
2026-09-09T13:45:37.5398838Z [============================           ] 72% Unzipping... tools/lib/jython-stan
2026-09-09T13:45:37.5448542Z [=============================          ] 73% Unzipping... tools/lib/jython-stan
2026-09-09T13:45:37.5452378Z [=============================          ] 73% Unzipping... tools/lib/annotations
2026-09-09T13:45:37.5457083Z [=============================          ] 73% Unzipping... tools/lib/commons-log
2026-09-09T13:45:37.5520048Z [=============================          ] 73% Unzipping... tools/lib/protobuf-ja
2026-09-09T13:45:37.5524715Z [=============================          ] 73% Unzipping... tools/lib/fakeadbserv
2026-09-09T13:45:37.5672183Z [=============================          ] 73% Unzipping... tools/lib/bcprov-jdk1
2026-09-09T13:45:37.5673125Z [=============================          ] 73% Unzipping... tools/lib/x86/       
2026-09-09T13:45:37.5739508Z [=============================          ] 73% Unzipping... tools/lib/x86/swt.jar
2026-09-09T13:45:37.5782651Z [=============================          ] 73% Unzipping... tools/lib/kotlin-stdl
2026-09-09T13:45:37.5805370Z [=============================          ] 73% Unzipping... tools/lib/commons-com
2026-09-09T13:45:37.5840504Z [=============================          ] 73% Unzipping... tools/lib/lombok-ast-
2026-09-09T13:45:37.5870594Z [=============================          ] 73% Unzipping... tools/lib/trove4j-201
2026-09-09T13:45:37.6095118Z [=============================          ] 73% Unzipping... tools/lib/intellij-co
2026-09-09T13:45:37.6237011Z [=============================          ] 74% Unzipping... tools/lib/intellij-co
2026-09-09T13:45:37.6248791Z [=============================          ] 74% Unzipping... tools/lib/jimfs-1.1.j
2026-09-09T13:45:37.6251352Z [=============================          ] 74% Unzipping... tools/lib/j2objc-anno
2026-09-09T13:45:37.6258020Z [=============================          ] 74% Unzipping... tools/lib/jfreechart-
2026-09-09T13:45:37.6699068Z [=============================          ] 74% Unzipping... tools/lib/monitor-x86
2026-09-09T13:45:37.7077822Z [=============================          ] 75% Unzipping... tools/lib/monitor-x86
2026-09-09T13:45:37.7428060Z [==============================         ] 75% Unzipping... tools/lib/monitor-x86
2026-09-09T13:45:37.8244028Z [==============================         ] 76% Unzipping... tools/lib/monitor-x86
2026-09-09T13:45:37.9662053Z [==============================         ] 77% Unzipping... tools/lib/monitor-x86
2026-09-09T13:45:37.9666388Z [==============================         ] 77% Unzipping... tools/lib/generator.j
2026-09-09T13:45:37.9668796Z [==============================         ] 77% Unzipping... tools/source.properti
2026-09-09T13:45:37.9669731Z [==============================         ] 77% Unzipping... tools/bin/           
2026-09-09T13:45:37.9671974Z [==============================         ] 77% Unzipping... tools/bin/avdmanager 
2026-09-09T13:45:37.9674241Z [==============================         ] 77% Unzipping... tools/bin/jobb       
2026-09-09T13:45:37.9676844Z [==============================         ] 77% Unzipping... tools/bin/uiautomator
2026-09-09T13:45:37.9679698Z [==============================         ] 77% Unzipping... tools/bin/apkanalyzer
2026-09-09T13:45:37.9681610Z [==============================         ] 77% Unzipping... tools/bin/monkeyrunne
2026-09-09T13:45:37.9684084Z [==============================         ] 77% Unzipping... tools/bin/archquery  
2026-09-09T13:45:37.9686520Z [==============================         ] 77% Unzipping... tools/bin/sdkmanager 
2026-09-09T13:45:37.9689141Z [==============================         ] 77% Unzipping... tools/bin/lint       
2026-09-09T13:45:37.9691700Z [==============================         ] 77% Unzipping... tools/bin/screenshot2
2026-09-09T13:45:37.9713875Z [==============================         ] 77% Unzipping... tools/NOTICE.txt     
2026-09-09T13:45:37.9750073Z [==============================         ] 77% Unzipping... tools/emulator       
2026-09-09T13:45:37.9774410Z [==============================         ] 77% Unzipping... tools/emulator-check 
2026-09-09T13:45:37.9776906Z [==============================         ] 77% Unzipping... tools/monitor        
2026-09-09T13:45:37.9779920Z [==============================         ] 77% Unzipping... tools/android        
2026-09-09T13:45:37.9783354Z [==============================         ] 77% Unzipping... tools/mksdcard       
2026-09-09T13:45:37.9784228Z [==============================         ] 77% Unzipping... tools/support/       
2026-09-09T13:45:37.9790272Z [==============================         ] 77% Unzipping... tools/support/typos-d
2026-09-09T13:45:37.9794025Z [==============================         ] 77% Unzipping... tools/support/typos-e
2026-09-09T13:45:37.9795987Z [==============================         ] 77% Unzipping... tools/support/annotat
2026-09-09T13:45:37.9803894Z [==============================         ] 77% Unzipping... tools/support/typos-e
2026-09-09T13:45:37.9807636Z [==============================         ] 77% Unzipping... tools/support/typos-t
2026-09-09T13:45:37.9812275Z [==============================         ] 77% Unzipping... tools/support/typos-p
2026-09-09T13:45:37.9816281Z [==============================         ] 77% Unzipping... tools/support/typos-i
2026-09-09T13:45:37.9819493Z [==============================         ] 77% Unzipping... tools/support/typos-n
2026-09-09T13:45:37.9823285Z [==============================         ] 77% Unzipping... tools/support/typos-h
2026-09-09T13:45:38.0106731Z [==============================         ] 78% Unzipping... tools/support/typos-h
2026-09-09T13:45:38.0108214Z [=======================================] 100% Unzipping... tools/support/typos-
2026-09-09T13:45:38.0147124Z 
2026-09-09T13:45:38.0283935Z [command]/usr/local/lib/android/sdk/cmdline-tools/16.0/bin/sdkmanager platform-tools
2026-09-09T13:45:38.8635689Z Loading package information...                                                  
2026-09-09T13:45:38.9609591Z Loading local repository...                                                     
2026-09-09T13:45:38.9611359Z [                                       ] 3% Loading local repository...        
2026-09-09T13:45:38.9718934Z [                                       ] 3% Fetch remote repository...         
2026-09-09T13:45:39.3056655Z [=                                      ] 3% Fetch remote repository...         
2026-09-09T13:45:39.3654441Z [=                                      ] 4% Fetch remote repository...         
2026-09-09T13:45:39.4105869Z [=                                      ] 5% Fetch remote repository...         
2026-09-09T13:45:39.4631534Z [==                                     ] 5% Fetch remote repository...         
2026-09-09T13:45:39.5580852Z [==                                     ] 6% Fetch remote repository...         
2026-09-09T13:45:39.6545452Z [==                                     ] 7% Fetch remote repository...         
2026-09-09T13:45:39.6561900Z [==                                     ] 7% Computing updates...               
2026-09-09T13:45:39.6677288Z [===                                    ] 8% Computing updates...               
2026-09-09T13:45:39.6737914Z [===                                    ] 10% Computing updates...              
2026-09-09T13:45:39.6743986Z [=======================================] 100% Computing updates...             
2026-09-09T13:45:39.6744551Z 
2026-09-09T13:45:39.7289288Z Prepare all required actions
2026-09-09T13:45:39.7289883Z Getting action download info
2026-09-09T13:45:39.8431548Z Download action repository 'subosito/flutter-action@v2' (SHA:1a449444c387b1966244ae4d4f8c696479add0b2)
2026-09-09T13:45:40.2913730Z Getting action download info
2026-09-09T13:45:40.4003958Z Download action repository 'actions/cache@v5' (SHA:caa296126883cff596d87d8935842f9db880ef25)
2026-09-09T13:45:40.5367155Z ##[group]Run ./.github/actions/setup-fluvi-flutter
2026-09-09T13:45:40.5367482Z env:
2026-09-09T13:45:40.5367797Z   JAVA_HOME: /opt/hostedtoolcache/Java_Temurin-Hotspot_jdk/17.0.20-1/x64
2026-09-09T13:45:40.5368308Z   JAVA_HOME_17_X64: /opt/hostedtoolcache/Java_Temurin-Hotspot_jdk/17.0.20-1/x64
2026-09-09T13:45:40.5368712Z   MAVEN_ARGS: -ntp
2026-09-09T13:45:40.5368945Z   ANDROID_HOME: /usr/local/lib/android/sdk
2026-09-09T13:45:40.5369276Z   ANDROID_SDK_ROOT: /usr/local/lib/android/sdk
2026-09-09T13:45:40.5369563Z ##[endgroup]
2026-09-09T13:45:40.5428577Z ##[start-action display=Run subosito/flutter-action@v2;id=__self.__subosito_flutter-action]
2026-09-09T13:45:40.5567290Z ##[group]Run subosito/flutter-action@v2
2026-09-09T13:45:40.5567580Z with:
2026-09-09T13:45:40.5567778Z   flutter-version: 3.41.4
2026-09-09T13:45:40.5568014Z   channel: stable
2026-09-09T13:45:40.5568216Z   cache: true
2026-09-09T13:45:40.5568411Z   architecture: X64
2026-09-09T13:45:40.5568633Z   pub-cache-path: default
2026-09-09T13:45:40.5568859Z   dry-run: false
2026-09-09T13:45:40.5569120Z   git-source: https://github.com/flutter/flutter.git
2026-09-09T13:45:40.5569423Z env:
2026-09-09T13:45:40.5569712Z   JAVA_HOME: /opt/hostedtoolcache/Java_Temurin-Hotspot_jdk/17.0.20-1/x64
2026-09-09T13:45:40.5570203Z   JAVA_HOME_17_X64: /opt/hostedtoolcache/Java_Temurin-Hotspot_jdk/17.0.20-1/x64
2026-09-09T13:45:40.5570587Z   MAVEN_ARGS: -ntp
2026-09-09T13:45:40.5570818Z   ANDROID_HOME: /usr/local/lib/android/sdk
2026-09-09T13:45:40.5571128Z   ANDROID_SDK_ROOT: /usr/local/lib/android/sdk
2026-09-09T13:45:40.5571415Z ##[endgroup]
2026-09-09T13:45:40.5577538Z ##[start-action display=Make yq tool available on Windows runners;id=__self.__subosito_flutter-action.__run]
2026-09-09T13:45:40.5590085Z ##[end-action id=__self.__subosito_flutter-action.__run;outcome=skipped;conclusion=skipped;duration_ms=0]
2026-09-09T13:45:40.5592326Z ##[start-action display=Make setup script executable;id=__self.__subosito_flutter-action.__run_2]
2026-09-09T13:45:40.5619821Z ##[group]Run chmod +x "$GITHUB_ACTION_PATH/setup.sh"
2026-09-09T13:45:40.5620244Z [36;1mchmod +x "$GITHUB_ACTION_PATH/setup.sh"[0m
2026-09-09T13:45:40.5659392Z shell: /usr/bin/bash --noprofile --norc -e -o pipefail {0}
2026-09-09T13:45:40.5659740Z env:
2026-09-09T13:45:40.5660055Z   JAVA_HOME: /opt/hostedtoolcache/Java_Temurin-Hotspot_jdk/17.0.20-1/x64
2026-09-09T13:45:40.5660566Z   JAVA_HOME_17_X64: /opt/hostedtoolcache/Java_Temurin-Hotspot_jdk/17.0.20-1/x64
2026-09-09T13:45:40.5660984Z   MAVEN_ARGS: -ntp
2026-09-09T13:45:40.5661235Z   ANDROID_HOME: /usr/local/lib/android/sdk
2026-09-09T13:45:40.5661542Z   ANDROID_SDK_ROOT: /usr/local/lib/android/sdk
2026-09-09T13:45:40.5661827Z ##[endgroup]
2026-09-09T13:45:40.5796726Z ##[end-action id=__self.__subosito_flutter-action.__run_2;outcome=success;conclusion=success;duration_ms=20]
2026-09-09T13:45:40.5799380Z ##[start-action display=Set action inputs;id=__self.__subosito_flutter-action.flutter-action]
2026-09-09T13:45:40.5839238Z ##[group]Run $GITHUB_ACTION_PATH/setup.sh -p \
2026-09-09T13:45:40.5839668Z [36;1m$GITHUB_ACTION_PATH/setup.sh -p \[0m
2026-09-09T13:45:40.5839961Z [36;1m  -n '3.41.4' \[0m
2026-09-09T13:45:40.5840187Z [36;1m  -f '' \[0m
2026-09-09T13:45:40.5840396Z [36;1m  -a 'X64' \[0m
2026-09-09T13:45:40.5840602Z [36;1m  -k '' \[0m
2026-09-09T13:45:40.5840800Z [36;1m  -c '' \[0m
2026-09-09T13:45:40.5840995Z [36;1m  -l '' \[0m
2026-09-09T13:45:40.5841195Z [36;1m  -d 'default' \[0m
2026-09-09T13:45:40.5841679Z [36;1m  -g 'https://github.com/flutter/flutter.git' \[0m
2026-09-09T13:45:40.5842200Z [36;1m  stable[0m
2026-09-09T13:45:40.5878752Z shell: /usr/bin/bash --noprofile --norc -e -o pipefail {0}
2026-09-09T13:45:40.5879116Z env:
2026-09-09T13:45:40.5879428Z   JAVA_HOME: /opt/hostedtoolcache/Java_Temurin-Hotspot_jdk/17.0.20-1/x64
2026-09-09T13:45:40.5879951Z   JAVA_HOME_17_X64: /opt/hostedtoolcache/Java_Temurin-Hotspot_jdk/17.0.20-1/x64
2026-09-09T13:45:40.5880341Z   MAVEN_ARGS: -ntp
2026-09-09T13:45:40.5880574Z   ANDROID_HOME: /usr/local/lib/android/sdk
2026-09-09T13:45:40.5880870Z   ANDROID_SDK_ROOT: /usr/local/lib/android/sdk
2026-09-09T13:45:40.5881154Z ##[endgroup]
2026-09-09T13:45:40.8233947Z ##[end-action id=__self.__subosito_flutter-action.flutter-action;outcome=success;conclusion=success;duration_ms=243]
2026-09-09T13:45:40.8240361Z ##[start-action display=Cache Flutter;id=__self.__subosito_flutter-action.cache-flutter]
2026-09-09T13:45:40.8280203Z ##[group]Run actions/cache@v5
2026-09-09T13:45:40.8280467Z with:
2026-09-09T13:45:40.8280730Z   path: /opt/hostedtoolcache/flutter/stable-3.41.4-x64
2026-09-09T13:45:40.8281201Z   key: flutter-linux-stable-3.41.4-x64-ff37bef603469fb030f2b72995ab929ccfc227f0
2026-09-09T13:45:40.8281639Z   enableCrossOsArchive: false
2026-09-09T13:45:40.8281898Z   fail-on-cache-miss: false
2026-09-09T13:45:40.8282129Z   lookup-only: false
2026-09-09T13:45:40.8282338Z   save-always: false
2026-09-09T13:45:40.8282532Z env:
2026-09-09T13:45:40.8282822Z   JAVA_HOME: /opt/hostedtoolcache/Java_Temurin-Hotspot_jdk/17.0.20-1/x64
2026-09-09T13:45:40.8283305Z   JAVA_HOME_17_X64: /opt/hostedtoolcache/Java_Temurin-Hotspot_jdk/17.0.20-1/x64
2026-09-09T13:45:40.8283686Z   MAVEN_ARGS: -ntp
2026-09-09T13:45:40.8283911Z   ANDROID_HOME: /usr/local/lib/android/sdk
2026-09-09T13:45:40.8284205Z   ANDROID_SDK_ROOT: /usr/local/lib/android/sdk
2026-09-09T13:45:40.8284482Z ##[endgroup]
2026-09-09T13:45:41.1717261Z Cache hit for: flutter-linux-stable-3.41.4-x64-ff37bef603469fb030f2b72995ab929ccfc227f0
2026-09-09T13:45:42.3968487Z Received 29360128 of 1660707274 (1.8%), 28.0 MBs/sec
2026-09-09T13:45:43.3952345Z Received 184549376 of 1660707274 (11.1%), 88.0 MBs/sec
2026-09-09T13:45:44.4323006Z Received 402653184 of 1660707274 (24.2%), 126.4 MBs/sec
2026-09-09T13:45:45.4384260Z Received 591396864 of 1660707274 (35.6%), 139.6 MBs/sec
2026-09-09T13:45:46.4367606Z Received 796917760 of 1660707274 (48.0%), 150.8 MBs/sec
2026-09-09T13:45:47.4349618Z Received 1002438656 of 1660707274 (60.4%), 158.3 MBs/sec
2026-09-09T13:45:48.4388106Z Received 1199570944 of 1660707274 (72.2%), 162.4 MBs/sec
2026-09-09T13:45:49.4368518Z Received 1337982976 of 1660707274 (80.6%), 158.6 MBs/sec
2026-09-09T13:45:50.4381563Z Received 1526726656 of 1660707274 (91.9%), 161.0 MBs/sec
2026-09-09T13:45:51.1210978Z Received 1660707274 of 1660707274 (100.0%), 162.8 MBs/sec
2026-09-09T13:45:51.1213561Z Cache Size: ~1584 MB (1660707274 B)
2026-09-09T13:45:51.1378577Z [command]/usr/bin/tar -xf /home/runner/work/_temp/80865761-0222-4a9e-bcb2-4282b636719b/cache.tzst -P -C /home/runner/work/exptv2/exptv2 --use-compress-program unzstd
2026-09-09T13:45:56.0217057Z Cache restored successfully
2026-09-09T13:45:56.1000676Z Cache restored from key: flutter-linux-stable-3.41.4-x64-ff37bef603469fb030f2b72995ab929ccfc227f0
2026-09-09T13:45:56.1137048Z ##[end-action id=__self.__subosito_flutter-action.cache-flutter;outcome=success;conclusion=success;duration_ms=15289]
2026-09-09T13:45:56.1139783Z ##[start-action display=Cache pub dependencies;id=__self.__subosito_flutter-action.cache-pub]
2026-09-09T13:45:56.3223260Z ##[group]Run actions/cache@v5
2026-09-09T13:45:56.3223524Z with:
2026-09-09T13:45:56.3223735Z   path: /home/runner/.pub-cache
2026-09-09T13:45:56.3224470Z   key: flutter-pub-linux-stable-3.41.4-x64-ff37bef603469fb030f2b72995ab929ccfc227f0-3da74abe0bcb4ea3ee040ccd40bcdef95f40382992cc63b2474d58c085587002
2026-09-09T13:45:56.3225235Z   enableCrossOsArchive: false
2026-09-09T13:45:56.3225499Z   fail-on-cache-miss: false
2026-09-09T13:45:56.3226233Z   lookup-only: false
2026-09-09T13:45:56.3226530Z   save-always: false
2026-09-09T13:45:56.3227043Z env:
2026-09-09T13:45:56.3227359Z   JAVA_HOME: /opt/hostedtoolcache/Java_Temurin-Hotspot_jdk/17.0.20-1/x64
2026-09-09T13:45:56.3227856Z   JAVA_HOME_17_X64: /opt/hostedtoolcache/Java_Temurin-Hotspot_jdk/17.0.20-1/x64
2026-09-09T13:45:56.3228248Z   MAVEN_ARGS: -ntp
2026-09-09T13:45:56.3228484Z   ANDROID_HOME: /usr/local/lib/android/sdk
2026-09-09T13:45:56.3228796Z   ANDROID_SDK_ROOT: /usr/local/lib/android/sdk
2026-09-09T13:45:56.3229080Z ##[endgroup]
2026-09-09T13:45:56.8891959Z Cache hit for: flutter-pub-linux-stable-3.41.4-x64-ff37bef603469fb030f2b72995ab929ccfc227f0-3da74abe0bcb4ea3ee040ccd40bcdef95f40382992cc63b2474d58c085587002
2026-09-09T13:45:58.1110567Z Received 24689928 of 24689928 (100.0%), 24.2 MBs/sec
2026-09-09T13:45:58.1111215Z Cache Size: ~24 MB (24689928 B)
2026-09-09T13:45:58.1141584Z [command]/usr/bin/tar -xf /home/runner/work/_temp/ceed7ced-e9c0-4001-8adf-93b604dceefd/cache.tzst -P -C /home/runner/work/exptv2/exptv2 --use-compress-program unzstd
2026-09-09T13:45:58.7727498Z Cache restored successfully
2026-09-09T13:45:58.7820842Z Cache restored from key: flutter-pub-linux-stable-3.41.4-x64-ff37bef603469fb030f2b72995ab929ccfc227f0-3da74abe0bcb4ea3ee040ccd40bcdef95f40382992cc63b2474d58c085587002
2026-09-09T13:45:58.7910738Z ##[end-action id=__self.__subosito_flutter-action.cache-pub;outcome=success;conclusion=success;duration_ms=2676]
2026-09-09T13:45:58.7915402Z ##[start-action display=Run setup script;id=__self.__subosito_flutter-action.__run_3]
2026-09-09T13:45:58.7955269Z ##[group]Run $GITHUB_ACTION_PATH/setup.sh \
2026-09-09T13:45:58.7955626Z [36;1m$GITHUB_ACTION_PATH/setup.sh \[0m
2026-09-09T13:45:58.7956248Z [36;1m  -n '3.41.4' \[0m
2026-09-09T13:45:58.7956512Z [36;1m  -a 'x64' \[0m
2026-09-09T13:45:58.7956832Z [36;1m  -c '/opt/hostedtoolcache/flutter/stable-3.41.4-x64' \[0m
2026-09-09T13:45:58.7957206Z [36;1m  -d '/home/runner/.pub-cache' \[0m
2026-09-09T13:45:58.7957515Z [36;1m  stable[0m
2026-09-09T13:45:58.7993457Z shell: /usr/bin/bash --noprofile --norc -e -o pipefail {0}
2026-09-09T13:45:58.7993818Z env:
2026-09-09T13:45:58.7994140Z   JAVA_HOME: /opt/hostedtoolcache/Java_Temurin-Hotspot_jdk/17.0.20-1/x64
2026-09-09T13:45:58.7994655Z   JAVA_HOME_17_X64: /opt/hostedtoolcache/Java_Temurin-Hotspot_jdk/17.0.20-1/x64
2026-09-09T13:45:58.7995060Z   MAVEN_ARGS: -ntp
2026-09-09T13:45:58.7995296Z   ANDROID_HOME: /usr/local/lib/android/sdk
2026-09-09T13:45:58.7995617Z   ANDROID_SDK_ROOT: /usr/local/lib/android/sdk
2026-09-09T13:45:58.7996151Z ##[endgroup]
2026-09-09T13:45:58.9993860Z ##[end-action id=__self.__subosito_flutter-action.__run_3;outcome=success;conclusion=success;duration_ms=207]
2026-09-09T13:45:59.0031072Z ##[end-action id=__self.__subosito_flutter-action;outcome=success;conclusion=success;duration_ms=18460]
2026-09-09T13:45:59.0033254Z ##[start-action display=Get Flutter packages;id=__self.__run]
2026-09-09T13:45:59.0049290Z ##[group]Run flutter pub get
2026-09-09T13:45:59.0049597Z [36;1mflutter pub get[0m
2026-09-09T13:45:59.0085691Z shell: /usr/bin/bash --noprofile --norc -e -o pipefail {0}
2026-09-09T13:45:59.0086314Z env:
2026-09-09T13:45:59.0086645Z   JAVA_HOME: /opt/hostedtoolcache/Java_Temurin-Hotspot_jdk/17.0.20-1/x64
2026-09-09T13:45:59.0087156Z   JAVA_HOME_17_X64: /opt/hostedtoolcache/Java_Temurin-Hotspot_jdk/17.0.20-1/x64
2026-09-09T13:45:59.0087562Z   MAVEN_ARGS: -ntp
2026-09-09T13:45:59.0087801Z   ANDROID_HOME: /usr/local/lib/android/sdk
2026-09-09T13:45:59.0088113Z   ANDROID_SDK_ROOT: /usr/local/lib/android/sdk
2026-09-09T13:45:59.0088510Z   FLUTTER_ROOT: /opt/hostedtoolcache/flutter/stable-3.41.4-x64/flutter
2026-09-09T13:45:59.0088899Z   PUB_CACHE: /home/runner/.pub-cache
2026-09-09T13:45:59.0089169Z ##[endgroup]
2026-09-09T13:45:59.2406802Z Resolving dependencies...
2026-09-09T13:45:59.2831571Z Downloading packages...
2026-09-09T13:45:59.3499561Z   clock 1.1.2 (1.1.3 available)
2026-09-09T13:45:59.3500276Z   matcher 0.12.19 (0.12.20 available)
2026-09-09T13:45:59.3501072Z   material_color_utilities 0.13.0 (0.13.1 available)
2026-09-09T13:45:59.3501739Z   meta 1.17.0 (1.19.0 available)
2026-09-09T13:45:59.3502168Z   platform 3.1.6 (3.2.0 available)
2026-09-09T13:45:59.3502599Z   process 5.0.5 (5.0.6 available)
2026-09-09T13:45:59.3503038Z   stack_trace 1.12.1 (1.12.2 available)
2026-09-09T13:45:59.3503475Z   test_api 0.7.10 (0.7.14 available)
2026-09-09T13:45:59.3503917Z   vector_graphics 1.2.2 (1.2.3 available)
2026-09-09T13:45:59.3504371Z   vector_math 2.2.0 (2.4.2 available)
2026-09-09T13:45:59.3504810Z   vm_service 15.2.0 (15.3.0 available)
2026-09-09T13:45:59.3505237Z Got dependencies!
2026-09-09T13:45:59.3506509Z 11 packages have newer versions incompatible with dependency constraints.
2026-09-09T13:45:59.3507400Z Try `flutter pub outdated` for more information.
2026-09-09T13:45:59.6240993Z ##[end-action id=__self.__run;outcome=success;conclusion=success;duration_ms=620]
2026-09-09T13:45:59.6292998Z ##[group]Run test -e /dev/kvm
2026-09-09T13:45:59.6293369Z [36;1mtest -e /dev/kvm[0m
2026-09-09T13:45:59.6293644Z [36;1msudo chmod 0666 /dev/kvm[0m
2026-09-09T13:45:59.6293913Z [36;1mtest -r /dev/kvm[0m
2026-09-09T13:45:59.6294146Z [36;1mtest -w /dev/kvm[0m
2026-09-09T13:45:59.6294382Z [36;1mlscpu[0m
2026-09-09T13:45:59.6294686Z [36;1mprofile_curl_home="$RUNNER_TEMP/fluvi-profile-curl"[0m
2026-09-09T13:45:59.6295073Z [36;1mmkdir -p "$profile_curl_home"[0m
2026-09-09T13:45:59.6295362Z [36;1mprintf '%s\n' \[0m
2026-09-09T13:45:59.6295601Z [36;1m  'retry = 5' \[0m
2026-09-09T13:45:59.6295851Z [36;1m  'retry-all-errors' \[0m
2026-09-09T13:45:59.6296432Z [36;1m  'retry-delay = 2' \[0m
2026-09-09T13:45:59.6296700Z [36;1m  'continue-at = -' \[0m
2026-09-09T13:45:59.6296981Z [36;1m  > "$profile_curl_home/.curlrc"[0m
2026-09-09T13:45:59.6297371Z [36;1mprintf 'CURL_HOME=%s\n' "$profile_curl_home" >> "$GITHUB_ENV"[0m
2026-09-09T13:45:59.6334505Z shell: /usr/bin/bash -e {0}
2026-09-09T13:45:59.6334783Z env:
2026-09-09T13:45:59.6335127Z   JAVA_HOME: /opt/hostedtoolcache/Java_Temurin-Hotspot_jdk/17.0.20-1/x64
2026-09-09T13:45:59.6335654Z   JAVA_HOME_17_X64: /opt/hostedtoolcache/Java_Temurin-Hotspot_jdk/17.0.20-1/x64
2026-09-09T13:45:59.6336345Z   MAVEN_ARGS: -ntp
2026-09-09T13:45:59.6336603Z   ANDROID_HOME: /usr/local/lib/android/sdk
2026-09-09T13:45:59.6336917Z   ANDROID_SDK_ROOT: /usr/local/lib/android/sdk
2026-09-09T13:45:59.6337315Z   FLUTTER_ROOT: /opt/hostedtoolcache/flutter/stable-3.41.4-x64/flutter
2026-09-09T13:45:59.6337700Z   PUB_CACHE: /home/runner/.pub-cache
2026-09-09T13:45:59.6337969Z ##[endgroup]
2026-09-09T13:45:59.6597352Z Architecture:                            x86_64
2026-09-09T13:45:59.6597937Z CPU op-mode(s):                          32-bit, 64-bit
2026-09-09T13:45:59.6598475Z Address sizes:                           48 bits physical, 48 bits virtual
2026-09-09T13:45:59.6598977Z Byte Order:                              Little Endian
2026-09-09T13:45:59.6599413Z CPU(s):                                  4
2026-09-09T13:45:59.6599802Z On-line CPU(s) list:                     0-3
2026-09-09T13:45:59.6600210Z Vendor ID:                               AuthenticAMD
2026-09-09T13:45:59.6600698Z Model name:                              AMD EPYC 7763 64-Core Processor
2026-09-09T13:45:59.6601142Z CPU family:                              25
2026-09-09T13:45:59.6601508Z Model:                                   1
2026-09-09T13:45:59.6601852Z Thread(s) per core:                      2
2026-09-09T13:45:59.6602205Z Core(s) per socket:                      2
2026-09-09T13:45:59.6602544Z Socket(s):                               1
2026-09-09T13:45:59.6602881Z Stepping:                                1
2026-09-09T13:45:59.6603258Z BogoMIPS:                                4890.84
2026-09-09T13:45:59.6607116Z Flags:                                   fpu vme de pse tsc msr pae mce cx8 apic sep mtrr pge mca cmov pat pse36 clflush mmx fxsr sse sse2 ht syscall nx mmxext fxsr_opt pdpe1gb rdtscp lm constant_tsc rep_good nopl tsc_reliable nonstop_tsc cpuid extd_apicid aperfmperf tsc_known_freq pni pclmulqdq ssse3 fma cx16 pcid sse4_1 sse4_2 movbe popcnt aes xsave avx f16c rdrand hypervisor lahf_lm cmp_legacy svm cr8_legacy abm sse4a misalignsse 3dnowprefetch osvw topoext vmmcall fsgsbase bmi1 avx2 smep bmi2 erms invpcid rdseed adx smap clflushopt clwb sha_ni xsaveopt xsavec xgetbv1 xsaves user_shstk clzero xsaveerptr rdpru arat npt nrip_save tsc_scale vmcb_clean flushbyasid decodeassists pausefilter pfthreshold v_vmsave_vmload umip vaes vpclmulqdq rdpid fsrm
2026-09-09T13:45:59.6610172Z Virtualization:                          AMD-V
2026-09-09T13:45:59.6610600Z Hypervisor vendor:                       Microsoft
2026-09-09T13:45:59.6610993Z Virtualization type:                     full
2026-09-09T13:45:59.6611416Z L1d cache:                               64 KiB (2 instances)
2026-09-09T13:45:59.6611868Z L1i cache:                               64 KiB (2 instances)
2026-09-09T13:45:59.6612485Z L2 cache:                                1 MiB (2 instances)
2026-09-09T13:45:59.6612966Z L3 cache:                                32 MiB (1 instance)
2026-09-09T13:45:59.6613352Z NUMA node(s):                            1
2026-09-09T13:45:59.6613718Z NUMA node0 CPU(s):                       0-3
2026-09-09T13:45:59.6614122Z Vulnerability Gather data sampling:      Not affected
2026-09-09T13:45:59.6614567Z Vulnerability Ghostwrite:                Not affected
2026-09-09T13:45:59.6615000Z Vulnerability Indirect target selection: Not affected
2026-09-09T13:45:59.6615527Z Vulnerability Itlb multihit:             Not affected
2026-09-09T13:45:59.6616645Z Vulnerability L1tf:                      Not affected
2026-09-09T13:45:59.6617382Z Vulnerability Mds:                       Not affected
2026-09-09T13:45:59.6618073Z Vulnerability Meltdown:                  Not affected
2026-09-09T13:45:59.6618506Z Vulnerability Mmio stale data:           Not affected
2026-09-09T13:45:59.6618935Z Vulnerability Old microcode:             Not affected
2026-09-09T13:45:59.6619373Z Vulnerability Reg file data sampling:    Not affected
2026-09-09T13:45:59.6619794Z Vulnerability Retbleed:                  Not affected
2026-09-09T13:45:59.6620333Z Vulnerability Spec rstack overflow:      Vulnerable: Safe RET, no microcode
2026-09-09T13:45:59.6620847Z Vulnerability Spec store bypass:         Vulnerable
2026-09-09T13:45:59.6621500Z Vulnerability Spectre v1:                Mitigation; usercopy/swapgs barriers and __user pointer sanitization
2026-09-09T13:45:59.6622431Z Vulnerability Spectre v2:                Mitigation; Retpolines; STIBP disabled; RSB filling; PBRSB-eIBRS Not affected; BHI Not affected
2026-09-09T13:45:59.6623113Z Vulnerability Srbds:                     Not affected
2026-09-09T13:45:59.6623586Z Vulnerability Tsa:                       Vulnerable: No microcode
2026-09-09T13:45:59.6624049Z Vulnerability Tsx async abort:           Not affected
2026-09-09T13:45:59.6624484Z Vulnerability Vmscape:                   Not affected
2026-09-09T13:45:59.6687809Z ##[group]Run reactivecircus/android-emulator-runner@v2
2026-09-09T13:45:59.6688198Z with:
2026-09-09T13:45:59.6688399Z   api-level: 35
2026-09-09T13:45:59.6688627Z   emulator-build: 15081367
2026-09-09T13:45:59.6688862Z   target: default
2026-09-09T13:45:59.6689066Z   arch: x86_64
2026-09-09T13:45:59.6689275Z   profile: pixel_7
2026-09-09T13:45:59.6689482Z   cores: 4
2026-09-09T13:45:59.6689670Z   ram-size: 2048M
2026-09-09T13:45:59.6689898Z   disable-animations: false
2026-09-09T13:45:59.6690460Z   emulator-options: -no-window -gpu swangle -feature -Vulkan -accel on -no-snapshot -noaudio -no-boot-anim -camera-back none
2026-09-09T13:45:59.6692964Z   pre-emulator-launch-script: flutter build apk --profile --target=integration_test/dashboard_interaction_profile_test.dart --dart-define=FLUVI_VERBOSE_FLOW=false --dart-define=FLUVI_RAIL_FLIGHT_RECORDER=true --dart-define=FLUVI_PHYSICAL_RAIL_DIAGNOSTICS=true --dart-define=FLUVI_ONSCREEN_DIAGNOSTICS=true --dart-define=FLUVI_BUILD_PURPOSE=automated_profile_test --dart-define=FLUVI_AUTOMATED_SCENARIO_RUNNER_PRESENT=true --dart-define=FLUVI_AUTOMATED_INPUT_DRIVER_ACTIVE=true --dart-define=FLUVI_BUILD_COMMIT=33ee878b070345c336bb73df2b087d9a63c87c5a && (cd android && ./gradlew --stop)
2026-09-09T13:45:59.6695593Z   script: ./scripts/run-dashboard-profile.sh --use-application-binary=build/app/outputs/flutter-apk/app-profile.apk
2026-09-09T13:45:59.6696427Z   avd-name: test
2026-09-09T13:45:59.6696648Z   force-avd-creation: true
2026-09-09T13:45:59.6696910Z   emulator-boot-timeout: 600
2026-09-09T13:45:59.6697160Z   emulator-port: 5554
2026-09-09T13:45:59.6697400Z   disable-spellchecker: false
2026-09-09T13:45:59.6697675Z   disable-linux-hw-accel: auto
2026-09-09T13:45:59.6697933Z   enable-hw-keyboard: false
2026-09-09T13:45:59.6698173Z   channel: stable
2026-09-09T13:45:59.6698389Z env:
2026-09-09T13:45:59.6698705Z   JAVA_HOME: /opt/hostedtoolcache/Java_Temurin-Hotspot_jdk/17.0.20-1/x64
2026-09-09T13:45:59.6699247Z   JAVA_HOME_17_X64: /opt/hostedtoolcache/Java_Temurin-Hotspot_jdk/17.0.20-1/x64
2026-09-09T13:45:59.6699669Z   MAVEN_ARGS: -ntp
2026-09-09T13:45:59.6699917Z   ANDROID_HOME: /usr/local/lib/android/sdk
2026-09-09T13:45:59.6700245Z   ANDROID_SDK_ROOT: /usr/local/lib/android/sdk
2026-09-09T13:45:59.6700640Z   FLUTTER_ROOT: /opt/hostedtoolcache/flutter/stable-3.41.4-x64/flutter
2026-09-09T13:45:59.6701031Z   PUB_CACHE: /home/runner/.pub-cache
2026-09-09T13:45:59.6701356Z   CURL_HOME: /home/runner/work/_temp/fluvi-profile-curl
2026-09-09T13:45:59.6701679Z ##[endgroup]
2026-09-09T13:45:59.7301919Z ##[group]Configure emulator
2026-09-09T13:45:59.7304819Z API level: 35
2026-09-09T13:45:59.7305207Z System image API level: 35
2026-09-09T13:45:59.7305669Z target: default
2026-09-09T13:45:59.7306816Z CPU architecture: x86_64
2026-09-09T13:45:59.7307400Z Hardware profile: pixel_7
2026-09-09T13:45:59.7309685Z Cores: 4
2026-09-09T13:45:59.7310163Z RAM size: 2048M
2026-09-09T13:45:59.7310621Z Heap size: 
2026-09-09T13:45:59.7311120Z SD card path or size: 
2026-09-09T13:45:59.7311853Z Disk size: 
2026-09-09T13:45:59.7312419Z AVD name: test
2026-09-09T13:45:59.7313120Z force avd creation: true
2026-09-09T13:45:59.7313870Z Emulator boot timeout: 600
2026-09-09T13:45:59.7314588Z emulator port: 5554
2026-09-09T13:45:59.7316290Z emulator options: -no-window -gpu swangle -feature -Vulkan -accel on -no-snapshot -noaudio -no-boot-anim -camera-back none
2026-09-09T13:45:59.7317663Z disable animations: false
2026-09-09T13:45:59.7318418Z disable spellchecker: false
2026-09-09T13:45:59.7319238Z disable Linux hardware acceleration: false
2026-09-09T13:45:59.7320073Z enable hardware keyboard: false
2026-09-09T13:45:59.7320726Z using emulator build: 15081367
2026-09-09T13:45:59.7321360Z Channel: 0 (stable)
2026-09-09T13:45:59.7321975Z Script:
2026-09-09T13:45:59.7323228Z ./scripts/run-dashboard-profile.sh --use-application-binary=build/app/outputs/flutter-apk/app-profile.apk
2026-09-09T13:45:59.7324496Z Pre emulator launch script:
2026-09-09T13:45:59.7330139Z flutter build apk --profile --target=integration_test/dashboard_interaction_profile_test.dart --dart-define=FLUVI_VERBOSE_FLOW=false --dart-define=FLUVI_RAIL_FLIGHT_RECORDER=true --dart-define=FLUVI_PHYSICAL_RAIL_DIAGNOSTICS=true --dart-define=FLUVI_ONSCREEN_DIAGNOSTICS=true --dart-define=FLUVI_BUILD_PURPOSE=automated_profile_test --dart-define=FLUVI_AUTOMATED_SCENARIO_RUNNER_PRESENT=true --dart-define=FLUVI_AUTOMATED_INPUT_DRIVER_ACTIVE=true --dart-define=FLUVI_BUILD_COMMIT=33ee878b070345c336bb73df2b087d9a63c87c5a && (cd android && ./gradlew --stop)
2026-09-09T13:45:59.7334196Z ##[endgroup]
2026-09-09T13:45:59.7334814Z ##[group]Install Android SDK
2026-09-09T13:45:59.7385190Z [command]/usr/bin/sh -c \yes | sdkmanager --licenses > /dev/null
2026-09-09T13:46:01.2095644Z Warning: This version only understands SDK XML versions up to 3 but an SDK XML file of version 4 was encountered. This can happen if you use versions of Android Studio and the command-line tools that were released at different times.
2026-09-09T13:46:03.4498575Z Installing latest build tools, platform tools, and platform.
2026-09-09T13:46:03.4520191Z [command]/usr/bin/sh -c \sdkmanager --install 'build-tools;37.0.0' platform-tools 'platforms;android-35'> /dev/null
2026-09-09T13:46:04.1409016Z Warning: This version only understands SDK XML versions up to 3 but an SDK XML file of version 4 was encountered. This can happen if you use versions of Android Studio and the command-line tools that were released at different times.
2026-09-09T13:46:05.2002390Z Installing latest emulator.
2026-09-09T13:46:05.2021246Z [command]/usr/bin/sh -c \sdkmanager --install emulator --channel=0 > /dev/null
2026-09-09T13:46:05.8599176Z Warning: This version only understands SDK XML versions up to 3 but an SDK XML file of version 4 was encountered. This can happen if you use versions of Android Studio and the command-line tools that were released at different times.
2026-09-09T13:46:06.8652068Z Installing emulator build 15081367.
2026-09-09T13:46:06.8674419Z [command]/usr/bin/curl -fo emulator.zip https://dl.google.com/android/repository/emulator-linux_x64-15081367.zip
2026-09-09T13:46:06.8743462Z   % Total    % Received % Xferd  Average Speed   Time    Time     Time  Current
2026-09-09T13:46:06.8744578Z                                  Dload  Upload   Total   Spent    Left  Speed
2026-09-09T13:46:06.8745514Z 
2026-09-09T13:46:07.7284706Z   0     0    0     0    0     0      0      0 --:--:-- --:--:-- --:--:--     0
2026-09-09T13:46:07.9145613Z  73  316M   73  231M    0     0   271M      0  0:00:01 --:--:--  0:00:01  270M
2026-09-09T13:46:07.9146873Z 100  316M  100  316M    0     0   303M      0  0:00:01  0:00:01 --:--:--  304M
2026-09-09T13:46:07.9195606Z [command]/usr/bin/unzip -o -q emulator.zip -d /usr/local/lib/android/sdk
2026-09-09T13:46:13.9076961Z Installing system images.
2026-09-09T13:46:13.9100621Z [command]/usr/bin/sh -c \sdkmanager --install 'system-images;android-35;default;x86_64' --channel=0 > /dev/null
2026-09-09T13:46:14.5809027Z Warning: This version only understands SDK XML versions up to 3 but an SDK XML file of version 4 was encountered. This can happen if you use versions of Android Studio and the command-line tools that were released at different times.
2026-09-09T13:46:28.6597869Z ##[endgroup]
2026-09-09T13:46:28.6599593Z ##[group]Create AVD
2026-09-09T13:46:28.6600166Z Creating AVD.
2026-09-09T13:46:28.6654852Z [command]/usr/bin/sh -c \echo no | avdmanager create avd --force -n test --package 'system-images;android-35;default;x86_64' --device 'pixel_7'
2026-09-09T13:46:29.3197591Z Loading local repository...                                                     
2026-09-09T13:46:29.3218420Z Warning: This version only understands SDK XML versions up to 3 but an SDK XML file of version 4 was encountered. This can happen if you use versions of Android Studio and the command-line tools that were released at different times.
2026-09-09T13:46:29.4728248Z [=========                              ] 25% Loading local repository...       
2026-09-09T13:46:29.4747819Z [=========                              ] 25% Fetch remote repository...        
2026-09-09T13:46:29.4757256Z [=======================================] 100% Fetch remote repository...       
2026-09-09T13:46:29.5477884Z Auto-selecting single ABI x86_64
2026-09-09T13:46:30.0190868Z [command]/usr/bin/sh -c \printf 'hw.cpu.ncore=4\nhw.ramSize=2048M\n' >> /home/runner/.android/avd/test.avd/config.ini
2026-09-09T13:46:30.0213583Z ##[endgroup]
2026-09-09T13:46:30.0214121Z ##[group]Run pre emulator launch script
2026-09-09T13:46:30.0237608Z [command]/usr/bin/sh -c flutter build apk --profile --target=integration_test/dashboard_interaction_profile_test.dart --dart-define=FLUVI_VERBOSE_FLOW=false --dart-define=FLUVI_RAIL_FLIGHT_RECORDER=true --dart-define=FLUVI_PHYSICAL_RAIL_DIAGNOSTICS=true --dart-define=FLUVI_ONSCREEN_DIAGNOSTICS=true --dart-define=FLUVI_BUILD_PURPOSE=automated_profile_test --dart-define=FLUVI_AUTOMATED_SCENARIO_RUNNER_PRESENT=true --dart-define=FLUVI_AUTOMATED_INPUT_DRIVER_ACTIVE=true --dart-define=FLUVI_BUILD_COMMIT=33ee878b070345c336bb73df2b087d9a63c87c5a && (cd android && ./gradlew --stop)
2026-09-09T13:46:30.2474784Z Resolving dependencies...
2026-09-09T13:46:30.2874160Z Downloading packages...
2026-09-09T13:46:30.3481017Z   clock 1.1.2 (1.1.3 available)
2026-09-09T13:46:30.3481722Z   matcher 0.12.19 (0.12.20 available)
2026-09-09T13:46:30.3482549Z   material_color_utilities 0.13.0 (0.13.1 available)
2026-09-09T13:46:30.3483243Z   meta 1.17.0 (1.19.0 available)
2026-09-09T13:46:30.3483932Z   platform 3.1.6 (3.2.0 available)
2026-09-09T13:46:30.3484583Z   process 5.0.5 (5.0.6 available)
2026-09-09T13:46:30.3485252Z   stack_trace 1.12.1 (1.12.2 available)
2026-09-09T13:46:30.3486141Z   test_api 0.7.10 (0.7.14 available)
2026-09-09T13:46:30.3486866Z   vector_graphics 1.2.2 (1.2.3 available)
2026-09-09T13:46:30.3487492Z   vector_math 2.2.0 (2.4.2 available)
2026-09-09T13:46:30.3488082Z   vm_service 15.2.0 (15.3.0 available)
2026-09-09T13:46:30.3488606Z Got dependencies!
2026-09-09T13:46:30.3489375Z 11 packages have newer versions incompatible with dependency constraints.
2026-09-09T13:46:30.3490277Z Try `flutter pub outdated` for more information.
2026-09-09T13:48:45.0696671Z Running Gradle task 'assembleProfile'...                        
2026-09-09T13:48:45.0756823Z Font asset "IconsaxPlusBold.ttf" was tree-shaken, reducing it from 244128 to 1744 bytes (99.3% reduction). Tree-shaking can be disabled by providing the --no-tree-shake-icons flag when building your app.
2026-09-09T13:48:45.0782173Z Font asset "MaterialIcons-Regular.otf" was tree-shaken, reducing it from 1645184 to 5460 bytes (99.7% reduction). Tree-shaking can be disabled by providing the --no-tree-shake-icons flag when building your app.
2026-09-09T13:48:45.0808140Z Font asset "IconsaxPlusLinear.ttf" was tree-shaken, reducing it from 521560 to 3188 bytes (99.4% reduction). Tree-shaking can be disabled by providing the --no-tree-shake-icons flag when building your app.
2026-09-09T13:50:48.2417725Z Checking the license for package CMake 3.22.1 in /usr/local/lib/android/sdk/licenses
2026-09-09T13:50:48.2477049Z License for package CMake 3.22.1 accepted.
2026-09-09T13:50:48.2490881Z Preparing "Install CMake 3.22.1 v.3.22.1".
2026-09-09T13:50:49.7400164Z "Install CMake 3.22.1 v.3.22.1" ready.
2026-09-09T13:50:49.7427158Z Installing CMake 3.22.1 in /usr/local/lib/android/sdk/cmake/3.22.1
2026-09-09T13:50:49.7452778Z "Install CMake 3.22.1 v.3.22.1" complete.
2026-09-09T13:50:50.1417529Z "Install CMake 3.22.1 v.3.22.1" finished.
2026-09-09T13:51:27.1814332Z Running Gradle task 'assembleProfile'...                          296.6s
2026-09-09T13:51:27.9098124Z ✓ Built build/app/outputs/flutter-apk/app-profile.apk (86.6MB)
2026-09-09T13:51:28.5915782Z 
2026-09-09T13:51:28.5917179Z Welcome to Gradle 8.14!
2026-09-09T13:51:28.5917713Z 
2026-09-09T13:51:28.5918197Z Here are the highlights of this release:
2026-09-09T13:51:28.5918933Z  - Java 24 support
2026-09-09T13:51:28.5919626Z  - GraalVM Native Image toolchain selection
2026-09-09T13:51:28.5920950Z  - Enhancements to test reporting
2026-09-09T13:51:28.5921765Z  - Build Authoring improvements
2026-09-09T13:51:28.5929910Z 
2026-09-09T13:51:28.5930718Z For more details see https://docs.gradle.org/8.14/release-notes.html
2026-09-09T13:51:28.5931570Z 
2026-09-09T13:51:28.6737816Z Stopping Daemon(s)
2026-09-09T13:51:28.6740853Z 1 Daemon stopped
2026-09-09T13:51:28.6904102Z ##[endgroup]
2026-09-09T13:51:28.6905784Z ##[group]Launch Emulator
2026-09-09T13:51:28.6906902Z Starting emulator.
2026-09-09T13:51:28.6996862Z [command]/usr/bin/sh -c \/usr/local/lib/android/sdk/emulator/emulator -port 5554 -avd test -no-window -gpu swangle -feature -Vulkan -accel on -no-snapshot -noaudio -no-boot-anim -camera-back none &
2026-09-09T13:51:28.7334639Z INFO         | Android emulator version 36.5.10.0 (build_id 15081367) (CL:N/A)
2026-09-09T13:51:28.7336930Z INFO         | Graphics backend: gfxstream
2026-09-09T13:51:28.7337909Z INFO         | Found systemPath /usr/local/lib/android/sdk/system-images/android-35/default/x86_64/
2026-09-09T13:51:29.2858807Z INFO         | Feature 'Vulkan' (21) is overridden to 'disabled'
2026-09-09T13:51:29.2860153Z INFO         | Increasing RAM size to 2048MB
2026-09-09T13:51:29.2860989Z INFO         | Guest GLES Driver: Auto (ext controls)
2026-09-09T13:51:29.2862116Z INFO         | emuglConfig_init: vulkan_mode_selected:swiftshader gles_mode_selected:swangle
2026-09-09T13:51:29.2863149Z INFO         | Checking system compatibility:
2026-09-09T13:51:29.2863936Z INFO         |   Checking: hasSufficientDiskSpace
2026-09-09T13:51:29.2864855Z INFO         |      Ok: Disk space requirements to run avd: `test` are met
2026-09-09T13:51:29.2865735Z INFO         |   Checking: hasSufficientHwGpu
2026-09-09T13:51:29.2867091Z INFO         |      Ok: Hardware GPU compatibility checks are not required
2026-09-09T13:51:29.2867995Z INFO         |   Checking: hasSufficientSystem
2026-09-09T13:51:29.2868966Z INFO         |      Ok: System requirements to run avd: `test` are met
2026-09-09T13:51:29.2870041Z ERROR        | Unable to connect to adb daemon on port: 5037
2026-09-09T13:51:29.2871340Z INFO         | Storing crashdata in: /tmp/android-runner/emu-crash-36.5.10.db, detection is enabled for process: 3799
2026-09-09T13:51:29.2872446Z INFO         | Initializing gfxstream backend
2026-09-09T13:51:29.2887020Z INFO         | android_startOpenglesRenderer: gpu info
2026-09-09T13:51:29.2887931Z INFO         | 
2026-09-09T13:51:29.2979965Z INFO         | SharedLibrary::open for [libX11]
2026-09-09T13:51:29.2981176Z WARNING      | Could not open libX11.so, try libX11.so.6
2026-09-09T13:51:29.2982337Z INFO         | SharedLibrary::open for [libX11.so.6]
2026-09-09T13:51:29.2983529Z INFO         | SharedLibrary::open for [libX11-xcb]
2026-09-09T13:51:29.2984274Z WARNING      | Could not open libX11-xcb.so, try libX11-xcb.so.1
2026-09-09T13:51:29.2985068Z INFO         | SharedLibrary::open for [libX11-xcb.so.1]
2026-09-09T13:51:29.3027220Z INFO         | Graphics Adapter Vendor Google (Google Inc. (Google))
2026-09-09T13:51:29.3028707Z INFO         | Graphics Adapter Android Emulator OpenGL ES Translator (ANGLE (Google, Vulkan 1.2.0 (SwiftShader Device (Subzero) (0x0000C0DE)), SwiftShader driver-5.0.0))
2026-09-09T13:51:29.3030040Z INFO         | Graphics API Version OpenGL ES 3.0 (OpenGL ES 3.1.0 (ANGLE 2.1.17841 git hash: 5fa2e61da947))
2026-09-09T13:51:29.3034761Z INFO         | Graphics API Extensions GL_OES_EGL_sync GL_OES_EGL_image GL_OES_EGL_image_external GL_OES_depth24 GL_OES_depth32 GL_OES_element_index_uint GL_OES_texture_float GL_OES_texture_float_linear GL_OES_compressed_paletted_texture GL_OES_compressed_ETC1_RGB8_texture GL_OES_depth_texture GL_OES_texture_half_float GL_OES_texture_half_float_linear GL_OES_packed_depth_stencil GL_OES_vertex_half_float GL_OES_standard_derivatives GL_OES_texture_npot GL_OES_rgb8_rgba8 GL_OVR_multiview2 GL_EXT_color_buffer_float GL_EXT_color_buffer_half_float GL_EXT_texture_format_BGRA8888 GL_APPLE_texture_format_BGRA8888 GL_EXT_draw_buffers_indexed GL_EXT_clip_cull_distance 
2026-09-09T13:51:29.3038932Z INFO         | Graphics Device Extensions N/A
2026-09-09T13:51:29.3045976Z ERROR        | Setting read-only feature 'GLAsyncSwap' to '0'
2026-09-09T13:51:29.3047297Z INFO         | Feature 'GLAsyncSwap' (50) is overridden to 'disabled'
2026-09-09T13:51:29.3058966Z INFO         | Sending adb public key [QAAAAKWRNkTTEdKWgH6in2Mhk1KVXSSUas/FWvjQ1+X4HGz22waLhWr/pm7TCtCP7lO1k2YKt3DDgYSyVd82uQts9+7r7dcEBbcF3eUMuRzpKJVSucfRweP/Qbq1jTLoKuPMPPLsr6oliihiGMUQkVU/g35Ktsna1PE0IzMQ0DUNKwGEcXMYDX2djZEI9lC5spskXNGGF75X9+y0+IheZ/mn5OcjO5OwjThBQ4FsBG9xwOaGQBOvlmnYXVGZDb1BKahqYZc6P6b7kKi8X+02Gjpz1UF/u4azArYcdwXjeCH0JjqzPy4Uz7J8xq3JEfmGxJepAnW8H9iiGxjuBnsNmM97enjq1SuuI+pxmdBj+Lr5sU+uQ9CD2ZZmBxSf+bLQhgB4iq2hmhnmRtYe/qDtCH0qZtwSX34JId7AJnBNKeKXC+t+2wOjqBLRPr7/7vmphJnl1H4jgICg8FZK3tbkDO/o0iSssdATby4tgB8SVKaIG2pQymLaV8Q8ZAX3ujVlLxgaqMf7hB/AlWeKvzf36vnVPPzhYrMLgBl5eqojUjPDgWAaYuIX2BKX/plEkvRISzLyF4HKMXzMec0gDLzDqLRDji3VLaXiqcrNfP7v0YrvCK/Pty+LPF7zfQkDRtw+nU53jbNLSIvhT2fLDn5KcDQlKq9TGqe+PLUPM0+wYXQlCe5+eBQmIgEAAQA= runner@unknown]
2026-09-09T13:51:29.3065709Z INFO         | Userspace boot properties:
2026-09-09T13:51:29.3067570Z INFO         |   androidboot.boot_devices=pci0000:00/0000:00:03.0 pci0000:00/0000:00:06.0
2026-09-09T13:51:29.3068759Z INFO         |   androidboot.dalvik.vm.heapsize=512m
2026-09-09T13:51:29.3069926Z INFO         |   androidboot.debug.hwui.renderer=skiagl
2026-09-09T13:51:29.3070756Z INFO         |   androidboot.debug.sf.nobootanimation=1
2026-09-09T13:51:29.3071399Z INFO         |   androidboot.hardware=ranchu
2026-09-09T13:51:29.3072262Z INFO         |   androidboot.hardware.gltransport=pipe
2026-09-09T13:51:29.3072974Z INFO         |   androidboot.logcat=*:V
2026-09-09T13:51:29.3073705Z INFO         |   androidboot.opengles.version=196609
2026-09-09T13:51:29.3074376Z INFO         |   androidboot.qemu=1
2026-09-09T13:51:29.3082314Z INFO         |   androidboot.qemu.adb.pubkey=QAAAAKWRNkTTEdKWgH6in2Mhk1KVXSSUas/FWvjQ1+X4HGz22waLhWr/pm7TCtCP7lO1k2YKt3DDgYSyVd82uQts9+7r7dcEBbcF3eUMuRzpKJVSucfRweP/Qbq1jTLoKuPMPPLsr6oliihiGMUQkVU/g35Ktsna1PE0IzMQ0DUNKwGEcXMYDX2djZEI9lC5spskXNGGF75X9+y0+IheZ/mn5OcjO5OwjThBQ4FsBG9xwOaGQBOvlmnYXVGZDb1BKahqYZc6P6b7kKi8X+02Gjpz1UF/u4azArYcdwXjeCH0JjqzPy4Uz7J8xq3JEfmGxJepAnW8H9iiGxjuBnsNmM97enjq1SuuI+pxmdBj+Lr5sU+uQ9CD2ZZmBxSf+bLQhgB4iq2hmhnmRtYe/qDtCH0qZtwSX34JId7AJnBNKeKXC+t+2wOjqBLRPr7/7vmphJnl1H4jgICg8FZK3tbkDO/o0iSssdATby4tgB8SVKaIG2pQymLaV8Q8ZAX3ujVlLxgaqMf7hB/AlWeKvzf36vnVPPzhYrMLgBl5eqojUjPDgWAaYuIX2BKX/plEkvRISzLyF4HKMXzMec0gDLzDqLRDji3VLaXiqcrNfP7v0YrvCK/Pty+LPF7zfQkDRtw+nU53jbNLSIvhT2fLDn5KcDQlKq9TGqe+PLUPM0+wYXQlCe5+eBQmIgEAAQA= runner@unknown
2026-09-09T13:51:29.3089015Z INFO         |   androidboot.qemu.avd_name=test
2026-09-09T13:51:29.3089805Z INFO         |   androidboot.qemu.camera_hq_edge_processing=0
2026-09-09T13:51:29.3090616Z INFO         |   androidboot.qemu.camera_protocol_ver=1
2026-09-09T13:51:29.3091419Z INFO         |   androidboot.qemu.cpuvulkan.version=4202496
2026-09-09T13:51:29.3092338Z INFO         |   androidboot.qemu.gltransport.drawFlushInterval=800
2026-09-09T13:51:29.3093185Z INFO         |   androidboot.qemu.gltransport.name=pipe
2026-09-09T13:51:29.3093901Z INFO         |   androidboot.qemu.hwcodec.avcdec=2
2026-09-09T13:51:29.3094630Z INFO         |   androidboot.qemu.hwcodec.hevcdec=2
2026-09-09T13:51:29.3095361Z INFO         |   androidboot.qemu.hwcodec.vpxdec=2
2026-09-09T13:51:29.3096547Z INFO         |   androidboot.qemu.settings.system.screen_off_timeout=2147483647
2026-09-09T13:51:29.3097427Z INFO         |   androidboot.qemu.skin=1080x2400
2026-09-09T13:51:29.3098058Z INFO         |   androidboot.qemu.virtiowifi=1
2026-09-09T13:51:29.3098669Z INFO         |   androidboot.qemu.vsync=60
2026-09-09T13:51:29.3099384Z INFO         |   androidboot.serialno=EMULATOR36X5X10X0
2026-09-09T13:51:29.3100553Z INFO         |   androidboot.vbmeta.digest=602b0c809848f3be570a96601071931225108ec3b3739d99a1dc41db38efe83c
2026-09-09T13:51:29.3101597Z INFO         |   androidboot.vbmeta.hash_alg=sha256
2026-09-09T13:51:29.3102653Z INFO         |   androidboot.vbmeta.size=6720
2026-09-09T13:51:29.3103343Z INFO         |   androidboot.veritymode=enforcing
2026-09-09T13:51:29.3266592Z WARNING: cannnot unmap ptr 0x7f6ae2601000 as it is in the protected range from 0x7f6a62600000 to 0x7f6ae2800000
2026-09-09T13:51:29.3478832Z INFO         | Monitoring duration of emulator setup.
2026-09-09T13:51:32.3462621Z INFO         | Activated packet streamer for bluetooth emulation
2026-09-09T13:51:32.3499888Z INFO         | Successfully initialized netsim WiFi
2026-09-09T13:51:32.3547030Z INFO         | Setting display: 0 configuration to: 1080x2400, dpi: 420x420 
2026-09-09T13:51:32.3547911Z INFO         | setDisplayActiveConfig: id:0, 1080x2400
2026-09-09T13:51:32.3549103Z INFO         | emulatorSetupEnvironment: Setting up screen background view and display layout at env:1080x2400, lcd:1080x2400
2026-09-09T13:51:32.3550157Z INFO         | emulatorSetupEnvironment: Environment scene is not required
2026-09-09T13:51:32.3628684Z USER_INFO    | Emulator is performing a full startup. This may take upto two minutes, or more.
2026-09-09T13:51:32.3634334Z WARNING      | Failed to process .ini file /home/runner/.android/emu-update-last-check.ini for reading.
2026-09-09T13:51:32.5813509Z WARNING      | Failed to process .ini file /home/runner/.android/emu-update-last-check.ini for reading.
2026-09-09T13:51:38.7108131Z [command]/usr/local/lib/android/sdk/platform-tools/adb -s emulator-5554 shell getprop sys.boot_completed
2026-09-09T13:51:38.7137313Z * daemon not running; starting now at tcp:5037
2026-09-09T13:51:38.8237640Z * daemon started successfully
2026-09-09T13:51:38.8258473Z adb: device offline
2026-09-09T13:51:38.8273029Z The process '/usr/local/lib/android/sdk/platform-tools/adb' failed with exit code 1
2026-09-09T13:51:40.8300144Z [command]/usr/local/lib/android/sdk/platform-tools/adb -s emulator-5554 shell getprop sys.boot_completed
2026-09-09T13:51:40.8338235Z adb: device offline
2026-09-09T13:51:40.8343307Z The process '/usr/local/lib/android/sdk/platform-tools/adb' failed with exit code 1
2026-09-09T13:51:42.8397826Z [command]/usr/local/lib/android/sdk/platform-tools/adb -s emulator-5554 shell getprop sys.boot_completed
2026-09-09T13:51:42.8448365Z adb: device offline
2026-09-09T13:51:42.8453555Z The process '/usr/local/lib/android/sdk/platform-tools/adb' failed with exit code 1
2026-09-09T13:51:44.8520475Z [command]/usr/local/lib/android/sdk/platform-tools/adb -s emulator-5554 shell getprop sys.boot_completed
2026-09-09T13:51:44.8747729Z 
2026-09-09T13:51:46.8868191Z [command]/usr/local/lib/android/sdk/platform-tools/adb -s emulator-5554 shell getprop sys.boot_completed
2026-09-09T13:51:46.9127448Z 
2026-09-09T13:51:48.9182463Z [command]/usr/local/lib/android/sdk/platform-tools/adb -s emulator-5554 shell getprop sys.boot_completed
2026-09-09T13:51:48.9380661Z 
2026-09-09T13:51:50.9517691Z [command]/usr/local/lib/android/sdk/platform-tools/adb -s emulator-5554 shell getprop sys.boot_completed
2026-09-09T13:51:50.9866585Z 
2026-09-09T13:51:52.9929659Z [command]/usr/local/lib/android/sdk/platform-tools/adb -s emulator-5554 shell getprop sys.boot_completed
2026-09-09T13:51:53.0296609Z 
2026-09-09T13:51:55.0447618Z [command]/usr/local/lib/android/sdk/platform-tools/adb -s emulator-5554 shell getprop sys.boot_completed
2026-09-09T13:51:55.0811927Z 1
2026-09-09T13:51:55.0832624Z Emulator booted.
2026-09-09T13:51:55.0941246Z [command]/usr/local/lib/android/sdk/platform-tools/adb -s emulator-5554 shell input keyevent 82
2026-09-09T13:51:55.2505749Z ##[endgroup]
2026-09-09T13:51:55.2557682Z [command]/usr/bin/sh -c ./scripts/run-dashboard-profile.sh --use-application-binary=build/app/outputs/flutter-apk/app-profile.apk
2026-09-09T13:51:55.2735452Z INFO         | Boot completed in 26507 ms
2026-09-09T13:51:55.2736632Z INFO         | Increasing screen off timeout, logcat buffer size to 2M.
2026-09-09T13:51:55.3260930Z Waiting for 3 loopers to drain...
2026-09-09T13:51:55.5236841Z Loopers drained!
2026-09-09T13:51:55.5500305Z Test barrier failed due to a493146 566:system/1000 not runnable because BLOCKED
2026-09-09T13:51:56.5645834Z Test barrier failed due to a493146 566:system/1000 not runnable because BLOCKED
2026-09-09T13:51:57.1325586Z Test barrier passed
2026-09-09T13:51:58.1822040Z Waiting for application barriers, at 27 of 28...
2026-09-09T13:51:58.8451453Z Finished application barriers!
2026-09-09T13:51:59.9467620Z Finished application barriers!
2026-09-09T13:52:00.8717283Z Resolving dependencies...
2026-09-09T13:52:00.9477567Z Downloading packages...
2026-09-09T13:52:01.0407153Z   clock 1.1.2 (1.1.3 available)
2026-09-09T13:52:01.0436900Z   matcher 0.12.19 (0.12.20 available)
2026-09-09T13:52:01.0492245Z   material_color_utilities 0.13.0 (0.13.1 available)
2026-09-09T13:52:01.0505043Z   meta 1.17.0 (1.19.0 available)
2026-09-09T13:52:01.0547019Z   platform 3.1.6 (3.2.0 available)
2026-09-09T13:52:01.0577161Z   process 5.0.5 (5.0.6 available)
2026-09-09T13:52:01.0577787Z   stack_trace 1.12.1 (1.12.2 available)
2026-09-09T13:52:01.0578159Z   test_api 0.7.10 (0.7.14 available)
2026-09-09T13:52:01.0578561Z   vector_graphics 1.2.2 (1.2.3 available)
2026-09-09T13:52:01.0579421Z   vector_math 2.2.0 (2.4.2 available)
2026-09-09T13:52:01.0579778Z   vm_service 15.2.0 (15.3.0 available)
2026-09-09T13:52:01.0580086Z Got dependencies!
2026-09-09T13:52:01.0580523Z 11 packages have newer versions incompatible with dependency constraints.
2026-09-09T13:52:01.0581027Z Try `flutter pub outdated` for more information.
2026-09-09T13:52:04.4117813Z Installing build/app/outputs/flutter-apk/app-profile.apk...      2,465ms
2026-09-09T13:52:06.8997674Z I/flutter ( 2279): [IMPORTANT:flutter/shell/platform/android/android_context_gl_impeller.cc(104)] Using the Impeller rendering backend (OpenGLES).
2026-09-09T13:52:07.2057995Z W/HWUI    ( 2279): Failed to choose config with EGL_SWAP_BEHAVIOR_PRESERVED, retrying without...
2026-09-09T13:52:07.2080850Z W/HWUI    ( 2279): Failed to initialize 101010-2 format, error = EGL_SUCCESS
2026-09-09T13:52:07.2147247Z I/Gralloc4( 2279): mapper 4.x is not supported
2026-09-09T13:52:08.3607494Z I/com.fluvi.app( 2279): Compiler allocated 5174KB to compile void android.view.ViewRootImpl.performTraversals()
2026-09-09T13:52:08.8000765Z I/Choreographer( 2279): Skipped 101 frames!  The application may be doing too much work on its main thread.
2026-09-09T13:52:10.4666948Z VMServiceFlutterDriver: Connecting to Flutter application at http://127.0.0.1:34837/pIeVW7tOkKI=/
2026-09-09T13:52:10.6234592Z VMServiceFlutterDriver: Isolate found with number: 8642745230728671
2026-09-09T13:52:10.6568123Z VMServiceFlutterDriver: Isolate 8642745230728671 is runnable.
2026-09-09T13:52:10.6634855Z VMServiceFlutterDriver: Isolate is paused at start.
2026-09-09T13:52:10.6636670Z VMServiceFlutterDriver: Attempting to resume isolate
2026-09-09T13:52:10.6765364Z I/flutter ( 2279): 00:00 +0: profiles dashboard motion-data isolation scenarios A through K
2026-09-09T13:52:10.6851296Z D/FluviDashboard( 2279): [FLOW][D0] SEED_STARTED forceReset=true flowId=- queryKey=- direction=- scope=dbPath=/data/user/0/com.fluvi.app/databases/fluvi_core.db revision=- totalMinor=- entryCount=-
2026-09-09T13:52:11.2162014Z VMServiceFlutterDriver: Connected to Flutter application.
2026-09-09T13:52:12.4177328Z D/EGL_emulation( 2279): app_time_stats: avg=330.26ms min=214.98ms max=585.34ms count=4
2026-09-09T13:52:12.5905241Z D/ProfileInstaller( 2279): Installing profile for com.fluvi.app
2026-09-09T13:52:13.6578757Z D/EGL_emulation( 2279): app_time_stats: avg=180.98ms min=25.53ms max=402.63ms count=4
2026-09-09T13:52:14.7171547Z D/EGL_emulation( 2279): app_time_stats: avg=195.56ms min=164.39ms max=269.86ms count=4
2026-09-09T13:52:15.2009538Z I/com.fluvi.app( 2279): Background concurrent mark compact GC freed 26MB AllocSpace bytes, 0(0B) LOS objects, 49% free, 8402KB/16MB, paused 176us,16.056ms total 164.634ms
2026-09-09T13:52:15.7377949Z D/EGL_emulation( 2279): app_time_stats: avg=159.79ms min=20.94ms max=291.35ms count=6
2026-09-09T13:52:16.3068910Z I/com.fluvi.app( 2279): Background concurrent mark compact GC freed 5776KB AllocSpace bytes, 0(0B) LOS objects, 49% free, 5726KB/11MB, paused 594us,5.137ms total 93.545ms
2026-09-09T13:52:16.6379740Z I/com.fluvi.app( 2279): Background concurrent mark compact GC freed 6052KB AllocSpace bytes, 0(0B) LOS objects, 49% free, 6586KB/12MB, paused 144us,3.398ms total 107.352ms
2026-09-09T13:52:16.7777678Z D/EGL_emulation( 2279): app_time_stats: avg=186.87ms min=130.55ms max=336.51ms count=5
2026-09-09T13:52:17.0154166Z I/com.fluvi.app( 2279): Background concurrent mark compact GC freed 6240KB AllocSpace bytes, 0(0B) LOS objects, 49% free, 8090KB/15MB, paused 311us,2.193ms total 142.981ms
2026-09-09T13:52:17.3706335Z I/com.fluvi.app( 2279): Background concurrent mark compact GC freed 8852KB AllocSpace bytes, 0(0B) LOS objects, 49% free, 9158KB/17MB, paused 171us,2.560ms total 102.884ms
2026-09-09T13:52:17.6316489Z D/FluviDashboard( 2279): [FLOW][D1] SEED_COMMITTED seedVersion=5 createdEntries=4304 createdCategories=10 createdPartners=27 alreadySeeded=false flowId=- queryKey=- direction=- scope=- revision=- totalMinor=- entryCount=-
2026-09-09T13:52:17.6869317Z D/FluviDashboard( 2279): [FLOW][D2] DB_VERIFIED allIncome=1277100000/1846 allExpense=1275700000/2458 julyIncome=70700000/6 julyExpense=68900000/94 flowId=- queryKey=- direction=- scope=dbPath=/data/user/0/com.fluvi.app/databases/fluvi_core.db revision=- totalMinor=68900000 entryCount=94
2026-09-09T13:52:17.6908730Z I/flutter ( 2279): [PROFILE][SCENARIO_START] I_first_fling
2026-09-09T13:52:17.7338894Z I/flutter ( 2279): [FluviDiagnostic] stage=DASHBOARD_STARTUP_ATTEMPT_STARTED scope=attemptGeneration=1 stage=bootstrap entryCount=- error=- message=-
2026-09-09T13:52:17.8298966Z I/flutter ( 2279): [FluviDiagnostic] stage=READINESS_PHASE_ENTERED scope=- entryCount=- error=- message=databasePending
2026-09-09T13:52:17.8960517Z I/flutter ( 2279): [FluviDiagnostic] stage=READINESS_PHASE_ENTERED scope=- entryCount=- error=- message=indexBuilding
2026-09-09T13:52:17.8999806Z I/flutter ( 2279): [FluviDiagnostic] stage=READINESS_TASK_STARTED scope=- entryCount=- error=- message=viewportPayload
2026-09-09T13:52:17.9001593Z D/EGL_emulation( 2279): app_time_stats: avg=131.34ms min=28.21ms max=169.17ms count=7
2026-09-09T13:52:17.9782156Z D/FluviDashboard( 2279): [FLOW][INDEX_BUILD_STARTED] INDEX_BUILD_STARTED flowId=- queryKey=- direction=- scope=generation=1 acquisitionReason=bootstrap requestIdentity=rev=2|income=income|periods:|categories:|partners:|refinements:min=,max=,hasNote=false|expense=expense|periods:|categories:|partners:|refinements:min=,max=,hasNote=false|page=24|window=2014-2038 revision=2 totalMinor=- entryCount=-
2026-09-09T13:52:18.7226669Z I/com.fluvi.app( 2279): Background concurrent mark compact GC freed 14MB AllocSpace bytes, 0(0B) LOS objects, 49% free, 4119KB/8239KB, paused 232us,7.875ms total 153.960ms
2026-09-09T13:52:19.0570688Z I/com.fluvi.app( 2279): Background concurrent mark compact GC freed 4640KB AllocSpace bytes, 0(0B) LOS objects, 49% free, 4899KB/9799KB, paused 264us,2.623ms total 116.097ms
2026-09-09T13:52:19.0938793Z D/EGL_emulation( 2279): app_time_stats: avg=528.43ms min=329.77ms max=727.08ms count=2
2026-09-09T13:52:19.4295692Z I/com.fluvi.app( 2279): Background concurrent mark compact GC freed 5932KB AllocSpace bytes, 0(0B) LOS objects, 49% free, 4603KB/9207KB, paused 3.209ms,29.500ms total 157.250ms
2026-09-09T13:52:19.8668449Z I/com.fluvi.app( 2279): Background concurrent mark compact GC freed 3748KB AllocSpace bytes, 0(0B) LOS objects, 49% free, 5783KB/11MB, paused 3.454ms,2.233ms total 177.796ms
2026-09-09T13:52:20.1858302Z D/EGL_emulation( 2279): app_time_stats: avg=155.80ms min=36.40ms max=276.01ms count=6
2026-09-09T13:52:20.5348424Z I/com.fluvi.app( 2279): Background concurrent mark compact GC freed 3988KB AllocSpace bytes, 6(1032KB) LOS objects, 49% free, 9899KB/19MB, paused 245us,7.989ms total 172.061ms
2026-09-09T13:52:20.6648077Z D/FluviDashboard( 2279): [FLOW][INDEX_BUILD_READY] INDEX_BUILD_READY flowId=- queryKey=- direction=- scope=generation=1 acquisitionReason=bootstrap requestIdentity=rev=2|income=income|periods:|categories:|partners:|refinements:min=,max=,hasNote=false|expense=expense|periods:|categories:|partners:|refinements:min=,max=,hasNote=false|page=24|window=2014-2038 sqlCalls=5 sqlMicros=1389873 frames=1012 rows=4304 payloadBytes=2175073 serializationMicros=404828 revision=2 totalMinor=- entryCount=-
2026-09-09T13:52:20.8790677Z I/com.fluvi.app( 2279): Background concurrent mark compact GC freed 2196KB AllocSpace bytes, 3(7180KB) LOS objects, 49% free, 11MB/23MB, paused 133us,19.209ms total 217.328ms
2026-09-09T13:52:21.5249262Z D/EGL_emulation( 2279): app_time_stats: avg=205.78ms min=47.24ms max=359.35ms count=6
2026-09-09T13:52:21.8298807Z D/FluviDashboard( 2279): [FLOW][FINANCIAL_LIMIT_SNAPSHOT_PREPARE_STARTED] FINANCIAL_LIMIT_SNAPSHOT_PREPARE_STARTED flowId=- queryKey=- direction=- scope=yearWindowStart=2014 yearWindowEnd=2038 revision=2 totalMinor=- entryCount=-
2026-09-09T13:52:22.1297482Z D/FluviDashboard( 2279): [FLOW][FINANCIAL_LIMIT_SNAPSHOT_READY] FINANCIAL_LIMIT_SNAPSHOT_READY flowId=- queryKey=- direction=- scope=incomeTargetCount=3 incomeCategoryCount=2 expenseTargetCount=9 expenseCategoryCount=8 periodSliceCount=326 payloadBytes=320072 sqlCalls=5 nativeSqlMicros=262342 revision=2 totalMinor=- entryCount=-
2026-09-09T13:52:22.1688551Z D/FluviDashboard( 2279): [FLOW][BUDGET_PARTNER_SNAPSHOT_PREPARE_STARTED] BUDGET_PARTNER_SNAPSHOT_PREPARE_STARTED flowId=- queryKey=- direction=- scope=yearWindowStart=2014 yearWindowEnd=2038 revision=2 totalMinor=- entryCount=-
2026-09-09T13:52:22.6737772Z D/EGL_emulation( 2279): app_time_stats: avg=159.67ms min=33.17ms max=320.10ms count=6
2026-09-09T13:52:22.7089484Z I/com.fluvi.app( 2279): Background concurrent mark compact GC freed 11MB AllocSpace bytes, 14(8412KB) LOS objects, 49% free, 4719KB/9439KB, paused 109us,3.170ms total 122.168ms
2026-09-09T13:52:22.8044289Z D/FluviDashboard( 2279): [FLOW][BUDGET_PARTNER_SNAPSHOT_READY] BUDGET_PARTNER_SNAPSHOT_READY flowId=- queryKey=- direction=- scope=incomePartnerCount=4 expensePartnerCount=23 periodSlices=326 payloadBytes=347027 sqlCalls=5 nativeSqlMicros=429078 revision=2 totalMinor=- entryCount=-
2026-09-09T13:52:22.8274375Z I/flutter ( 2279): [FluviDiagnostic] stage=READINESS_TASK_COMPLETED scope=- entryCount=- error=- message=viewportPayload
2026-09-09T13:52:22.8276506Z I/flutter ( 2279): [FluviDiagnostic] stage=READINESS_PHASE_ENTERED scope=- entryCount=- error=- message=presentationPreparing
2026-09-09T13:52:22.8366221Z I/flutter ( 2279): [FluviDiagnostic] stage=READINESS_TASK_STARTED scope=- entryCount=- error=- message=renderResources
2026-09-09T13:52:22.9210298Z I/flutter ( 2279): [FluviDiagnostic] stage=READINESS_TASK_COMPLETED scope=- entryCount=- error=- message=renderResources
2026-09-09T13:52:22.9297831Z I/flutter ( 2279): [FluviDiagnostic] stage=READINESS_PHASE_ENTERED scope=- entryCount=- error=- message=renderCriticalWarmup
2026-09-09T13:52:22.9327451Z I/flutter ( 2279): [FluviDiagnostic] stage=READINESS_TASK_STARTED scope=- entryCount=- error=- message=logBoxSurface
2026-09-09T13:52:23.0339543Z I/flutter ( 2279): [FluviDiagnostic] stage=BUDGET_HEADER_VALUE_BOUND scope=generation=0 plane=day targetHandle=0 modelBindVsyncMicros=50275202 displayNumeratorScaled100=2839954 displayDenominatorScaled100=2778226 hasLimit=true canonicalLimitScaled100=86125000 entryCount=- error=- message=-
2026-09-09T13:52:23.0398913Z I/flutter ( 2279): [FluviDiagnostic] stage=HEADER_PORTAL_EFFECT_CATALOG_VERIFIED scope=- entryCount=- error=- message=innerOptionCount=5 backgroundOptionCount=5 sameOptions=true sameRenderer=false sameParameterSchema=true sameDefaults=true sameState=false sameClockSource=true
2026-09-09T13:52:23.0435202Z I/flutter ( 2279): [FluviDiagnostic] stage=BUDGET_HEADER_COOL_COLOR_BOUND scope=source=cool driver=userGlobal positionPct=50 windowWidthPct=28 leftRawPct=36.0 centerRawPct=50.0 rightRawPct=64.0 leftSamplePct=36.0 centerSamplePct=50.0 rightSamplePct=64.0 colorAArgb=4284604923 colorMidArgb=4279551457 colorBArgb=4278423754 settingsGeneration=0 entryCount=- error=- message=-
2026-09-09T13:52:23.0764089Z I/flutter ( 2279): [FluviDiagnostic] stage=READINESS_TASK_COMPLETED scope=- entryCount=- error=- message=logBoxSurface
2026-09-09T13:52:23.0787375Z I/flutter ( 2279): [FluviDiagnostic] stage=READINESS_TASK_STARTED scope=- entryCount=- error=- message=logBoxLayout
2026-09-09T13:52:23.0847327Z I/flutter ( 2279): [FluviDiagnostic] stage=READINESS_TASK_COMPLETED scope=- entryCount=- error=- message=logBoxLayout
2026-09-09T13:52:23.0877264Z I/flutter ( 2279): [FluviDiagnostic] stage=READINESS_TASK_STARTED scope=- entryCount=- error=- message=textLayoutSlots
2026-09-09T13:52:23.0927604Z I/flutter ( 2279): [FluviDiagnostic] stage=SCENE_WINDOW_PREPARE_STARTED scope=owner=renderCriticalReadiness priority=5 entryCount=130 error=- message=-
2026-09-09T13:52:23.1007827Z I/flutter ( 2279): [FluviDiagnostic] stage=HEADER_RENDER_BACKEND_BOUND scope=commitSha=33ee878b070345c336bb73df2b087d9a63c87c5a backend=fragmentShader logicalWidth=375.4757281553398 logicalHeight=123.8252427184466 devicePixelRatio=2.6260019651445416 physicalWidth=986.0 physicalHeight=326.0 backendIdentity=542764235 entryCount=- error=- message=-
2026-09-09T13:52:23.1059158Z I/flutter ( 2279): [FluviDiagnostic] stage=HEADER_PORTAL_INNER_CHANNEL_BOUND scope=enabled=true effectId=wandering-mist settingsGeneration=0 phaseOwnerIdentity=361812818 controllerIdentity=544162749 fragmentBackendIdentity=542764235 programIdentity=542764235 shaderIdentity=542764235 canonicalFieldStopCount=2 canonicalFieldStopHash=43d59ffd portalColorModel=paletteCoordinate inputSignature=12f5f2e9 entryCount=- error=- message=-
2026-09-09T13:52:23.1090602Z I/flutter ( 2279): [FluviDiagnostic] stage=HEADER_PORTAL_BACKGROUND_CHANNEL_BOUND scope=enabled=true effectId=wandering-mist settingsGeneration=0 phaseOwnerIdentity=361812818 controllerIdentity=544162749 fragmentBackendIdentity=542764235 programIdentity=542764235 shaderIdentity=542764235 canonicalFieldStopCount=2 canonicalFieldStopHash=43d59ffd portalColorModel=paletteCoordinate inputSignature=12f5f2e9 entryCount=- error=- message=-
2026-09-09T13:52:23.1130747Z I/flutter ( 2279): [FluviDiagnostic] stage=HEADER_PORTAL_FRAGMENT_INPUT_BOUND scope=innerEnabled=true innerEffect=wandering-mist innerSettingsHash=143ac802 backgroundEnabled=true backgroundEffect=wandering-mist backgroundSettingsHash=143ac802 uniformLayoutVersion=3 fragmentConfigurationGeneration=1 fragmentBackendIdentity=542764235 programIdentity=542764235 shaderIdentity=542764235 canonicalFieldStopCount=2 canonicalFieldStopHash=43d59ffd portalColorModel=paletteCoordinate entryCount=- error=- message=-
2026-09-09T13:52:23.1342591Z I/flutter ( 2279): [FluviDiagnostic] stage=HEADER_SHADER_READY scope=asset=shaders/dashboard_header_field.frag programIdentity=974727089 shaderIdentity=816876731 flutterVersion=3.41.4 rendererBackend=runtimeEffect engineBackend=notExposedByDart entryCount=- error=- message=-
2026-09-09T13:52:23.1724445Z I/flutter ( 2279): [FluviDiagnostic] stage=SCENE_WINDOW_SLICE_OVER_BUDGET scope=boundary=dayHeader elapsedMicros=1053 budgetMicros=1000 entryCount=130 error=- message=-
2026-09-09T13:52:23.1742139Z I/flutter ( 2279): [FluviDiagnostic] stage=SCENE_WINDOW_PREPARE_COMPLETED scope=owner=renderCriticalReadiness priority=5 entryCount=130 error=- message=uiIsolateMicros=25382 largestContiguousUiSliceMicros=1053 yields=75 richRowProjectionMicros=119 richFrameProjectionMicros=517 projectedUniqueRows=96 projectedFrames=38 reusedProjectedRows=30 reusedProjectedFrames=0 uniqueRowLayouts=100 reusedRowLayouts=0 newRowLayouts=100 sceneNew=39 sceneReuse=0 pauseCount=0 resumeCount=0 semanticsWork=0 rasterWork=0 allocationCount=170
2026-09-09T13:52:23.1764685Z I/flutter ( 2279): [FluviDiagnostic] stage=SCENE_WINDOW_PREPARE_STARTED scope=owner=liveInteractionResource priority=4 entryCount=130 error=- message=-
2026-09-09T13:52:23.1774064Z I/flutter ( 2279): [FluviDiagnostic] stage=READINESS_TASK_COMPLETED scope=- entryCount=- error=- message=textLayoutSlots
2026-09-09T13:52:23.1776180Z I/flutter ( 2279): [FluviDiagnostic] stage=READINESS_PHASE_ENTERED scope=- entryCount=- error=- message=ready
2026-09-09T13:52:23.1778700Z I/flutter ( 2279): [FluviDiagnostic] stage=DASHBOARD_STARTUP_READY scope=attemptGeneration=1 stage=ready readinessTask=- entryCount=- error=- message=-
2026-09-09T13:52:23.1780744Z I/flutter ( 2279): [FluviDiagnostic] stage=READINESS_READY scope=- entryCount=- error=- message=-
2026-09-09T13:52:23.1786596Z I/flutter ( 2279): [FluviDiagnostic] stage=SCENE_WINDOW_PREPARE_COMPLETED scope=owner=liveInteractionResource priority=4 entryCount=130 error=- message=uiIsolateMicros=533 largestContiguousUiSliceMicros=227 yields=6 richRowProjectionMicros=0 richFrameProjectionMicros=0 projectedUniqueRows=0 projectedFrames=0 reusedProjectedRows=0 reusedProjectedFrames=0 uniqueRowLayouts=100 reusedRowLayouts=100 newRowLayouts=0 sceneNew=0 sceneReuse=39 pauseCount=0 resumeCount=0 semanticsWork=0 rasterWork=0 allocationCount=0
2026-09-09T13:52:23.1999595Z I/flutter ( 2279): [FluviDiagnostic] stage=SCENE_WINDOW_PREPARE_STARTED scope=owner=foregroundNavigation priority=3 entryCount=226 error=- message=-
2026-09-09T13:52:23.2091766Z I/flutter ( 2279): [FluviDiagnostic] stage=SCENE_WINDOW_ATOMIC_WORK_UNIT_OVER_BUDGET scope=workUnit=rowText:secondary elapsedMicros=1620 budgetMicros=1000 entryCount=226 error=- message=-
2026-09-09T13:52:23.2099485Z I/flutter ( 2279): [FluviDiagnostic] stage=SCENE_WINDOW_SLICE_OVER_BUDGET scope=boundary=rowText elapsedMicros=1724 budgetMicros=1000 entryCount=226 error=- message=-
2026-09-09T13:52:23.2147036Z I/flutter ( 2279): [FluviDiagnostic] stage=SCENE_WINDOW_ATOMIC_WORK_UNIT_OVER_BUDGET scope=workUnit=rowText:time elapsedMicros=1179 budgetMicros=1000 entryCount=226 error=- message=-
2026-09-09T13:52:23.2174568Z I/flutter ( 2279): [FluviDiagnostic] stage=SCENE_WINDOW_SLICE_OVER_BUDGET scope=boundary=rowTextParagraph elapsedMicros=1436 budgetMicros=1000 entryCount=226 error=- message=-
2026-09-09T13:52:23.2182720Z I/flutter ( 2279): [FluviDiagnostic] stage=SCENE_WINDOW_SLICE_OVER_BUDGET scope=boundary=dayHeader elapsedMicros=1106 budgetMicros=1000 entryCount=226 error=- message=-
2026-09-09T13:52:23.2187583Z I/flutter ( 2279): [FluviDiagnostic] stage=SCENE_WINDOW_ATOMIC_WORK_UNIT_OVER_BUDGET scope=workUnit=dayHeaderText elapsedMicros=1534 budgetMicros=1000 entryCount=226 error=- message=-
2026-09-09T13:52:23.2190906Z I/flutter ( 2279): [FluviDiagnostic] stage=SCENE_WINDOW_SLICE_OVER_BUDGET scope=boundary=resourceLease elapsedMicros=1162 budgetMicros=1000 entryCount=226 error=- message=-
2026-09-09T13:52:23.2196787Z I/flutter ( 2279): [FluviDiagnostic] stage=SCENE_WINDOW_PREPARE_COMPLETED scope=owner=foregroundNavigation priority=3 entryCount=226 error=- message=uiIsolateMicros=11581 largestContiguousUiSliceMicros=2287 yields=20 richRowProjectionMicros=29 richFrameProjectionMicros=592 projectedUniqueRows=18 projectedFrames=4 reusedProjectedRows=78 reusedProjectedFrames=0 uniqueRowLayouts=118 reusedRowLayouts=100 newRowLayouts=18 sceneNew=4 sceneReuse=39 pauseCount=0 resumeCount=0 semanticsWork=0 rasterWork=0 allocationCount=40
2026-09-09T13:52:23.2201419Z I/flutter ( 2279): [FluviDiagnostic] stage=SUMMARY_PARENT_HOTSET_PREPARE_STARTED scope=- entryCount=130 error=- message=-
2026-09-09T13:52:23.2203560Z I/flutter ( 2279): [FluviDiagnostic] stage=SCENE_WINDOW_PREPARE_STARTED scope=owner=speculativeMaintenance priority=1 entryCount=130 error=- message=-
2026-09-09T13:52:23.2206581Z I/flutter ( 2279): [FluviDiagnostic] stage=SCENE_WINDOW_SLICE_OVER_BUDGET scope=boundary=richProjection elapsedMicros=1748 budgetMicros=1000 entryCount=130 error=- message=-
2026-09-09T13:52:23.2209575Z I/flutter ( 2279): [FluviDiagnostic] stage=SCENE_WINDOW_ATOMIC_WORK_UNIT_OVER_BUDGET scope=workUnit=rowText:secondary elapsedMicros=1136 budgetMicros=1000 entryCount=130 error=- message=-
2026-09-09T13:52:23.2212385Z I/flutter ( 2279): [FluviDiagnostic] stage=SCENE_WINDOW_SLICE_OVER_BUDGET scope=boundary=rowText elapsedMicros=1232 budgetMicros=1000 entryCount=130 error=- message=-
2026-09-09T13:52:23.2215573Z I/flutter ( 2279): [FluviDiagnostic] stage=SCENE_WINDOW_ATOMIC_WORK_UNIT_OVER_BUDGET scope=workUnit=rowText:amount elapsedMicros=2521 budgetMicros=1000 entryCount=130 error=- message=-
2026-09-09T13:52:23.2248648Z I/flutter ( 2279): [FluviDiagnostic] stage=SCENE_WINDOW_SLICE_OVER_BUDGET scope=boundary=rowTextParagraph elapsedMicros=2913 budgetMicros=1000 entryCount=130 error=- message=-
2026-09-09T13:52:23.2329833Z I/flutter ( 2279): [FluviDiagnostic] stage=SCENE_WINDOW_ATOMIC_WORK_UNIT_OVER_BUDGET scope=workUnit=rowText:time elapsedMicros=1155 budgetMicros=1000 entryCount=130 error=- message=-
2026-09-09T13:52:23.2379631Z I/flutter ( 2279): [FluviDiagnostic] stage=SCENE_WINDOW_ATOMIC_WORK_UNIT_OVER_BUDGET scope=workUnit=rowText:title elapsedMicros=1111 budgetMicros=1000 entryCount=130 error=- message=-
2026-09-09T13:52:23.2688430Z I/flutter ( 2279): [FluviDiagnostic] stage=SCENE_WINDOW_SLICE_OVER_BUDGET scope=boundary=dayHeader elapsedMicros=1106 budgetMicros=1000 entryCount=130 error=- message=-
2026-09-09T13:52:23.2691764Z I/flutter ( 2279): [FluviDiagnostic] stage=SCENE_WINDOW_ATOMIC_WORK_UNIT_OVER_BUDGET scope=workUnit=dayHeaderText elapsedMicros=1514 budgetMicros=1000 entryCount=130 error=- message=-
2026-09-09T13:52:23.2717845Z I/flutter ( 2279): [FluviDiagnostic] stage=SCENE_WINDOW_SLICE_OVER_BUDGET scope=boundary=completion elapsedMicros=2308 budgetMicros=1000 entryCount=130 error=- message=-
2026-09-09T13:52:23.2751096Z I/flutter ( 2279): [FluviDiagnostic] stage=SCENE_WINDOW_PREPARE_COMPLETED scope=owner=speculativeMaintenance priority=1 entryCount=130 error=- message=uiIsolateMicros=51312 largestContiguousUiSliceMicros=2913 yields=75 richRowProjectionMicros=166 richFrameProjectionMicros=1630 projectedUniqueRows=94 projectedFrames=30 reusedProjectedRows=36 reusedProjectedFrames=0 uniqueRowLayouts=100 reusedRowLayouts=6 newRowLayouts=94 sceneNew=30 sceneReuse=0 pauseCount=0 resumeCount=0 semanticsWork=0 rasterWork=0 allocationCount=140
2026-09-09T13:52:23.2777315Z I/flutter ( 2279): [FluviDiagnostic] stage=SUMMARY_PARENT_HOTSET_PREPARE_READY scope=- entryCount=130 error=- message=-
2026-09-09T13:52:23.2825602Z I/flutter ( 2279): [FluviDiagnostic] stage=SUMMARY_PARENT_HOTSET_PREPARE_STARTED scope=- entryCount=0 error=- message=-
2026-09-09T13:52:23.2856943Z I/flutter ( 2279): [FluviDiagnostic] stage=SUMMARY_PARENT_HOTSET_PREPARE_READY scope=- entryCount=0 error=- message=-
2026-09-09T13:52:23.2900845Z I/flutter ( 2279): [FluviDiagnostic] stage=HEADER_RENDER_FIDELITY_CONFIG scope=outputResolutionMode=nativeSurface fieldEvaluationMode=perFragment logicalWidth=375.4757281553398 logicalHeight=123.8252427184466 physicalWidth=986.0 physicalHeight=326.0 sourceRenderScale=0.6 effectId=dualTide backend=fragmentShader physicalTarget=986.0x326.0 parentTransformScale=notObservableInCanvas touchOverlayBackend=fragmentShaderAnalytic shaderFailureFallback=nativeStaticGradient shaderReady=true shaderFailure=false entryCount=- error=- message=-
2026-09-09T13:52:23.2935349Z I/flutter ( 2279): [FluviDiagnostic] stage=HEADER_TOUCH_RENDER_PATH_BOUND scope=fieldBackend=fragmentShader overlayBackend=fragmentShaderAnalytic trailBackend=fragmentShaderAnalytic logicalSize=375.4757281553398x123.8252427184466 physicalSize=986.0x326.0 usesSaveLayer=false usesOffscreenIntermediate=false entryCount=- error=- message=-
2026-09-09T13:52:23.2959888Z I/flutter ( 2279): [FluviDiagnostic] stage=HEADER_PORTAL_INNER_CHANNEL_BOUND scope=enabled=true effectId=wandering-mist settingsGeneration=0 phaseOwnerIdentity=361812818 controllerIdentity=544162749 fragmentBackendIdentity=542764235 programIdentity=974727089 shaderIdentity=816876731 canonicalFieldStopCount=2 canonicalFieldStopHash=43d59ffd portalColorModel=paletteCoordinate inputSignature=1a6f00d6 entryCount=- error=- message=-
2026-09-09T13:52:23.2991584Z I/flutter ( 2279): [FluviDiagnostic] stage=HEADER_PORTAL_BACKGROUND_CHANNEL_BOUND scope=enabled=true effectId=wandering-mist settingsGeneration=0 phaseOwnerIdentity=361812818 controllerIdentity=544162749 fragmentBackendIdentity=542764235 programIdentity=974727089 shaderIdentity=816876731 canonicalFieldStopCount=2 canonicalFieldStopHash=43d59ffd portalColorModel=paletteCoordinate inputSignature=1a6f00d6 entryCount=- error=- message=-
2026-09-09T13:52:23.3030671Z I/flutter ( 2279): [FluviDiagnostic] stage=HEADER_PORTAL_FRAGMENT_INPUT_BOUND scope=innerEnabled=true innerEffect=wandering-mist innerSettingsHash=143ac802 backgroundEnabled=true backgroundEffect=wandering-mist backgroundSettingsHash=143ac802 uniformLayoutVersion=3 fragmentConfigurationGeneration=2 fragmentBackendIdentity=542764235 programIdentity=974727089 shaderIdentity=816876731 canonicalFieldStopCount=2 canonicalFieldStopHash=43d59ffd portalColorModel=paletteCoordinate entryCount=- error=- message=-
2026-09-09T13:52:23.4273527Z I/flutter ( 2279): [PROFILE][SCENARIO_PREPARED] I_first_fling plane=month
2026-09-09T13:52:23.4287573Z I/flutter ( 2279): [PROFILE][SCENARIO_STABLE] I_first_fling
2026-09-09T13:52:24.5926530Z D/EGL_emulation( 2279): app_time_stats: avg=383.64ms min=157.65ms max=1191.23ms count=5
2026-09-09T13:52:28.1404584Z D/EGL_emulation( 2279): app_time_stats: avg=3545.24ms min=3545.24ms max=3545.24ms count=1
2026-09-09T13:52:28.1516952Z I/flutter ( 2279): [FluviDiagnostic] stage=BUDGET_HEADER_VALUE_BOUND scope=generation=0 plane=day targetHandle=0 modelBindVsyncMicros=55391868 displayNumeratorScaled100=2839954 displayDenominatorScaled100=2778226 hasLimit=true canonicalLimitScaled100=86125000 entryCount=- error=- message=-
2026-09-09T13:52:30.2367397Z D/EGL_emulation( 2279): app_time_stats: avg=2094.41ms min=2094.41ms max=2094.41ms count=1
2026-09-09T13:52:32.3265335Z D/EGL_emulation( 2279): app_time_stats: avg=2094.35ms min=2094.35ms max=2094.35ms count=1
2026-09-09T13:52:32.3375611Z I/flutter ( 2279): [FluviDiagnostic] stage=BUDGET_HEADER_VALUE_BOUND scope=generation=0 plane=day targetHandle=0 modelBindVsyncMicros=59575201 displayNumeratorScaled100=2839954 displayDenominatorScaled100=2778226 hasLimit=true canonicalLimitScaled100=86125000 entryCount=- error=- message=-
2026-09-09T13:52:34.5407275Z D/EGL_emulation( 2279): app_time_stats: avg=2212.45ms min=2212.45ms max=2212.45ms count=1
2026-09-09T13:52:34.5502075Z I/flutter ( 2279): [FluviDiagnostic] stage=BUDGET_HEADER_VALUE_BOUND scope=generation=0 plane=day targetHandle=0 modelBindVsyncMicros=61791868 displayNumeratorScaled100=2839954 displayDenominatorScaled100=2778226 hasLimit=true canonicalLimitScaled100=86125000 entryCount=- error=- message=-
2026-09-09T13:52:36.5319708Z D/EGL_emulation( 2279): app_time_stats: avg=1991.47ms min=1991.47ms max=1991.47ms count=1
2026-09-09T13:52:38.4746712Z D/EGL_emulation( 2279): app_time_stats: avg=1943.68ms min=1943.68ms max=1943.68ms count=1
2026-09-09T13:52:38.5039340Z I/flutter ( 2279): [FluviDiagnostic] stage=BUDGET_HEADER_VALUE_BOUND scope=generation=0 plane=day targetHandle=0 modelBindVsyncMicros=65725201 displayNumeratorScaled100=2839954 displayDenominatorScaled100=2778226 hasLimit=true canonicalLimitScaled100=86125000 entryCount=- error=- message=-
2026-09-09T13:52:40.6501077Z D/EGL_emulation( 2279): app_time_stats: avg=2173.90ms min=2173.90ms max=2173.90ms count=1
2026-09-09T13:52:42.7987225Z D/EGL_emulation( 2279): app_time_stats: avg=2149.02ms min=2149.02ms max=2149.02ms count=1
2026-09-09T13:52:42.8249296Z I/flutter ( 2279): [FluviDiagnostic] stage=BUDGET_HEADER_VALUE_BOUND scope=generation=0 plane=day targetHandle=0 modelBindVsyncMicros=70058534 displayNumeratorScaled100=2839954 displayDenominatorScaled100=2778226 hasLimit=true canonicalLimitScaled100=86125000 entryCount=- error=- message=-
2026-09-09T13:52:44.7739888Z D/EGL_emulation( 2279): app_time_stats: avg=1973.48ms min=1973.48ms max=1973.48ms count=1
2026-09-09T13:52:47.0302278Z D/EGL_emulation( 2279): app_time_stats: avg=2258.14ms min=2258.14ms max=2258.14ms count=1
2026-09-09T13:52:49.3365365Z D/EGL_emulation( 2279): app_time_stats: avg=2301.70ms min=2301.70ms max=2301.70ms count=1
2026-09-09T13:52:51.9699535Z D/EGL_emulation( 2279): app_time_stats: avg=2632.55ms min=2632.55ms max=2632.55ms count=1
2026-09-09T13:52:51.9761875Z I/flutter ( 2279): [FluviDiagnostic] stage=BUDGET_HEADER_VALUE_BOUND scope=generation=0 plane=day targetHandle=0 modelBindVsyncMicros=79208534 displayNumeratorScaled100=2839954 displayDenominatorScaled100=2778226 hasLimit=true canonicalLimitScaled100=86125000 entryCount=- error=- message=-
2026-09-09T13:52:53.5196710Z I/flutter ( 2279): [PROFILE][SCENARIO_READY] I_first_fling
2026-09-09T13:52:53.5214788Z I/flutter ( 2279): [PROFILE][SCENARIO_START] K_avatar_first_target
2026-09-09T13:52:53.9911761Z D/EGL_emulation( 2279): app_time_stats: avg=2024.28ms min=2024.28ms max=2024.28ms count=1
2026-09-09T13:52:53.9983702Z I/flutter ( 2279): [FluviDiagnostic] stage=DASHBOARD_STARTUP_ATTEMPT_STARTED scope=attemptGeneration=1 stage=bootstrap entryCount=- error=- message=-
2026-09-09T13:52:54.0309044Z I/flutter ( 2279): [FluviDiagnostic] stage=READINESS_PHASE_ENTERED scope=- entryCount=- error=- message=databasePending
2026-09-09T13:52:54.0319570Z I/flutter ( 2279): [FluviDiagnostic] stage=READINESS_PHASE_ENTERED scope=- entryCount=- error=- message=indexBuilding
2026-09-09T13:52:54.0374126Z I/flutter ( 2279): [FluviDiagnostic] stage=READINESS_TASK_STARTED scope=- entryCount=- error=- message=viewportPayload
2026-09-09T13:52:54.0821137Z D/FluviDashboard( 2279): [FLOW][INDEX_BUILD_STARTED] INDEX_BUILD_STARTED flowId=- queryKey=- direction=- scope=generation=1 acquisitionReason=bootstrap requestIdentity=rev=2|income=income|periods:|categories:|partners:|refinements:min=,max=,hasNote=false|expense=expense|periods:|categories:|partners:|refinements:min=,max=,hasNote=false|page=24|window=2014-2038 revision=2 totalMinor=- entryCount=-
2026-09-09T13:52:54.3511042Z I/com.fluvi.app( 2279): Background concurrent mark compact GC freed 4608KB AllocSpace bytes, 12(2192KB) LOS objects, 49% free, 4075KB/8151KB, paused 171us,20.186ms total 189.190ms
2026-09-09T13:52:54.7974336Z I/com.fluvi.app( 2279): Background concurrent mark compact GC freed 5408KB AllocSpace bytes, 0(0B) LOS objects, 49% free, 4011KB/8023KB, paused 202us,2.754ms total 179.171ms
2026-09-09T13:52:55.3553835Z I/com.fluvi.app( 2279): Background concurrent mark compact GC freed 5716KB AllocSpace bytes, 0(0B) LOS objects, 49% free, 4387KB/8775KB, paused 235us,2.157ms total 277.003ms
2026-09-09T13:52:55.8028158Z I/com.fluvi.app( 2279): Background concurrent mark compact GC freed 5008KB AllocSpace bytes, 0(0B) LOS objects, 49% free, 4759KB/9519KB, paused 268us,2.484ms total 142.922ms
2026-09-09T13:52:56.2417973Z I/com.fluvi.app( 2279): Background concurrent mark compact GC freed 3652KB AllocSpace bytes, 0(0B) LOS objects, 49% free, 5975KB/11MB, paused 630us,4.392ms total 150.171ms
2026-09-09T13:52:56.4125809Z D/EGL_emulation( 2279): app_time_stats: avg=2422.96ms min=2422.96ms max=2422.96ms count=1
2026-09-09T13:52:56.7589989Z I/com.fluvi.app( 2279): Background concurrent mark compact GC freed 4520KB AllocSpace bytes, 7(2060KB) LOS objects, 49% free, 12MB/25MB, paused 248us,3.055ms total 159.291ms
2026-09-09T13:52:56.8095191Z D/FluviDashboard( 2279): [FLOW][INDEX_BUILD_READY] INDEX_BUILD_READY flowId=- queryKey=- direction=- scope=generation=1 acquisitionReason=bootstrap requestIdentity=rev=2|income=income|periods:|categories:|partners:|refinements:min=,max=,hasNote=false|expense=expense|periods:|categories:|partners:|refinements:min=,max=,hasNote=false|page=24|window=2014-2038 sqlCalls=5 sqlMicros=1601272 frames=1012 rows=4304 payloadBytes=2175073 serializationMicros=268673 revision=2 totalMinor=- entryCount=-
2026-09-09T13:52:57.5448466Z D/EGL_emulation( 2279): app_time_stats: avg=188.29ms min=162.53ms max=223.14ms count=6
2026-09-09T13:52:57.6948590Z D/FluviDashboard( 2279): [FLOW][FINANCIAL_LIMIT_SNAPSHOT_PREPARE_STARTED] FINANCIAL_LIMIT_SNAPSHOT_PREPARE_STARTED flowId=- queryKey=- direction=- scope=yearWindowStart=2014 yearWindowEnd=2038 revision=2 totalMinor=- entryCount=-
2026-09-09T13:52:57.9510005Z D/FluviDashboard( 2279): [FLOW][FINANCIAL_LIMIT_SNAPSHOT_READY] FINANCIAL_LIMIT_SNAPSHOT_READY flowId=- queryKey=- direction=- scope=incomeTargetCount=3 incomeCategoryCount=2 expenseTargetCount=9 expenseCategoryCount=8 periodSliceCount=326 payloadBytes=320072 sqlCalls=5 nativeSqlMicros=214290 revision=2 totalMinor=- entryCount=-
2026-09-09T13:52:57.9598275Z D/FluviDashboard( 2279): [FLOW][BUDGET_PARTNER_SNAPSHOT_PREPARE_STARTED] BUDGET_PARTNER_SNAPSHOT_PREPARE_STARTED flowId=- queryKey=- direction=- scope=yearWindowStart=2014 yearWindowEnd=2038 revision=2 totalMinor=- entryCount=-
2026-09-09T13:52:58.1768829Z I/com.fluvi.app( 2279): Background concurrent mark compact GC freed 7089KB AllocSpace bytes, 16(14MB) LOS objects, 49% free, 4659KB/9319KB, paused 414us,5.455ms total 78.148ms
2026-09-09T13:52:58.4246337Z D/FluviDashboard( 2279): [FLOW][BUDGET_PARTNER_SNAPSHOT_READY] BUDGET_PARTNER_SNAPSHOT_READY flowId=- queryKey=- direction=- scope=incomePartnerCount=4 expensePartnerCount=23 periodSlices=326 payloadBytes=347027 sqlCalls=5 nativeSqlMicros=348075 revision=2 totalMinor=- entryCount=-
2026-09-09T13:52:58.4441875Z I/flutter ( 2279): [FluviDiagnostic] stage=READINESS_TASK_COMPLETED scope=- entryCount=- error=- message=viewportPayload
2026-09-09T13:52:58.4469053Z I/flutter ( 2279): [FluviDiagnostic] stage=READINESS_PHASE_ENTERED scope=- entryCount=- error=- message=presentationPreparing
2026-09-09T13:52:58.4497150Z I/flutter ( 2279): [FluviDiagnostic] stage=READINESS_TASK_STARTED scope=- entryCount=- error=- message=renderResources
2026-09-09T13:52:58.4507699Z I/flutter ( 2279): [FluviDiagnostic] stage=READINESS_TASK_COMPLETED scope=- entryCount=- error=- message=renderResources
2026-09-09T13:52:58.4537373Z I/flutter ( 2279): [FluviDiagnostic] stage=READINESS_PHASE_ENTERED scope=- entryCount=- error=- message=renderCriticalWarmup
2026-09-09T13:52:58.4567265Z I/flutter ( 2279): [FluviDiagnostic] stage=READINESS_TASK_STARTED scope=- entryCount=- error=- message=logBoxSurface
2026-09-09T13:52:58.5199353Z I/flutter ( 2279): [FluviDiagnostic] stage=BUDGET_HEADER_VALUE_BOUND scope=generation=0 plane=month targetHandle=0 modelBindVsyncMicros=85758533 displayNumeratorScaled100=68900000 displayDenominatorScaled100=86125000 hasLimit=true canonicalLimitScaled100=86125000 entryCount=- error=- message=-
2026-09-09T13:52:58.5419833Z I/flutter ( 2279): [FluviDiagnostic] stage=HEADER_PORTAL_EFFECT_CATALOG_VERIFIED scope=- entryCount=- error=- message=innerOptionCount=5 backgroundOptionCount=5 sameOptions=true sameRenderer=false sameParameterSchema=true sameDefaults=true sameState=false sameClockSource=true
2026-09-09T13:52:58.5425222Z I/flutter ( 2279): [FluviDiagnostic] stage=BUDGET_HEADER_COOL_COLOR_BOUND scope=source=cool driver=userGlobal positionPct=50 windowWidthPct=28 leftRawPct=36.0 centerRawPct=50.0 rightRawPct=64.0 leftSamplePct=36.0 centerSamplePct=50.0 rightSamplePct=64.0 colorAArgb=4284604923 colorMidArgb=4279551457 colorBArgb=4278423754 settingsGeneration=0 entryCount=- error=- message=-
2026-09-09T13:52:58.5457294Z I/flutter ( 2279): [FluviDiagnostic] stage=READINESS_TASK_COMPLETED scope=- entryCount=- error=- message=logBoxSurface
2026-09-09T13:52:58.5487433Z I/flutter ( 2279): [FluviDiagnostic] stage=READINESS_TASK_STARTED scope=- entryCount=- error=- message=logBoxLayout
2026-09-09T13:52:58.5527586Z I/flutter ( 2279): [FluviDiagnostic] stage=READINESS_TASK_COMPLETED scope=- entryCount=- error=- message=logBoxLayout
2026-09-09T13:52:58.5529598Z I/flutter ( 2279): [FluviDiagnostic] stage=READINESS_TASK_STARTED scope=- entryCount=- error=- message=textLayoutSlots
2026-09-09T13:52:58.5567801Z I/flutter ( 2279): [FluviDiagnostic] stage=SCENE_WINDOW_PREPARE_STARTED scope=owner=renderCriticalReadiness priority=5 entryCount=30 error=- message=-
2026-09-09T13:52:58.5599591Z I/flutter ( 2279): [FluviDiagnostic] stage=HEADER_RENDER_BACKEND_BOUND scope=commitSha=33ee878b070345c336bb73df2b087d9a63c87c5a backend=fragmentShader logicalWidth=375.4757281553398 logicalHeight=123.8252427184466 devicePixelRatio=2.6260019651445416 physicalWidth=986.0 physicalHeight=326.0 backendIdentity=715052112 entryCount=- error=- message=-
2026-09-09T13:52:58.5630510Z I/flutter ( 2279): [FluviDiagnostic] stage=HEADER_PORTAL_INNER_CHANNEL_BOUND scope=enabled=true effectId=wandering-mist settingsGeneration=0 phaseOwnerIdentity=985887113 controllerIdentity=208729526 fragmentBackendIdentity=715052112 programIdentity=715052112 shaderIdentity=715052112 canonicalFieldStopCount=2 canonicalFieldStopHash=43d59ffd portalColorModel=paletteCoordinate inputSignature=b9158e4 entryCount=- error=- message=-
2026-09-09T13:52:58.5660030Z I/flutter ( 2279): [FluviDiagnostic] stage=HEADER_PORTAL_BACKGROUND_CHANNEL_BOUND scope=enabled=true effectId=wandering-mist settingsGeneration=0 phaseOwnerIdentity=985887113 controllerIdentity=208729526 fragmentBackendIdentity=715052112 programIdentity=715052112 shaderIdentity=715052112 canonicalFieldStopCount=2 canonicalFieldStopHash=43d59ffd portalColorModel=paletteCoordinate inputSignature=b9158e4 entryCount=- error=- message=-
2026-09-09T13:52:58.5686499Z I/flutter ( 2279): [FluviDiagnostic] stage=HEADER_PORTAL_FRAGMENT_INPUT_BOUND scope=innerEnabled=true innerEffect=wandering-mist innerSettingsHash=143ac802 backgroundEnabled=true backgroundEffect=wandering-mist backgroundSettingsHash=143ac802 uniformLayoutVersion=3 fragmentConfigurationGeneration=1 fragmentBackendIdentity=715052112 programIdentity=715052112 shaderIdentity=715052112 canonicalFieldStopCount=2 canonicalFieldStopHash=43d59ffd portalColorModel=paletteCoordinate entryCount=- error=- message=-
2026-09-09T13:52:58.5694226Z I/flutter ( 2279): [FluviDiagnostic] stage=HEADER_SHADER_READY scope=asset=shaders/dashboard_header_field.frag programIdentity=974727089 shaderIdentity=4528984 flutterVersion=3.41.4 rendererBackend=runtimeEffect engineBackend=notExposedByDart entryCount=- error=- message=-
2026-09-09T13:52:58.5818730Z I/flutter ( 2279): [FluviDiagnostic] stage=SCENE_WINDOW_SLICE_OVER_BUDGET scope=boundary=dayHeader elapsedMicros=1046 budgetMicros=1000 entryCount=30 error=- message=-
2026-09-09T13:52:58.5859364Z I/flutter ( 2279): [FluviDiagnostic] stage=SCENE_WINDOW_PREPARE_COMPLETED scope=owner=renderCriticalReadiness priority=5 entryCount=30 error=- message=uiIsolateMicros=9283 largestContiguousUiSliceMicros=1046 yields=22 richRowProjectionMicros=16 richFrameProjectionMicros=814 projectedUniqueRows=6 projectedFrames=1 reusedProjectedRows=0 reusedProjectedFrames=0 uniqueRowLayouts=30 reusedRowLayouts=0 newRowLayouts=30 sceneNew=2 sceneReuse=0 pauseCount=0 resumeCount=0 semanticsWork=0 rasterWork=0 allocationCount=47
2026-09-09T13:52:58.5887744Z I/flutter ( 2279): [FluviDiagnostic] stage=SCENE_WINDOW_PREPARE_STARTED scope=owner=liveInteractionResource priority=4 entryCount=130 error=- message=-
2026-09-09T13:52:58.5926910Z I/flutter ( 2279): [FluviDiagnostic] stage=READINESS_TASK_COMPLETED scope=- entryCount=- error=- message=textLayoutSlots
2026-09-09T13:52:58.5962529Z I/flutter ( 2279): [FluviDiagnostic] stage=READINESS_PHASE_ENTERED scope=- entryCount=- error=- message=ready
2026-09-09T13:52:58.5998212Z I/flutter ( 2279): [FluviDiagnostic] stage=DASHBOARD_STARTUP_READY scope=attemptGeneration=1 stage=ready readinessTask=- entryCount=- error=- message=-
2026-09-09T13:52:58.6000372Z I/flutter ( 2279): [FluviDiagnostic] stage=READINESS_READY scope=- entryCount=- error=- message=-
2026-09-09T13:52:58.6038206Z I/flutter ( 2279): [FluviDiagnostic] stage=SCENE_WINDOW_ATOMIC_WORK_UNIT_OVER_BUDGET scope=workUnit=rowText:time elapsedMicros=2563 budgetMicros=1000 entryCount=130 error=- message=-
2026-09-09T13:52:58.6067811Z I/flutter ( 2279): [FluviDiagnostic] stage=SCENE_WINDOW_SLICE_OVER_BUDGET scope=boundary=rowTextParagraph elapsedMicros=2792 budgetMicros=1000 entryCount=130 error=- message=-
2026-09-09T13:52:58.6092588Z I/flutter ( 2279): [FluviDiagnostic] stage=SCENE_WINDOW_ATOMIC_WORK_UNIT_OVER_BUDGET scope=workUnit=rowText:secondary elapsedMicros=1667 budgetMicros=1000 entryCount=130 error=- message=-
2026-09-09T13:52:58.6117635Z I/flutter ( 2279): [FluviDiagnostic] stage=SCENE_WINDOW_SLICE_OVER_BUDGET scope=boundary=rowText elapsedMicros=1828 budgetMicros=1000 entryCount=130 error=- message=-
2026-09-09T13:52:58.6128342Z I/flutter ( 2279): [FluviDiagnostic] stage=SCENE_WINDOW_ATOMIC_WORK_UNIT_OVER_BUDGET scope=workUnit=rowText:amount elapsedMicros=1245 budgetMicros=1000 entryCount=130 error=- message=-
2026-09-09T13:52:58.6198599Z I/flutter ( 2279): [FluviDiagnostic] stage=SCENE_WINDOW_SLICE_OVER_BUDGET scope=boundary=dayHeader elapsedMicros=1080 budgetMicros=1000 entryCount=130 error=- message=-
2026-09-09T13:52:58.6257028Z I/flutter ( 2279): [FluviDiagnostic] stage=SCENE_WINDOW_SLICE_OVER_BUDGET scope=boundary=completion elapsedMicros=2431 budgetMicros=1000 entryCount=130 error=- message=-
2026-09-09T13:52:58.6303590Z I/flutter ( 2279): [FluviDiagnostic] stage=SCENE_WINDOW_PREPARE_COMPLETED scope=owner=liveInteractionResource priority=4 entryCount=130 error=- message=uiIsolateMicros=31517 largestContiguousUiSliceMicros=2792 yields=63 richRowProjectionMicros=128 richFrameProjectionMicros=508 projectedUniqueRows=70 projectedFrames=37 reusedProjectedRows=30 reusedProjectedFrames=0 uniqueRowLayouts=100 reusedRowLayouts=30 newRowLayouts=70 sceneNew=37 sceneReuse=2 pauseCount=0 resumeCount=0 semanticsWork=0 rasterWork=0 allocationCount=123
2026-09-09T13:52:58.6453171Z D/EGL_emulation( 2279): app_time_stats: avg=143.19ms min=33.71ms max=293.27ms count=7
2026-09-09T13:52:58.6874469Z I/flutter ( 2279): [FluviDiagnostic] stage=SCENE_WINDOW_PREPARE_STARTED scope=owner=foregroundNavigation priority=3 entryCount=226 error=- message=-
2026-09-09T13:52:58.6908442Z I/flutter ( 2279): [FluviDiagnostic] stage=SCENE_WINDOW_ATOMIC_WORK_UNIT_OVER_BUDGET scope=workUnit=rowText:amount elapsedMicros=1219 budgetMicros=1000 entryCount=226 error=- message=-
2026-09-09T13:52:58.6937740Z I/flutter ( 2279): [FluviDiagnostic] stage=SCENE_WINDOW_SLICE_OVER_BUDGET scope=boundary=rowTextParagraph elapsedMicros=2649 budgetMicros=1000 entryCount=226 error=- message=-
2026-09-09T13:52:58.6968095Z I/flutter ( 2279): [FluviDiagnostic] stage=SCENE_WINDOW_ATOMIC_WORK_UNIT_OVER_BUDGET scope=workUnit=rowText:time elapsedMicros=2240 budgetMicros=1000 entryCount=226 error=- message=-
2026-09-09T13:52:58.6970950Z I/flutter ( 2279): [FluviDiagnostic] stage=SCENE_WINDOW_SLICE_OVER_BUDGET scope=boundary=dayHeader elapsedMicros=1039 budgetMicros=1000 entryCount=226 error=- message=-
2026-09-09T13:52:58.7000749Z I/flutter ( 2279): [FluviDiagnostic] stage=SCENE_WINDOW_PREPARE_COMPLETED scope=owner=foregroundNavigation priority=3 entryCount=226 error=- message=uiIsolateMicros=11791 largestContiguousUiSliceMicros=3730 yields=21 richRowProjectionMicros=28 richFrameProjectionMicros=439 projectedUniqueRows=18 projectedFrames=4 reusedProjectedRows=78 reusedProjectedFrames=0 uniqueRowLayouts=118 reusedRowLayouts=100 newRowLayouts=18 sceneNew=41 sceneReuse=2 pauseCount=0 resumeCount=0 semanticsWork=0 rasterWork=0 allocationCount=77
2026-09-09T13:52:58.7027458Z I/flutter ( 2279): [FluviDiagnostic] stage=SUMMARY_PARENT_HOTSET_PREPARE_STARTED scope=- entryCount=130 error=- message=-
2026-09-09T13:52:58.7083504Z I/flutter ( 2279): [FluviDiagnostic] stage=SCENE_WINDOW_PREPARE_STARTED scope=owner=speculativeMaintenance priority=1 entryCount=130 error=- message=-
2026-09-09T13:52:58.7107633Z I/flutter ( 2279): [FluviDiagnostic] stage=SCENE_WINDOW_ATOMIC_WORK_UNIT_OVER_BUDGET scope=workUnit=rowText:time elapsedMicros=2408 budgetMicros=1000 entryCount=130 error=- message=-
2026-09-09T13:52:58.7137589Z I/flutter ( 2279): [FluviDiagnostic] stage=SCENE_WINDOW_SLICE_OVER_BUDGET scope=boundary=rowTextParagraph elapsedMicros=2671 budgetMicros=1000 entryCount=130 error=- message=-
2026-09-09T13:52:58.7378018Z I/flutter ( 2279): [FluviDiagnostic] stage=SCENE_WINDOW_SLICE_OVER_BUDGET scope=boundary=dayHeader elapsedMicros=1008 budgetMicros=1000 entryCount=130 error=- message=-
2026-09-09T13:52:58.7380924Z I/flutter ( 2279): [FluviDiagnostic] stage=SCENE_WINDOW_SLICE_OVER_BUDGET scope=boundary=completion elapsedMicros=1083 budgetMicros=1000 entryCount=130 error=- message=-
2026-09-09T13:52:58.7411120Z I/flutter ( 2279): [FluviDiagnostic] stage=SCENE_WINDOW_PREPARE_COMPLETED scope=owner=speculativeMaintenance priority=1 entryCount=130 error=- message=uiIsolateMicros=30877 largestContiguousUiSliceMicros=2671 yields=80 richRowProjectionMicros=152 richFrameProjectionMicros=507 projectedUniqueRows=94 projectedFrames=30 reusedProjectedRows=36 reusedProjectedFrames=0 uniqueRowLayouts=100 reusedRowLayouts=6 newRowLayouts=94 sceneNew=30 sceneReuse=0 pauseCount=0 resumeCount=0 semanticsWork=0 rasterWork=0 allocationCount=140
2026-09-09T13:52:58.7447198Z I/flutter ( 2279): [FluviDiagnostic] stage=SUMMARY_PARENT_HOTSET_PREPARE_READY scope=- entryCount=130 error=- message=-
2026-09-09T13:52:58.7477129Z I/flutter ( 2279): [FluviDiagnostic] stage=SUMMARY_PARENT_HOTSET_PREPARE_STARTED scope=- entryCount=0 error=- message=-
2026-09-09T13:52:58.7479054Z I/flutter ( 2279): [FluviDiagnostic] stage=SUMMARY_PARENT_HOTSET_PREPARE_READY scope=- entryCount=0 error=- message=-
2026-09-09T13:52:58.7721568Z I/flutter ( 2279): [FluviDiagnostic] stage=HEADER_RENDER_FIDELITY_CONFIG scope=outputResolutionMode=nativeSurface fieldEvaluationMode=perFragment logicalWidth=375.4757281553398 logicalHeight=123.8252427184466 physicalWidth=986.0 physicalHeight=326.0 sourceRenderScale=0.6 effectId=dualTide backend=fragmentShader physicalTarget=986.0x326.0 parentTransformScale=notObservableInCanvas touchOverlayBackend=fragmentShaderAnalytic shaderFailureFallback=nativeStaticGradient shaderReady=true shaderFailure=false entryCount=- error=- message=-
2026-09-09T13:52:58.7729281Z I/flutter ( 2279): [FluviDiagnostic] stage=HEADER_TOUCH_RENDER_PATH_BOUND scope=fieldBackend=fragmentShader overlayBackend=fragmentShaderAnalytic trailBackend=fragmentShaderAnalytic logicalSize=375.4757281553398x123.8252427184466 physicalSize=986.0x326.0 usesSaveLayer=false usesOffscreenIntermediate=false entryCount=- error=- message=-
2026-09-09T13:52:58.7759934Z I/flutter ( 2279): [FluviDiagnostic] stage=HEADER_PORTAL_INNER_CHANNEL_BOUND scope=enabled=true effectId=wandering-mist settingsGeneration=0 phaseOwnerIdentity=985887113 controllerIdentity=208729526 fragmentBackendIdentity=715052112 programIdentity=974727089 shaderIdentity=4528984 canonicalFieldStopCount=2 canonicalFieldStopHash=43d59ffd portalColorModel=paletteCoordinate inputSignature=37b099a entryCount=- error=- message=-
2026-09-09T13:52:58.7789920Z I/flutter ( 2279): [FluviDiagnostic] stage=HEADER_PORTAL_BACKGROUND_CHANNEL_BOUND scope=enabled=true effectId=wandering-mist settingsGeneration=0 phaseOwnerIdentity=985887113 controllerIdentity=208729526 fragmentBackendIdentity=715052112 programIdentity=974727089 shaderIdentity=4528984 canonicalFieldStopCount=2 canonicalFieldStopHash=43d59ffd portalColorModel=paletteCoordinate inputSignature=37b099a entryCount=- error=- message=-
2026-09-09T13:52:58.7820640Z I/flutter ( 2279): [FluviDiagnostic] stage=HEADER_PORTAL_FRAGMENT_INPUT_BOUND scope=innerEnabled=true innerEffect=wandering-mist innerSettingsHash=143ac802 backgroundEnabled=true backgroundEffect=wandering-mist backgroundSettingsHash=143ac802 uniformLayoutVersion=3 fragmentConfigurationGeneration=2 fragmentBackendIdentity=715052112 programIdentity=974727089 shaderIdentity=4528984 canonicalFieldStopCount=2 canonicalFieldStopHash=43d59ffd portalColorModel=paletteCoordinate entryCount=- error=- message=-
2026-09-09T13:52:58.7938168Z I/flutter ( 2279): [FluviDiagnostic] stage=HEADER_TAP_WAVE_TRIGGERED scope=- entryCount=- error=- message=originXNormalized=0.5 originYNormalized=0.5000000000000001 activeWaveCount=1
2026-09-09T13:52:58.7996511Z D/FluviDashboard( 2279): [FLOW][VERTICAL_PAGE_NATIVE_READY] VERTICAL_PAGE_NATIVE_READY flowId=- queryKey=expense|month:2026-07|categories:|partners:|refinements: direction=expense scope=pageOrdinal=1 nativeSqlMicros=4167 nativeMappingMicros=379 serializationMicros=3402 nativeHandlerQueueMicros=607 authoritativeEntryCount=94 revision=2 totalMinor=- entryCount=24
2026-09-09T13:52:58.8089993Z D/FluviDashboard( 2279): [FLOW][VERTICAL_PAGE_NATIVE_RESULT_SUBMITTED] VERTICAL_PAGE_NATIVE_RESULT_SUBMITTED flowId=- queryKey=- direction=- scope=nativeHandlerQueueMicros=607 nativeResultSubmitMicros=136 revision=- totalMinor=- entryCount=-
2026-09-09T13:52:58.8139535Z D/FluviDashboard( 2279): [FLOW][VERTICAL_PAGE_NATIVE_READY] VERTICAL_PAGE_NATIVE_READY flowId=- queryKey=expense|month:2026-07|categories:|partners:|refinements: direction=expense scope=pageOrdinal=2 nativeSqlMicros=1904 nativeMappingMicros=152 serializationMicros=369 nativeHandlerQueueMicros=241 authoritativeEntryCount=94 revision=2 totalMinor=- entryCount=24
2026-09-09T13:52:58.8174480Z D/FluviDashboard( 2279): [FLOW][VERTICAL_PAGE_NATIVE_RESULT_SUBMITTED] VERTICAL_PAGE_NATIVE_RESULT_SUBMITTED flowId=- queryKey=- direction=- scope=nativeHandlerQueueMicros=241 nativeResultSubmitMicros=194 revision=- totalMinor=- entryCount=-
2026-09-09T13:52:58.8389809Z D/FluviDashboard( 2279): [FLOW][VERTICAL_PAGE_NATIVE_READY] VERTICAL_PAGE_NATIVE_READY flowId=- queryKey=expense|month:2026-07|categories:|partners:|refinements: direction=expense scope=pageOrdinal=3 nativeSqlMicros=1316 nativeMappingMicros=141 serializationMicros=205 nativeHandlerQueueMicros=308 authoritativeEntryCount=94 revision=2 totalMinor=- entryCount=22
2026-09-09T13:52:58.8438596Z D/FluviDashboard( 2279): [FLOW][VERTICAL_PAGE_NATIVE_RESULT_SUBMITTED] VERTICAL_PAGE_NATIVE_RESULT_SUBMITTED flowId=- queryKey=- direction=- scope=nativeHandlerQueueMicros=308 nativeResultSubmitMicros=68 revision=- totalMinor=- entryCount=-
2026-09-09T13:52:58.9838341Z I/flutter ( 2279): [FluviDiagnostic] stage=SCENE_WINDOW_PREPARE_STARTED scope=owner=liveInteractionResource priority=4 entryCount=105 error=- message=-
2026-09-09T13:52:58.9900255Z I/flutter ( 2279): [FluviDiagnostic] stage=BUDGET_HEADER_WIDGET_BUILT scope=interactionGeneration=0 targetHandle=0 visiblePresentationEpoch=1 visibleFrameGeneration=1 buildVsyncMicros=86208533 entryCount=- error=- message=-
2026-09-09T13:52:59.0499892Z I/flutter ( 2279): [FluviDiagnostic] stage=HEADER_RENDER_BACKEND_BOUND scope=commitSha=33ee878b070345c336bb73df2b087d9a63c87c5a backend=fragmentShader logicalWidth=375.4757281553398 logicalHeight=123.8252427184466 devicePixelRatio=2.6260019651445416 physicalWidth=986.0 physicalHeight=326.0 backendIdentity=556441252 entryCount=- error=- message=-
2026-09-09T13:53:00.0642382Z I/flutter ( 2279): [FluviDiagnostic] stage=HEADER_PORTAL_INNER_CHANNEL_BOUND scope=enabled=true effectId=wandering-mist settingsGeneration=0 phaseOwnerIdentity=985887113 controllerIdentity=208729526 fragmentBackendIdentity=556441252 programIdentity=556441252 shaderIdentity=556441252 canonicalFieldStopCount=3 canonicalFieldStopHash=79f93e3b portalColorModel=paletteCoordinate inputSignature=1341b0b2 entryCount=- error=- message=-
2026-09-09T13:53:00.0670675Z I/flutter ( 2279): [FluviDiagnostic] stage=HEADER_PORTAL_BACKGROUND_CHANNEL_BOUND scope=enabled=true effectId=wandering-mist settingsGeneration=0 phaseOwnerIdentity=985887113 controllerIdentity=208729526 fragmentBackendIdentity=556441252 programIdentity=556441252 shaderIdentity=556441252 canonicalFieldStopCount=3 canonicalFieldStopHash=79f93e3b portalColorModel=paletteCoordinate inputSignature=1341b0b2 entryCount=- error=- message=-
2026-09-09T13:53:00.0710077Z I/flutter ( 2279): [FluviDiagnostic] stage=HEADER_PORTAL_FRAGMENT_INPUT_BOUND scope=innerEnabled=true innerEffect=wandering-mist innerSettingsHash=143ac802 backgroundEnabled=true backgroundEffect=wandering-mist backgroundSettingsHash=143ac802 uniformLayoutVersion=3 fragmentConfigurationGeneration=1 fragmentBackendIdentity=556441252 programIdentity=556441252 shaderIdentity=556441252 canonicalFieldStopCount=3 canonicalFieldStopHash=79f93e3b portalColorModel=paletteCoordinate entryCount=- error=- message=-
2026-09-09T13:53:00.0719071Z I/flutter ( 2279): [FluviDiagnostic] stage=BUDGET_HEADER_PAINTED scope=interactionGeneration=0 targetHandle=0 visiblePresentationEpoch=1 visibleFrameGeneration=1 displayNumeratorScaled100=68900000 displayDenominatorScaled100=86125000 paintVsyncMicros=86208533 entryCount=- error=- message=-
2026-09-09T13:53:00.0740409Z I/flutter ( 2279): [FluviDiagnostic] stage=HEADER_SHADER_READY scope=asset=shaders/dashboard_header_field.frag programIdentity=974727089 shaderIdentity=383838237 flutterVersion=3.41.4 rendererBackend=runtimeEffect engineBackend=notExposedByDart entryCount=- error=- message=-
2026-09-09T13:53:00.0771354Z I/flutter ( 2279): [PROFILE][SCENARIO_PREPARED] K_avatar_first_target plane=month
2026-09-09T13:53:00.0798461Z I/flutter ( 2279): [PROFILE][SCENARIO_STABLE] K_avatar_first_target
2026-09-09T13:53:00.0818644Z I/flutter ( 2279): [FluviDiagnostic] stage=SCENE_WINDOW_PREPARE_COMPLETED scope=owner=liveInteractionResource priority=4 entryCount=105 error=- message=uiIsolateMicros=1413 largestContiguousUiSliceMicros=968 yields=4 richRowProjectionMicros=171 richFrameProjectionMicros=649 projectedUniqueRows=81 projectedFrames=8 reusedProjectedRows=0 reusedProjectedFrames=0 uniqueRowLayouts=81 reusedRowLayouts=81 newRowLayouts=0 sceneNew=8 sceneReuse=1 pauseCount=0 resumeCount=0 semanticsWork=0 rasterWork=0 allocationCount=8
2026-09-09T13:53:00.0839608Z I/flutter ( 2279): [FluviDiagnostic] stage=HEADER_RENDER_FIDELITY_CONFIG scope=outputResolutionMode=nativeSurface fieldEvaluationMode=perFragment logicalWidth=375.4757281553398 logicalHeight=123.8252427184466 physicalWidth=986.0 physicalHeight=326.0 sourceRenderScale=0.6 effectId=dualTide backend=fragmentShader physicalTarget=986.0x326.0 parentTransformScale=notObservableInCanvas touchOverlayBackend=fragmentShaderAnalytic shaderFailureFallback=nativeStaticGradient shaderReady=true shaderFailure=false entryCount=- error=- message=-
2026-09-09T13:53:00.0858256Z I/flutter ( 2279): [FluviDiagnostic] stage=HEADER_TOUCH_RENDER_PATH_BOUND scope=fieldBackend=fragmentShader overlayBackend=fragmentShaderAnalytic trailBackend=fragmentShaderAnalytic logicalSize=375.4757281553398x123.8252427184466 physicalSize=986.0x326.0 usesSaveLayer=false usesOffscreenIntermediate=false entryCount=- error=- message=-
2026-09-09T13:53:00.0910240Z I/flutter ( 2279): [FluviDiagnostic] stage=HEADER_PORTAL_INNER_CHANNEL_BOUND scope=enabled=true effectId=wandering-mist settingsGeneration=0 phaseOwnerIdentity=985887113 controllerIdentity=208729526 fragmentBackendIdentity=556441252 programIdentity=974727089 shaderIdentity=383838237 canonicalFieldStopCount=3 canonicalFieldStopHash=79f93e3b portalColorModel=paletteCoordinate inputSignature=c308a93 entryCount=- error=- message=-
2026-09-09T13:53:00.0917861Z I/flutter ( 2279): [FluviDiagnostic] stage=HEADER_PORTAL_BACKGROUND_CHANNEL_BOUND scope=enabled=true effectId=wandering-mist settingsGeneration=0 phaseOwnerIdentity=985887113 controllerIdentity=208729526 fragmentBackendIdentity=556441252 programIdentity=974727089 shaderIdentity=383838237 canonicalFieldStopCount=3 canonicalFieldStopHash=79f93e3b portalColorModel=paletteCoordinate inputSignature=c308a93 entryCount=- error=- message=-
2026-09-09T13:53:00.0926254Z I/flutter ( 2279): [FluviDiagnostic] stage=HEADER_PORTAL_FRAGMENT_INPUT_BOUND scope=innerEnabled=true innerEffect=wandering-mist innerSettingsHash=143ac802 backgroundEnabled=true backgroundEffect=wandering-mist backgroundSettingsHash=143ac802 uniformLayoutVersion=3 fragmentConfigurationGeneration=2 fragmentBackendIdentity=556441252 programIdentity=974727089 shaderIdentity=383838237 canonicalFieldStopCount=3 canonicalFieldStopHash=79f93e3b portalColorModel=paletteCoordinate entryCount=- error=- message=-
2026-09-09T13:53:01.6199172Z D/EGL_emulation( 2279): app_time_stats: avg=980.26ms min=269.67ms max=2394.88ms count=3
2026-09-09T13:53:01.6399167Z I/flutter ( 2279): [FluviDiagnostic] stage=BUDGET_HEADER_VALUE_BOUND scope=generation=1 plane=month targetHandle=1 modelBindVsyncMicros=88875200 displayNumeratorScaled100=1409473 displayDenominatorScaled100=3198457 hasLimit=true canonicalLimitScaled100=3198457 entryCount=- error=- message=-
2026-09-09T13:53:01.9500200Z I/flutter ( 2279): [FluviDiagnostic] stage=BUDGET_HEADER_WIDGET_BUILT scope=interactionGeneration=1 targetHandle=1 visiblePresentationEpoch=1 visibleFrameGeneration=1 buildVsyncMicros=89191867 entryCount=- error=- message=-
2026-09-09T13:53:01.9570031Z I/flutter ( 2279): [FluviDiagnostic] stage=BUDGET_HEADER_PAINTED scope=interactionGeneration=1 targetHandle=1 visiblePresentationEpoch=1 visibleFrameGeneration=1 displayNumeratorScaled100=1409473 displayDenominatorScaled100=3198457 paintVsyncMicros=89191867 entryCount=- error=- message=-
2026-09-09T13:53:01.9663133Z I/flutter ( 2279): [FluviDiagnostic] stage=BUDGET_HEADER_VALUE_BOUND scope=generation=2 plane=month targetHandle=2 modelBindVsyncMicros=89191867 displayNumeratorScaled100=3064905 displayDenominatorScaled100=4730070 hasLimit=true canonicalLimitScaled100=4730070 entryCount=- error=- message=-
2026-09-09T13:53:04.3284373Z D/EGL_emulation( 2279): app_time_stats: avg=1355.38ms min=326.74ms max=2384.02ms count=2
2026-09-09T13:53:04.3336626Z I/flutter ( 2279): [FluviDiagnostic] stage=BUDGET_HEADER_WIDGET_BUILT scope=interactionGeneration=2 targetHandle=2 visiblePresentationEpoch=1 visibleFrameGeneration=1 buildVsyncMicros=91575200 entryCount=- error=- message=-
2026-09-09T13:53:04.3423792Z I/flutter ( 2279): [FluviDiagnostic] stage=BUDGET_HEADER_PAINTED scope=interactionGeneration=2 targetHandle=2 visiblePresentationEpoch=1 visibleFrameGeneration=1 displayNumeratorScaled100=3064905 displayDenominatorScaled100=4730070 paintVsyncMicros=91575200 entryCount=- error=- message=-
2026-09-09T13:53:04.3574146Z I/flutter ( 2279): [FluviDiagnostic] stage=BUDGET_HEADER_VALUE_BOUND scope=generation=3 plane=month targetHandle=3 modelBindVsyncMicros=91575200 displayNumeratorScaled100=2644575 displayDenominatorScaled100=3305718 hasLimit=true canonicalLimitScaled100=3305718 entryCount=- error=- message=-
2026-09-09T13:53:06.6101904Z D/EGL_emulation( 2279): app_time_stats: avg=2282.25ms min=2282.25ms max=2282.25ms count=1
2026-09-09T13:53:06.6392114Z I/flutter ( 2279): [FluviDiagnostic] stage=BUDGET_HEADER_WIDGET_BUILT scope=interactionGeneration=3 targetHandle=3 visiblePresentationEpoch=1 visibleFrameGeneration=1 buildVsyncMicros=93875200 entryCount=- error=- message=-
2026-09-09T13:53:06.6405564Z I/flutter ( 2279): [FluviDiagnostic] stage=BUDGET_HEADER_PAINTED scope=interactionGeneration=3 targetHandle=3 visiblePresentationEpoch=1 visibleFrameGeneration=1 displayNumeratorScaled100=2644575 displayDenominatorScaled100=3305718 paintVsyncMicros=93875200 entryCount=- error=- message=-
2026-09-09T13:53:08.7320030Z D/EGL_emulation( 2279): app_time_stats: avg=2120.36ms min=2120.36ms max=2120.36ms count=1
2026-09-09T13:53:08.7539187Z I/flutter ( 2279): [FluviDiagnostic] stage=BUDGET_HEADER_VALUE_BOUND scope=generation=4 plane=month targetHandle=4 modelBindVsyncMicros=95991866 displayNumeratorScaled100=39000000 displayDenominatorScaled100=8791666 hasLimit=true canonicalLimitScaled100=8791666 entryCount=- error=- message=-
2026-09-09T13:53:11.0079820Z D/EGL_emulation( 2279): app_time_stats: avg=2276.29ms min=2276.29ms max=2276.29ms count=1
2026-09-09T13:53:11.0179458Z I/flutter ( 2279): [FluviDiagnostic] stage=BUDGET_HEADER_WIDGET_BUILT scope=interactionGeneration=4 targetHandle=4 visiblePresentationEpoch=1 visibleFrameGeneration=1 buildVsyncMicros=98258533 entryCount=- error=- message=-
2026-09-09T13:53:11.0282274Z I/flutter ( 2279): [FluviDiagnostic] stage=BUDGET_HEADER_PAINTED scope=interactionGeneration=4 targetHandle=4 visiblePresentationEpoch=1 visibleFrameGeneration=1 displayNumeratorScaled100=39000000 displayDenominatorScaled100=8791666 paintVsyncMicros=98258533 entryCount=- error=- message=-
2026-09-09T13:53:11.0333438Z I/flutter ( 2279): [FluviDiagnostic] stage=BUDGET_HEADER_VALUE_BOUND scope=generation=5 plane=month targetHandle=5 modelBindVsyncMicros=98258533 displayNumeratorScaled100=6000000 displayDenominatorScaled100=1666666 hasLimit=true canonicalLimitScaled100=1666666 entryCount=- error=- message=-
2026-09-09T13:53:13.3380333Z D/EGL_emulation( 2279): app_time_stats: avg=2320.90ms min=2320.90ms max=2320.90ms count=1
2026-09-09T13:53:13.3402393Z I/flutter ( 2279): [FluviDiagnostic] stage=BUDGET_HEADER_WIDGET_BUILT scope=interactionGeneration=5 targetHandle=5 visiblePresentationEpoch=1 visibleFrameGeneration=1 buildVsyncMicros=100575200 entryCount=- error=- message=-
2026-09-09T13:53:13.3422429Z I/flutter ( 2279): [FluviDiagnostic] stage=BUDGET_HEADER_PAINTED scope=interactionGeneration=5 targetHandle=5 visiblePresentationEpoch=1 visibleFrameGeneration=1 displayNumeratorScaled100=6000000 displayDenominatorScaled100=1666666 paintVsyncMicros=100575200 entryCount=- error=- message=-
2026-09-09T13:53:13.3529344Z I/flutter ( 2279): [FluviDiagnostic] stage=BUDGET_HEADER_VALUE_BOUND scope=generation=6 plane=month targetHandle=6 modelBindVsyncMicros=100575200 displayNumeratorScaled100=2882276 displayDenominatorScaled100=3602845 hasLimit=true canonicalLimitScaled100=3602845 entryCount=- error=- message=-
2026-09-09T13:53:15.4564348Z D/EGL_emulation( 2279): app_time_stats: avg=2127.45ms min=2127.45ms max=2127.45ms count=1
2026-09-09T13:53:15.4628235Z I/flutter ( 2279): [FluviDiagnostic] stage=BUDGET_HEADER_WIDGET_BUILT scope=interactionGeneration=6 targetHandle=6 visiblePresentationEpoch=1 visibleFrameGeneration=1 buildVsyncMicros=102708533 entryCount=- error=- message=-
2026-09-09T13:53:15.4752000Z I/flutter ( 2279): [FluviDiagnostic] stage=BUDGET_HEADER_PAINTED scope=interactionGeneration=6 targetHandle=6 visiblePresentationEpoch=1 visibleFrameGeneration=1 displayNumeratorScaled100=2882276 displayDenominatorScaled100=3602845 paintVsyncMicros=102708533 entryCount=- error=- message=-
2026-09-09T13:53:17.4884773Z D/EGL_emulation( 2279): app_time_stats: avg=2032.17ms min=2032.17ms max=2032.17ms count=1
2026-09-09T13:53:17.5103423Z I/flutter ( 2279): [FluviDiagnostic] stage=BUDGET_HEADER_VALUE_BOUND scope=generation=7 plane=month targetHandle=7 modelBindVsyncMicros=104741866 displayNumeratorScaled100=4639396 displayDenominatorScaled100=4891990 hasLimit=true canonicalLimitScaled100=4891990 entryCount=- error=- message=-
2026-09-09T13:53:19.6962855Z D/EGL_emulation( 2279): app_time_stats: avg=2204.75ms min=2204.75ms max=2204.75ms count=1
2026-09-09T13:53:19.6977718Z I/flutter ( 2279): [FluviDiagnostic] stage=BUDGET_HEADER_WIDGET_BUILT scope=interactionGeneration=7 targetHandle=7 visiblePresentationEpoch=1 visibleFrameGeneration=1 buildVsyncMicros=106941866 entryCount=- error=- message=-
2026-09-09T13:53:19.7067147Z I/flutter ( 2279): [FluviDiagnostic] stage=BUDGET_HEADER_PAINTED scope=interactionGeneration=7 targetHandle=7 visiblePresentationEpoch=1 visibleFrameGeneration=1 displayNumeratorScaled100=4639396 displayDenominatorScaled100=4891990 paintVsyncMicros=106941866 entryCount=- error=- message=-
2026-09-09T13:53:21.9321499Z D/EGL_emulation( 2279): app_time_stats: avg=2235.85ms min=2235.85ms max=2235.85ms count=1
2026-09-09T13:53:24.1181241Z D/EGL_emulation( 2279): app_time_stats: avg=2185.88ms min=2185.88ms max=2185.88ms count=1
2026-09-09T13:53:24.1360423Z I/flutter ( 2279): [FluviDiagnostic] stage=BUDGET_HEADER_VALUE_BOUND scope=generation=8 plane=month targetHandle=3 modelBindVsyncMicros=111375199 displayNumeratorScaled100=2644575 displayDenominatorScaled100=3305718 hasLimit=true canonicalLimitScaled100=3305718 entryCount=- error=- message=-
2026-09-09T13:53:24.1447954Z I/flutter ( 2279): [FluviDiagnostic] stage=SCENE_WINDOW_PREPARE_STARTED scope=owner=liveInteractionResource priority=4 entryCount=26 error=- message=-
2026-09-09T13:53:24.1451248Z I/flutter ( 2279): [FluviDiagnostic] stage=SCENE_WINDOW_PREPARE_DEFERRED scope=owner=foregroundNavigation priority=3 blockedBy=liveInteractionResource blockedByPriority=4 entryCount=13 error=- message=-
2026-09-09T13:53:24.1454410Z I/flutter ( 2279): [FluviDiagnostic] stage=SCENE_WINDOW_SLICE_OVER_BUDGET scope=boundary=sceneAssembly elapsedMicros=1052 budgetMicros=1000 entryCount=26 error=- message=-
2026-09-09T13:53:24.1481768Z I/flutter ( 2279): [FluviDiagnostic] stage=SCENE_WINDOW_PREPARE_COMPLETED scope=owner=liveInteractionResource priority=4 entryCount=26 error=- message=uiIsolateMicros=1330 largestContiguousUiSliceMicros=1052 yields=2 richRowProjectionMicros=12 richFrameProjectionMicros=80 projectedUniqueRows=7 projectedFrames=31 reusedProjectedRows=0 reusedProjectedFrames=0 uniqueRowLayouts=13 reusedRowLayouts=13 newRowLayouts=0 sceneNew=14 sceneReuse=1 pauseCount=0 resumeCount=0 semanticsWork=0 rasterWork=0 allocationCount=14
2026-09-09T13:53:24.1487874Z I/flutter ( 2279): [FluviDiagnostic] stage=SCENE_WINDOW_PREPARE_STARTED scope=owner=foregroundNavigation priority=3 entryCount=13 error=- message=-
2026-09-09T13:53:24.1493051Z I/flutter ( 2279): [FluviDiagnostic] stage=SCENE_WINDOW_PREPARE_COMPLETED scope=owner=foregroundNavigation priority=3 entryCount=13 error=- message=uiIsolateMicros=162 largestContiguousUiSliceMicros=162 yields=1 richRowProjectionMicros=0 richFrameProjectionMicros=0 projectedUniqueRows=0 projectedFrames=0 reusedProjectedRows=0 reusedProjectedFrames=0 uniqueRowLayouts=13 reusedRowLayouts=13 newRowLayouts=0 sceneNew=1 sceneReuse=1 pauseCount=0 resumeCount=0 semanticsWork=0 rasterWork=0 allocationCount=1
2026-09-09T13:53:24.1498432Z I/flutter ( 2279): [FluviDiagnostic] stage=BUDGET_HEADER_WIDGET_BUILT scope=interactionGeneration=8 targetHandle=3 visiblePresentationEpoch=2 visibleFrameGeneration=10 buildVsyncMicros=111375199 entryCount=- error=- message=-
2026-09-09T13:53:24.1625260Z I/flutter ( 2279): [FluviDiagnostic] stage=BUDGET_HEADER_PAINTED scope=interactionGeneration=8 targetHandle=3 visiblePresentationEpoch=2 visibleFrameGeneration=10 displayNumeratorScaled100=2644575 displayDenominatorScaled100=3305718 paintVsyncMicros=111375199 entryCount=- error=- message=-
2026-09-09T13:53:26.3919485Z D/EGL_emulation( 2279): app_time_stats: avg=2274.18ms min=2274.18ms max=2274.18ms count=1
2026-09-09T13:53:28.6366753Z D/EGL_emulation( 2279): app_time_stats: avg=2241.56ms min=2241.56ms max=2241.56ms count=1
2026-09-09T13:53:31.1984684Z D/EGL_emulation( 2279): app_time_stats: avg=2565.40ms min=2565.40ms max=2565.40ms count=1
2026-09-09T13:53:33.3698025Z D/EGL_emulation( 2279): app_time_stats: avg=2167.53ms min=2167.53ms max=2167.53ms count=1
2026-09-09T13:53:33.3953718Z I/flutter ( 2279): [FluviDiagnostic] stage=BUDGET_HEADER_VALUE_BOUND scope=generation=9 plane=month targetHandle=2 modelBindVsyncMicros=120625199 displayNumeratorScaled100=3064905 displayDenominatorScaled100=4730070 hasLimit=true canonicalLimitScaled100=4730070 entryCount=- error=- message=-
2026-09-09T13:53:35.5257841Z D/EGL_emulation( 2279): app_time_stats: avg=2147.21ms min=2147.21ms max=2147.21ms count=1
2026-09-09T13:53:35.5318312Z I/flutter ( 2279): [FluviDiagnostic] stage=BUDGET_HEADER_WIDGET_BUILT scope=interactionGeneration=9 targetHandle=2 visiblePresentationEpoch=2 visibleFrameGeneration=10 buildVsyncMicros=122758532 entryCount=- error=- message=-
2026-09-09T13:53:35.5378825Z I/flutter ( 2279): [FluviDiagnostic] stage=BUDGET_HEADER_PAINTED scope=interactionGeneration=9 targetHandle=2 visiblePresentationEpoch=2 visibleFrameGeneration=10 displayNumeratorScaled100=3064905 displayDenominatorScaled100=4730070 paintVsyncMicros=122758532 entryCount=- error=- message=-
2026-09-09T13:53:35.5644705Z I/flutter ( 2279): [FluviDiagnostic] stage=BUDGET_HEADER_VALUE_BOUND scope=generation=10 plane=month targetHandle=1 modelBindVsyncMicros=122758532 displayNumeratorScaled100=1409473 displayDenominatorScaled100=3198457 hasLimit=true canonicalLimitScaled100=3198457 entryCount=- error=- message=-
2026-09-09T13:53:37.7365137Z D/EGL_emulation( 2279): app_time_stats: avg=2224.43ms min=2224.43ms max=2224.43ms count=1
2026-09-09T13:53:37.7518773Z I/flutter ( 2279): [FluviDiagnostic] stage=BUDGET_HEADER_WIDGET_BUILT scope=interactionGeneration=10 targetHandle=1 visiblePresentationEpoch=2 visibleFrameGeneration=10 buildVsyncMicros=124991865 entryCount=- error=- message=-
2026-09-09T13:53:37.7569424Z I/flutter ( 2279): [FluviDiagnostic] stage=BUDGET_HEADER_PAINTED scope=interactionGeneration=10 targetHandle=1 visiblePresentationEpoch=2 visibleFrameGeneration=10 displayNumeratorScaled100=1409473 displayDenominatorScaled100=3198457 paintVsyncMicros=124991865 entryCount=- error=- message=-
2026-09-09T13:53:37.7713897Z I/flutter ( 2279): [FluviDiagnostic] stage=BUDGET_HEADER_VALUE_BOUND scope=generation=11 plane=month targetHandle=0 modelBindVsyncMicros=124991865 displayNumeratorScaled100=68900000 displayDenominatorScaled100=86125000 hasLimit=true canonicalLimitScaled100=86125000 entryCount=- error=- message=-
2026-09-09T13:53:39.8520351Z D/EGL_emulation( 2279): app_time_stats: avg=2114.75ms min=2114.75ms max=2114.75ms count=1
2026-09-09T13:53:39.8638310Z I/flutter ( 2279): [FluviDiagnostic] stage=BUDGET_HEADER_WIDGET_BUILT scope=interactionGeneration=11 targetHandle=0 visiblePresentationEpoch=2 visibleFrameGeneration=10 buildVsyncMicros=127108532 entryCount=- error=- message=-
2026-09-09T13:53:39.8709868Z I/flutter ( 2279): [FluviDiagnostic] stage=BUDGET_HEADER_PAINTED scope=interactionGeneration=11 targetHandle=0 visiblePresentationEpoch=2 visibleFrameGeneration=10 displayNumeratorScaled100=68900000 displayDenominatorScaled100=86125000 paintVsyncMicros=127108532 entryCount=- error=- message=-
2026-09-09T13:53:41.8485187Z D/EGL_emulation( 2279): app_time_stats: avg=1996.06ms min=1996.06ms max=1996.06ms count=1
2026-09-09T13:53:41.8771807Z I/flutter ( 2279): [FluviDiagnostic] stage=BUDGET_HEADER_VALUE_BOUND scope=generation=12 plane=month targetHandle=8 modelBindVsyncMicros=129108532 displayNumeratorScaled100=9259375 displayDenominatorScaled100=13260096 hasLimit=true canonicalLimitScaled100=13260096 entryCount=- error=- message=-
2026-09-09T13:53:44.0561877Z D/EGL_emulation( 2279): app_time_stats: avg=2207.93ms min=2207.93ms max=2207.93ms count=1
2026-09-09T13:53:44.0668304Z I/flutter ( 2279): [FluviDiagnostic] stage=BUDGET_HEADER_WIDGET_BUILT scope=interactionGeneration=12 targetHandle=8 visiblePresentationEpoch=2 visibleFrameGeneration=10 buildVsyncMicros=131308532 entryCount=- error=- message=-
2026-09-09T13:53:44.0778567Z I/flutter ( 2279): [FluviDiagnostic] stage=BUDGET_HEADER_PAINTED scope=interactionGeneration=12 targetHandle=8 visiblePresentationEpoch=2 visibleFrameGeneration=10 displayNumeratorScaled100=9259375 displayDenominatorScaled100=13260096 paintVsyncMicros=131308532 entryCount=- error=- message=-
2026-09-09T13:53:44.1001075Z I/flutter ( 2279): [FluviDiagnostic] stage=BUDGET_HEADER_VALUE_BOUND scope=generation=13 plane=month targetHandle=7 modelBindVsyncMicros=131308532 displayNumeratorScaled100=4639396 displayDenominatorScaled100=4891990 hasLimit=true canonicalLimitScaled100=4891990 entryCount=- error=- message=-
2026-09-09T13:53:46.0755680Z D/EGL_emulation( 2279): app_time_stats: avg=2020.40ms min=2020.40ms max=2020.40ms count=1
2026-09-09T13:53:46.1010277Z I/flutter ( 2279): [FluviDiagnostic] stage=BUDGET_HEADER_WIDGET_BUILT scope=interactionGeneration=13 targetHandle=7 visiblePresentationEpoch=2 visibleFrameGeneration=10 buildVsyncMicros=133341865 entryCount=- error=- message=-
2026-09-09T13:53:46.1229430Z I/flutter ( 2279): [FluviDiagnostic] stage=BUDGET_HEADER_PAINTED scope=interactionGeneration=13 targetHandle=7 visiblePresentationEpoch=2 visibleFrameGeneration=10 displayNumeratorScaled100=4639396 displayDenominatorScaled100=4891990 paintVsyncMicros=133341865 entryCount=- error=- message=-
2026-09-09T13:53:46.1323037Z I/flutter ( 2279): [FluviDiagnostic] stage=BUDGET_HEADER_VALUE_BOUND scope=generation=14 plane=month targetHandle=6 modelBindVsyncMicros=133341865 displayNumeratorScaled100=2882276 displayDenominatorScaled100=3602845 hasLimit=true canonicalLimitScaled100=3602845 entryCount=- error=- message=-
2026-09-09T13:53:48.2767796Z D/EGL_emulation( 2279): app_time_stats: avg=2184.21ms min=2184.21ms max=2184.21ms count=1
2026-09-09T13:53:48.2868948Z I/flutter ( 2279): [FluviDiagnostic] stage=BUDGET_HEADER_WIDGET_BUILT scope=interactionGeneration=14 targetHandle=6 visiblePresentationEpoch=2 visibleFrameGeneration=10 buildVsyncMicros=135525198 entryCount=- error=- message=-
2026-09-09T13:53:48.2963289Z I/flutter ( 2279): [FluviDiagnostic] stage=BUDGET_HEADER_PAINTED scope=interactionGeneration=14 targetHandle=6 visiblePresentationEpoch=2 visibleFrameGeneration=10 displayNumeratorScaled100=2882276 displayDenominatorScaled100=3602845 paintVsyncMicros=135525198 entryCount=- error=- message=-
2026-09-09T13:53:50.3115733Z D/EGL_emulation( 2279): app_time_stats: avg=2033.15ms min=2033.15ms max=2033.15ms count=1
2026-09-09T13:53:50.3238263Z I/flutter ( 2279): [FluviDiagnostic] stage=BUDGET_HEADER_VALUE_BOUND scope=generation=15 plane=month targetHandle=5 modelBindVsyncMicros=137558531 displayNumeratorScaled100=6000000 displayDenominatorScaled100=1666666 hasLimit=true canonicalLimitScaled100=1666666 entryCount=- error=- message=-
2026-09-09T13:53:52.4768871Z D/EGL_emulation( 2279): app_time_stats: avg=2168.13ms min=2168.13ms max=2168.13ms count=1
2026-09-09T13:53:52.4818121Z I/flutter ( 2279): [FluviDiagnostic] stage=BUDGET_HEADER_WIDGET_BUILT scope=interactionGeneration=15 targetHandle=5 visiblePresentationEpoch=2 visibleFrameGeneration=10 buildVsyncMicros=139725198 entryCount=- error=- message=-
2026-09-09T13:53:52.4936570Z I/flutter ( 2279): [FluviDiagnostic] stage=BUDGET_HEADER_PAINTED scope=interactionGeneration=15 targetHandle=5 visiblePresentationEpoch=2 visibleFrameGeneration=10 displayNumeratorScaled100=6000000 displayDenominatorScaled100=1666666 paintVsyncMicros=139725198 entryCount=- error=- message=-
2026-09-09T13:53:54.5562434Z D/EGL_emulation( 2279): app_time_stats: avg=2078.79ms min=2078.79ms max=2078.79ms count=1
2026-09-09T13:53:56.5593369Z D/EGL_emulation( 2279): app_time_stats: avg=2001.31ms min=2001.31ms max=2001.31ms count=1
2026-09-09T13:53:56.5838092Z I/flutter ( 2279): [FluviDiagnostic] stage=BUDGET_HEADER_VALUE_BOUND scope=generation=16 plane=month targetHandle=0 modelBindVsyncMicros=143808531 displayNumeratorScaled100=68900000 displayDenominatorScaled100=86125000 hasLimit=true canonicalLimitScaled100=86125000 entryCount=- error=- message=-
2026-09-09T13:53:56.5858928Z I/flutter ( 2279): [FluviDiagnostic] stage=SCENE_WINDOW_PREPARE_STARTED scope=owner=liveInteractionResource priority=4 entryCount=130 error=- message=-
2026-09-09T13:53:56.5933374Z I/flutter ( 2279): [FluviDiagnostic] stage=SCENE_WINDOW_PREPARE_DEFERRED scope=owner=foregroundNavigation priority=3 blockedBy=liveInteractionResource blockedByPriority=4 entryCount=30 error=- message=-
2026-09-09T13:53:56.5938953Z I/flutter ( 2279): [FluviDiagnostic] stage=SCENE_WINDOW_ATOMIC_WORK_UNIT_OVER_BUDGET scope=workUnit=rowText:amount elapsedMicros=2921 budgetMicros=1000 entryCount=130 error=- message=-
2026-09-09T13:53:56.5962181Z I/flutter ( 2279): [FluviDiagnostic] stage=SCENE_WINDOW_SLICE_OVER_BUDGET scope=boundary=rowTextParagraph elapsedMicros=3024 budgetMicros=1000 entryCount=130 error=- message=-
2026-09-09T13:53:56.6000121Z I/flutter ( 2279): [FluviDiagnostic] stage=SCENE_WINDOW_SLICE_OVER_BUDGET scope=boundary=completion elapsedMicros=3568 budgetMicros=1000 entryCount=130 error=- message=-
2026-09-09T13:53:56.6022424Z I/flutter ( 2279): [FluviDiagnostic] stage=SCENE_WINDOW_PREPARE_COMPLETED scope=owner=liveInteractionResource priority=4 entryCount=130 error=- message=uiIsolateMicros=10600 largestContiguousUiSliceMicros=3568 yields=15 richRowProjectionMicros=0 richFrameProjectionMicros=0 projectedUniqueRows=0 projectedFrames=0 reusedProjectedRows=0 reusedProjectedFrames=0 uniqueRowLayouts=100 reusedRowLayouts=87 newRowLayouts=13 sceneNew=38 sceneReuse=1 pauseCount=0 resumeCount=0 semanticsWork=0 rasterWork=0 allocationCount=51
2026-09-09T13:53:56.6048503Z I/flutter ( 2279): [FluviDiagnostic] stage=SCENE_WINDOW_PREPARE_STARTED scope=owner=foregroundNavigation priority=3 entryCount=30 error=- message=-
2026-09-09T13:53:56.6074851Z I/flutter ( 2279): [FluviDiagnostic] stage=SCENE_WINDOW_PREPARE_COMPLETED scope=owner=foregroundNavigation priority=3 entryCount=30 error=- message=uiIsolateMicros=375 largestContiguousUiSliceMicros=374 yields=1 richRowProjectionMicros=0 richFrameProjectionMicros=0 projectedUniqueRows=0 projectedFrames=0 reusedProjectedRows=0 reusedProjectedFrames=0 uniqueRowLayouts=30 reusedRowLayouts=30 newRowLayouts=0 sceneNew=1 sceneReuse=1 pauseCount=0 resumeCount=0 semanticsWork=0 rasterWork=0 allocationCount=1
2026-09-09T13:53:56.6104224Z I/flutter ( 2279): [FluviDiagnostic] stage=BUDGET_HEADER_WIDGET_BUILT scope=interactionGeneration=16 targetHandle=0 visiblePresentationEpoch=3 visibleFrameGeneration=19 buildVsyncMicros=143808531 entryCount=- error=- message=-
2026-09-09T13:53:56.6257433Z I/flutter ( 2279): [FluviDiagnostic] stage=BUDGET_HEADER_PAINTED scope=interactionGeneration=16 targetHandle=0 visiblePresentationEpoch=3 visibleFrameGeneration=19 displayNumeratorScaled100=68900000 displayDenominatorScaled100=86125000 paintVsyncMicros=143808531 entryCount=- error=- message=-
2026-09-09T13:53:58.5774096Z D/EGL_emulation( 2279): app_time_stats: avg=2019.20ms min=2019.20ms max=2019.20ms count=1
2026-09-09T13:54:00.9453069Z D/EGL_emulation( 2279): app_time_stats: avg=2369.63ms min=2369.63ms max=2369.63ms count=1
2026-09-09T13:54:03.3777216Z D/EGL_emulation( 2279): app_time_stats: avg=2431.57ms min=2431.57ms max=2431.57ms count=1
2026-09-09T13:54:05.5599850Z D/EGL_emulation( 2279): app_time_stats: avg=122.48ms min=122.48ms max=122.48ms count=1
2026-09-09T13:54:07.6147135Z I/flutter ( 2279): [FluviDiagnostic] stage=BUDGET_HEADER_VALUE_BOUND scope=generation=17 plane=month targetHandle=1 modelBindVsyncMicros=154758531 displayNumeratorScaled100=1409473 displayDenominatorScaled100=3198457 hasLimit=true canonicalLimitScaled100=3198457 entryCount=- error=- message=-
2026-09-09T13:54:07.7570919Z D/EGL_emulation( 2279): app_time_stats: avg=248.55ms min=248.55ms max=248.55ms count=1
2026-09-09T13:54:07.7740335Z I/flutter ( 2279): [FluviDiagnostic] stage=BUDGET_HEADER_WIDGET_BUILT scope=interactionGeneration=17 targetHandle=1 visiblePresentationEpoch=3 visibleFrameGeneration=19 buildVsyncMicros=155008531 entryCount=- error=- message=-
2026-09-09T13:54:07.7845808Z I/flutter ( 2279): [FluviDiagnostic] stage=BUDGET_HEADER_PAINTED scope=interactionGeneration=17 targetHandle=1 visiblePresentationEpoch=3 visibleFrameGeneration=19 displayNumeratorScaled100=1409473 displayDenominatorScaled100=3198457 paintVsyncMicros=155008531 entryCount=- error=- message=-
2026-09-09T13:54:07.8057972Z I/flutter ( 2279): [FluviDiagnostic] stage=BUDGET_HEADER_VALUE_BOUND scope=generation=18 plane=month targetHandle=2 modelBindVsyncMicros=155008531 displayNumeratorScaled100=3064905 displayDenominatorScaled100=4730070 hasLimit=true canonicalLimitScaled100=4730070 entryCount=- error=- message=-
2026-09-09T13:54:10.1244323Z D/EGL_emulation( 2279): app_time_stats: avg=2371.57ms min=2371.57ms max=2371.57ms count=1
2026-09-09T13:54:10.1318704Z I/flutter ( 2279): [FluviDiagnostic] stage=BUDGET_HEADER_WIDGET_BUILT scope=interactionGeneration=18 targetHandle=2 visiblePresentationEpoch=3 visibleFrameGeneration=19 buildVsyncMicros=157375197 entryCount=- error=- message=-
2026-09-09T13:54:10.1474252Z I/flutter ( 2279): [FluviDiagnostic] stage=BUDGET_HEADER_PAINTED scope=interactionGeneration=18 targetHandle=2 visiblePresentationEpoch=3 visibleFrameGeneration=19 displayNumeratorScaled100=3064905 displayDenominatorScaled100=4730070 paintVsyncMicros=157375197 entryCount=- error=- message=-
2026-09-09T13:54:10.1534997Z I/flutter ( 2279): [FluviDiagnostic] stage=BUDGET_HEADER_VALUE_BOUND scope=generation=19 plane=month targetHandle=3 modelBindVsyncMicros=157375197 displayNumeratorScaled100=2644575 displayDenominatorScaled100=3305718 hasLimit=true canonicalLimitScaled100=3305718 entryCount=- error=- message=-
2026-09-09T13:54:12.6633156Z D/EGL_emulation( 2279): app_time_stats: avg=2538.84ms min=2538.84ms max=2538.84ms count=1
2026-09-09T13:54:12.6819548Z I/flutter ( 2279): [FluviDiagnostic] stage=BUDGET_HEADER_WIDGET_BUILT scope=interactionGeneration=19 targetHandle=3 visiblePresentationEpoch=3 visibleFrameGeneration=19 buildVsyncMicros=159925197 entryCount=- error=- message=-
2026-09-09T13:54:12.7035818Z I/flutter ( 2279): [FluviDiagnostic] stage=BUDGET_HEADER_PAINTED scope=interactionGeneration=19 targetHandle=3 visiblePresentationEpoch=3 visibleFrameGeneration=19 displayNumeratorScaled100=2644575 displayDenominatorScaled100=3305718 paintVsyncMicros=159925197 entryCount=- error=- message=-
2026-09-09T13:54:14.8676396Z D/EGL_emulation( 2279): app_time_stats: avg=2203.83ms min=2203.83ms max=2203.83ms count=1
2026-09-09T13:54:14.9042822Z I/flutter ( 2279): [FluviDiagnostic] stage=BUDGET_HEADER_VALUE_BOUND scope=generation=20 plane=month targetHandle=4 modelBindVsyncMicros=162125197 displayNumeratorScaled100=39000000 displayDenominatorScaled100=8791666 hasLimit=true canonicalLimitScaled100=8791666 entryCount=- error=- message=-
2026-09-09T13:54:16.9601411Z D/EGL_emulation( 2279): app_time_stats: avg=2092.36ms min=2092.36ms max=2092.36ms count=1
2026-09-09T13:54:16.9715268Z I/flutter ( 2279): [FluviDiagnostic] stage=BUDGET_HEADER_WIDGET_BUILT scope=interactionGeneration=20 targetHandle=4 visiblePresentationEpoch=3 visibleFrameGeneration=19 buildVsyncMicros=164208530 entryCount=- error=- message=-
2026-09-09T13:54:16.9819558Z I/flutter ( 2279): [FluviDiagnostic] stage=BUDGET_HEADER_PAINTED scope=interactionGeneration=20 targetHandle=4 visiblePresentationEpoch=3 visibleFrameGeneration=19 displayNumeratorScaled100=39000000 displayDenominatorScaled100=8791666 paintVsyncMicros=164208530 entryCount=- error=- message=-
2026-09-09T13:54:16.9859024Z I/flutter ( 2279): [FluviDiagnostic] stage=BUDGET_HEADER_VALUE_BOUND scope=generation=21 plane=month targetHandle=5 modelBindVsyncMicros=164208530 displayNumeratorScaled100=6000000 displayDenominatorScaled100=1666666 hasLimit=true canonicalLimitScaled100=1666666 entryCount=- error=- message=-
2026-09-09T13:54:19.0314962Z D/EGL_emulation( 2279): app_time_stats: avg=2068.20ms min=2068.20ms max=2068.20ms count=1
2026-09-09T13:54:19.0361540Z I/flutter ( 2279): [FluviDiagnostic] stage=BUDGET_HEADER_WIDGET_BUILT scope=interactionGeneration=21 targetHandle=5 visiblePresentationEpoch=3 visibleFrameGeneration=19 buildVsyncMicros=166275197 entryCount=- error=- message=-
2026-09-09T13:54:19.0417048Z I/flutter ( 2279): [FluviDiagnostic] stage=BUDGET_HEADER_PAINTED scope=interactionGeneration=21 targetHandle=5 visiblePresentationEpoch=3 visibleFrameGeneration=19 displayNumeratorScaled100=6000000 displayDenominatorScaled100=1666666 paintVsyncMicros=166275197 entryCount=- error=- message=-
2026-09-09T13:54:19.0455711Z I/flutter ( 2279): [FluviDiagnostic] stage=BUDGET_HEADER_VALUE_BOUND scope=generation=22 plane=month targetHandle=6 modelBindVsyncMicros=166275197 displayNumeratorScaled100=2882276 displayDenominatorScaled100=3602845 hasLimit=true canonicalLimitScaled100=3602845 entryCount=- error=- message=-
2026-09-09T13:54:20.9959037Z D/EGL_emulation( 2279): app_time_stats: avg=1967.87ms min=1967.87ms max=1967.87ms count=1
2026-09-09T13:54:21.0086409Z I/flutter ( 2279): [FluviDiagnostic] stage=BUDGET_HEADER_WIDGET_BUILT scope=interactionGeneration=22 targetHandle=6 visiblePresentationEpoch=3 visibleFrameGeneration=19 buildVsyncMicros=168241864 entryCount=- error=- message=-
2026-09-09T13:54:21.0128804Z I/flutter ( 2279): [FluviDiagnostic] stage=BUDGET_HEADER_PAINTED scope=interactionGeneration=22 targetHandle=6 visiblePresentationEpoch=3 visibleFrameGeneration=19 displayNumeratorScaled100=2882276 displayDenominatorScaled100=3602845 paintVsyncMicros=168241864 entryCount=- error=- message=-
2026-09-09T13:54:23.0348532Z D/EGL_emulation( 2279): app_time_stats: avg=2036.36ms min=2036.36ms max=2036.36ms count=1
2026-09-09T13:54:23.0704650Z I/flutter ( 2279): [FluviDiagnostic] stage=BUDGET_HEADER_VALUE_BOUND scope=generation=23 plane=month targetHandle=7 modelBindVsyncMicros=170291863 displayNumeratorScaled100=4639396 displayDenominatorScaled100=4891990 hasLimit=true canonicalLimitScaled100=4891990 entryCount=- error=- message=-
2026-09-09T13:54:25.2048623Z D/EGL_emulation( 2279): app_time_stats: avg=2171.97ms min=2171.97ms max=2171.97ms count=1
2026-09-09T13:54:25.2159182Z I/flutter ( 2279): [FluviDiagnostic] stage=BUDGET_HEADER_WIDGET_BUILT scope=interactionGeneration=23 targetHandle=7 visiblePresentationEpoch=3 visibleFrameGeneration=19 buildVsyncMicros=172458530 entryCount=- error=- message=-
2026-09-09T13:54:25.2258877Z I/flutter ( 2279): [FluviDiagnostic] stage=BUDGET_HEADER_PAINTED scope=interactionGeneration=23 targetHandle=7 visiblePresentationEpoch=3 visibleFrameGeneration=19 displayNumeratorScaled100=4639396 displayDenominatorScaled100=4891990 paintVsyncMicros=172458530 entryCount=- error=- message=-
2026-09-09T13:54:27.2218707Z D/EGL_emulation( 2279): app_time_stats: avg=2017.50ms min=2017.50ms max=2017.50ms count=1
2026-09-09T13:54:29.4117904Z D/EGL_emulation( 2279): app_time_stats: avg=2183.19ms min=2183.19ms max=2183.19ms count=1
2026-09-09T13:54:29.4308804Z I/flutter ( 2279): [FluviDiagnostic] stage=BUDGET_HEADER_VALUE_BOUND scope=generation=24 plane=month targetHandle=3 modelBindVsyncMicros=176658530 displayNumeratorScaled100=2644575 displayDenominatorScaled100=3305718 hasLimit=true canonicalLimitScaled100=3305718 entryCount=- error=- message=-
2026-09-09T13:54:29.4339591Z I/flutter ( 2279): [FluviDiagnostic] stage=SCENE_WINDOW_PREPARE_STARTED scope=owner=liveInteractionResource priority=4 entryCount=26 error=- message=-
2026-09-09T13:54:29.4342691Z I/flutter ( 2279): [FluviDiagnostic] stage=SCENE_WINDOW_PREPARE_DEFERRED scope=owner=foregroundNavigation priority=3 blockedBy=liveInteractionResource blockedByPriority=4 entryCount=13 error=- message=-
2026-09-09T13:54:29.4346698Z I/flutter ( 2279): [FluviDiagnostic] stage=SCENE_WINDOW_SLICE_OVER_BUDGET scope=boundary=rowDiscovery elapsedMicros=2558 budgetMicros=1000 entryCount=26 error=- message=-
2026-09-09T13:54:29.4353556Z I/flutter ( 2279): [FluviDiagnostic] stage=SCENE_WINDOW_PREPARE_COMPLETED scope=owner=liveInteractionResource priority=4 entryCount=26 error=- message=uiIsolateMicros=3014 largestContiguousUiSliceMicros=2558 yields=2 richRowProjectionMicros=0 richFrameProjectionMicros=0 projectedUniqueRows=0 projectedFrames=0 reusedProjectedRows=0 reusedProjectedFrames=0 uniqueRowLayouts=13 reusedRowLayouts=13 newRowLayouts=0 sceneNew=14 sceneReuse=1 pauseCount=0 resumeCount=0 semanticsWork=0 rasterWork=0 allocationCount=14
2026-09-09T13:54:29.4890506Z I/flutter ( 2279): [FluviDiagnostic] stage=SCENE_WINDOW_PREPARE_STARTED scope=owner=foregroundNavigation priority=3 entryCount=13 error=- message=-
2026-09-09T13:54:29.4913573Z I/flutter ( 2279): [FluviDiagnostic] stage=SCENE_WINDOW_PREPARE_COMPLETED scope=owner=foregroundNavigation priority=3 entryCount=13 error=- message=uiIsolateMicros=206 largestContiguousUiSliceMicros=205 yields=1 richRowProjectionMicros=0 richFrameProjectionMicros=0 projectedUniqueRows=0 projectedFrames=0 reusedProjectedRows=0 reusedProjectedFrames=0 uniqueRowLayouts=13 reusedRowLayouts=13 newRowLayouts=0 sceneNew=1 sceneReuse=1 pauseCount=0 resumeCount=0 semanticsWork=0 rasterWork=0 allocationCount=1
2026-09-09T13:54:29.4919594Z I/flutter ( 2279): [FluviDiagnostic] stage=BUDGET_HEADER_WIDGET_BUILT scope=interactionGeneration=24 targetHandle=3 visiblePresentationEpoch=4 visibleFrameGeneration=28 buildVsyncMicros=176658530 entryCount=- error=- message=-
2026-09-09T13:54:29.5117546Z I/flutter ( 2279): [FluviDiagnostic] stage=BUDGET_HEADER_PAINTED scope=interactionGeneration=24 targetHandle=3 visiblePresentationEpoch=4 visibleFrameGeneration=28 displayNumeratorScaled100=2644575 displayDenominatorScaled100=3305718 paintVsyncMicros=176658530 entryCount=- error=- message=-
2026-09-09T13:54:31.4871404Z D/EGL_emulation( 2279): app_time_stats: avg=2081.17ms min=2081.17ms max=2081.17ms count=1
2026-09-09T13:54:33.4976218Z D/EGL_emulation( 2279): app_time_stats: avg=2006.54ms min=2006.54ms max=2006.54ms count=1
2026-09-09T13:54:35.6403112Z D/EGL_emulation( 2279): app_time_stats: avg=2146.23ms min=2146.23ms max=2146.23ms count=1
2026-09-09T13:54:37.7920326Z D/EGL_emulation( 2279): app_time_stats: avg=2151.20ms min=2151.20ms max=2151.20ms count=1
2026-09-09T13:54:37.8190824Z I/flutter ( 2279): [FluviDiagnostic] stage=BUDGET_HEADER_VALUE_BOUND scope=generation=25 plane=month targetHandle=2 modelBindVsyncMicros=185041863 displayNumeratorScaled100=3064905 displayDenominatorScaled100=4730070 hasLimit=true canonicalLimitScaled100=4730070 entryCount=- error=- message=-
2026-09-09T13:54:39.7813603Z D/EGL_emulation( 2279): app_time_stats: avg=1986.95ms min=1986.95ms max=1986.95ms count=1
2026-09-09T13:54:39.7837183Z I/flutter ( 2279): [FluviDiagnostic] stage=BUDGET_HEADER_WIDGET_BUILT scope=interactionGeneration=25 targetHandle=2 visiblePresentationEpoch=4 visibleFrameGeneration=28 buildVsyncMicros=187025196 entryCount=- error=- message=-
2026-09-09T13:54:39.7941816Z I/flutter ( 2279): [FluviDiagnostic] stage=BUDGET_HEADER_PAINTED scope=interactionGeneration=25 targetHandle=2 visiblePresentationEpoch=4 visibleFrameGeneration=28 displayNumeratorScaled100=3064905 displayDenominatorScaled100=4730070 paintVsyncMicros=187025196 entryCount=- error=- message=-
2026-09-09T13:54:39.8246483Z I/flutter ( 2279): [FluviDiagnostic] stage=BUDGET_HEADER_VALUE_BOUND scope=generation=26 plane=month targetHandle=1 modelBindVsyncMicros=187025196 displayNumeratorScaled100=1409473 displayDenominatorScaled100=3198457 hasLimit=true canonicalLimitScaled100=3198457 entryCount=- error=- message=-
2026-09-09T13:54:42.0613788Z D/EGL_emulation( 2279): app_time_stats: avg=2280.53ms min=2280.53ms max=2280.53ms count=1
2026-09-09T13:54:42.0653257Z I/flutter ( 2279): [FluviDiagnostic] stage=BUDGET_HEADER_WIDGET_BUILT scope=interactionGeneration=26 targetHandle=1 visiblePresentationEpoch=4 visibleFrameGeneration=28 buildVsyncMicros=189308529 entryCount=- error=- message=-
2026-09-09T13:54:42.0783476Z I/flutter ( 2279): [FluviDiagnostic] stage=BUDGET_HEADER_PAINTED scope=interactionGeneration=26 targetHandle=1 visiblePresentationEpoch=4 visibleFrameGeneration=28 displayNumeratorScaled100=1409473 displayDenominatorScaled100=3198457 paintVsyncMicros=189308529 entryCount=- error=- message=-
2026-09-09T13:54:42.0992837Z I/flutter ( 2279): [FluviDiagnostic] stage=BUDGET_HEADER_VALUE_BOUND scope=generation=27 plane=month targetHandle=0 modelBindVsyncMicros=189308529 displayNumeratorScaled100=68900000 displayDenominatorScaled100=86125000 hasLimit=true canonicalLimitScaled100=86125000 entryCount=- error=- message=-
2026-09-09T13:54:44.3307950Z D/EGL_emulation( 2279): app_time_stats: avg=2270.26ms min=2270.26ms max=2270.26ms count=1
2026-09-09T13:54:44.3332597Z I/flutter ( 2279): [FluviDiagnostic] stage=BUDGET_HEADER_WIDGET_BUILT scope=interactionGeneration=27 targetHandle=0 visiblePresentationEpoch=4 visibleFrameGeneration=28 buildVsyncMicros=191575196 entryCount=- error=- message=-
2026-09-09T13:54:44.3387306Z I/flutter ( 2279): [FluviDiagnostic] stage=BUDGET_HEADER_PAINTED scope=interactionGeneration=27 targetHandle=0 visiblePresentationEpoch=4 visibleFrameGeneration=28 displayNumeratorScaled100=68900000 displayDenominatorScaled100=86125000 paintVsyncMicros=191575196 entryCount=- error=- message=-
2026-09-09T13:54:46.5532600Z D/EGL_emulation( 2279): app_time_stats: avg=2224.05ms min=2224.05ms max=2224.05ms count=1
2026-09-09T13:54:46.5902414Z I/flutter ( 2279): [FluviDiagnostic] stage=BUDGET_HEADER_VALUE_BOUND scope=generation=28 plane=month targetHandle=8 modelBindVsyncMicros=193808529 displayNumeratorScaled100=9259375 displayDenominatorScaled100=13260096 hasLimit=true canonicalLimitScaled100=13260096 entryCount=- error=- message=-
2026-09-09T13:54:48.6807583Z D/EGL_emulation( 2279): app_time_stats: avg=2125.41ms min=2125.41ms max=2125.41ms count=1
2026-09-09T13:54:48.7108169Z I/flutter ( 2279): [FluviDiagnostic] stage=BUDGET_HEADER_WIDGET_BUILT scope=interactionGeneration=28 targetHandle=8 visiblePresentationEpoch=4 visibleFrameGeneration=28 buildVsyncMicros=195941862 entryCount=- error=- message=-
2026-09-09T13:54:48.7220193Z I/flutter ( 2279): [FluviDiagnostic] stage=BUDGET_HEADER_PAINTED scope=interactionGeneration=28 targetHandle=8 visiblePresentationEpoch=4 visibleFrameGeneration=28 displayNumeratorScaled100=9259375 displayDenominatorScaled100=13260096 paintVsyncMicros=195941862 entryCount=- error=- message=-
2026-09-09T13:54:48.8681148Z I/flutter ( 2279): [FluviDiagnostic] stage=BUDGET_HEADER_VALUE_BOUND scope=generation=29 plane=month targetHandle=7 modelBindVsyncMicros=195941862 displayNumeratorScaled100=4639396 displayDenominatorScaled100=4891990 hasLimit=true canonicalLimitScaled100=4891990 entryCount=- error=- message=-
2026-09-09T13:54:48.8858713Z I/com.fluvi.app( 2279): Background concurrent mark compact GC freed 3674KB AllocSpace bytes, 12(2192KB) LOS objects, 49% free, 2999KB/5999KB, paused 151us,20.123ms total 159.735ms
2026-09-09T13:54:50.9387399Z D/EGL_emulation( 2279): app_time_stats: avg=2258.94ms min=2258.94ms max=2258.94ms count=1
2026-09-09T13:54:50.9551803Z I/flutter ( 2279): [FluviDiagnostic] stage=BUDGET_HEADER_WIDGET_BUILT scope=interactionGeneration=29 targetHandle=7 visiblePresentationEpoch=4 visibleFrameGeneration=28 buildVsyncMicros=198191862 entryCount=- error=- message=-
2026-09-09T13:54:50.9669226Z I/flutter ( 2279): [FluviDiagnostic] stage=BUDGET_HEADER_PAINTED scope=interactionGeneration=29 targetHandle=7 visiblePresentationEpoch=4 visibleFrameGeneration=28 displayNumeratorScaled100=4639396 displayDenominatorScaled100=4891990 paintVsyncMicros=198191862 entryCount=- error=- message=-
2026-09-09T13:54:51.0402760Z I/flutter ( 2279): [FluviDiagnostic] stage=BUDGET_HEADER_VALUE_BOUND scope=generation=30 plane=month targetHandle=6 modelBindVsyncMicros=198191862 displayNumeratorScaled100=2882276 displayDenominatorScaled100=3602845 hasLimit=true canonicalLimitScaled100=3602845 entryCount=- error=- message=-
2026-09-09T13:54:52.9973410Z D/EGL_emulation( 2279): app_time_stats: avg=2057.03ms min=2057.03ms max=2057.03ms count=1
2026-09-09T13:54:52.9986246Z I/flutter ( 2279): [FluviDiagnostic] stage=BUDGET_HEADER_WIDGET_BUILT scope=interactionGeneration=30 targetHandle=6 visiblePresentationEpoch=4 visibleFrameGeneration=28 buildVsyncMicros=200241862 entryCount=- error=- message=-
2026-09-09T13:54:53.0046430Z I/flutter ( 2279): [FluviDiagnostic] stage=BUDGET_HEADER_PAINTED scope=interactionGeneration=30 targetHandle=6 visiblePresentationEpoch=4 visibleFrameGeneration=28 displayNumeratorScaled100=2882276 displayDenominatorScaled100=3602845 paintVsyncMicros=200241862 entryCount=- error=- message=-
2026-09-09T13:54:55.1442294Z D/EGL_emulation( 2279): app_time_stats: avg=2148.56ms min=2148.56ms max=2148.56ms count=1
2026-09-09T13:54:55.2147638Z I/flutter ( 2279): [FluviDiagnostic] stage=BUDGET_HEADER_VALUE_BOUND scope=generation=31 plane=month targetHandle=5 modelBindVsyncMicros=202391862 displayNumeratorScaled100=6000000 displayDenominatorScaled100=1666666 hasLimit=true canonicalLimitScaled100=1666666 entryCount=- error=- message=-
2026-09-09T13:54:57.0932412Z D/EGL_emulation( 2279): app_time_stats: avg=1946.02ms min=1946.02ms max=1946.02ms count=1
2026-09-09T13:54:57.0995697Z I/flutter ( 2279): [FluviDiagnostic] stage=BUDGET_HEADER_WIDGET_BUILT scope=interactionGeneration=31 targetHandle=5 visiblePresentationEpoch=4 visibleFrameGeneration=28 buildVsyncMicros=204341862 entryCount=- error=- message=-
2026-09-09T13:54:57.1318476Z I/flutter ( 2279): [FluviDiagnostic] stage=BUDGET_HEADER_PAINTED scope=interactionGeneration=31 targetHandle=5 visiblePresentationEpoch=4 visibleFrameGeneration=28 displayNumeratorScaled100=6000000 displayDenominatorScaled100=1666666 paintVsyncMicros=204341862 entryCount=- error=- message=-
2026-09-09T13:54:59.1155602Z D/EGL_emulation( 2279): app_time_stats: avg=2023.30ms min=2023.30ms max=2023.30ms count=1
2026-09-09T13:55:01.4237879Z D/EGL_emulation( 2279): app_time_stats: avg=2309.18ms min=2309.18ms max=2309.18ms count=1
2026-09-09T13:55:01.4756253Z I/flutter ( 2279): [FluviDiagnostic] stage=BUDGET_HEADER_VALUE_BOUND scope=generation=32 plane=month targetHandle=0 modelBindVsyncMicros=208675195 displayNumeratorScaled100=68900000 displayDenominatorScaled100=86125000 hasLimit=true canonicalLimitScaled100=86125000 entryCount=- error=- message=-
2026-09-09T13:55:01.5156201Z I/flutter ( 2279): [FluviDiagnostic] stage=SCENE_WINDOW_PREPARE_STARTED scope=owner=liveInteractionResource priority=4 entryCount=130 error=- message=-
2026-09-09T13:55:01.5206154Z I/flutter ( 2279): [FluviDiagnostic] stage=SCENE_WINDOW_PREPARE_DEFERRED scope=owner=foregroundNavigation priority=3 blockedBy=liveInteractionResource blockedByPriority=4 entryCount=30 error=- message=-
2026-09-09T13:55:01.5277780Z I/flutter ( 2279): [FluviDiagnostic] stage=SCENE_WINDOW_ATOMIC_WORK_UNIT_OVER_BUDGET scope=workUnit=rowText:amount elapsedMicros=4021 budgetMicros=1000 entryCount=130 error=- message=-
2026-09-09T13:55:01.5306454Z I/flutter ( 2279): [FluviDiagnostic] stage=SCENE_WINDOW_SLICE_OVER_BUDGET scope=boundary=rowTextParagraph elapsedMicros=4237 budgetMicros=1000 entryCount=130 error=- message=-
2026-09-09T13:55:01.5397684Z I/flutter ( 2279): [FluviDiagnostic] stage=SCENE_WINDOW_ATOMIC_WORK_UNIT_OVER_BUDGET scope=workUnit=rowText:time elapsedMicros=1197 budgetMicros=1000 entryCount=130 error=- message=-
2026-09-09T13:55:01.5455790Z I/flutter ( 2279): [FluviDiagnostic] stage=SCENE_WINDOW_SLICE_OVER_BUDGET scope=boundary=completion elapsedMicros=4748 budgetMicros=1000 entryCount=130 error=- message=-
2026-09-09T13:55:01.5535857Z I/flutter ( 2279): [FluviDiagnostic] stage=SCENE_WINDOW_PREPARE_COMPLETED scope=owner=liveInteractionResource priority=4 entryCount=130 error=- message=uiIsolateMicros=13766 largestContiguousUiSliceMicros=4748 yields=17 richRowProjectionMicros=0 richFrameProjectionMicros=0 projectedUniqueRows=0 projectedFrames=0 reusedProjectedRows=0 reusedProjectedFrames=0 uniqueRowLayouts=100 reusedRowLayouts=87 newRowLayouts=13 sceneNew=38 sceneReuse=1 pauseCount=0 resumeCount=0 semanticsWork=0 rasterWork=0 allocationCount=51
2026-09-09T13:55:01.5555448Z I/flutter ( 2279): [FluviDiagnostic] stage=SCENE_WINDOW_PREPARE_STARTED scope=owner=foregroundNavigation priority=3 entryCount=30 error=- message=-
2026-09-09T13:55:01.5630584Z I/flutter ( 2279): [FluviDiagnostic] stage=SCENE_WINDOW_PREPARE_COMPLETED scope=owner=foregroundNavigation priority=3 entryCount=30 error=- message=uiIsolateMicros=260 largestContiguousUiSliceMicros=258 yields=1 richRowProjectionMicros=0 richFrameProjectionMicros=0 projectedUniqueRows=0 projectedFrames=0 reusedProjectedRows=0 reusedProjectedFrames=0 uniqueRowLayouts=30 reusedRowLayouts=30 newRowLayouts=0 sceneNew=1 sceneReuse=1 pauseCount=0 resumeCount=0 semanticsWork=0 rasterWork=0 allocationCount=1
2026-09-09T13:55:01.5656251Z I/flutter ( 2279): [FluviDiagnostic] stage=BUDGET_HEADER_WIDGET_BUILT scope=interactionGeneration=32 targetHandle=0 visiblePresentationEpoch=5 visibleFrameGeneration=37 buildVsyncMicros=208675195 entryCount=- error=- message=-
2026-09-09T13:55:01.5698861Z I/flutter ( 2279): [FluviDiagnostic] stage=BUDGET_HEADER_PAINTED scope=interactionGeneration=32 targetHandle=0 visiblePresentationEpoch=5 visibleFrameGeneration=37 displayNumeratorScaled100=68900000 displayDenominatorScaled100=86125000 paintVsyncMicros=208675195 entryCount=- error=- message=-
2026-09-09T13:55:03.5602483Z D/EGL_emulation( 2279): app_time_stats: avg=2134.30ms min=2134.30ms max=2134.30ms count=1
2026-09-09T13:55:05.7073751Z D/EGL_emulation( 2279): app_time_stats: avg=2147.37ms min=2147.37ms max=2147.37ms count=1
2026-09-09T13:55:07.8216935Z D/EGL_emulation( 2279): app_time_stats: avg=2116.44ms min=2116.44ms max=2116.44ms count=1
2026-09-09T13:55:09.7102330Z D/EGL_emulation( 2279): app_time_stats: avg=1889.22ms min=1889.22ms max=1889.22ms count=1
2026-09-09T13:55:11.2929041Z I/flutter ( 2279): [PROFILE][SCENARIO_READY] K_avatar_first_target
2026-09-09T13:55:11.2957259Z I/flutter ( 2279): [PROFILE][SCENARIO_START] A_summary_sum_year_month
2026-09-09T13:55:11.7103114Z D/EGL_emulation( 2279): app_time_stats: avg=1994.95ms min=1994.95ms max=1994.95ms count=1
2026-09-09T13:55:11.7209068Z I/flutter ( 2279): [FluviDiagnostic] stage=DASHBOARD_STARTUP_ATTEMPT_STARTED scope=attemptGeneration=1 stage=bootstrap entryCount=- error=- message=-
2026-09-09T13:55:11.7380253Z I/flutter ( 2279): [FluviDiagnostic] stage=READINESS_PHASE_ENTERED scope=- entryCount=- error=- message=databasePending
2026-09-09T13:55:11.7407009Z I/flutter ( 2279): [FluviDiagnostic] stage=READINESS_PHASE_ENTERED scope=- entryCount=- error=- message=indexBuilding
2026-09-09T13:55:11.7427584Z I/flutter ( 2279): [FluviDiagnostic] stage=READINESS_TASK_STARTED scope=- entryCount=- error=- message=viewportPayload
2026-09-09T13:55:11.7910235Z D/FluviDashboard( 2279): [FLOW][INDEX_BUILD_STARTED] INDEX_BUILD_STARTED flowId=- queryKey=- direction=- scope=generation=1 acquisitionReason=bootstrap requestIdentity=rev=2|income=income|periods:|categories:|partners:|refinements:min=,max=,hasNote=false|expense=expense|periods:|categories:|partners:|refinements:min=,max=,hasNote=false|page=24|window=2014-2038 revision=2 totalMinor=- entryCount=-
2026-09-09T13:55:12.0420802Z I/com.fluvi.app( 2279): Background concurrent mark compact GC freed 3654KB AllocSpace bytes, 0(0B) LOS objects, 49% free, 3379KB/6759KB, paused 152us,22.506ms total 139.941ms
2026-09-09T13:55:12.3390410Z I/com.fluvi.app( 2279): Background concurrent mark compact GC freed 3696KB AllocSpace bytes, 0(0B) LOS objects, 49% free, 4515KB/9031KB, paused 200us,2.427ms total 107.031ms
2026-09-09T13:55:12.6629269Z I/com.fluvi.app( 2279): Background concurrent mark compact GC freed 5664KB AllocSpace bytes, 0(0B) LOS objects, 49% free, 4411KB/8823KB, paused 500us,6.465ms total 157.962ms
2026-09-09T13:55:13.3378257Z I/com.fluvi.app( 2279): Background concurrent mark compact GC freed 4108KB AllocSpace bytes, 0(0B) LOS objects, 49% free, 6095KB/11MB, paused 241us,3.592ms total 167.062ms
2026-09-09T13:55:13.9051544Z D/FluviDashboard( 2279): [FLOW][INDEX_BUILD_READY] INDEX_BUILD_READY flowId=- queryKey=- direction=- scope=generation=1 acquisitionReason=bootstrap requestIdentity=rev=2|income=income|periods:|categories:|partners:|refinements:min=,max=,hasNote=false|expense=expense|periods:|categories:|partners:|refinements:min=,max=,hasNote=false|page=24|window=2014-2038 sqlCalls=5 sqlMicros=1093177 frames=1012 rows=4304 payloadBytes=2175073 serializationMicros=218526 revision=2 totalMinor=- entryCount=-
2026-09-09T13:55:13.9165067Z I/com.fluvi.app( 2279): Background concurrent mark compact GC freed 4940KB AllocSpace bytes, 7(2060KB) LOS objects, 49% free, 18MB/37MB, paused 554us,4.190ms total 178.397ms
2026-09-09T13:55:14.2298265Z D/EGL_emulation( 2279): app_time_stats: avg=2521.21ms min=2521.21ms max=2521.21ms count=1
2026-09-09T13:55:14.6173861Z D/FluviDashboard( 2279): [FLOW][FINANCIAL_LIMIT_SNAPSHOT_PREPARE_STARTED] FINANCIAL_LIMIT_SNAPSHOT_PREPARE_STARTED flowId=- queryKey=- direction=- scope=yearWindowStart=2014 yearWindowEnd=2038 revision=2 totalMinor=- entryCount=-
2026-09-09T13:55:14.8420126Z D/FluviDashboard( 2279): [FLOW][FINANCIAL_LIMIT_SNAPSHOT_READY] FINANCIAL_LIMIT_SNAPSHOT_READY flowId=- queryKey=- direction=- scope=incomeTargetCount=3 incomeCategoryCount=2 expenseTargetCount=9 expenseCategoryCount=8 periodSliceCount=326 payloadBytes=320072 sqlCalls=5 nativeSqlMicros=196224 revision=2 totalMinor=- entryCount=-
2026-09-09T13:55:14.8559270Z D/FluviDashboard( 2279): [FLOW][BUDGET_PARTNER_SNAPSHOT_PREPARE_STARTED] BUDGET_PARTNER_SNAPSHOT_PREPARE_STARTED flowId=- queryKey=- direction=- scope=yearWindowStart=2014 yearWindowEnd=2038 revision=2 totalMinor=- entryCount=-
2026-09-09T13:55:15.0709127Z D/FluviDashboard( 2279): [FLOW][BUDGET_PARTNER_SNAPSHOT_READY] BUDGET_PARTNER_SNAPSHOT_READY flowId=- queryKey=- direction=- scope=incomePartnerCount=4 expensePartnerCount=23 periodSlices=326 payloadBytes=347027 sqlCalls=5 nativeSqlMicros=176181 revision=2 totalMinor=- entryCount=-
2026-09-09T13:55:15.0861349Z I/flutter ( 2279): [FluviDiagnostic] stage=READINESS_TASK_COMPLETED scope=- entryCount=- error=- message=viewportPayload
2026-09-09T13:55:15.0887813Z I/flutter ( 2279): [FluviDiagnostic] stage=READINESS_PHASE_ENTERED scope=- entryCount=- error=- message=presentationPreparing
2026-09-09T13:55:15.0917258Z I/flutter ( 2279): [FluviDiagnostic] stage=READINESS_TASK_STARTED scope=- entryCount=- error=- message=renderResources
2026-09-09T13:55:15.0939607Z I/flutter ( 2279): [FluviDiagnostic] stage=READINESS_TASK_COMPLETED scope=- entryCount=- error=- message=renderResources
2026-09-09T13:55:15.0951272Z I/flutter ( 2279): [FluviDiagnostic] stage=READINESS_PHASE_ENTERED scope=- entryCount=- error=- message=renderCriticalWarmup
2026-09-09T13:55:15.0977574Z I/flutter ( 2279): [FluviDiagnostic] stage=READINESS_TASK_STARTED scope=- entryCount=- error=- message=logBoxSurface
2026-09-09T13:55:15.2755358Z D/EGL_emulation( 2279): app_time_stats: avg=200.76ms min=39.33ms max=293.62ms count=5
2026-09-09T13:55:15.2879607Z I/flutter ( 2279): [FluviDiagnostic] stage=BUDGET_HEADER_VALUE_BOUND scope=generation=0 plane=sum targetHandle=0 modelBindVsyncMicros=222525195 displayNumeratorScaled100=67044444 displayDenominatorScaled100=66442707 hasLimit=true canonicalLimitScaled100=66442707 entryCount=- error=- message=-
2026-09-09T13:55:15.2918247Z I/flutter ( 2279): [FluviDiagnostic] stage=HEADER_PORTAL_EFFECT_CATALOG_VERIFIED scope=- entryCount=- error=- message=innerOptionCount=5 backgroundOptionCount=5 sameOptions=true sameRenderer=false sameParameterSchema=true sameDefaults=true sameState=false sameClockSource=true
2026-09-09T13:55:15.2930481Z I/flutter ( 2279): [FluviDiagnostic] stage=BUDGET_HEADER_COOL_COLOR_BOUND scope=source=cool driver=userGlobal positionPct=50 windowWidthPct=28 leftRawPct=36.0 centerRawPct=50.0 rightRawPct=64.0 leftSamplePct=36.0 centerSamplePct=50.0 rightSamplePct=64.0 colorAArgb=4284604923 colorMidArgb=4279551457 colorBArgb=4278423754 settingsGeneration=0 entryCount=- error=- message=-
2026-09-09T13:55:15.2982484Z I/flutter ( 2279): [FluviDiagnostic] stage=READINESS_TASK_COMPLETED scope=- entryCount=- error=- message=logBoxSurface
2026-09-09T13:55:15.2984981Z I/flutter ( 2279): [FluviDiagnostic] stage=READINESS_TASK_STARTED scope=- entryCount=- error=- message=logBoxLayout
2026-09-09T13:55:15.2997209Z I/flutter ( 2279): [FluviDiagnostic] stage=READINESS_TASK_COMPLETED scope=- entryCount=- error=- message=logBoxLayout
2026-09-09T13:55:15.2999572Z I/flutter ( 2279): [FluviDiagnostic] stage=READINESS_TASK_STARTED scope=- entryCount=- error=- message=textLayoutSlots
2026-09-09T13:55:15.3002135Z I/flutter ( 2279): [FluviDiagnostic] stage=SCENE_WINDOW_PREPARE_STARTED scope=owner=renderCriticalReadiness priority=5 entryCount=48 error=- message=-
2026-09-09T13:55:15.3922630Z I/flutter ( 2279): [FluviDiagnostic] stage=SCENE_WINDOW_SLICE_OVER_BUDGET scope=boundary=richProjection elapsedMicros=1004 budgetMicros=1000 entryCount=48 error=- message=-
2026-09-09T13:55:15.4007746Z I/flutter ( 2279): [FluviDiagnostic] stage=HEADER_RENDER_BACKEND_BOUND scope=commitSha=33ee878b070345c336bb73df2b087d9a63c87c5a backend=fragmentShader logicalWidth=375.4757281553398 logicalHeight=123.8252427184466 devicePixelRatio=2.6260019651445416 physicalWidth=986.0 physicalHeight=326.0 backendIdentity=427908079 entryCount=- error=- message=-
2026-09-09T13:55:15.4031725Z I/flutter ( 2279): [FluviDiagnostic] stage=HEADER_PORTAL_INNER_CHANNEL_BOUND scope=enabled=true effectId=wandering-mist settingsGeneration=0 phaseOwnerIdentity=454523070 controllerIdentity=280131815 fragmentBackendIdentity=427908079 programIdentity=427908079 shaderIdentity=427908079 canonicalFieldStopCount=2 canonicalFieldStopHash=43d59ffd portalColorModel=paletteCoordinate inputSignature=1adda1f5 entryCount=- error=- message=-
2026-09-09T13:55:15.4090406Z I/flutter ( 2279): [FluviDiagnostic] stage=HEADER_PORTAL_BACKGROUND_CHANNEL_BOUND scope=enabled=true effectId=wandering-mist settingsGeneration=0 phaseOwnerIdentity=454523070 controllerIdentity=280131815 fragmentBackendIdentity=427908079 programIdentity=427908079 shaderIdentity=427908079 canonicalFieldStopCount=2 canonicalFieldStopHash=43d59ffd portalColorModel=paletteCoordinate inputSignature=1adda1f5 entryCount=- error=- message=-
2026-09-09T13:55:15.4150840Z I/flutter ( 2279): [FluviDiagnostic] stage=HEADER_PORTAL_FRAGMENT_INPUT_BOUND scope=innerEnabled=true innerEffect=wandering-mist innerSettingsHash=143ac802 backgroundEnabled=true backgroundEffect=wandering-mist backgroundSettingsHash=143ac802 uniformLayoutVersion=3 fragmentConfigurationGeneration=1 fragmentBackendIdentity=427908079 programIdentity=427908079 shaderIdentity=427908079 canonicalFieldStopCount=2 canonicalFieldStopHash=43d59ffd portalColorModel=paletteCoordinate entryCount=- error=- message=-
2026-09-09T13:55:15.4201220Z I/flutter ( 2279): [FluviDiagnostic] stage=HEADER_SHADER_READY scope=asset=shaders/dashboard_header_field.frag programIdentity=974727089 shaderIdentity=981026942 flutterVersion=3.41.4 rendererBackend=runtimeEffect engineBackend=notExposedByDart entryCount=- error=- message=-
2026-09-09T13:55:15.4230286Z I/flutter ( 2279): [FluviDiagnostic] stage=SCENE_WINDOW_SLICE_OVER_BUDGET scope=boundary=rowText elapsedMicros=8669 budgetMicros=1000 entryCount=48 error=- message=-
2026-09-09T13:55:15.4241648Z I/flutter ( 2279): [FluviDiagnostic] stage=SCENE_WINDOW_ATOMIC_WORK_UNIT_OVER_BUDGET scope=workUnit=rowText:amount elapsedMicros=6427 budgetMicros=1000 entryCount=48 error=- message=-
2026-09-09T13:55:15.4271994Z I/flutter ( 2279): [FluviDiagnostic] stage=SCENE_WINDOW_SLICE_OVER_BUDGET scope=boundary=rowTextParagraph elapsedMicros=7103 budgetMicros=1000 entryCount=48 error=- message=-
2026-09-09T13:55:15.4297856Z I/flutter ( 2279): [FluviDiagnostic] stage=SCENE_WINDOW_ATOMIC_WORK_UNIT_OVER_BUDGET scope=workUnit=rowText:time elapsedMicros=2468 budgetMicros=1000 entryCount=48 error=- message=-
2026-09-09T13:55:15.4348311Z I/flutter ( 2279): [FluviDiagnostic] stage=SCENE_WINDOW_SLICE_OVER_BUDGET scope=boundary=dayHeader elapsedMicros=1037 budgetMicros=1000 entryCount=48 error=- message=-
2026-09-09T13:55:15.4382374Z I/flutter ( 2279): [FluviDiagnostic] stage=SCENE_WINDOW_PREPARE_COMPLETED scope=owner=renderCriticalReadiness priority=5 entryCount=48 error=- message=uiIsolateMicros=38008 largestContiguousUiSliceMicros=8669 yields=29 richRowProjectionMicros=93 richFrameProjectionMicros=544 projectedUniqueRows=24 projectedFrames=1 reusedProjectedRows=0 reusedProjectedFrames=0 uniqueRowLayouts=48 reusedRowLayouts=0 newRowLayouts=48 sceneNew=2 sceneReuse=0 pauseCount=0 resumeCount=0 semanticsWork=0 rasterWork=0 allocationCount=83
2026-09-09T13:55:15.4408721Z I/flutter ( 2279): [FluviDiagnostic] stage=SCENE_WINDOW_PREPARE_STARTED scope=owner=liveInteractionResource priority=4 entryCount=144 error=- message=-
2026-09-09T13:55:15.4410700Z I/flutter ( 2279): [FluviDiagnostic] stage=READINESS_TASK_COMPLETED scope=- entryCount=- error=- message=textLayoutSlots
2026-09-09T13:55:15.4412382Z I/flutter ( 2279): [FluviDiagnostic] stage=READINESS_PHASE_ENTERED scope=- entryCount=- error=- message=ready
2026-09-09T13:55:15.4414383Z I/flutter ( 2279): [FluviDiagnostic] stage=DASHBOARD_STARTUP_READY scope=attemptGeneration=1 stage=ready readinessTask=- entryCount=- error=- message=-
2026-09-09T13:55:15.4427016Z I/flutter ( 2279): [FluviDiagnostic] stage=READINESS_READY scope=- entryCount=- error=- message=-
2026-09-09T13:55:15.4429194Z I/flutter ( 2279): [FluviDiagnostic] stage=SCENE_WINDOW_ATOMIC_WORK_UNIT_OVER_BUDGET scope=workUnit=rowText:amount elapsedMicros=2561 budgetMicros=1000 entryCount=144 error=- message=-
2026-09-09T13:55:15.4431903Z I/flutter ( 2279): [FluviDiagnostic] stage=SCENE_WINDOW_SLICE_OVER_BUDGET scope=boundary=rowTextParagraph elapsedMicros=3205 budgetMicros=1000 entryCount=144 error=- message=-
2026-09-09T13:55:15.4481899Z I/flutter ( 2279): [FluviDiagnostic] stage=SCENE_WINDOW_ATOMIC_WORK_UNIT_OVER_BUDGET scope=workUnit=rowText:time elapsedMicros=6850 budgetMicros=1000 entryCount=144 error=- message=-
2026-09-09T13:55:15.4650283Z I/flutter ( 2279): [FluviDiagnostic] stage=SCENE_WINDOW_PREPARE_COMPLETED scope=owner=liveInteractionResource priority=4 entryCount=144 error=- message=uiIsolateMicros=25288 largestContiguousUiSliceMicros=7272 yields=43 richRowProjectionMicros=85 richFrameProjectionMicros=509 projectedUniqueRows=48 projectedFrames=4 reusedProjectedRows=48 reusedProjectedFrames=0 uniqueRowLayouts=96 reusedRowLayouts=48 newRowLayouts=48 sceneNew=4 sceneReuse=2 pauseCount=0 resumeCount=0 semanticsWork=0 rasterWork=0 allocationCount=59
2026-09-09T13:55:15.4848428Z I/flutter ( 2279): [FluviDiagnostic] stage=SCENE_WINDOW_PREPARE_STARTED scope=owner=foregroundNavigation priority=3 entryCount=178 error=- message=-
2026-09-09T13:55:15.4993020Z I/flutter ( 2279): [FluviDiagnostic] stage=SCENE_WINDOW_ATOMIC_WORK_UNIT_OVER_BUDGET scope=workUnit=rowText:time elapsedMicros=9923 budgetMicros=1000 entryCount=178 error=- message=-
2026-09-09T13:55:15.5032443Z I/flutter ( 2279): [FluviDiagnostic] stage=SCENE_WINDOW_SLICE_OVER_BUDGET scope=boundary=rowTextParagraph elapsedMicros=10303 budgetMicros=1000 entryCount=178 error=- message=-
2026-09-09T13:55:15.5047114Z I/flutter ( 2279): [FluviDiagnostic] stage=SCENE_WINDOW_PREPARE_COMPLETED scope=owner=foregroundNavigation priority=3 entryCount=178 error=- message=uiIsolateMicros=12165 largestContiguousUiSliceMicros=10303 yields=9 richRowProjectionMicros=15 richFrameProjectionMicros=190 projectedUniqueRows=4 projectedFrames=3 reusedProjectedRows=30 reusedProjectedFrames=0 uniqueRowLayouts=100 reusedRowLayouts=96 newRowLayouts=4 sceneNew=7 sceneReuse=2 pauseCount=0 resumeCount=0 semanticsWork=0 rasterWork=0 allocationCount=12
2026-09-09T13:55:15.5073572Z I/flutter ( 2279): [FluviDiagnostic] stage=HEADER_RENDER_FIDELITY_CONFIG scope=outputResolutionMode=nativeSurface fieldEvaluationMode=perFragment logicalWidth=375.4757281553398 logicalHeight=123.8252427184466 physicalWidth=986.0 physicalHeight=326.0 sourceRenderScale=0.6 effectId=dualTide backend=fragmentShader physicalTarget=986.0x326.0 parentTransformScale=notObservableInCanvas touchOverlayBackend=fragmentShaderAnalytic shaderFailureFallback=nativeStaticGradient shaderReady=true shaderFailure=false entryCount=- error=- message=-
2026-09-09T13:55:15.5109377Z I/flutter ( 2279): [FluviDiagnostic] stage=HEADER_TOUCH_RENDER_PATH_BOUND scope=fieldBackend=fragmentShader overlayBackend=fragmentShaderAnalytic trailBackend=fragmentShaderAnalytic logicalSize=375.4757281553398x123.8252427184466 physicalSize=986.0x326.0 usesSaveLayer=false usesOffscreenIntermediate=false entryCount=- error=- message=-
2026-09-09T13:55:15.5151343Z I/flutter ( 2279): [FluviDiagnostic] stage=HEADER_PORTAL_INNER_CHANNEL_BOUND scope=enabled=true effectId=wandering-mist settingsGeneration=0 phaseOwnerIdentity=454523070 controllerIdentity=280131815 fragmentBackendIdentity=427908079 programIdentity=974727089 shaderIdentity=981026942 canonicalFieldStopCount=2 canonicalFieldStopHash=43d59ffd portalColorModel=paletteCoordinate inputSignature=587a8c2 entryCount=- error=- message=-
2026-09-09T13:55:15.5162313Z I/flutter ( 2279): [FluviDiagnostic] stage=HEADER_PORTAL_BACKGROUND_CHANNEL_BOUND scope=enabled=true effectId=wandering-mist settingsGeneration=0 phaseOwnerIdentity=454523070 controllerIdentity=280131815 fragmentBackendIdentity=427908079 programIdentity=974727089 shaderIdentity=981026942 canonicalFieldStopCount=2 canonicalFieldStopHash=43d59ffd portalColorModel=paletteCoordinate inputSignature=587a8c2 entryCount=- error=- message=-
2026-09-09T13:55:15.5199782Z I/flutter ( 2279): [FluviDiagnostic] stage=HEADER_PORTAL_FRAGMENT_INPUT_BOUND scope=innerEnabled=true innerEffect=wandering-mist innerSettingsHash=143ac802 backgroundEnabled=true backgroundEffect=wandering-mist backgroundSettingsHash=143ac802 uniformLayoutVersion=3 fragmentConfigurationGeneration=2 fragmentBackendIdentity=427908079 programIdentity=974727089 shaderIdentity=981026942 canonicalFieldStopCount=2 canonicalFieldStopHash=43d59ffd portalColorModel=paletteCoordinate entryCount=- error=- message=-
2026-09-09T13:55:15.5259594Z D/FluviDashboard( 2279): [FLOW][VERTICAL_PAGE_NATIVE_READY] VERTICAL_PAGE_NATIVE_READY flowId=- queryKey=expense|all|categories:|partners:|refinements: direction=expense scope=pageOrdinal=1 nativeSqlMicros=1274 nativeMappingMicros=158 serializationMicros=1196 nativeHandlerQueueMicros=362 authoritativeEntryCount=2458 revision=2 totalMinor=- entryCount=24
2026-09-09T13:55:15.5287579Z D/FluviDashboard( 2279): [FLOW][VERTICAL_PAGE_NATIVE_RESULT_SUBMITTED] VERTICAL_PAGE_NATIVE_RESULT_SUBMITTED flowId=- queryKey=- direction=- scope=nativeHandlerQueueMicros=362 nativeResultSubmitMicros=75 revision=- totalMinor=- entryCount=-
2026-09-09T13:55:15.5439712Z D/FluviDashboard( 2279): [FLOW][VERTICAL_PAGE_NATIVE_READY] VERTICAL_PAGE_NATIVE_READY flowId=- queryKey=expense|all|categories:|partners:|refinements: direction=expense scope=pageOrdinal=2 nativeSqlMicros=1405 nativeMappingMicros=154 serializationMicros=385 nativeHandlerQueueMicros=343 authoritativeEntryCount=2458 revision=2 totalMinor=- entryCount=24
2026-09-09T13:55:15.5469636Z D/FluviDashboard( 2279): [FLOW][VERTICAL_PAGE_NATIVE_RESULT_SUBMITTED] VERTICAL_PAGE_NATIVE_RESULT_SUBMITTED flowId=- queryKey=- direction=- scope=nativeHandlerQueueMicros=343 nativeResultSubmitMicros=101 revision=- totalMinor=- entryCount=-
2026-09-09T13:55:15.5889539Z D/FluviDashboard( 2279): [FLOW][VERTICAL_PAGE_NATIVE_READY] VERTICAL_PAGE_NATIVE_READY flowId=- queryKey=expense|all|categories:|partners:|refinements: direction=expense scope=pageOrdinal=3 nativeSqlMicros=1596 nativeMappingMicros=152 serializationMicros=437 nativeHandlerQueueMicros=426 authoritativeEntryCount=2458 revision=2 totalMinor=- entryCount=24
2026-09-09T13:55:15.5894260Z D/FluviDashboard( 2279): [FLOW][VERTICAL_PAGE_NATIVE_RESULT_SUBMITTED] VERTICAL_PAGE_NATIVE_RESULT_SUBMITTED flowId=- queryKey=- direction=- scope=nativeHandlerQueueMicros=426 nativeResultSubmitMicros=85 revision=- totalMinor=- entryCount=-
2026-09-09T13:55:15.5919656Z D/FluviDashboard( 2279): [FLOW][VERTICAL_PAGE_NATIVE_READY] VERTICAL_PAGE_NATIVE_READY flowId=- queryKey=expense|all|categories:|partners:|refinements: direction=expense scope=pageOrdinal=4 nativeSqlMicros=1179 nativeMappingMicros=153 serializationMicros=353 nativeHandlerQueueMicros=2190 authoritativeEntryCount=2458 revision=2 totalMinor=- entryCount=24
2026-09-09T13:55:15.5967956Z D/FluviDashboard( 2279): [FLOW][VERTICAL_PAGE_NATIVE_RESULT_SUBMITTED] VERTICAL_PAGE_NATIVE_RESULT_SUBMITTED flowId=- queryKey=- direction=- scope=nativeHandlerQueueMicros=2190 nativeResultSubmitMicros=88 revision=- totalMinor=- entryCount=-
2026-09-09T13:55:15.6057197Z D/FluviDashboard( 2279): [FLOW][VERTICAL_PAGE_NATIVE_READY] VERTICAL_PAGE_NATIVE_READY flowId=- queryKey=expense|all|categories:|partners:|refinements: direction=expense scope=pageOrdinal=5 nativeSqlMicros=3379 nativeMappingMicros=153 serializationMicros=452 nativeHandlerQueueMicros=415 authoritativeEntryCount=2458 revision=2 totalMinor=- entryCount=24
2026-09-09T13:55:15.6077243Z D/FluviDashboard( 2279): [FLOW][VERTICAL_PAGE_NATIVE_RESULT_SUBMITTED] VERTICAL_PAGE_NATIVE_RESULT_SUBMITTED flowId=- queryKey=- direction=- scope=nativeHandlerQueueMicros=415 nativeResultSubmitMicros=2017 revision=- totalMinor=- entryCount=-
2026-09-09T13:55:15.6557603Z I/flutter ( 2279): [PROFILE][SCENARIO_PREPARED] A_summary_sum_year_month plane=sum
2026-09-09T13:55:15.6567844Z I/flutter ( 2279): [PROFILE][SCENARIO_STABLE] A_summary_sum_year_month
2026-09-09T13:55:17.6823412Z I/flutter ( 2279): 
2026-09-09T13:55:17.6829319Z I/flutter ( 2279): Warning: A call to fling() with finder "Found 1 widget with key [<'dashboard-summary-shell-transform'>]: [
2026-09-09T13:55:17.6830905Z I/flutter ( 2279):   Instance of 'SingleChildRenderObjectElement',
2026-09-09T13:55:17.6832604Z I/flutter ( 2279): ]" derived an Offset (Instance of 'Offset') that would not hit test on the specified widget.
2026-09-09T13:55:17.6834880Z I/flutter ( 2279): Maybe the widget is actually off-screen, or another widget is obscuring it, or the widget cannot receive pointer events.
2026-09-09T13:55:17.6837269Z I/flutter ( 2279): The finder corresponds to this RenderBox: Instance of 'RenderTransform'
2026-09-09T13:55:17.6839035Z I/flutter ( 2279): The hit test result at that offset is: Instance of 'HitTestResult'
2026-09-09T13:55:17.6840928Z I/flutter ( 2279): #0      WidgetController._getElementPoint (package:flutter_test/src/controller.dart:2158)
2026-09-09T13:55:17.6842906Z I/flutter ( 2279): #1      WidgetController.getCenter (package:flutter_test/src/controller.dart:1942)
2026-09-09T13:55:17.6844668Z I/flutter ( 2279): #2      WidgetController.fling (package:flutter_test/src/controller.dart:1297)
2026-09-09T13:55:17.6847812Z I/flutter ( 2279): #3      _flingSummary (file:///home/runner/work/exptv2/exptv2/integration_test/dashboard_interaction_profile_test.dart:1678)
2026-09-09T13:55:17.6850663Z I/flutter ( 2279): #4      _runMeasuredScenario (file:///home/runner/work/exptv2/exptv2/integration_test/dashboard_interaction_profile_test.dart:1267)
2026-09-09T13:55:17.6853575Z I/flutter ( 2279): #5      _runScenario.<anonymous closure>.<anonymous closure> (file:///home/runner/work/exptv2/exptv2/integration_test/dashboard_interaction_profile_test.dart:428)
2026-09-09T13:55:17.6857004Z I/flutter ( 2279): #6      _timelineStep (file:///home/runner/work/exptv2/exptv2/integration_test/dashboard_interaction_profile_test.dart:1759)
2026-09-09T13:55:17.6859702Z I/flutter ( 2279): #7      _runScenario.<anonymous closure> (file:///home/runner/work/exptv2/exptv2/integration_test/dashboard_interaction_profile_test.dart:420)
2026-09-09T13:55:17.6862557Z I/flutter ( 2279): #8      IntegrationTestWidgetsFlutterBinding.traceTimeline (package:integration_test/integration_test.dart:304)
2026-09-09T13:55:17.6864154Z I/flutter ( 2279): <asynchronous suspension>
2026-09-09T13:55:17.6866054Z I/flutter ( 2279): #9      IntegrationTestWidgetsFlutterBinding.traceAction (package:integration_test/integration_test.dart:356)
2026-09-09T13:55:17.6867784Z I/flutter ( 2279): <asynchronous suspension>
2026-09-09T13:55:17.6869764Z I/flutter ( 2279): #10     _captureProfilePerformance (file:///home/runner/work/exptv2/exptv2/integration_test/dashboard_interaction_profile_test.dart:1782)
2026-09-09T13:55:17.6871894Z I/flutter ( 2279): <asynchronous suspension>
2026-09-09T13:55:17.6873708Z I/flutter ( 2279): #11     _runScenario (file:///home/runner/work/exptv2/exptv2/integration_test/dashboard_interaction_profile_test.dart:418)
2026-09-09T13:55:17.6875694Z I/flutter ( 2279): <asynchronous suspension>
2026-09-09T13:55:17.6877763Z I/flutter ( 2279): #12     main.<anonymous closure> (file:///home/runner/work/exptv2/exptv2/integration_test/dashboard_interaction_profile_test.dart:52)
2026-09-09T13:55:17.6879413Z I/flutter ( 2279): <asynchronous suspension>
2026-09-09T13:55:17.6881335Z I/flutter ( 2279): #13     testWidgets.<anonymous closure>.<anonymous closure> (package:flutter_test/src/widget_tester.dart:192)
2026-09-09T13:55:17.6882862Z I/flutter ( 2279): <asynchronous suspension>
2026-09-09T13:55:17.6884369Z I/flutter ( 2279): #14     TestWidgetsFlutterBinding._runTestBody (package:flutter_test/src/binding.dart:1682)
2026-09-09T13:55:17.6887115Z I/flutter ( 2279): <asynchronous suspension>
2026-09-09T13:55:17.6889056Z I/flutter ( 2279): #15     TestWidgetsFlutterBinding._createTestCompletionHandler.<anonymous closure> (package:flutter_test/src/binding.dart:1437)
2026-09-09T13:55:17.6890759Z I/flutter ( 2279): <asynchronous suspension>
2026-09-09T13:55:17.6892337Z I/flutter ( 2279): To silence this warning, pass "warnIfMissed: false" to "fling()".
2026-09-09T13:55:17.6894063Z I/flutter ( 2279): To make this warning fatal, set WidgetController.hitTestWarningShouldBeFatal to true.
2026-09-09T13:55:17.6895322Z I/flutter ( 2279): 
2026-09-09T13:55:17.9094906Z D/EGL_emulation( 2279): app_time_stats: avg=659.20ms min=177.99ms max=1994.80ms count=4
2026-09-09T13:55:20.0703458Z D/EGL_emulation( 2279): app_time_stats: avg=2153.86ms min=2153.86ms max=2153.86ms count=1
2026-09-09T13:55:22.0871774Z D/EGL_emulation( 2279): app_time_stats: avg=2021.87ms min=2021.87ms max=2021.87ms count=1
2026-09-09T13:55:24.3201288Z D/EGL_emulation( 2279): app_time_stats: avg=2234.65ms min=2234.65ms max=2234.65ms count=1
2026-09-09T13:55:26.3669154Z D/EGL_emulation( 2279): app_time_stats: avg=2045.75ms min=2045.75ms max=2045.75ms count=1
2026-09-09T13:55:28.3023268Z D/EGL_emulation( 2279): app_time_stats: avg=1934.55ms min=1934.55ms max=1934.55ms count=1
2026-09-09T13:55:30.3211949Z D/EGL_emulation( 2279): app_time_stats: avg=2017.74ms min=2017.74ms max=2017.74ms count=1
2026-09-09T13:55:32.4338091Z D/EGL_emulation( 2279): app_time_stats: avg=2113.60ms min=2113.60ms max=2113.60ms count=1
2026-09-09T13:55:32.4479190Z I/flutter ( 2279): [FluviDiagnostic] stage=BUDGET_HEADER_VALUE_BOUND scope=generation=1 plane=month targetHandle=0 modelBindVsyncMicros=239691861 displayNumeratorScaled100=68900000 displayDenominatorScaled100=86125000 hasLimit=true canonicalLimitScaled100=86125000 entryCount=- error=- message=-
2026-09-09T13:55:33.9743372Z I/flutter ( 2279): 
2026-09-09T13:55:33.9767962Z I/flutter ( 2279): Warning: A call to fling() with finder "Found 1 widget with key [<'dashboard-summary-shell-transform'>]: [
2026-09-09T13:55:33.9782937Z I/flutter ( 2279):   Instance of 'SingleChildRenderObjectElement',
2026-09-09T13:55:33.9797836Z I/flutter ( 2279): ]" derived an Offset (Instance of 'Offset') that would not hit test on the specified widget.
2026-09-09T13:55:33.9824380Z I/flutter ( 2279): Maybe the widget is actually off-screen, or another widget is obscuring it, or the widget cannot receive pointer events.
2026-09-09T13:55:33.9840563Z I/flutter ( 2279): The finder corresponds to this RenderBox: Instance of 'RenderTransform'
2026-09-09T13:55:33.9841944Z I/flutter ( 2279): The hit test result at that offset is: Instance of 'HitTestResult'
2026-09-09T13:55:33.9887199Z I/flutter ( 2279): #0      WidgetController._getElementPoint (package:flutter_test/src/controller.dart:2158)
2026-09-09T13:55:33.9917003Z I/flutter ( 2279): #1      WidgetController.getCenter (package:flutter_test/src/controller.dart:1942)
2026-09-09T13:55:33.9937451Z I/flutter ( 2279): #2      WidgetController.fling (package:flutter_test/src/controller.dart:1297)
2026-09-09T13:55:33.9977541Z I/flutter ( 2279): #3      _flingSummary (file:///home/runner/work/exptv2/exptv2/integration_test/dashboard_interaction_profile_test.dart:1678)
2026-09-09T13:55:33.9991076Z I/flutter ( 2279): #4      _runMeasuredScenario (file:///home/runner/work/exptv2/exptv2/integration_test/dashboard_interaction_profile_test.dart:1268)
2026-09-09T13:55:34.0006661Z I/flutter ( 2279): <asynchronous suspension>
2026-09-09T13:55:34.0037807Z I/flutter ( 2279): #5      _runScenario.<anonymous closure>.<anonymous closure> (file:///home/runner/work/exptv2/exptv2/integration_test/dashboard_interaction_profile_test.dart:428)
2026-09-09T13:55:34.0088987Z I/flutter ( 2279): <asynchronous suspension>
2026-09-09T13:55:34.0090624Z I/flutter ( 2279): #6      _timelineStep (file:///home/runner/work/exptv2/exptv2/integration_test/dashboard_interaction_profile_test.dart:1759)
2026-09-09T13:55:34.0126654Z I/flutter ( 2279): <asynchronous suspension>
2026-09-09T13:55:34.0155280Z I/flutter ( 2279): #7      IntegrationTestWidgetsFlutterBinding.traceTimeline (package:integration_test/integration_test.dart:304)
2026-09-09T13:55:34.0182120Z I/flutter ( 2279): <asynchronous suspension>
2026-09-09T13:55:34.0217371Z I/flutter ( 2279): #8      IntegrationTestWidgetsFlutterBinding.traceAction (package:integration_test/integration_test.dart:356)
2026-09-09T13:55:34.0243548Z I/flutter ( 2279): <asynchronous suspension>
2026-09-09T13:55:34.0282904Z I/flutter ( 2279): #9      _captureProfilePerformance (file:///home/runner/work/exptv2/exptv2/integration_test/dashboard_interaction_profile_test.dart:1782)
2026-09-09T13:55:34.0304413Z I/flutter ( 2279): <asynchronous suspension>
2026-09-09T13:55:34.0336829Z I/flutter ( 2279): #10     _runScenario (file:///home/runner/work/exptv2/exptv2/integration_test/dashboard_interaction_profile_test.dart:418)
2026-09-09T13:55:34.0366627Z I/flutter ( 2279): <asynchronous suspension>
2026-09-09T13:55:34.0394836Z I/flutter ( 2279): #11     main.<anonymous closure> (file:///home/runner/work/exptv2/exptv2/integration_test/dashboard_interaction_profile_test.dart:52)
2026-09-09T13:55:34.0418829Z I/flutter ( 2279): <asynchronous suspension>
2026-09-09T13:55:34.0447309Z I/flutter ( 2279): #12     testWidgets.<anonymous closure>.<anonymous closure> (package:flutter_test/src/widget_tester.dart:192)
2026-09-09T13:55:34.0448606Z I/flutter ( 2279): <asynchronous suspension>
2026-09-09T13:55:34.0480256Z I/flutter ( 2279): #13     TestWidgetsFlutterBinding._runTestBody (package:flutter_test/src/binding.dart:1682)
2026-09-09T13:55:34.0511016Z I/flutter ( 2279): <asynchronous suspension>
2026-09-09T13:55:34.0547547Z I/flutter ( 2279): #14     TestWidgetsFlutterBinding._createTestCompletionHandler.<anonymous closure> (package:flutter_test/src/binding.dart:1437)
2026-09-09T13:55:34.0572485Z I/flutter ( 2279): <asynchronous suspension>
2026-09-09T13:55:34.0598704Z I/flutter ( 2279): To silence this warning, pass "warnIfMissed: false" to "fling()".
2026-09-09T13:55:34.0637063Z I/flutter ( 2279): To make this warning fatal, set WidgetController.hitTestWarningShouldBeFatal to true.
2026-09-09T13:55:34.0664725Z I/flutter ( 2279): 
2026-09-09T13:55:34.0698244Z I/flutter ( 2279): [FluviDiagnostic] stage=SCENE_WINDOW_PREPARE_STARTED scope=owner=liveInteractionResource priority=4 entryCount=130 error=- message=-
2026-09-09T13:55:34.0727759Z I/flutter ( 2279): [FluviDiagnostic] stage=SCENE_WINDOW_ATOMIC_WORK_UNIT_OVER_BUDGET scope=workUnit=richProjection elapsedMicros=3072 budgetMicros=1000 entryCount=130 error=- message=-
2026-09-09T13:55:34.0748732Z I/flutter ( 2279): [FluviDiagnostic] stage=SCENE_WINDOW_SLICE_OVER_BUDGET scope=boundary=richProjection elapsedMicros=3226 budgetMicros=1000 entryCount=130 error=- message=-
2026-09-09T13:55:34.0784334Z I/flutter ( 2279): [FluviDiagnostic] stage=SCENE_WINDOW_ATOMIC_WORK_UNIT_OVER_BUDGET scope=workUnit=rowText:title elapsedMicros=5158 budgetMicros=1000 entryCount=130 error=- message=-
2026-09-09T13:55:34.0817773Z I/flutter ( 2279): [FluviDiagnostic] stage=SCENE_WINDOW_SLICE_OVER_BUDGET scope=boundary=rowTextParagraph elapsedMicros=5443 budgetMicros=1000 entryCount=130 error=- message=-
2026-09-09T13:55:34.0841338Z I/flutter ( 2279): [FluviDiagnostic] stage=SCENE_WINDOW_ATOMIC_WORK_UNIT_OVER_BUDGET scope=workUnit=rowText:secondary elapsedMicros=2671 budgetMicros=1000 entryCount=130 error=- message=-
2026-09-09T13:55:34.0877651Z I/flutter ( 2279): [FluviDiagnostic] stage=SCENE_WINDOW_SLICE_OVER_BUDGET scope=boundary=rowText elapsedMicros=2874 budgetMicros=1000 entryCount=130 error=- message=-
2026-09-09T13:55:34.0902758Z I/flutter ( 2279): [FluviDiagnostic] stage=SCENE_WINDOW_ATOMIC_WORK_UNIT_OVER_BUDGET scope=workUnit=rowText:amount elapsedMicros=1893 budgetMicros=1000 entryCount=130 error=- message=-
2026-09-09T13:55:34.0933321Z I/flutter ( 2279): [FluviDiagnostic] stage=SCENE_WINDOW_SLICE_OVER_BUDGET scope=boundary=dayHeader elapsedMicros=1019 budgetMicros=1000 entryCount=130 error=- message=-
2026-09-09T13:55:34.0957788Z I/flutter ( 2279): [FluviDiagnostic] stage=SCENE_WINDOW_PREPARE_COMPLETED scope=owner=liveInteractionResource priority=4 entryCount=130 error=- message=uiIsolateMicros=43686 largestContiguousUiSliceMicros=5443 yields=64 richRowProjectionMicros=153 richFrameProjectionMicros=3618 projectedUniqueRows=66 projectedFrames=36 reusedProjectedRows=30 reusedProjectedFrames=0 uniqueRowLayouts=100 reusedRowLayouts=34 newRowLayouts=66 sceneNew=36 sceneReuse=3 pauseCount=0 resumeCount=0 semanticsWork=0 rasterWork=0 allocationCount=117
2026-09-09T13:55:34.3086933Z D/EGL_emulation( 2279): app_time_stats: avg=1876.29ms min=1876.29ms max=1876.29ms count=1
2026-09-09T13:55:36.2402901Z D/EGL_emulation( 2279): app_time_stats: avg=1930.04ms min=1930.04ms max=1930.04ms count=1
2026-09-09T13:55:38.2359541Z D/EGL_emulation( 2279): app_time_stats: avg=120.95ms min=120.95ms max=120.95ms count=1
2026-09-09T13:55:40.3476407Z D/EGL_emulation( 2279): app_time_stats: avg=259.03ms min=259.03ms max=259.03ms count=1
2026-09-09T13:55:42.4730949Z D/EGL_emulation( 2279): app_time_stats: avg=2124.87ms min=2124.87ms max=2124.87ms count=1
2026-09-09T13:55:44.4986540Z D/EGL_emulation( 2279): app_time_stats: avg=2023.04ms min=2023.04ms max=2023.04ms count=1
2026-09-09T13:55:46.5469697Z D/EGL_emulation( 2279): app_time_stats: avg=2051.00ms min=2051.00ms max=2051.00ms count=1
2026-09-09T13:55:48.6763562Z D/EGL_emulation( 2279): app_time_stats: avg=2129.81ms min=2129.81ms max=2129.81ms count=1
2026-09-09T13:55:48.6824026Z I/flutter ( 2279): [FluviDiagnostic] stage=BUDGET_HEADER_VALUE_BOUND scope=generation=2 plane=year targetHandle=0 modelBindVsyncMicros=255925193 displayNumeratorScaled100=492500000 displayDenominatorScaled100=794391656 hasLimit=true canonicalLimitScaled100=794391656 entryCount=- error=- message=-
2026-09-09T13:55:51.0528850Z D/EGL_emulation( 2279): app_time_stats: avg=2375.84ms min=2375.84ms max=2375.84ms count=1
2026-09-09T13:55:51.1057809Z I/flutter ( 2279): [FluviDiagnostic] stage=SCENE_WINDOW_PREPARE_STARTED scope=owner=liveInteractionResource priority=4 entryCount=258 error=- message=-
2026-09-09T13:55:51.1545562Z D/FluviDashboard( 2279): [FLOW][VERTICAL_PAGE_NATIVE_READY] VERTICAL_PAGE_NATIVE_READY flowId=- queryKey=expense|year:2026|categories:|partners:|refinements: direction=expense scope=pageOrdinal=1 nativeSqlMicros=2502 nativeMappingMicros=173 serializationMicros=1572 nativeHandlerQueueMicros=297 authoritativeEntryCount=658 revision=2 totalMinor=- entryCount=24
2026-09-09T13:55:51.1550599Z D/FluviDashboard( 2279): [FLOW][VERTICAL_PAGE_NATIVE_RESULT_SUBMITTED] VERTICAL_PAGE_NATIVE_RESULT_SUBMITTED flowId=- queryKey=- direction=- scope=nativeHandlerQueueMicros=297 nativeResultSubmitMicros=82 revision=- totalMinor=- entryCount=-
2026-09-09T13:55:52.6450623Z I/flutter ( 2279): [PROFILE][SCENARIO_READY] A_summary_sum_year_month
2026-09-09T13:55:52.6454312Z I/flutter ( 2279): [PROFILE][SCENARIO_START] B_year_month_rail_populated
2026-09-09T13:55:53.5927547Z D/EGL_emulation( 2279): app_time_stats: avg=2537.65ms min=2537.65ms max=2537.65ms count=1
2026-09-09T13:55:53.6082584Z I/flutter ( 2279): [FluviDiagnostic] stage=DASHBOARD_STARTUP_ATTEMPT_STARTED scope=attemptGeneration=1 stage=bootstrap entryCount=- error=- message=-
2026-09-09T13:55:53.6297531Z I/flutter ( 2279): [FluviDiagnostic] stage=READINESS_PHASE_ENTERED scope=- entryCount=- error=- message=databasePending
2026-09-09T13:55:53.6321666Z I/flutter ( 2279): [FluviDiagnostic] stage=READINESS_PHASE_ENTERED scope=- entryCount=- error=- message=indexBuilding
2026-09-09T13:55:53.6347295Z I/flutter ( 2279): [FluviDiagnostic] stage=READINESS_TASK_STARTED scope=- entryCount=- error=- message=viewportPayload
2026-09-09T13:55:53.6810123Z D/FluviDashboard( 2279): [FLOW][INDEX_BUILD_STARTED] INDEX_BUILD_STARTED flowId=- queryKey=- direction=- scope=generation=1 acquisitionReason=bootstrap requestIdentity=rev=2|income=income|periods:|categories:|partners:|refinements:min=,max=,hasNote=false|expense=expense|periods:|categories:|partners:|refinements:min=,max=,hasNote=false|page=24|window=2014-2038 revision=2 totalMinor=- entryCount=-
2026-09-09T13:55:54.1378239Z I/com.fluvi.app( 2279): Background concurrent mark compact GC freed 19MB AllocSpace bytes, 28(16MB) LOS objects, 49% free, 4883KB/9767KB, paused 2.375ms,7.035ms total 248.398ms
2026-09-09T13:55:54.5408371Z I/com.fluvi.app( 2279): Background concurrent mark compact GC freed 7228KB AllocSpace bytes, 0(0B) LOS objects, 49% free, 4475KB/8951KB, paused 370us,5.293ms total 179.322ms
2026-09-09T13:55:54.9228251Z I/com.fluvi.app( 2279): Background concurrent mark compact GC freed 5196KB AllocSpace bytes, 0(0B) LOS objects, 49% free, 4815KB/9631KB, paused 549us,5.454ms total 148.618ms
2026-09-09T13:55:55.3188195Z I/com.fluvi.app( 2279): Background concurrent mark compact GC freed 4764KB AllocSpace bytes, 0(0B) LOS objects, 49% free, 5867KB/11MB, paused 690us,4.039ms total 177.822ms
2026-09-09T13:55:55.8888152Z I/com.fluvi.app( 2279): Background concurrent mark compact GC freed 4564KB AllocSpace bytes, 7(2060KB) LOS objects, 49% free, 8667KB/16MB, paused 300us,4.473ms total 201.112ms
2026-09-09T13:55:55.9550980Z D/FluviDashboard( 2279): [FLOW][INDEX_BUILD_READY] INDEX_BUILD_READY flowId=- queryKey=- direction=- scope=generation=1 acquisitionReason=bootstrap requestIdentity=rev=2|income=income|periods:|categories:|partners:|refinements:min=,max=,hasNote=false|expense=expense|periods:|categories:|partners:|refinements:min=,max=,hasNote=false|page=24|window=2014-2038 sqlCalls=5 sqlMicros=1271258 frames=1012 rows=4304 payloadBytes=2175073 serializationMicros=311474 revision=2 totalMinor=- entryCount=-
2026-09-09T13:55:56.0878171Z I/com.fluvi.app( 2279): Background concurrent mark compact GC freed 1564KB AllocSpace bytes, 3(8280KB) LOS objects, 49% free, 9947KB/19MB, paused 227us,9.928ms total 115.032ms
2026-09-09T13:55:56.6239397Z D/EGL_emulation( 2279): app_time_stats: avg=3033.96ms min=3033.96ms max=3033.96ms count=1
2026-09-09T13:55:56.9658720Z D/FluviDashboard( 2279): [FLOW][FINANCIAL_LIMIT_SNAPSHOT_PREPARE_STARTED] FINANCIAL_LIMIT_SNAPSHOT_PREPARE_STARTED flowId=- queryKey=- direction=- scope=yearWindowStart=2014 yearWindowEnd=2038 revision=2 totalMinor=- entryCount=-
2026-09-09T13:55:57.1107555Z D/FluviDashboard( 2279): [FLOW][FINANCIAL_LIMIT_SNAPSHOT_READY] FINANCIAL_LIMIT_SNAPSHOT_READY flowId=- queryKey=- direction=- scope=incomeTargetCount=3 incomeCategoryCount=2 expenseTargetCount=9 expenseCategoryCount=8 periodSliceCount=326 payloadBytes=320072 sqlCalls=5 nativeSqlMicros=135250 revision=2 totalMinor=- entryCount=-
2026-09-09T13:55:57.1238344Z D/FluviDashboard( 2279): [FLOW][BUDGET_PARTNER_SNAPSHOT_PREPARE_STARTED] BUDGET_PARTNER_SNAPSHOT_PREPARE_STARTED flowId=- queryKey=- direction=- scope=yearWindowStart=2014 yearWindowEnd=2038 revision=2 totalMinor=- entryCount=-
2026-09-09T13:55:57.4272248Z I/com.fluvi.app( 2279): Background concurrent mark compact GC freed 11MB AllocSpace bytes, 13(6284KB) LOS objects, 49% free, 5199KB/10MB, paused 208us,10.647ms total 100.285ms
2026-09-09T13:55:57.4532328Z D/FluviDashboard( 2279): [FLOW][BUDGET_PARTNER_SNAPSHOT_READY] BUDGET_PARTNER_SNAPSHOT_READY flowId=- queryKey=- direction=- scope=incomePartnerCount=4 expensePartnerCount=23 periodSlices=326 payloadBytes=347027 sqlCalls=5 nativeSqlMicros=259197 revision=2 totalMinor=- entryCount=-
2026-09-09T13:55:57.4727649Z I/flutter ( 2279): [FluviDiagnostic] stage=READINESS_TASK_COMPLETED scope=- entryCount=- error=- message=viewportPayload
2026-09-09T13:55:57.4747166Z I/flutter ( 2279): [FluviDiagnostic] stage=READINESS_PHASE_ENTERED scope=- entryCount=- error=- message=presentationPreparing
2026-09-09T13:55:57.4757142Z I/flutter ( 2279): [FluviDiagnostic] stage=READINESS_TASK_STARTED scope=- entryCount=- error=- message=renderResources
2026-09-09T13:55:57.4787213Z I/flutter ( 2279): [FluviDiagnostic] stage=READINESS_TASK_COMPLETED scope=- entryCount=- error=- message=renderResources
2026-09-09T13:55:57.4817224Z I/flutter ( 2279): [FluviDiagnostic] stage=READINESS_PHASE_ENTERED scope=- entryCount=- error=- message=renderCriticalWarmup
2026-09-09T13:55:57.4847033Z I/flutter ( 2279): [FluviDiagnostic] stage=READINESS_TASK_STARTED scope=- entryCount=- error=- message=logBoxSurface
2026-09-09T13:55:57.5225071Z I/flutter ( 2279): [FluviDiagnostic] stage=BUDGET_HEADER_VALUE_BOUND scope=generation=0 plane=month targetHandle=0 modelBindVsyncMicros=264758526 displayNumeratorScaled100=68900000 displayDenominatorScaled100=86125000 hasLimit=true canonicalLimitScaled100=86125000 entryCount=- error=- message=-
2026-09-09T13:55:57.5268969Z I/flutter ( 2279): [FluviDiagnostic] stage=HEADER_PORTAL_EFFECT_CATALOG_VERIFIED scope=- entryCount=- error=- message=innerOptionCount=5 backgroundOptionCount=5 sameOptions=true sameRenderer=false sameParameterSchema=true sameDefaults=true sameState=false sameClockSource=true
2026-09-09T13:55:57.5299346Z I/flutter ( 2279): [FluviDiagnostic] stage=BUDGET_HEADER_COOL_COLOR_BOUND scope=source=cool driver=userGlobal positionPct=50 windowWidthPct=28 leftRawPct=36.0 centerRawPct=50.0 rightRawPct=64.0 leftSamplePct=36.0 centerSamplePct=50.0 rightSamplePct=64.0 colorAArgb=4284604923 colorMidArgb=4279551457 colorBArgb=4278423754 settingsGeneration=0 entryCount=- error=- message=-
2026-09-09T13:55:57.5327193Z I/flutter ( 2279): [FluviDiagnostic] stage=READINESS_TASK_COMPLETED scope=- entryCount=- error=- message=logBoxSurface
2026-09-09T13:55:57.5353381Z I/flutter ( 2279): [FluviDiagnostic] stage=READINESS_TASK_STARTED scope=- entryCount=- error=- message=logBoxLayout
2026-09-09T13:55:57.5356502Z I/flutter ( 2279): [FluviDiagnostic] stage=READINESS_TASK_COMPLETED scope=- entryCount=- error=- message=logBoxLayout
2026-09-09T13:55:57.5358556Z I/flutter ( 2279): [FluviDiagnostic] stage=READINESS_TASK_STARTED scope=- entryCount=- error=- message=textLayoutSlots
2026-09-09T13:55:57.5360886Z I/flutter ( 2279): [FluviDiagnostic] stage=SCENE_WINDOW_PREPARE_STARTED scope=owner=renderCriticalReadiness priority=5 entryCount=258 error=- message=-
2026-09-09T13:55:57.5363522Z I/flutter ( 2279): [FluviDiagnostic] stage=SCENE_WINDOW_SLICE_OVER_BUDGET scope=boundary=richProjection elapsedMicros=1574 budgetMicros=1000 entryCount=258 error=- message=-
2026-09-09T13:55:57.5475460Z I/flutter ( 2279): [FluviDiagnostic] stage=HEADER_RENDER_BACKEND_BOUND scope=commitSha=33ee878b070345c336bb73df2b087d9a63c87c5a backend=fragmentShader logicalWidth=375.4757281553398 logicalHeight=123.8252427184466 devicePixelRatio=2.6260019651445416 physicalWidth=986.0 physicalHeight=326.0 backendIdentity=735108436 entryCount=- error=- message=-
2026-09-09T13:55:57.5510016Z I/flutter ( 2279): [FluviDiagnostic] stage=HEADER_PORTAL_INNER_CHANNEL_BOUND scope=enabled=true effectId=wandering-mist settingsGeneration=0 phaseOwnerIdentity=926199809 controllerIdentity=689294277 fragmentBackendIdentity=735108436 programIdentity=735108436 shaderIdentity=735108436 canonicalFieldStopCount=2 canonicalFieldStopHash=43d59ffd portalColorModel=paletteCoordinate inputSignature=1491937f entryCount=- error=- message=-
2026-09-09T13:55:57.5540006Z I/flutter ( 2279): [FluviDiagnostic] stage=HEADER_PORTAL_BACKGROUND_CHANNEL_BOUND scope=enabled=true effectId=wandering-mist settingsGeneration=0 phaseOwnerIdentity=926199809 controllerIdentity=689294277 fragmentBackendIdentity=735108436 programIdentity=735108436 shaderIdentity=735108436 canonicalFieldStopCount=2 canonicalFieldStopHash=43d59ffd portalColorModel=paletteCoordinate inputSignature=1491937f entryCount=- error=- message=-
2026-09-09T13:55:57.5570571Z I/flutter ( 2279): [FluviDiagnostic] stage=HEADER_PORTAL_FRAGMENT_INPUT_BOUND scope=innerEnabled=true innerEffect=wandering-mist innerSettingsHash=143ac802 backgroundEnabled=true backgroundEffect=wandering-mist backgroundSettingsHash=143ac802 uniformLayoutVersion=3 fragmentConfigurationGeneration=1 fragmentBackendIdentity=735108436 programIdentity=735108436 shaderIdentity=735108436 canonicalFieldStopCount=2 canonicalFieldStopHash=43d59ffd portalColorModel=paletteCoordinate entryCount=- error=- message=-
2026-09-09T13:55:57.5598464Z I/flutter ( 2279): [FluviDiagnostic] stage=HEADER_SHADER_READY scope=asset=shaders/dashboard_header_field.frag programIdentity=974727089 shaderIdentity=92226512 flutterVersion=3.41.4 rendererBackend=runtimeEffect engineBackend=notExposedByDart entryCount=- error=- message=-
2026-09-09T13:55:57.5657787Z I/flutter ( 2279): [FluviDiagnostic] stage=SCENE_WINDOW_ATOMIC_WORK_UNIT_OVER_BUDGET scope=workUnit=richProjection elapsedMicros=1558 budgetMicros=1000 entryCount=258 error=- message=-
2026-09-09T13:55:57.5747956Z I/flutter ( 2279): [FluviDiagnostic] stage=SCENE_WINDOW_ATOMIC_WORK_UNIT_OVER_BUDGET scope=workUnit=rowText:time elapsedMicros=2355 budgetMicros=1000 entryCount=258 error=- message=-
2026-09-09T13:55:57.5768238Z I/flutter ( 2279): [FluviDiagnostic] stage=SCENE_WINDOW_SLICE_OVER_BUDGET scope=boundary=rowTextParagraph elapsedMicros=2453 budgetMicros=1000 entryCount=258 error=- message=-
2026-09-09T13:55:57.5898123Z I/flutter ( 2279): [FluviDiagnostic] stage=SCENE_WINDOW_ATOMIC_WORK_UNIT_OVER_BUDGET scope=workUnit=rowText:amount elapsedMicros=3202 budgetMicros=1000 entryCount=258 error=- message=-
2026-09-09T13:55:57.6158261Z I/flutter ( 2279): [FluviDiagnostic] stage=SCENE_WINDOW_ATOMIC_WORK_UNIT_OVER_BUDGET scope=workUnit=rowText:secondary elapsedMicros=2973 budgetMicros=1000 entryCount=258 error=- message=-
2026-09-09T13:55:57.6217812Z I/flutter ( 2279): [FluviDiagnostic] stage=SCENE_WINDOW_SLICE_OVER_BUDGET scope=boundary=rowText elapsedMicros=3118 budgetMicros=1000 entryCount=258 error=- message=-
2026-09-09T13:55:57.6449612Z I/flutter ( 2279): [FluviDiagnostic] stage=SCENE_WINDOW_ATOMIC_WORK_UNIT_OVER_BUDGET scope=workUnit=dayHeaderText elapsedMicros=1210 budgetMicros=1000 entryCount=258 error=- message=-
2026-09-09T13:55:57.6457658Z I/flutter ( 2279): [FluviDiagnostic] stage=SCENE_WINDOW_SLICE_OVER_BUDGET scope=boundary=dayHeader elapsedMicros=1954 budgetMicros=1000 entryCount=258 error=- message=-
2026-09-09T13:55:57.6628080Z I/flutter ( 2279): [FluviDiagnostic] stage=SCENE_WINDOW_SLICE_OVER_BUDGET scope=boundary=resourceLease elapsedMicros=1323 budgetMicros=1000 entryCount=258 error=- message=-
2026-09-09T13:55:57.6671580Z I/flutter ( 2279): [FluviDiagnostic] stage=SCENE_WINDOW_PREPARE_COMPLETED scope=owner=renderCriticalReadiness priority=5 entryCount=258 error=- message=uiIsolateMicros=94364 largestContiguousUiSliceMicros=3996 yields=148 richRowProjectionMicros=219 richFrameProjectionMicros=3629 projectedUniqueRows=186 projectedFrames=15 reusedProjectedRows=48 reusedProjectedFrames=0 uniqueRowLayouts=210 reusedRowLayouts=0 newRowLayouts=210 sceneNew=16 sceneReuse=0 pauseCount=0 resumeCount=0 semanticsWork=0 rasterWork=0 allocationCount=316
2026-09-09T13:55:57.6676724Z I/flutter ( 2279): [FluviDiagnostic] stage=SCENE_WINDOW_PREPARE_STARTED scope=owner=liveInteractionResource priority=4 entryCount=258 error=- message=-
2026-09-09T13:55:57.6678753Z I/flutter ( 2279): [FluviDiagnostic] stage=READINESS_TASK_COMPLETED scope=- entryCount=- error=- message=textLayoutSlots
2026-09-09T13:55:57.6692028Z I/flutter ( 2279): [FluviDiagnostic] stage=READINESS_PHASE_ENTERED scope=- entryCount=- error=- message=ready
2026-09-09T13:55:57.6694018Z I/flutter ( 2279): [FluviDiagnostic] stage=DASHBOARD_STARTUP_READY scope=attemptGeneration=1 stage=ready readinessTask=- entryCount=- error=- message=-
2026-09-09T13:55:57.6695767Z I/flutter ( 2279): [FluviDiagnostic] stage=READINESS_READY scope=- entryCount=- error=- message=-
2026-09-09T13:55:57.6701438Z I/flutter ( 2279): [FluviDiagnostic] stage=SCENE_WINDOW_PREPARE_COMPLETED scope=owner=liveInteractionResource priority=4 entryCount=258 error=- message=uiIsolateMicros=964 largestContiguousUiSliceMicros=429 yields=13 richRowProjectionMicros=0 richFrameProjectionMicros=0 projectedUniqueRows=0 projectedFrames=0 reusedProjectedRows=0 reusedProjectedFrames=0 uniqueRowLayouts=210 reusedRowLayouts=210 newRowLayouts=0 sceneNew=0 sceneReuse=16 pauseCount=0 resumeCount=0 semanticsWork=0 rasterWork=0 allocationCount=0
2026-09-09T13:55:57.7015264Z I/flutter ( 2279): [FluviDiagnostic] stage=SCENE_WINDOW_PREPARE_STARTED scope=owner=foregroundNavigation priority=3 entryCount=310 error=- message=-
2026-09-09T13:55:57.7038256Z I/flutter ( 2279): [FluviDiagnostic] stage=SCENE_WINDOW_SLICE_OVER_BUDGET scope=boundary=rowDiscovery elapsedMicros=1358 budgetMicros=1000 entryCount=310 error=- message=-
2026-09-09T13:55:57.7043886Z I/flutter ( 2279): [FluviDiagnostic] stage=SCENE_WINDOW_PREPARE_COMPLETED scope=owner=foregroundNavigation priority=3 entryCount=310 error=- message=uiIsolateMicros=5279 largestContiguousUiSliceMicros=1358 yields=18 richRowProjectionMicros=15 richFrameProjectionMicros=273 projectedUniqueRows=4 projectedFrames=3 reusedProjectedRows=48 reusedProjectedFrames=0 uniqueRowLayouts=214 reusedRowLayouts=210 newRowLayouts=4 sceneNew=3 sceneReuse=16 pauseCount=0 resumeCount=0 semanticsWork=0 rasterWork=0 allocationCount=8
2026-09-09T13:55:57.7049356Z I/flutter ( 2279): [FluviDiagnostic] stage=SUMMARY_PARENT_HOTSET_PREPARE_STARTED scope=- entryCount=624 error=- message=-
2026-09-09T13:55:57.7051470Z I/flutter ( 2279): [FluviDiagnostic] stage=SCENE_WINDOW_PREPARE_STARTED scope=owner=speculativeMaintenance priority=1 entryCount=624 error=- message=-
2026-09-09T13:55:57.7056307Z I/flutter ( 2279): [FluviDiagnostic] stage=SCENE_WINDOW_SLICE_OVER_BUDGET scope=boundary=richProjection elapsedMicros=1002 budgetMicros=1000 entryCount=624 error=- message=-
2026-09-09T13:55:57.7058663Z I/flutter ( 2279): [FluviDiagnostic] stage=SCENE_WINDOW_ATOMIC_WORK_UNIT_OVER_BUDGET scope=workUnit=richProjection elapsedMicros=2278 budgetMicros=1000 entryCount=624 error=- message=-
2026-09-09T13:55:57.7061073Z I/flutter ( 2279): [FluviDiagnostic] stage=SCENE_WINDOW_SLICE_OVER_BUDGET scope=boundary=rowText elapsedMicros=2467 budgetMicros=1000 entryCount=624 error=- message=-
2026-09-09T13:55:57.7082519Z I/flutter ( 2279): [FluviDiagnostic] stage=SCENE_WINDOW_ATOMIC_WORK_UNIT_OVER_BUDGET scope=workUnit=rowText:amount elapsedMicros=1247 budgetMicros=1000 entryCount=624 error=- message=-
2026-09-09T13:55:57.7106238Z I/flutter ( 2279): [FluviDiagnostic] stage=SCENE_WINDOW_SLICE_OVER_BUDGET scope=boundary=rowTextParagraph elapsedMicros=1377 budgetMicros=1000 entryCount=624 error=- message=-
2026-09-09T13:55:57.7200570Z I/flutter ( 2279): [FluviDiagnostic] stage=SCENE_WINDOW_ATOMIC_WORK_UNIT_OVER_BUDGET scope=workUnit=rowText:title elapsedMicros=1442 budgetMicros=1000 entryCount=624 error=- message=-
2026-09-09T13:55:57.7308267Z I/flutter ( 2279): [FluviDiagnostic] stage=SCENE_WINDOW_ATOMIC_WORK_UNIT_OVER_BUDGET scope=workUnit=rowText:time elapsedMicros=3470 budgetMicros=1000 entryCount=624 error=- message=-
2026-09-09T13:55:57.7638170Z I/flutter ( 2279): [FluviDiagnostic] stage=SCENE_WINDOW_ATOMIC_WORK_UNIT_OVER_BUDGET scope=workUnit=rowText:secondary elapsedMicros=2403 budgetMicros=1000 entryCount=624 error=- message=-
2026-09-09T13:55:57.8464477Z D/EGL_emulation( 2279): app_time_stats: avg=183.16ms min=40.74ms max=288.00ms count=6
2026-09-09T13:55:57.9091736Z I/flutter ( 2279): [FluviDiagnostic] stage=SCENE_WINDOW_SLICE_OVER_BUDGET scope=boundary=dayHeader elapsedMicros=1052 budgetMicros=1000 entryCount=624 error=- message=-
2026-09-09T13:55:57.9220439Z I/flutter ( 2279): [FluviDiagnostic] stage=SCENE_WINDOW_ATOMIC_WORK_UNIT_OVER_BUDGET scope=workUnit=dayHeaderText elapsedMicros=1877 budgetMicros=1000 entryCount=624 error=- message=-
2026-09-09T13:55:57.9240808Z I/flutter ( 2279): [FluviDiagnostic] stage=SCENE_WINDOW_SLICE_OVER_BUDGET scope=boundary=beforeSceneAssembly elapsedMicros=4394 budgetMicros=1000 entryCount=624 error=- message=-
2026-09-09T13:55:57.9257713Z I/flutter ( 2279): [FluviDiagnostic] stage=SCENE_WINDOW_SLICE_OVER_BUDGET scope=boundary=completion elapsedMicros=1258 budgetMicros=1000 entryCount=624 error=- message=-
2026-09-09T13:55:57.9271076Z I/flutter ( 2279): [FluviDiagnostic] stage=SCENE_WINDOW_PREPARE_COMPLETED scope=owner=speculativeMaintenance priority=1 entryCount=624 error=- message=uiIsolateMicros=211957 largestContiguousUiSliceMicros=4394 yields=433 richRowProjectionMicros=3101 richFrameProjectionMicros=4901 projectedUniqueRows=576 projectedFrames=26 reusedProjectedRows=48 reusedProjectedFrames=0 uniqueRowLayouts=576 reusedRowLayouts=0 newRowLayouts=576 sceneNew=26 sceneReuse=0 pauseCount=0 resumeCount=0 semanticsWork=0 rasterWork=0 allocationCount=673
2026-09-09T13:55:57.9287175Z I/flutter ( 2279): [FluviDiagnostic] stage=SUMMARY_PARENT_HOTSET_PREPARE_READY scope=- entryCount=624 error=- message=-
2026-09-09T13:55:57.9302942Z I/flutter ( 2279): [FluviDiagnostic] stage=SUMMARY_PARENT_HOTSET_PREPARE_STARTED scope=- entryCount=0 error=- message=-
2026-09-09T13:55:57.9306882Z I/flutter ( 2279): [FluviDiagnostic] stage=SUMMARY_PARENT_HOTSET_PREPARE_READY scope=- entryCount=0 error=- message=-
2026-09-09T13:55:57.9601100Z I/flutter ( 2279): [FluviDiagnostic] stage=HEADER_RENDER_FIDELITY_CONFIG scope=outputResolutionMode=nativeSurface fieldEvaluationMode=perFragment logicalWidth=375.4757281553398 logicalHeight=123.8252427184466 physicalWidth=986.0 physicalHeight=326.0 sourceRenderScale=0.6 effectId=dualTide backend=fragmentShader physicalTarget=986.0x326.0 parentTransformScale=notObservableInCanvas touchOverlayBackend=fragmentShaderAnalytic shaderFailureFallback=nativeStaticGradient shaderReady=true shaderFailure=false entryCount=- error=- message=-
2026-09-09T13:55:57.9620022Z I/flutter ( 2279): [FluviDiagnostic] stage=HEADER_TOUCH_RENDER_PATH_BOUND scope=fieldBackend=fragmentShader overlayBackend=fragmentShaderAnalytic trailBackend=fragmentShaderAnalytic logicalSize=375.4757281553398x123.8252427184466 physicalSize=986.0x326.0 usesSaveLayer=false usesOffscreenIntermediate=false entryCount=- error=- message=-
2026-09-09T13:55:57.9632794Z I/flutter ( 2279): [FluviDiagnostic] stage=HEADER_PORTAL_INNER_CHANNEL_BOUND scope=enabled=true effectId=wandering-mist settingsGeneration=0 phaseOwnerIdentity=926199809 controllerIdentity=689294277 fragmentBackendIdentity=735108436 programIdentity=974727089 shaderIdentity=92226512 canonicalFieldStopCount=2 canonicalFieldStopHash=43d59ffd portalColorModel=paletteCoordinate inputSignature=101b3ff8 entryCount=- error=- message=-
2026-09-09T13:55:57.9657871Z I/flutter ( 2279): [FluviDiagnostic] stage=HEADER_PORTAL_BACKGROUND_CHANNEL_BOUND scope=enabled=true effectId=wandering-mist settingsGeneration=0 phaseOwnerIdentity=926199809 controllerIdentity=689294277 fragmentBackendIdentity=735108436 programIdentity=974727089 shaderIdentity=92226512 canonicalFieldStopCount=2 canonicalFieldStopHash=43d59ffd portalColorModel=paletteCoordinate inputSignature=101b3ff8 entryCount=- error=- message=-
2026-09-09T13:55:57.9849515Z D/FluviDashboard( 2279): [FLOW][VERTICAL_PAGE_NATIVE_READY] VERTICAL_PAGE_NATIVE_READY flowId=- queryKey=expense|month:2026-07|categories:|partners:|refinements: direction=expense scope=pageOrdinal=1 nativeSqlMicros=2441 nativeMappingMicros=417 serializationMicros=1509 nativeHandlerQueueMicros=211 authoritativeEntryCount=94 revision=2 totalMinor=- entryCount=24
2026-09-09T13:55:57.9853275Z D/FluviDashboard( 2279): [FLOW][VERTICAL_PAGE_NATIVE_RESULT_SUBMITTED] VERTICAL_PAGE_NATIVE_RESULT_SUBMITTED flowId=- queryKey=- direction=- scope=nativeHandlerQueueMicros=211 nativeResultSubmitMicros=56 revision=- totalMinor=- entryCount=-
2026-09-09T13:55:58.0024487Z D/FluviDashboard( 2279): [FLOW][VERTICAL_PAGE_NATIVE_READY] VERTICAL_PAGE_NATIVE_READY flowId=- queryKey=expense|month:2026-07|categories:|partners:|refinements: direction=expense scope=pageOrdinal=2 nativeSqlMicros=6836 nativeMappingMicros=183 serializationMicros=1878 nativeHandlerQueueMicros=710 authoritativeEntryCount=94 revision=2 totalMinor=- entryCount=24
2026-09-09T13:55:58.0029151Z D/FluviDashboard( 2279): [FLOW][VERTICAL_PAGE_NATIVE_RESULT_SUBMITTED] VERTICAL_PAGE_NATIVE_RESULT_SUBMITTED flowId=- queryKey=- direction=- scope=nativeHandlerQueueMicros=710 nativeResultSubmitMicros=89 revision=- totalMinor=- entryCount=-
2026-09-09T13:55:58.0419453Z D/FluviDashboard( 2279): [FLOW][VERTICAL_PAGE_NATIVE_READY] VERTICAL_PAGE_NATIVE_READY flowId=- queryKey=expense|month:2026-07|categories:|partners:|refinements: direction=expense scope=pageOrdinal=3 nativeSqlMicros=1289 nativeMappingMicros=158 serializationMicros=272 nativeHandlerQueueMicros=2608 authoritativeEntryCount=94 revision=2 totalMinor=- entryCount=22
2026-09-09T13:55:58.0438519Z D/FluviDashboard( 2279): [FLOW][VERTICAL_PAGE_NATIVE_RESULT_SUBMITTED] VERTICAL_PAGE_NATIVE_RESULT_SUBMITTED flowId=- queryKey=- direction=- scope=nativeHandlerQueueMicros=2608 nativeResultSubmitMicros=75 revision=- totalMinor=- entryCount=-
2026-09-09T13:55:58.9561408Z I/flutter ( 2279): [FluviDiagnostic] stage=HEADER_PORTAL_FRAGMENT_INPUT_BOUND scope=innerEnabled=true innerEffect=wandering-mist innerSettingsHash=143ac802 backgroundEnabled=true backgroundEffect=wandering-mist backgroundSettingsHash=143ac802 uniformLayoutVersion=3 fragmentConfigurationGeneration=2 fragmentBackendIdentity=735108436 programIdentity=974727089 shaderIdentity=92226512 canonicalFieldStopCount=2 canonicalFieldStopHash=43d59ffd portalColorModel=paletteCoordinate entryCount=- error=- message=-
2026-09-09T13:55:58.9596150Z I/flutter ( 2279): [PROFILE][SCENARIO_PREPARED] B_year_month_rail_populated plane=year
2026-09-09T13:55:58.9616399Z I/flutter ( 2279): [PROFILE][SCENARIO_STABLE] B_year_month_rail_populated
2026-09-09T13:56:00.1817185Z D/EGL_emulation( 2279): app_time_stats: avg=1167.09ms min=297.74ms max=2036.45ms count=2
2026-09-09T13:56:02.7332524Z D/EGL_emulation( 2279): app_time_stats: avg=2551.75ms min=2551.75ms max=2551.75ms count=1
2026-09-09T13:56:02.7655521Z I/flutter ( 2279): [FluviDiagnostic] stage=BUDGET_HEADER_VALUE_BOUND scope=generation=0 plane=month targetHandle=0 modelBindVsyncMicros=269991859 displayNumeratorScaled100=0 displayDenominatorScaled100=66442707 hasLimit=true canonicalLimitScaled100=66442707 entryCount=- error=- message=-
2026-09-09T13:56:04.7439837Z D/EGL_emulation( 2279): app_time_stats: avg=2008.47ms min=2008.47ms max=2008.47ms count=1
2026-09-09T13:56:06.8982228Z D/EGL_emulation( 2279): app_time_stats: avg=118.06ms min=118.06ms max=118.06ms count=1
2026-09-09T13:56:09.0202456Z I/flutter ( 2279): [FluviDiagnostic] stage=BUDGET_HEADER_VALUE_BOUND scope=generation=0 plane=month targetHandle=0 modelBindVsyncMicros=276258526 displayNumeratorScaled100=0 displayDenominatorScaled100=66442707 hasLimit=true canonicalLimitScaled100=66442707 entryCount=- error=- message=-
2026-09-09T13:56:09.2681078Z D/EGL_emulation( 2279): app_time_stats: avg=267.23ms min=267.23ms max=267.23ms count=1
2026-09-09T13:56:09.2918286Z I/flutter ( 2279): [FluviDiagnostic] stage=BUDGET_HEADER_VALUE_BOUND scope=generation=0 plane=month targetHandle=0 modelBindVsyncMicros=276525193 displayNumeratorScaled100=0 displayDenominatorScaled100=4600000 hasLimit=true canonicalLimitScaled100=4600000 entryCount=- error=- message=-
2026-09-09T13:56:11.2828865Z D/EGL_emulation( 2279): app_time_stats: avg=2011.62ms min=2011.62ms max=2011.62ms count=1
2026-09-09T13:56:13.2904592Z D/EGL_emulation( 2279): app_time_stats: avg=2006.03ms min=2006.03ms max=2006.03ms count=1
2026-09-09T13:56:13.3059095Z I/flutter ( 2279): [FluviDiagnostic] stage=BUDGET_HEADER_VALUE_BOUND scope=generation=0 plane=month targetHandle=0 modelBindVsyncMicros=280541859 displayNumeratorScaled100=0 displayDenominatorScaled100=66442707 hasLimit=true canonicalLimitScaled100=66442707 entryCount=- error=- message=-
2026-09-09T13:56:15.3618917Z D/EGL_emulation( 2279): app_time_stats: avg=2072.85ms min=2072.85ms max=2072.85ms count=1
2026-09-09T13:56:17.3262777Z D/EGL_emulation( 2279): app_time_stats: avg=1963.90ms min=1963.90ms max=1963.90ms count=1
2026-09-09T13:56:17.3369253Z I/flutter ( 2279): [FluviDiagnostic] stage=BUDGET_HEADER_VALUE_BOUND scope=generation=0 plane=month targetHandle=0 modelBindVsyncMicros=284575192 displayNumeratorScaled100=0 displayDenominatorScaled100=66442707 hasLimit=true canonicalLimitScaled100=66442707 entryCount=- error=- message=-
2026-09-09T13:56:19.4280172Z D/EGL_emulation( 2279): app_time_stats: avg=2104.59ms min=2104.59ms max=2104.59ms count=1
2026-09-09T13:56:21.4743443Z D/EGL_emulation( 2279): app_time_stats: avg=2041.90ms min=2041.90ms max=2041.90ms count=1
2026-09-09T13:56:23.6701386Z D/EGL_emulation( 2279): app_time_stats: avg=2191.40ms min=2191.40ms max=2191.40ms count=1
2026-09-09T13:56:25.7665195Z D/EGL_emulation( 2279): app_time_stats: avg=2104.01ms min=2104.01ms max=2104.01ms count=1
2026-09-09T13:56:25.7993295Z I/flutter ( 2279): [FluviDiagnostic] stage=BUDGET_HEADER_VALUE_BOUND scope=generation=0 plane=month targetHandle=0 modelBindVsyncMicros=293025192 displayNumeratorScaled100=73500000 displayDenominatorScaled100=91875000 hasLimit=true canonicalLimitScaled100=91875000 entryCount=- error=- message=-
2026-09-09T13:56:27.8963909Z D/EGL_emulation( 2279): app_time_stats: avg=2123.47ms min=2123.47ms max=2123.47ms count=1
2026-09-09T13:56:27.9179926Z I/flutter ( 2279): [FluviDiagnostic] stage=BUDGET_HEADER_VALUE_BOUND scope=generation=0 plane=month targetHandle=0 modelBindVsyncMicros=295141858 displayNumeratorScaled100=61200000 displayDenominatorScaled100=66442707 hasLimit=true canonicalLimitScaled100=66442707 entryCount=- error=- message=-
2026-09-09T13:56:30.2515820Z D/EGL_emulation( 2279): app_time_stats: avg=2359.95ms min=2359.95ms max=2359.95ms count=1
2026-09-09T13:56:32.3907496Z D/EGL_emulation( 2279): app_time_stats: avg=2140.20ms min=2140.20ms max=2140.20ms count=1
2026-09-09T13:56:32.4260968Z I/flutter ( 2279): [FluviDiagnostic] stage=BUDGET_HEADER_VALUE_BOUND scope=generation=0 plane=month targetHandle=0 modelBindVsyncMicros=299641858 displayNumeratorScaled100=79800000 displayDenominatorScaled100=66442707 hasLimit=true canonicalLimitScaled100=66442707 entryCount=- error=- message=-
2026-09-09T13:56:34.4459963Z D/EGL_emulation( 2279): app_time_stats: avg=2055.51ms min=2055.51ms max=2055.51ms count=1
2026-09-09T13:56:34.4625133Z I/flutter ( 2279): [FluviDiagnostic] stage=BUDGET_HEADER_VALUE_BOUND scope=generation=0 plane=month targetHandle=0 modelBindVsyncMicros=301691858 displayNumeratorScaled100=68900000 displayDenominatorScaled100=86125000 hasLimit=true canonicalLimitScaled100=86125000 entryCount=- error=- message=-
2026-09-09T13:56:36.4957611Z D/EGL_emulation( 2279): app_time_stats: avg=2044.81ms min=2044.81ms max=2044.81ms count=1
2026-09-09T13:56:38.6011364Z D/EGL_emulation( 2279): app_time_stats: avg=2110.23ms min=2110.23ms max=2110.23ms count=1
2026-09-09T13:56:38.6195278Z I/flutter ( 2279): [FluviDiagnostic] stage=BUDGET_HEADER_VALUE_BOUND scope=generation=0 plane=month targetHandle=0 modelBindVsyncMicros=305858525 displayNumeratorScaled100=0 displayDenominatorScaled100=66442707 hasLimit=true canonicalLimitScaled100=66442707 entryCount=- error=- message=-
2026-09-09T13:56:40.6355152Z D/EGL_emulation( 2279): app_time_stats: avg=2034.36ms min=2034.36ms max=2034.36ms count=1
2026-09-09T13:56:42.8969516Z D/EGL_emulation( 2279): app_time_stats: avg=2256.26ms min=2256.26ms max=2256.26ms count=1
2026-09-09T13:56:42.9011850Z I/flutter ( 2279): [FluviDiagnostic] stage=BUDGET_HEADER_VALUE_BOUND scope=generation=0 plane=month targetHandle=0 modelBindVsyncMicros=310141858 displayNumeratorScaled100=0 displayDenominatorScaled100=66442707 hasLimit=true canonicalLimitScaled100=66442707 entryCount=- error=- message=-
2026-09-09T13:56:44.8807994Z D/EGL_emulation( 2279): app_time_stats: avg=1983.47ms min=1983.47ms max=1983.47ms count=1
2026-09-09T13:56:46.9242103Z D/EGL_emulation( 2279): app_time_stats: avg=2048.81ms min=2048.81ms max=2048.81ms count=1
2026-09-09T13:56:49.0357654Z D/EGL_emulation( 2279): app_time_stats: avg=2111.17ms min=2111.17ms max=2111.17ms count=1
2026-09-09T13:56:51.2032917Z D/EGL_emulation( 2279): app_time_stats: avg=2159.96ms min=2159.96ms max=2159.96ms count=1
2026-09-09T13:56:51.2171939Z I/flutter ( 2279): [FluviDiagnostic] stage=BUDGET_HEADER_VALUE_BOUND scope=generation=0 plane=month targetHandle=0 modelBindVsyncMicros=318441858 displayNumeratorScaled100=64200000 displayDenominatorScaled100=80250000 hasLimit=true canonicalLimitScaled100=80250000 entryCount=- error=- message=-
2026-09-09T13:56:53.1968521Z D/EGL_emulation( 2279): app_time_stats: avg=2001.70ms min=2001.70ms max=2001.70ms count=1
2026-09-09T13:56:53.2358915Z I/flutter ( 2279): [FluviDiagnostic] stage=BUDGET_HEADER_VALUE_BOUND scope=generation=0 plane=month targetHandle=0 modelBindVsyncMicros=320458524 displayNumeratorScaled100=78100000 displayDenominatorScaled100=66442707 hasLimit=true canonicalLimitScaled100=66442707 entryCount=- error=- message=-
2026-09-09T13:56:55.2040888Z D/EGL_emulation( 2279): app_time_stats: avg=2006.07ms min=2006.07ms max=2006.07ms count=1
2026-09-09T13:56:57.2682336Z D/EGL_emulation( 2279): app_time_stats: avg=2063.92ms min=2063.92ms max=2063.92ms count=1
2026-09-09T13:56:57.2979401Z I/flutter ( 2279): [FluviDiagnostic] stage=BUDGET_HEADER_VALUE_BOUND scope=generation=0 plane=month targetHandle=0 modelBindVsyncMicros=324525191 displayNumeratorScaled100=66800000 displayDenominatorScaled100=66442707 hasLimit=true canonicalLimitScaled100=66442707 entryCount=- error=- message=-
2026-09-09T13:56:59.2055221Z D/EGL_emulation( 2279): app_time_stats: avg=1937.76ms min=1937.76ms max=1937.76ms count=1
2026-09-09T13:56:59.2304824Z I/flutter ( 2279): [FluviDiagnostic] stage=BUDGET_HEADER_VALUE_BOUND scope=generation=0 plane=month targetHandle=0 modelBindVsyncMicros=326458524 displayNumeratorScaled100=73500000 displayDenominatorScaled100=91875000 hasLimit=true canonicalLimitScaled100=91875000 entryCount=- error=- message=-
2026-09-09T13:57:01.7547990Z D/EGL_emulation( 2279): app_time_stats: avg=2548.66ms min=2548.66ms max=2548.66ms count=1
2026-09-09T13:57:03.7861858Z D/EGL_emulation( 2279): app_time_stats: avg=2028.48ms min=2028.48ms max=2028.48ms count=1
2026-09-09T13:57:03.8145258Z I/flutter ( 2279): [FluviDiagnostic] stage=BUDGET_HEADER_VALUE_BOUND scope=generation=0 plane=month targetHandle=0 modelBindVsyncMicros=331041857 displayNumeratorScaled100=61200000 displayDenominatorScaled100=66442707 hasLimit=true canonicalLimitScaled100=66442707 entryCount=- error=- message=-
2026-09-09T13:57:05.7437989Z D/EGL_emulation( 2279): app_time_stats: avg=1959.34ms min=1959.34ms max=1959.34ms count=1
2026-09-09T13:57:07.6716812Z D/EGL_emulation( 2279): app_time_stats: avg=1929.32ms min=1929.32ms max=1929.32ms count=1
2026-09-09T13:57:07.6920889Z I/flutter ( 2279): [FluviDiagnostic] stage=BUDGET_HEADER_VALUE_BOUND scope=generation=0 plane=month targetHandle=0 modelBindVsyncMicros=334925190 displayNumeratorScaled100=79800000 displayDenominatorScaled100=66442707 hasLimit=true canonicalLimitScaled100=66442707 entryCount=- error=- message=-
2026-09-09T13:57:09.9127164Z D/EGL_emulation( 2279): app_time_stats: avg=2239.85ms min=2239.85ms max=2239.85ms count=1
2026-09-09T13:57:12.4375126Z D/EGL_emulation( 2279): app_time_stats: avg=2526.13ms min=2526.13ms max=2526.13ms count=1
2026-09-09T13:57:14.5560139Z D/EGL_emulation( 2279): app_time_stats: avg=2116.24ms min=2116.24ms max=2116.24ms count=1
2026-09-09T13:57:16.5523873Z D/EGL_emulation( 2279): app_time_stats: avg=1993.50ms min=1993.50ms max=1993.50ms count=1
2026-09-09T13:57:16.5821074Z I/flutter ( 2279): [FluviDiagnostic] stage=BUDGET_HEADER_VALUE_BOUND scope=generation=0 plane=month targetHandle=0 modelBindVsyncMicros=343808523 displayNumeratorScaled100=0 displayDenominatorScaled100=4600000 hasLimit=true canonicalLimitScaled100=4600000 entryCount=- error=- message=-
2026-09-09T13:57:18.7073668Z D/EGL_emulation( 2279): app_time_stats: avg=2159.00ms min=2159.00ms max=2159.00ms count=1
2026-09-09T13:57:18.7247968Z I/flutter ( 2279): [FluviDiagnostic] stage=BUDGET_HEADER_VALUE_BOUND scope=generation=0 plane=month targetHandle=0 modelBindVsyncMicros=345958523 displayNumeratorScaled100=0 displayDenominatorScaled100=66442707 hasLimit=true canonicalLimitScaled100=66442707 entryCount=- error=- message=-
2026-09-09T13:57:20.6456534Z D/EGL_emulation( 2279): app_time_stats: avg=1934.29ms min=1934.29ms max=1934.29ms count=1
2026-09-09T13:57:22.5524110Z D/EGL_emulation( 2279): app_time_stats: avg=1904.38ms min=1904.38ms max=1904.38ms count=1
2026-09-09T13:57:22.5600636Z I/flutter ( 2279): [FluviDiagnostic] stage=BUDGET_HEADER_VALUE_BOUND scope=generation=0 plane=month targetHandle=0 modelBindVsyncMicros=349791856 displayNumeratorScaled100=0 displayDenominatorScaled100=66442707 hasLimit=true canonicalLimitScaled100=66442707 entryCount=- error=- message=-
2026-09-09T13:57:24.7217803Z D/EGL_emulation( 2279): app_time_stats: avg=2172.24ms min=2172.24ms max=2172.24ms count=1
2026-09-09T13:57:24.7698678Z I/flutter ( 2279): [FluviDiagnostic] stage=BUDGET_HEADER_VALUE_BOUND scope=generation=0 plane=month targetHandle=0 modelBindVsyncMicros=351975190 displayNumeratorScaled100=64200000 displayDenominatorScaled100=80250000 hasLimit=true canonicalLimitScaled100=80250000 entryCount=- error=- message=-
2026-09-09T13:57:26.7215098Z D/EGL_emulation( 2279): app_time_stats: avg=2002.88ms min=2002.88ms max=2002.88ms count=1
2026-09-09T13:57:28.8757351Z D/EGL_emulation( 2279): app_time_stats: avg=2154.12ms min=2154.12ms max=2154.12ms count=1
2026-09-09T13:57:28.8956751Z I/flutter ( 2279): [FluviDiagnostic] stage=BUDGET_HEADER_VALUE_BOUND scope=generation=0 plane=month targetHandle=0 modelBindVsyncMicros=356125189 displayNumeratorScaled100=78100000 displayDenominatorScaled100=66442707 hasLimit=true canonicalLimitScaled100=66442707 entryCount=- error=- message=-
2026-09-09T13:57:30.8799508Z D/EGL_emulation( 2279): app_time_stats: avg=2004.91ms min=2004.91ms max=2004.91ms count=1
2026-09-09T13:57:32.8317311Z D/EGL_emulation( 2279): app_time_stats: avg=1950.33ms min=1950.33ms max=1950.33ms count=1
2026-09-09T13:57:32.8629697Z I/flutter ( 2279): [FluviDiagnostic] stage=BUDGET_HEADER_VALUE_BOUND scope=generation=0 plane=month targetHandle=0 modelBindVsyncMicros=360091856 displayNumeratorScaled100=66800000 displayDenominatorScaled100=66442707 hasLimit=true canonicalLimitScaled100=66442707 entryCount=- error=- message=-
2026-09-09T13:57:35.0374086Z D/EGL_emulation( 2279): app_time_stats: avg=2201.67ms min=2201.67ms max=2201.67ms count=1
2026-09-09T13:57:37.1539030Z D/EGL_emulation( 2279): app_time_stats: avg=2120.99ms min=2120.99ms max=2120.99ms count=1
2026-09-09T13:57:39.2670792Z D/EGL_emulation( 2279): app_time_stats: avg=2112.79ms min=2112.79ms max=2112.79ms count=1
2026-09-09T13:57:41.3054626Z D/EGL_emulation( 2279): app_time_stats: avg=2038.54ms min=2038.54ms max=2038.54ms count=1
2026-09-09T13:57:41.3429731Z I/flutter ( 2279): [FluviDiagnostic] stage=BUDGET_HEADER_VALUE_BOUND scope=generation=0 plane=month targetHandle=0 modelBindVsyncMicros=368558522 displayNumeratorScaled100=68900000 displayDenominatorScaled100=86125000 hasLimit=true canonicalLimitScaled100=86125000 entryCount=- error=- message=-
2026-09-09T13:57:43.3686255Z D/EGL_emulation( 2279): app_time_stats: avg=2062.61ms min=2062.61ms max=2062.61ms count=1
2026-09-09T13:57:43.3843017Z I/flutter ( 2279): [FluviDiagnostic] stage=BUDGET_HEADER_VALUE_BOUND scope=generation=0 plane=month targetHandle=0 modelBindVsyncMicros=370625189 displayNumeratorScaled100=0 displayDenominatorScaled100=66442707 hasLimit=true canonicalLimitScaled100=66442707 entryCount=- error=- message=-
2026-09-09T13:57:45.4049884Z D/EGL_emulation( 2279): app_time_stats: avg=2034.74ms min=2034.74ms max=2034.74ms count=1
2026-09-09T13:57:47.3212115Z D/EGL_emulation( 2279): app_time_stats: avg=1918.14ms min=1918.14ms max=1918.14ms count=1
2026-09-09T13:57:47.3458158Z I/flutter ( 2279): [FluviDiagnostic] stage=BUDGET_HEADER_VALUE_BOUND scope=generation=0 plane=month targetHandle=0 modelBindVsyncMicros=374575189 displayNumeratorScaled100=0 displayDenominatorScaled100=66442707 hasLimit=true canonicalLimitScaled100=66442707 entryCount=- error=- message=-
2026-09-09T13:57:49.5397062Z D/EGL_emulation( 2279): app_time_stats: avg=2216.23ms min=2216.23ms max=2216.23ms count=1
2026-09-09T13:57:49.5555669Z I/flutter ( 2279): [FluviDiagnostic] stage=BUDGET_HEADER_VALUE_BOUND scope=generation=0 plane=month targetHandle=0 modelBindVsyncMicros=376791855 displayNumeratorScaled100=0 displayDenominatorScaled100=4600000 hasLimit=true canonicalLimitScaled100=4600000 entryCount=- error=- message=-
2026-09-09T13:57:51.5428294Z D/EGL_emulation( 2279): app_time_stats: avg=1999.82ms min=1999.82ms max=1999.82ms count=1
2026-09-09T13:57:53.5583301Z D/EGL_emulation( 2279): app_time_stats: avg=2018.81ms min=2018.81ms max=2018.81ms count=1
2026-09-09T13:57:53.5708952Z I/flutter ( 2279): [FluviDiagnostic] stage=BUDGET_HEADER_VALUE_BOUND scope=generation=0 plane=month targetHandle=0 modelBindVsyncMicros=380808522 displayNumeratorScaled100=0 displayDenominatorScaled100=66442707 hasLimit=true canonicalLimitScaled100=66442707 entryCount=- error=- message=-
2026-09-09T13:57:55.5224264Z D/EGL_emulation( 2279): app_time_stats: avg=1963.39ms min=1963.39ms max=1963.39ms count=1
2026-09-09T13:57:57.5070499Z D/EGL_emulation( 2279): app_time_stats: avg=1981.53ms min=1981.53ms max=1981.53ms count=1
2026-09-09T13:57:57.5309036Z I/flutter ( 2279): [FluviDiagnostic] stage=BUDGET_HEADER_VALUE_BOUND scope=generation=0 plane=month targetHandle=0 modelBindVsyncMicros=384758522 displayNumeratorScaled100=0 displayDenominatorScaled100=66442707 hasLimit=true canonicalLimitScaled100=66442707 entryCount=- error=- message=-
2026-09-09T13:57:59.6812582Z D/EGL_emulation( 2279): app_time_stats: avg=2177.43ms min=2177.43ms max=2177.43ms count=1
2026-09-09T13:58:02.2515094Z D/EGL_emulation( 2279): app_time_stats: avg=2570.41ms min=2570.41ms max=2570.41ms count=1
2026-09-09T13:58:04.2080292Z D/EGL_emulation( 2279): app_time_stats: avg=1956.32ms min=1956.32ms max=1956.32ms count=1
2026-09-09T13:58:06.1990453Z D/EGL_emulation( 2279): app_time_stats: avg=1991.00ms min=1991.00ms max=1991.00ms count=1
2026-09-09T13:58:06.2110393Z I/flutter ( 2279): [FluviDiagnostic] stage=BUDGET_HEADER_VALUE_BOUND scope=generation=0 plane=month targetHandle=0 modelBindVsyncMicros=393441855 displayNumeratorScaled100=73500000 displayDenominatorScaled100=91875000 hasLimit=true canonicalLimitScaled100=91875000 entryCount=- error=- message=-
2026-09-09T13:58:08.1487531Z D/EGL_emulation( 2279): app_time_stats: avg=1950.75ms min=1950.75ms max=1950.75ms count=1
2026-09-09T13:58:08.1603987Z I/flutter ( 2279): [FluviDiagnostic] stage=BUDGET_HEADER_VALUE_BOUND scope=generation=0 plane=month targetHandle=0 modelBindVsyncMicros=395391854 displayNumeratorScaled100=61200000 displayDenominatorScaled100=66442707 hasLimit=true canonicalLimitScaled100=66442707 entryCount=- error=- message=-
2026-09-09T13:58:10.0848546Z D/EGL_emulation( 2279): app_time_stats: avg=1936.54ms min=1936.54ms max=1936.54ms count=1
2026-09-09T13:58:12.0886922Z D/EGL_emulation( 2279): app_time_stats: avg=2000.80ms min=2000.80ms max=2000.80ms count=1
2026-09-09T13:58:12.1230527Z I/flutter ( 2279): [FluviDiagnostic] stage=BUDGET_HEADER_VALUE_BOUND scope=generation=0 plane=month targetHandle=0 modelBindVsyncMicros=399341854 displayNumeratorScaled100=79800000 displayDenominatorScaled100=66442707 hasLimit=true canonicalLimitScaled100=66442707 entryCount=- error=- message=-
2026-09-09T13:58:14.2408791Z D/EGL_emulation( 2279): app_time_stats: avg=2151.18ms min=2151.18ms max=2151.18ms count=1
2026-09-09T13:58:14.2584602Z I/flutter ( 2279): [FluviDiagnostic] stage=BUDGET_HEADER_VALUE_BOUND scope=generation=0 plane=month targetHandle=0 modelBindVsyncMicros=401491854 displayNumeratorScaled100=68900000 displayDenominatorScaled100=86125000 hasLimit=true canonicalLimitScaled100=86125000 entryCount=- error=- message=-
2026-09-09T13:58:16.3020185Z D/EGL_emulation( 2279): app_time_stats: avg=2065.30ms min=2065.30ms max=2065.30ms count=1
2026-09-09T13:58:18.5169880Z D/EGL_emulation( 2279): app_time_stats: avg=2211.75ms min=2211.75ms max=2211.75ms count=1
2026-09-09T13:58:18.5346883Z I/flutter ( 2279): [FluviDiagnostic] stage=BUDGET_HEADER_VALUE_BOUND scope=generation=0 plane=month targetHandle=0 modelBindVsyncMicros=405775187 displayNumeratorScaled100=0 displayDenominatorScaled100=66442707 hasLimit=true canonicalLimitScaled100=66442707 entryCount=- error=- message=-
2026-09-09T13:58:20.6375054Z D/EGL_emulation( 2279): app_time_stats: avg=2123.33ms min=2123.33ms max=2123.33ms count=1
2026-09-09T13:58:22.7818922Z D/EGL_emulation( 2279): app_time_stats: avg=2139.53ms min=2139.53ms max=2139.53ms count=1
2026-09-09T13:58:22.7856251Z I/flutter ( 2279): [FluviDiagnostic] stage=BUDGET_HEADER_VALUE_BOUND scope=generation=0 plane=month targetHandle=0 modelBindVsyncMicros=410025187 displayNumeratorScaled100=0 displayDenominatorScaled100=66442707 hasLimit=true canonicalLimitScaled100=66442707 entryCount=- error=- message=-
2026-09-09T13:58:24.8870366Z D/EGL_emulation( 2279): app_time_stats: avg=2107.50ms min=2107.50ms max=2107.50ms count=1
2026-09-09T13:58:27.0247436Z D/EGL_emulation( 2279): app_time_stats: avg=2139.13ms min=2139.13ms max=2139.13ms count=1
2026-09-09T13:58:29.2276891Z D/EGL_emulation( 2279): app_time_stats: avg=2200.31ms min=2200.31ms max=2200.31ms count=1
2026-09-09T13:58:31.3040828Z D/EGL_emulation( 2279): app_time_stats: avg=2078.81ms min=2078.81ms max=2078.81ms count=1
2026-09-09T13:58:31.3251683Z I/flutter ( 2279): [FluviDiagnostic] stage=BUDGET_HEADER_VALUE_BOUND scope=generation=0 plane=month targetHandle=0 modelBindVsyncMicros=418558520 displayNumeratorScaled100=64200000 displayDenominatorScaled100=80250000 hasLimit=true canonicalLimitScaled100=80250000 entryCount=- error=- message=-
2026-09-09T13:58:33.4438479Z D/EGL_emulation( 2279): app_time_stats: avg=2139.94ms min=2139.94ms max=2139.94ms count=1
2026-09-09T13:58:33.4589792Z I/flutter ( 2279): [FluviDiagnostic] stage=BUDGET_HEADER_VALUE_BOUND scope=generation=0 plane=month targetHandle=0 modelBindVsyncMicros=420691853 displayNumeratorScaled100=78100000 displayDenominatorScaled100=66442707 hasLimit=true canonicalLimitScaled100=66442707 entryCount=- error=- message=-
2026-09-09T13:58:35.5789680Z D/EGL_emulation( 2279): app_time_stats: avg=2135.13ms min=2135.13ms max=2135.13ms count=1
2026-09-09T13:58:37.5280363Z D/EGL_emulation( 2279): app_time_stats: avg=1948.72ms min=1948.72ms max=1948.72ms count=1
2026-09-09T13:58:37.5491060Z I/flutter ( 2279): [FluviDiagnostic] stage=BUDGET_HEADER_VALUE_BOUND scope=generation=0 plane=month targetHandle=0 modelBindVsyncMicros=424775187 displayNumeratorScaled100=66800000 displayDenominatorScaled100=66442707 hasLimit=true canonicalLimitScaled100=66442707 entryCount=- error=- message=-
2026-09-09T13:58:39.6278822Z D/EGL_emulation( 2279): app_time_stats: avg=2099.38ms min=2099.38ms max=2099.38ms count=1
2026-09-09T13:58:39.6402732Z I/flutter ( 2279): [FluviDiagnostic] stage=BUDGET_HEADER_VALUE_BOUND scope=generation=0 plane=month targetHandle=0 modelBindVsyncMicros=426875187 displayNumeratorScaled100=73500000 displayDenominatorScaled100=91875000 hasLimit=true canonicalLimitScaled100=91875000 entryCount=- error=- message=-
2026-09-09T13:58:41.6316671Z D/EGL_emulation( 2279): app_time_stats: avg=2000.75ms min=2000.75ms max=2000.75ms count=1
2026-09-09T13:58:43.7170141Z D/EGL_emulation( 2279): app_time_stats: avg=2088.02ms min=2088.02ms max=2088.02ms count=1
2026-09-09T13:58:43.7569770Z I/flutter ( 2279): [FluviDiagnostic] stage=BUDGET_HEADER_VALUE_BOUND scope=generation=0 plane=month targetHandle=0 modelBindVsyncMicros=430975186 displayNumeratorScaled100=61200000 displayDenominatorScaled100=66442707 hasLimit=true canonicalLimitScaled100=66442707 entryCount=- error=- message=-
2026-09-09T13:58:45.9177432Z D/EGL_emulation( 2279): app_time_stats: avg=2201.00ms min=2201.00ms max=2201.00ms count=1
2026-09-09T13:58:48.0782067Z D/EGL_emulation( 2279): app_time_stats: avg=2160.77ms min=2160.77ms max=2160.77ms count=1
2026-09-09T13:58:48.0907754Z I/flutter ( 2279): [FluviDiagnostic] stage=BUDGET_HEADER_VALUE_BOUND scope=generation=0 plane=month targetHandle=0 modelBindVsyncMicros=435325186 displayNumeratorScaled100=79800000 displayDenominatorScaled100=66442707 hasLimit=true canonicalLimitScaled100=66442707 entryCount=- error=- message=-
2026-09-09T13:58:50.4988272Z D/EGL_emulation( 2279): app_time_stats: avg=2420.87ms min=2420.87ms max=2420.87ms count=1
2026-09-09T13:58:52.8287850Z D/EGL_emulation( 2279): app_time_stats: avg=2327.47ms min=2327.47ms max=2327.47ms count=1
2026-09-09T13:58:55.4200415Z D/EGL_emulation( 2279): app_time_stats: avg=2591.84ms min=2591.84ms max=2591.84ms count=1
2026-09-09T13:58:57.3572352Z D/EGL_emulation( 2279): app_time_stats: avg=1929.77ms min=1929.77ms max=1929.77ms count=1
2026-09-09T13:58:57.3731065Z I/flutter ( 2279): [FluviDiagnostic] stage=BUDGET_HEADER_VALUE_BOUND scope=generation=0 plane=month targetHandle=0 modelBindVsyncMicros=444608519 displayNumeratorScaled100=0 displayDenominatorScaled100=4600000 hasLimit=true canonicalLimitScaled100=4600000 entryCount=- error=- message=-
2026-09-09T13:58:59.5169338Z D/EGL_emulation( 2279): app_time_stats: avg=2164.25ms min=2164.25ms max=2164.25ms count=1
2026-09-09T13:58:59.5235251Z I/flutter ( 2279): [FluviDiagnostic] stage=BUDGET_HEADER_VALUE_BOUND scope=generation=0 plane=month targetHandle=0 modelBindVsyncMicros=446758519 displayNumeratorScaled100=0 displayDenominatorScaled100=66442707 hasLimit=true canonicalLimitScaled100=66442707 entryCount=- error=- message=-
2026-09-09T13:59:01.8086242Z D/EGL_emulation( 2279): app_time_stats: avg=2294.47ms min=2294.47ms max=2294.47ms count=1
2026-09-09T13:59:04.2807542Z D/EGL_emulation( 2279): app_time_stats: avg=2467.64ms min=2467.64ms max=2467.64ms count=1
2026-09-09T13:59:04.2887931Z I/flutter ( 2279): [FluviDiagnostic] stage=BUDGET_HEADER_VALUE_BOUND scope=generation=0 plane=month targetHandle=0 modelBindVsyncMicros=451525186 displayNumeratorScaled100=0 displayDenominatorScaled100=66442707 hasLimit=true canonicalLimitScaled100=66442707 entryCount=- error=- message=-
2026-09-09T13:59:06.4402134Z D/EGL_emulation( 2279): app_time_stats: avg=2163.42ms min=2163.42ms max=2163.42ms count=1
2026-09-09T13:59:06.4559577Z I/flutter ( 2279): [FluviDiagnostic] stage=BUDGET_HEADER_VALUE_BOUND scope=generation=0 plane=month targetHandle=0 modelBindVsyncMicros=453691852 displayNumeratorScaled100=64200000 displayDenominatorScaled100=80250000 hasLimit=true canonicalLimitScaled100=80250000 entryCount=- error=- message=-
2026-09-09T13:59:08.4698914Z D/EGL_emulation( 2279): app_time_stats: avg=2031.06ms min=2031.06ms max=2031.06ms count=1
2026-09-09T13:59:10.4960699Z D/EGL_emulation( 2279): app_time_stats: avg=2022.63ms min=2022.63ms max=2022.63ms count=1
2026-09-09T13:59:10.5132194Z I/flutter ( 2279): [FluviDiagnostic] stage=BUDGET_HEADER_VALUE_BOUND scope=generation=0 plane=month targetHandle=0 modelBindVsyncMicros=457741852 displayNumeratorScaled100=78100000 displayDenominatorScaled100=66442707 hasLimit=true canonicalLimitScaled100=66442707 entryCount=- error=- message=-
2026-09-09T13:59:12.6100408Z D/EGL_emulation( 2279): app_time_stats: avg=2112.21ms min=2112.21ms max=2112.21ms count=1
2026-09-09T13:59:14.7627572Z D/EGL_emulation( 2279): app_time_stats: avg=2156.07ms min=2156.07ms max=2156.07ms count=1
2026-09-09T13:59:14.7829849Z I/flutter ( 2279): [FluviDiagnostic] stage=BUDGET_HEADER_VALUE_BOUND scope=generation=0 plane=month targetHandle=0 modelBindVsyncMicros=462008518 displayNumeratorScaled100=66800000 displayDenominatorScaled100=66442707 hasLimit=true canonicalLimitScaled100=66442707 entryCount=- error=- message=-
2026-09-09T13:59:16.7823618Z D/EGL_emulation( 2279): app_time_stats: avg=2018.28ms min=2018.28ms max=2018.28ms count=1
2026-09-09T13:59:18.8078825Z D/EGL_emulation( 2279): app_time_stats: avg=2025.82ms min=2025.82ms max=2025.82ms count=1
2026-09-09T13:59:20.8445398Z D/EGL_emulation( 2279): app_time_stats: avg=2035.52ms min=2035.52ms max=2035.52ms count=1
2026-09-09T13:59:22.8781933Z D/EGL_emulation( 2279): app_time_stats: avg=2030.92ms min=2030.92ms max=2030.92ms count=1
2026-09-09T13:59:22.8899838Z I/flutter ( 2279): [FluviDiagnostic] stage=BUDGET_HEADER_VALUE_BOUND scope=generation=0 plane=month targetHandle=0 modelBindVsyncMicros=470125185 displayNumeratorScaled100=68900000 displayDenominatorScaled100=86125000 hasLimit=true canonicalLimitScaled100=86125000 entryCount=- error=- message=-
2026-09-09T13:59:24.8031191Z D/EGL_emulation( 2279): app_time_stats: avg=1930.39ms min=1930.39ms max=1930.39ms count=1
2026-09-09T13:59:24.8192854Z I/flutter ( 2279): [FluviDiagnostic] stage=BUDGET_HEADER_VALUE_BOUND scope=generation=0 plane=month targetHandle=0 modelBindVsyncMicros=472058518 displayNumeratorScaled100=0 displayDenominatorScaled100=66442707 hasLimit=true canonicalLimitScaled100=66442707 entryCount=- error=- message=-
2026-09-09T13:59:26.8245274Z D/EGL_emulation( 2279): app_time_stats: avg=2018.47ms min=2018.47ms max=2018.47ms count=1
2026-09-09T13:59:28.9967804Z D/EGL_emulation( 2279): app_time_stats: avg=2176.11ms min=2176.11ms max=2176.11ms count=1
2026-09-09T13:59:29.0035355Z I/flutter ( 2279): [FluviDiagnostic] stage=BUDGET_HEADER_VALUE_BOUND scope=generation=0 plane=month targetHandle=0 modelBindVsyncMicros=476241851 displayNumeratorScaled100=0 displayDenominatorScaled100=66442707 hasLimit=true canonicalLimitScaled100=66442707 entryCount=- error=- message=-
2026-09-09T13:59:31.4034183Z D/EGL_emulation( 2279): app_time_stats: avg=2398.60ms min=2398.60ms max=2398.60ms count=1
2026-09-09T13:59:31.4120239Z I/flutter ( 2279): [FluviDiagnostic] stage=BUDGET_HEADER_VALUE_BOUND scope=generation=0 plane=month targetHandle=0 modelBindVsyncMicros=478641851 displayNumeratorScaled100=0 displayDenominatorScaled100=4600000 hasLimit=true canonicalLimitScaled100=4600000 entryCount=- error=- message=-
2026-09-09T13:59:33.5151439Z D/EGL_emulation( 2279): app_time_stats: avg=2117.66ms min=2117.66ms max=2117.66ms count=1
2026-09-09T13:59:35.4246669Z D/EGL_emulation( 2279): app_time_stats: avg=1907.73ms min=1907.73ms max=1907.73ms count=1
2026-09-09T13:59:35.4405723Z I/flutter ( 2279): [FluviDiagnostic] stage=BUDGET_HEADER_VALUE_BOUND scope=generation=0 plane=month targetHandle=0 modelBindVsyncMicros=482675184 displayNumeratorScaled100=0 displayDenominatorScaled100=66442707 hasLimit=true canonicalLimitScaled100=66442707 entryCount=- error=- message=-
2026-09-09T13:59:37.3346281Z D/EGL_emulation( 2279): app_time_stats: avg=1908.26ms min=1908.26ms max=1908.26ms count=1
2026-09-09T13:59:39.2297679Z D/EGL_emulation( 2279): app_time_stats: avg=1899.09ms min=1899.09ms max=1899.09ms count=1
2026-09-09T13:59:41.2797382Z I/flutter ( 2279): [FluviDiagnostic] stage=BUDGET_HEADER_VALUE_BOUND scope=generation=0 plane=month targetHandle=0 modelBindVsyncMicros=488508517 displayNumeratorScaled100=0 displayDenominatorScaled100=66442707 hasLimit=true canonicalLimitScaled100=66442707 entryCount=- error=- message=-
2026-09-09T13:59:41.3937741Z D/EGL_emulation( 2279): app_time_stats: avg=130.55ms min=130.55ms max=130.55ms count=1
2026-09-09T13:59:43.5109032Z D/EGL_emulation( 2279): app_time_stats: avg=252.60ms min=252.60ms max=252.60ms count=1
2026-09-09T13:59:45.6571606Z D/EGL_emulation( 2279): app_time_stats: avg=2148.91ms min=2148.91ms max=2148.91ms count=1
2026-09-09T13:59:47.6361767Z D/EGL_emulation( 2279): app_time_stats: avg=1968.88ms min=1968.88ms max=1968.88ms count=1
2026-09-09T13:59:47.6589456Z I/flutter ( 2279): [FluviDiagnostic] stage=BUDGET_HEADER_VALUE_BOUND scope=generation=0 plane=month targetHandle=0 modelBindVsyncMicros=494875184 displayNumeratorScaled100=73500000 displayDenominatorScaled100=91875000 hasLimit=true canonicalLimitScaled100=91875000 entryCount=- error=- message=-
2026-09-09T13:59:49.7810237Z D/EGL_emulation( 2279): app_time_stats: avg=2154.70ms min=2154.70ms max=2154.70ms count=1
2026-09-09T13:59:49.8301370Z I/flutter ( 2279): [FluviDiagnostic] stage=BUDGET_HEADER_VALUE_BOUND scope=generation=0 plane=month targetHandle=0 modelBindVsyncMicros=497025184 displayNumeratorScaled100=61200000 displayDenominatorScaled100=66442707 hasLimit=true canonicalLimitScaled100=66442707 entryCount=- error=- message=-
2026-09-09T13:59:51.8800415Z D/EGL_emulation( 2279): app_time_stats: avg=2096.29ms min=2096.29ms max=2096.29ms count=1
2026-09-09T13:59:53.9290175Z D/EGL_emulation( 2279): app_time_stats: avg=2052.94ms min=2052.94ms max=2052.94ms count=1
2026-09-09T13:59:53.9513315Z I/flutter ( 2279): [FluviDiagnostic] stage=BUDGET_HEADER_VALUE_BOUND scope=generation=0 plane=month targetHandle=0 modelBindVsyncMicros=501175184 displayNumeratorScaled100=79800000 displayDenominatorScaled100=66442707 hasLimit=true canonicalLimitScaled100=66442707 entryCount=- error=- message=-
2026-09-09T13:59:56.0729570Z D/EGL_emulation( 2279): app_time_stats: avg=2143.54ms min=2143.54ms max=2143.54ms count=1
2026-09-09T13:59:56.0989404Z I/flutter ( 2279): [FluviDiagnostic] stage=BUDGET_HEADER_VALUE_BOUND scope=generation=0 plane=month targetHandle=0 modelBindVsyncMicros=503325183 displayNumeratorScaled100=68900000 displayDenominatorScaled100=86125000 hasLimit=true canonicalLimitScaled100=86125000 entryCount=- error=- message=-
2026-09-09T13:59:58.1284818Z D/EGL_emulation( 2279): app_time_stats: avg=2052.54ms min=2052.54ms max=2052.54ms count=1
2026-09-09T14:00:00.2756996Z D/EGL_emulation( 2279): app_time_stats: avg=2149.32ms min=2149.32ms max=2149.32ms count=1
2026-09-09T14:00:00.2859672Z I/flutter ( 2279): [FluviDiagnostic] stage=BUDGET_HEADER_VALUE_BOUND scope=generation=0 plane=month targetHandle=0 modelBindVsyncMicros=507525183 displayNumeratorScaled100=0 displayDenominatorScaled100=66442707 hasLimit=true canonicalLimitScaled100=66442707 entryCount=- error=- message=-
2026-09-09T14:00:02.4870795Z D/EGL_emulation( 2279): app_time_stats: avg=2209.74ms min=2209.74ms max=2209.74ms count=1
2026-09-09T14:00:04.8862994Z D/EGL_emulation( 2279): app_time_stats: avg=2398.21ms min=2398.21ms max=2398.21ms count=1
2026-09-09T14:00:04.9046247Z I/flutter ( 2279): [FluviDiagnostic] stage=BUDGET_HEADER_VALUE_BOUND scope=generation=0 plane=month targetHandle=0 modelBindVsyncMicros=512141850 displayNumeratorScaled100=0 displayDenominatorScaled100=66442707 hasLimit=true canonicalLimitScaled100=66442707 entryCount=- error=- message=-
2026-09-09T14:00:07.0198195Z D/EGL_emulation( 2279): app_time_stats: avg=2136.09ms min=2136.09ms max=2136.09ms count=1
2026-09-09T14:00:09.0437825Z D/EGL_emulation( 2279): app_time_stats: avg=2022.75ms min=2022.75ms max=2022.75ms count=1
2026-09-09T14:00:11.3415015Z D/EGL_emulation( 2279): app_time_stats: avg=2298.20ms min=2298.20ms max=2298.20ms count=1
2026-09-09T14:00:13.5109143Z D/EGL_emulation( 2279): app_time_stats: avg=228.85ms min=228.85ms max=228.85ms count=1
2026-09-09T14:00:13.5978528Z I/flutter ( 2279): [FluviDiagnostic] stage=BUDGET_HEADER_VALUE_BOUND scope=generation=0 plane=month targetHandle=0 modelBindVsyncMicros=520758516 displayNumeratorScaled100=64200000 displayDenominatorScaled100=80250000 hasLimit=true canonicalLimitScaled100=80250000 entryCount=- error=- message=-
2026-09-09T14:00:13.6307736Z I/flutter ( 2279): [FluviDiagnostic] stage=SCENE_WINDOW_PREPARE_STARTED scope=owner=foregroundNavigation priority=3 entryCount=307 error=- message=-
2026-09-09T14:00:13.6338192Z I/flutter ( 2279): [FluviDiagnostic] stage=SCENE_WINDOW_SLICE_OVER_BUDGET scope=boundary=rowDiscovery elapsedMicros=1867 budgetMicros=1000 entryCount=307 error=- message=-
2026-09-09T14:00:13.6367534Z I/flutter ( 2279): [FluviDiagnostic] stage=SCENE_WINDOW_SLICE_OVER_BUDGET scope=boundary=sceneAssembly elapsedMicros=1155 budgetMicros=1000 entryCount=307 error=- message=-
2026-09-09T14:00:13.6400644Z I/flutter ( 2279): [FluviDiagnostic] stage=SCENE_WINDOW_PREPARE_COMPLETED scope=owner=foregroundNavigation priority=3 entryCount=307 error=- message=uiIsolateMicros=5196 largestContiguousUiSliceMicros=1867 yields=16 richRowProjectionMicros=7 richFrameProjectionMicros=26 projectedUniqueRows=1 projectedFrames=1 reusedProjectedRows=0 reusedProjectedFrames=0 uniqueRowLayouts=211 reusedRowLayouts=210 newRowLayouts=1 sceneNew=1 sceneReuse=18 pauseCount=0 resumeCount=0 semanticsWork=0 rasterWork=0 allocationCount=3
2026-09-09T14:00:15.4667502Z I/flutter ( 2279): [PROFILE][SCENARIO_READY] B_year_month_rail_populated
2026-09-09T14:00:15.4716702Z I/flutter ( 2279): [PROFILE][SCENARIO_START] C_year_month_rail_empty
2026-09-09T14:00:15.5878307Z D/EGL_emulation( 2279): app_time_stats: avg=2077.64ms min=2077.64ms max=2077.64ms count=1
2026-09-09T14:00:15.6046430Z I/flutter ( 2279): [FluviDiagnostic] stage=DASHBOARD_STARTUP_ATTEMPT_STARTED scope=attemptGeneration=1 stage=bootstrap entryCount=- error=- message=-
2026-09-09T14:00:15.6355735Z I/flutter ( 2279): [FluviDiagnostic] stage=READINESS_PHASE_ENTERED scope=- entryCount=- error=- message=databasePending
2026-09-09T14:00:15.6418564Z I/flutter ( 2279): [FluviDiagnostic] stage=READINESS_PHASE_ENTERED scope=- entryCount=- error=- message=indexBuilding
2026-09-09T14:00:15.6465318Z I/flutter ( 2279): [FluviDiagnostic] stage=READINESS_TASK_STARTED scope=- entryCount=- error=- message=viewportPayload
2026-09-09T14:00:15.7130107Z D/FluviDashboard( 2279): [FLOW][INDEX_BUILD_STARTED] INDEX_BUILD_STARTED flowId=- queryKey=- direction=- scope=generation=1 acquisitionReason=bootstrap requestIdentity=rev=2|income=income|periods:|categories:|partners:|refinements:min=,max=,hasNote=false|expense=expense|periods:|categories:|partners:|refinements:min=,max=,hasNote=false|page=24|window=2012-2036 revision=2 totalMinor=- entryCount=-
2026-09-09T14:00:15.9306364Z I/com.fluvi.app( 2279): Background concurrent mark compact GC freed 5658KB AllocSpace bytes, 12(2192KB) LOS objects, 49% free, 3991KB/7983KB, paused 347us,3.123ms total 142.560ms
2026-09-09T14:00:16.2528112Z I/com.fluvi.app( 2279): Background concurrent mark compact GC freed 5288KB AllocSpace bytes, 0(0B) LOS objects, 49% free, 3919KB/7839KB, paused 204us,6.037ms total 169.953ms
2026-09-09T14:00:16.5956181Z I/com.fluvi.app( 2279): Background concurrent mark compact GC freed 4300KB AllocSpace bytes, 0(0B) LOS objects, 49% free, 4099KB/8199KB, paused 309us,2.590ms total 127.745ms
2026-09-09T14:00:17.0205813Z I/com.fluvi.app( 2279): Background concurrent mark compact GC freed 5844KB AllocSpace bytes, 0(0B) LOS objects, 49% free, 5075KB/10151KB, paused 527us,2.700ms total 293.713ms
2026-09-09T14:00:17.4506262Z I/com.fluvi.app( 2279): Background concurrent mark compact GC freed 4444KB AllocSpace bytes, 0(0B) LOS objects, 49% free, 6043KB/11MB, paused 6.194ms,3.879ms total 199.084ms
2026-09-09T14:00:17.9271536Z D/FluviDashboard( 2279): [FLOW][INDEX_BUILD_READY] INDEX_BUILD_READY flowId=- queryKey=- direction=- scope=generation=1 acquisitionReason=bootstrap requestIdentity=rev=2|income=income|periods:|categories:|partners:|refinements:min=,max=,hasNote=false|expense=expense|periods:|categories:|partners:|refinements:min=,max=,hasNote=false|page=24|window=2012-2036 sqlCalls=5 sqlMicros=1239011 frames=1012 rows=4304 payloadBytes=2175073 serializationMicros=176304 revision=2 totalMinor=- entryCount=-
2026-09-09T14:00:18.2317659Z D/EGL_emulation( 2279): app_time_stats: avg=2636.99ms min=2636.99ms max=2636.99ms count=1
2026-09-09T14:00:18.6709141Z D/FluviDashboard( 2279): [FLOW][FINANCIAL_LIMIT_SNAPSHOT_PREPARE_STARTED] FINANCIAL_LIMIT_SNAPSHOT_PREPARE_STARTED flowId=- queryKey=- direction=- scope=yearWindowStart=2012 yearWindowEnd=2036 revision=2 totalMinor=- entryCount=-
2026-09-09T14:00:18.8403601Z D/FluviDashboard( 2279): [FLOW][FINANCIAL_LIMIT_SNAPSHOT_READY] FINANCIAL_LIMIT_SNAPSHOT_READY flowId=- queryKey=- direction=- scope=incomeTargetCount=3 incomeCategoryCount=2 expenseTargetCount=9 expenseCategoryCount=8 periodSliceCount=326 payloadBytes=320072 sqlCalls=5 nativeSqlMicros=113448 revision=2 totalMinor=- entryCount=-
2026-09-09T14:00:18.8478329Z D/FluviDashboard( 2279): [FLOW][BUDGET_PARTNER_SNAPSHOT_PREPARE_STARTED] BUDGET_PARTNER_SNAPSHOT_PREPARE_STARTED flowId=- queryKey=- direction=- scope=yearWindowStart=2012 yearWindowEnd=2036 revision=2 totalMinor=- entryCount=-
2026-09-09T14:00:19.1499165Z D/FluviDashboard( 2279): [FLOW][BUDGET_PARTNER_SNAPSHOT_READY] BUDGET_PARTNER_SNAPSHOT_READY flowId=- queryKey=- direction=- scope=incomePartnerCount=4 expensePartnerCount=23 periodSlices=326 payloadBytes=347027 sqlCalls=5 nativeSqlMicros=236456 revision=2 totalMinor=- entryCount=-
2026-09-09T14:00:19.1709613Z I/flutter ( 2279): [FluviDiagnostic] stage=READINESS_TASK_COMPLETED scope=- entryCount=- error=- message=viewportPayload
2026-09-09T14:00:19.1761542Z I/flutter ( 2279): [FluviDiagnostic] stage=READINESS_PHASE_ENTERED scope=- entryCount=- error=- message=presentationPreparing
2026-09-09T14:00:19.1782866Z I/flutter ( 2279): [FluviDiagnostic] stage=READINESS_TASK_STARTED scope=- entryCount=- error=- message=renderResources
2026-09-09T14:00:19.1813454Z I/flutter ( 2279): [FluviDiagnostic] stage=READINESS_TASK_COMPLETED scope=- entryCount=- error=- message=renderResources
2026-09-09T14:00:19.1823729Z I/flutter ( 2279): [FluviDiagnostic] stage=READINESS_PHASE_ENTERED scope=- entryCount=- error=- message=renderCriticalWarmup
2026-09-09T14:00:19.1854014Z I/flutter ( 2279): [FluviDiagnostic] stage=READINESS_TASK_STARTED scope=- entryCount=- error=- message=logBoxSurface
2026-09-09T14:00:19.2183268Z I/com.fluvi.app( 2279): Background concurrent mark compact GC freed 11MB AllocSpace bytes, 23(10MB) LOS objects, 49% free, 4551KB/9103KB, paused 154us,5.530ms total 181.981ms
2026-09-09T14:00:19.2675274Z D/EGL_emulation( 2279): app_time_stats: avg=143.88ms min=32.16ms max=192.01ms count=6
2026-09-09T14:00:19.2688313Z I/flutter ( 2279): [FluviDiagnostic] stage=BUDGET_HEADER_VALUE_BOUND scope=generation=0 plane=month targetHandle=0 modelBindVsyncMicros=526508516 displayNumeratorScaled100=0 displayDenominatorScaled100=66442707 hasLimit=true canonicalLimitScaled100=66442707 entryCount=- error=- message=-
2026-09-09T14:00:19.2692795Z I/flutter ( 2279): [FluviDiagnostic] stage=HEADER_PORTAL_EFFECT_CATALOG_VERIFIED scope=- entryCount=- error=- message=innerOptionCount=5 backgroundOptionCount=5 sameOptions=true sameRenderer=false sameParameterSchema=true sameDefaults=true sameState=false sameClockSource=true
2026-09-09T14:00:19.2699524Z I/flutter ( 2279): [FluviDiagnostic] stage=BUDGET_HEADER_COOL_COLOR_BOUND scope=source=cool driver=userGlobal positionPct=50 windowWidthPct=28 leftRawPct=36.0 centerRawPct=50.0 rightRawPct=64.0 leftSamplePct=36.0 centerSamplePct=50.0 rightSamplePct=64.0 colorAArgb=4284604923 colorMidArgb=4279551457 colorBArgb=4278423754 settingsGeneration=0 entryCount=- error=- message=-
2026-09-09T14:00:19.2746964Z I/flutter ( 2279): [FluviDiagnostic] stage=READINESS_TASK_COMPLETED scope=- entryCount=- error=- message=logBoxSurface
2026-09-09T14:00:19.2767506Z I/flutter ( 2279): [FluviDiagnostic] stage=READINESS_TASK_STARTED scope=- entryCount=- error=- message=logBoxLayout
2026-09-09T14:00:19.2786859Z I/flutter ( 2279): [FluviDiagnostic] stage=READINESS_TASK_COMPLETED scope=- entryCount=- error=- message=logBoxLayout
2026-09-09T14:00:19.2827301Z I/flutter ( 2279): [FluviDiagnostic] stage=READINESS_TASK_STARTED scope=- entryCount=- error=- message=textLayoutSlots
2026-09-09T14:00:19.2856716Z I/flutter ( 2279): [FluviDiagnostic] stage=SCENE_WINDOW_PREPARE_STARTED scope=owner=renderCriticalReadiness priority=5 entryCount=0 error=- message=-
2026-09-09T14:00:19.2869705Z I/flutter ( 2279): [FluviDiagnostic] stage=HEADER_RENDER_BACKEND_BOUND scope=commitSha=33ee878b070345c336bb73df2b087d9a63c87c5a backend=fragmentShader logicalWidth=375.4757281553398 logicalHeight=123.8252427184466 devicePixelRatio=2.6260019651445416 physicalWidth=986.0 physicalHeight=326.0 backendIdentity=820852851 entryCount=- error=- message=-
2026-09-09T14:00:19.2930303Z I/flutter ( 2279): [FluviDiagnostic] stage=HEADER_PORTAL_INNER_CHANNEL_BOUND scope=enabled=true effectId=wandering-mist settingsGeneration=0 phaseOwnerIdentity=393098159 controllerIdentity=763494936 fragmentBackendIdentity=820852851 programIdentity=820852851 shaderIdentity=820852851 canonicalFieldStopCount=2 canonicalFieldStopHash=43d59ffd portalColorModel=paletteCoordinate inputSignature=c953d42 entryCount=- error=- message=-
2026-09-09T14:00:19.2940390Z I/flutter ( 2279): [FluviDiagnostic] stage=HEADER_PORTAL_BACKGROUND_CHANNEL_BOUND scope=enabled=true effectId=wandering-mist settingsGeneration=0 phaseOwnerIdentity=393098159 controllerIdentity=763494936 fragmentBackendIdentity=820852851 programIdentity=820852851 shaderIdentity=820852851 canonicalFieldStopCount=2 canonicalFieldStopHash=43d59ffd portalColorModel=paletteCoordinate inputSignature=c953d42 entryCount=- error=- message=-
2026-09-09T14:00:19.2949496Z I/flutter ( 2279): [FluviDiagnostic] stage=HEADER_PORTAL_FRAGMENT_INPUT_BOUND scope=innerEnabled=true innerEffect=wandering-mist innerSettingsHash=143ac802 backgroundEnabled=true backgroundEffect=wandering-mist backgroundSettingsHash=143ac802 uniformLayoutVersion=3 fragmentConfigurationGeneration=1 fragmentBackendIdentity=820852851 programIdentity=820852851 shaderIdentity=820852851 canonicalFieldStopCount=2 canonicalFieldStopHash=43d59ffd portalColorModel=paletteCoordinate entryCount=- error=- message=-
2026-09-09T14:00:19.2970854Z I/flutter ( 2279): [FluviDiagnostic] stage=HEADER_SHADER_READY scope=asset=shaders/dashboard_header_field.frag programIdentity=974727089 shaderIdentity=946028569 flutterVersion=3.41.4 rendererBackend=runtimeEffect engineBackend=notExposedByDart entryCount=- error=- message=-
2026-09-09T14:00:19.2974098Z I/flutter ( 2279): [FluviDiagnostic] stage=SCENE_WINDOW_SLICE_OVER_BUDGET scope=boundary=completion elapsedMicros=17755 budgetMicros=1000 entryCount=0 error=- message=-
2026-09-09T14:00:19.3050469Z I/flutter ( 2279): [FluviDiagnostic] stage=SCENE_WINDOW_PREPARE_COMPLETED scope=owner=renderCriticalReadiness priority=5 entryCount=0 error=- message=uiIsolateMicros=17755 largestContiguousUiSliceMicros=17755 yields=0 richRowProjectionMicros=0 richFrameProjectionMicros=0 projectedUniqueRows=0 projectedFrames=0 reusedProjectedRows=0 reusedProjectedFrames=0 uniqueRowLayouts=0 reusedRowLayouts=0 newRowLayouts=0 sceneNew=0 sceneReuse=0 pauseCount=0 resumeCount=0 semanticsWork=0 rasterWork=0 allocationCount=0
2026-09-09T14:00:19.3078470Z I/flutter ( 2279): [FluviDiagnostic] stage=SCENE_WINDOW_PREPARE_STARTED scope=owner=liveInteractionResource priority=4 entryCount=0 error=- message=-
2026-09-09T14:00:19.3097805Z I/flutter ( 2279): [FluviDiagnostic] stage=READINESS_TASK_COMPLETED scope=- entryCount=- error=- message=textLayoutSlots
2026-09-09T14:00:19.3109092Z I/flutter ( 2279): [FluviDiagnostic] stage=SUMMARY_PARENT_HOTSET_PREPARE_STARTED scope=- entryCount=0 error=- message=-
2026-09-09T14:00:19.3136681Z I/flutter ( 2279): [FluviDiagnostic] stage=SCENE_WINDOW_PREPARE_COMPLETED scope=owner=liveInteractionResource priority=4 entryCount=0 error=- message=uiIsolateMicros=53 largestContiguousUiSliceMicros=52 yields=1 richRowProjectionMicros=0 richFrameProjectionMicros=0 projectedUniqueRows=0 projectedFrames=0 reusedProjectedRows=0 reusedProjectedFrames=0 uniqueRowLayouts=0 reusedRowLayouts=0 newRowLayouts=0 sceneNew=0 sceneReuse=0 pauseCount=0 resumeCount=0 semanticsWork=0 rasterWork=0 allocationCount=0
2026-09-09T14:00:19.3154296Z I/flutter ( 2279): [FluviDiagnostic] stage=READINESS_PHASE_ENTERED scope=- entryCount=- error=- message=ready
2026-09-09T14:00:19.3187669Z I/flutter ( 2279): [FluviDiagnostic] stage=DASHBOARD_STARTUP_READY scope=attemptGeneration=1 stage=ready readinessTask=- entryCount=- error=- message=-
2026-09-09T14:00:19.3217426Z I/flutter ( 2279): [FluviDiagnostic] stage=READINESS_READY scope=- entryCount=- error=- message=-
2026-09-09T14:00:19.3243325Z I/flutter ( 2279): [FluviDiagnostic] stage=SUMMARY_PARENT_HOTSET_PREPARE_READY scope=- entryCount=0 error=- message=-
2026-09-09T14:00:19.3267284Z I/flutter ( 2279): [FluviDiagnostic] stage=SUMMARY_PARENT_HOTSET_PREPARE_STARTED scope=- entryCount=624 error=- message=-
2026-09-09T14:00:19.3277527Z I/flutter ( 2279): [FluviDiagnostic] stage=SCENE_WINDOW_PREPARE_STARTED scope=owner=speculativeMaintenance priority=1 entryCount=624 error=- message=-
2026-09-09T14:00:19.3308011Z I/flutter ( 2279): [FluviDiagnostic] stage=SCENE_WINDOW_ATOMIC_WORK_UNIT_OVER_BUDGET scope=workUnit=richProjection elapsedMicros=1732 budgetMicros=1000 entryCount=624 error=- message=-
2026-09-09T14:00:19.3335404Z I/flutter ( 2279): [FluviDiagnostic] stage=SCENE_WINDOW_SLICE_OVER_BUDGET scope=boundary=richProjection elapsedMicros=2403 budgetMicros=1000 entryCount=624 error=- message=-
2026-09-09T14:00:19.3361566Z I/flutter ( 2279): [FluviDiagnostic] stage=SCENE_WINDOW_SLICE_OVER_BUDGET scope=boundary=rowDiscovery elapsedMicros=2522 budgetMicros=1000 entryCount=624 error=- message=-
2026-09-09T14:00:19.3382018Z I/flutter ( 2279): [FluviDiagnostic] stage=SCENE_WINDOW_ATOMIC_WORK_UNIT_OVER_BUDGET scope=workUnit=rowText:time elapsedMicros=2952 budgetMicros=1000 entryCount=624 error=- message=-
2026-09-09T14:00:19.3397761Z I/flutter ( 2279): [FluviDiagnostic] stage=SCENE_WINDOW_SLICE_OVER_BUDGET scope=boundary=rowTextParagraph elapsedMicros=3124 budgetMicros=1000 entryCount=624 error=- message=-
2026-09-09T14:00:19.3432769Z I/flutter ( 2279): [FluviDiagnostic] stage=SCENE_WINDOW_ATOMIC_WORK_UNIT_OVER_BUDGET scope=workUnit=rowText:amount elapsedMicros=1526 budgetMicros=1000 entryCount=624 error=- message=-
2026-09-09T14:00:19.3808468Z I/flutter ( 2279): [FluviDiagnostic] stage=SCENE_WINDOW_ATOMIC_WORK_UNIT_OVER_BUDGET scope=workUnit=rowText:title elapsedMicros=1789 budgetMicros=1000 entryCount=624 error=- message=-
2026-09-09T14:00:19.4418350Z I/flutter ( 2279): [FluviDiagnostic] stage=SCENE_WINDOW_ATOMIC_WORK_UNIT_OVER_BUDGET scope=workUnit=rowText:secondary elapsedMicros=4480 budgetMicros=1000 entryCount=624 error=- message=-
2026-09-09T14:00:19.4428045Z I/flutter ( 2279): [FluviDiagnostic] stage=SCENE_WINDOW_SLICE_OVER_BUDGET scope=boundary=rowText elapsedMicros=4656 budgetMicros=1000 entryCount=624 error=- message=-
2026-09-09T14:00:19.5475806Z I/flutter ( 2279): [FluviDiagnostic] stage=SCENE_WINDOW_SLICE_OVER_BUDGET scope=boundary=dayHeader elapsedMicros=1011 budgetMicros=1000 entryCount=624 error=- message=-
2026-09-09T14:00:19.5553658Z I/flutter ( 2279): [FluviDiagnostic] stage=SCENE_WINDOW_ATOMIC_WORK_UNIT_OVER_BUDGET scope=workUnit=dayHeaderText elapsedMicros=3135 budgetMicros=1000 entryCount=624 error=- message=-
2026-09-09T14:00:19.5574876Z I/flutter ( 2279): [FluviDiagnostic] stage=SCENE_WINDOW_PREPARE_COMPLETED scope=owner=speculativeMaintenance priority=1 entryCount=624 error=- message=uiIsolateMicros=238829 largestContiguousUiSliceMicros=23898 yields=439 richRowProjectionMicros=794 richFrameProjectionMicros=4569 projectedUniqueRows=576 projectedFrames=26 reusedProjectedRows=48 reusedProjectedFrames=0 uniqueRowLayouts=576 reusedRowLayouts=0 newRowLayouts=576 sceneNew=26 sceneReuse=0 pauseCount=0 resumeCount=0 semanticsWork=0 rasterWork=0 allocationCount=673
2026-09-09T14:00:19.5593526Z I/flutter ( 2279): [FluviDiagnostic] stage=SUMMARY_PARENT_HOTSET_PREPARE_READY scope=- entryCount=624 error=- message=-
2026-09-09T14:00:19.5728608Z I/flutter ( 2279): [FluviDiagnostic] stage=SCENE_WINDOW_PREPARE_STARTED scope=owner=foregroundNavigation priority=3 entryCount=48 error=- message=-
2026-09-09T14:00:19.5767768Z I/flutter ( 2279): [FluviDiagnostic] stage=SCENE_WINDOW_ATOMIC_WORK_UNIT_OVER_BUDGET scope=workUnit=rowText:time elapsedMicros=3369 budgetMicros=1000 entryCount=48 error=- message=-
2026-09-09T14:00:19.5793335Z I/flutter ( 2279): [FluviDiagnostic] stage=SCENE_WINDOW_SLICE_OVER_BUDGET scope=boundary=rowTextParagraph elapsedMicros=3581 budgetMicros=1000 entryCount=48 error=- message=-
2026-09-09T14:00:19.5827681Z I/flutter ( 2279): [FluviDiagnostic] stage=SCENE_WINDOW_ATOMIC_WORK_UNIT_OVER_BUDGET scope=workUnit=rowText:amount elapsedMicros=2388 budgetMicros=1000 entryCount=48 error=- message=-
2026-09-09T14:00:19.5882107Z I/flutter ( 2279): [FluviDiagnostic] stage=SCENE_WINDOW_ATOMIC_WORK_UNIT_OVER_BUDGET scope=workUnit=rowText:title elapsedMicros=4243 budgetMicros=1000 entryCount=48 error=- message=-
2026-09-09T14:00:19.5948379Z I/flutter ( 2279): [FluviDiagnostic] stage=SCENE_WINDOW_ATOMIC_WORK_UNIT_OVER_BUDGET scope=workUnit=rowText:secondary elapsedMicros=5143 budgetMicros=1000 entryCount=48 error=- message=-
2026-09-09T14:00:19.5974587Z I/flutter ( 2279): [FluviDiagnostic] stage=SCENE_WINDOW_SLICE_OVER_BUDGET scope=boundary=rowText elapsedMicros=5205 budgetMicros=1000 entryCount=48 error=- message=-
2026-09-09T14:00:19.6001162Z I/flutter ( 2279): [FluviDiagnostic] stage=SCENE_WINDOW_SLICE_OVER_BUDGET scope=boundary=dayHeader elapsedMicros=1129 budgetMicros=1000 entryCount=48 error=- message=-
2026-09-09T14:00:19.6047375Z I/flutter ( 2279): [FluviDiagnostic] stage=SCENE_WINDOW_ATOMIC_WORK_UNIT_OVER_BUDGET scope=workUnit=dayHeaderText elapsedMicros=1194 budgetMicros=1000 entryCount=48 error=- message=-
2026-09-09T14:00:19.6054487Z I/flutter ( 2279): [FluviDiagnostic] stage=SCENE_WINDOW_PREPARE_COMPLETED scope=owner=foregroundNavigation priority=3 entryCount=48 error=- message=uiIsolateMicros=34805 largestContiguousUiSliceMicros=5306 yields=35 richRowProjectionMicros=59 richFrameProjectionMicros=318 projectedUniqueRows=48 projectedFrames=2 reusedProjectedRows=0 reusedProjectedFrames=0 uniqueRowLayouts=48 reusedRowLayouts=0 newRowLayouts=48 sceneNew=2 sceneReuse=0 pauseCount=0 resumeCount=0 semanticsWork=0 rasterWork=0 allocationCount=83
2026-09-09T14:00:19.6150134Z I/flutter ( 2279): [FluviDiagnostic] stage=HEADER_RENDER_FIDELITY_CONFIG scope=outputResolutionMode=nativeSurface fieldEvaluationMode=perFragment logicalWidth=375.4757281553398 logicalHeight=123.8252427184466 physicalWidth=986.0 physicalHeight=326.0 sourceRenderScale=0.6 effectId=dualTide backend=fragmentShader physicalTarget=986.0x326.0 parentTransformScale=notObservableInCanvas touchOverlayBackend=fragmentShaderAnalytic shaderFailureFallback=nativeStaticGradient shaderReady=true shaderFailure=false entryCount=- error=- message=-
2026-09-09T14:00:19.6160383Z I/flutter ( 2279): [FluviDiagnostic] stage=HEADER_TOUCH_RENDER_PATH_BOUND scope=fieldBackend=fragmentShader overlayBackend=fragmentShaderAnalytic trailBackend=fragmentShaderAnalytic logicalSize=375.4757281553398x123.8252427184466 physicalSize=986.0x326.0 usesSaveLayer=false usesOffscreenIntermediate=false entryCount=- error=- message=-
2026-09-09T14:00:19.6181708Z I/flutter ( 2279): [FluviDiagnostic] stage=HEADER_PORTAL_INNER_CHANNEL_BOUND scope=enabled=true effectId=wandering-mist settingsGeneration=0 phaseOwnerIdentity=393098159 controllerIdentity=763494936 fragmentBackendIdentity=820852851 programIdentity=974727089 shaderIdentity=946028569 canonicalFieldStopCount=2 canonicalFieldStopHash=43d59ffd portalColorModel=paletteCoordinate inputSignature=1ef5a6b8 entryCount=- error=- message=-
2026-09-09T14:00:19.6188488Z I/flutter ( 2279): [FluviDiagnostic] stage=HEADER_PORTAL_BACKGROUND_CHANNEL_BOUND scope=enabled=true effectId=wandering-mist settingsGeneration=0 phaseOwnerIdentity=393098159 controllerIdentity=763494936 fragmentBackendIdentity=820852851 programIdentity=974727089 shaderIdentity=946028569 canonicalFieldStopCount=2 canonicalFieldStopHash=43d59ffd portalColorModel=paletteCoordinate inputSignature=1ef5a6b8 entryCount=- error=- message=-
2026-09-09T14:00:19.6195078Z I/flutter ( 2279): [FluviDiagnostic] stage=HEADER_PORTAL_FRAGMENT_INPUT_BOUND scope=innerEnabled=true innerEffect=wandering-mist innerSettingsHash=143ac802 backgroundEnabled=true backgroundEffect=wandering-mist backgroundSettingsHash=143ac802 uniformLayoutVersion=3 fragmentConfigurationGeneration=2 fragmentBackendIdentity=820852851 programIdentity=974727089 shaderIdentity=946028569 canonicalFieldStopCount=2 canonicalFieldStopHash=43d59ffd portalColorModel=paletteCoordinate entryCount=- error=- message=-
2026-09-09T14:00:20.6507584Z I/flutter ( 2279): [PROFILE][SCENARIO_PREPARED] C_year_month_rail_empty plane=year
2026-09-09T14:00:20.6536849Z I/flutter ( 2279): [PROFILE][SCENARIO_STABLE] C_year_month_rail_empty
2026-09-09T14:00:21.8836802Z D/EGL_emulation( 2279): app_time_stats: avg=654.27ms min=172.64ms max=1978.88ms count=4
2026-09-09T14:00:24.0543424Z D/EGL_emulation( 2279): app_time_stats: avg=2163.82ms min=2163.82ms max=2163.82ms count=1
2026-09-09T14:00:24.0687351Z I/flutter ( 2279): [FluviDiagnostic] stage=BUDGET_HEADER_VALUE_BOUND scope=generation=0 plane=month targetHandle=0 modelBindVsyncMicros=531291849 displayNumeratorScaled100=0 displayDenominatorScaled100=66442707 hasLimit=true canonicalLimitScaled100=66442707 entryCount=- error=- message=-
2026-09-09T14:00:26.0969190Z D/EGL_emulation( 2279): app_time_stats: avg=2047.36ms min=2047.36ms max=2047.36ms count=1
2026-09-09T14:00:28.1098914Z D/EGL_emulation( 2279): app_time_stats: avg=2015.92ms min=2015.92ms max=2015.92ms count=1
2026-09-09T14:00:28.1195288Z I/flutter ( 2279): [FluviDiagnostic] stage=BUDGET_HEADER_VALUE_BOUND scope=generation=0 plane=month targetHandle=0 modelBindVsyncMicros=535358516 displayNumeratorScaled100=0 displayDenominatorScaled100=66442707 hasLimit=true canonicalLimitScaled100=66442707 entryCount=- error=- message=-
2026-09-09T14:00:30.0351476Z D/EGL_emulation( 2279): app_time_stats: avg=1922.77ms min=1922.77ms max=1922.77ms count=1
2026-09-09T14:00:30.0561048Z I/flutter ( 2279): [FluviDiagnostic] stage=BUDGET_HEADER_VALUE_BOUND scope=generation=0 plane=month targetHandle=0 modelBindVsyncMicros=537291849 displayNumeratorScaled100=0 displayDenominatorScaled100=66442707 hasLimit=true canonicalLimitScaled100=66442707 entryCount=- error=- message=-
2026-09-09T14:00:32.0840048Z D/EGL_emulation( 2279): app_time_stats: avg=2051.23ms min=2051.23ms max=2051.23ms count=1
2026-09-09T14:00:34.0971210Z D/EGL_emulation( 2279): app_time_stats: avg=2013.83ms min=2013.83ms max=2013.83ms count=1
2026-09-09T14:00:34.1205536Z I/flutter ( 2279): [FluviDiagnostic] stage=BUDGET_HEADER_VALUE_BOUND scope=generation=0 plane=month targetHandle=0 modelBindVsyncMicros=541358515 displayNumeratorScaled100=0 displayDenominatorScaled100=66442707 hasLimit=true canonicalLimitScaled100=66442707 entryCount=- error=- message=-
2026-09-09T14:00:36.2574060Z D/EGL_emulation( 2279): app_time_stats: avg=2159.10ms min=2159.10ms max=2159.10ms count=1
2026-09-09T14:00:38.4279018Z D/EGL_emulation( 2279): app_time_stats: avg=2170.60ms min=2170.60ms max=2170.60ms count=1
2026-09-09T14:00:38.4351985Z I/flutter ( 2279): [FluviDiagnostic] stage=BUDGET_HEADER_VALUE_BOUND scope=generation=0 plane=month targetHandle=0 modelBindVsyncMicros=545675182 displayNumeratorScaled100=0 displayDenominatorScaled100=66442707 hasLimit=true canonicalLimitScaled100=66442707 entryCount=- error=- message=-
2026-09-09T14:00:40.3687833Z D/EGL_emulation( 2279): app_time_stats: avg=1932.63ms min=1932.63ms max=1932.63ms count=1
2026-09-09T14:00:42.5166274Z D/EGL_emulation( 2279): app_time_stats: avg=2155.80ms min=2155.80ms max=2155.80ms count=1
2026-09-09T14:00:44.6433350Z D/EGL_emulation( 2279): app_time_stats: avg=2125.95ms min=2125.95ms max=2125.95ms count=1
2026-09-09T14:00:46.5677716Z D/EGL_emulation( 2279): app_time_stats: avg=1923.90ms min=1923.90ms max=1923.90ms count=1
2026-09-09T14:00:46.5863440Z I/flutter ( 2279): [FluviDiagnostic] stage=BUDGET_HEADER_VALUE_BOUND scope=generation=0 plane=month targetHandle=0 modelBindVsyncMicros=553825181 displayNumeratorScaled100=0 displayDenominatorScaled100=66442707 hasLimit=true canonicalLimitScaled100=66442707 entryCount=- error=- message=-
2026-09-09T14:00:48.7329786Z D/EGL_emulation( 2279): app_time_stats: avg=2165.86ms min=2165.86ms max=2165.86ms count=1
2026-09-09T14:00:48.7572739Z I/flutter ( 2279): [FluviDiagnostic] stage=BUDGET_HEADER_VALUE_BOUND scope=generation=0 plane=month targetHandle=0 modelBindVsyncMicros=555991848 displayNumeratorScaled100=0 displayDenominatorScaled100=66442707 hasLimit=true canonicalLimitScaled100=66442707 entryCount=- error=- message=-
2026-09-09T14:00:50.7980842Z D/EGL_emulation( 2279): app_time_stats: avg=2065.83ms min=2065.83ms max=2065.83ms count=1
2026-09-09T14:00:52.9258872Z D/EGL_emulation( 2279): app_time_stats: avg=2127.02ms min=2127.02ms max=2127.02ms count=1
2026-09-09T14:00:52.9349277Z I/flutter ( 2279): [FluviDiagnostic] stage=BUDGET_HEADER_VALUE_BOUND scope=generation=0 plane=month targetHandle=0 modelBindVsyncMicros=560175181 displayNumeratorScaled100=0 displayDenominatorScaled100=66442707 hasLimit=true canonicalLimitScaled100=66442707 entryCount=- error=- message=-
2026-09-09T14:00:55.0151870Z D/EGL_emulation( 2279): app_time_stats: avg=2089.28ms min=2089.28ms max=2089.28ms count=1
2026-09-09T14:00:55.0418175Z I/flutter ( 2279): [FluviDiagnostic] stage=BUDGET_HEADER_VALUE_BOUND scope=generation=0 plane=month targetHandle=0 modelBindVsyncMicros=562275181 displayNumeratorScaled100=0 displayDenominatorScaled100=66442707 hasLimit=true canonicalLimitScaled100=66442707 entryCount=- error=- message=-
2026-09-09T14:00:57.1805563Z D/EGL_emulation( 2279): app_time_stats: avg=2163.31ms min=2163.31ms max=2163.31ms count=1
2026-09-09T14:00:59.1616765Z D/EGL_emulation( 2279): app_time_stats: avg=1979.91ms min=1979.91ms max=1979.91ms count=1
2026-09-09T14:00:59.1684352Z I/flutter ( 2279): [FluviDiagnostic] stage=BUDGET_HEADER_VALUE_BOUND scope=generation=0 plane=month targetHandle=0 modelBindVsyncMicros=566408514 displayNumeratorScaled100=0 displayDenominatorScaled100=66442707 hasLimit=true canonicalLimitScaled100=66442707 entryCount=- error=- message=-
2026-09-09T14:01:01.5885784Z D/EGL_emulation( 2279): app_time_stats: avg=2390.10ms min=2390.10ms max=2390.10ms count=1
2026-09-09T14:01:04.1185258Z D/EGL_emulation( 2279): app_time_stats: avg=2569.33ms min=2569.33ms max=2569.33ms count=1
2026-09-09T14:01:04.1423720Z I/flutter ( 2279): [FluviDiagnostic] stage=BUDGET_HEADER_VALUE_BOUND scope=generation=0 plane=month targetHandle=0 modelBindVsyncMicros=571375181 displayNumeratorScaled100=0 displayDenominatorScaled100=66442707 hasLimit=true canonicalLimitScaled100=66442707 entryCount=- error=- message=-
2026-09-09T14:01:06.1170962Z D/EGL_emulation( 2279): app_time_stats: avg=1998.82ms min=1998.82ms max=1998.82ms count=1
2026-09-09T14:01:08.2573673Z D/EGL_emulation( 2279): app_time_stats: avg=2135.67ms min=2135.67ms max=2135.67ms count=1
2026-09-09T14:01:10.2093064Z D/EGL_emulation( 2279): app_time_stats: avg=1950.33ms min=1950.33ms max=1950.33ms count=1
2026-09-09T14:01:12.2935522Z D/EGL_emulation( 2279): app_time_stats: avg=2088.95ms min=2088.95ms max=2088.95ms count=1
2026-09-09T14:01:12.3048424Z I/flutter ( 2279): [FluviDiagnostic] stage=BUDGET_HEADER_VALUE_BOUND scope=generation=0 plane=month targetHandle=0 modelBindVsyncMicros=579541847 displayNumeratorScaled100=0 displayDenominatorScaled100=66442707 hasLimit=true canonicalLimitScaled100=66442707 entryCount=- error=- message=-
2026-09-09T14:01:14.4598015Z D/EGL_emulation( 2279): app_time_stats: avg=2165.45ms min=2165.45ms max=2165.45ms count=1
2026-09-09T14:01:14.4674689Z I/flutter ( 2279): [FluviDiagnostic] stage=BUDGET_HEADER_VALUE_BOUND scope=generation=0 plane=month targetHandle=0 modelBindVsyncMicros=581708514 displayNumeratorScaled100=0 displayDenominatorScaled100=66442707 hasLimit=true canonicalLimitScaled100=66442707 entryCount=- error=- message=-
2026-09-09T14:01:16.5819212Z D/EGL_emulation( 2279): app_time_stats: avg=2118.49ms min=2118.49ms max=2118.49ms count=1
2026-09-09T14:01:18.6267670Z D/EGL_emulation( 2279): app_time_stats: avg=2047.68ms min=2047.68ms max=2047.68ms count=1
2026-09-09T14:01:18.6408337Z I/flutter ( 2279): [FluviDiagnostic] stage=BUDGET_HEADER_VALUE_BOUND scope=generation=0 plane=month targetHandle=0 modelBindVsyncMicros=585875180 displayNumeratorScaled100=0 displayDenominatorScaled100=66442707 hasLimit=true canonicalLimitScaled100=66442707 entryCount=- error=- message=-
2026-09-09T14:01:20.6451797Z D/EGL_emulation( 2279): app_time_stats: avg=2020.68ms min=2020.68ms max=2020.68ms count=1
2026-09-09T14:01:20.6589828Z I/flutter ( 2279): [FluviDiagnostic] stage=BUDGET_HEADER_VALUE_BOUND scope=generation=0 plane=month targetHandle=0 modelBindVsyncMicros=587891847 displayNumeratorScaled100=0 displayDenominatorScaled100=66442707 hasLimit=true canonicalLimitScaled100=66442707 entryCount=- error=- message=-
2026-09-09T14:01:22.7727461Z D/EGL_emulation( 2279): app_time_stats: avg=2125.11ms min=2125.11ms max=2125.11ms count=1
2026-09-09T14:01:24.9308563Z D/EGL_emulation( 2279): app_time_stats: avg=2160.06ms min=2160.06ms max=2160.06ms count=1
2026-09-09T14:01:24.9383102Z I/flutter ( 2279): [FluviDiagnostic] stage=BUDGET_HEADER_VALUE_BOUND scope=generation=0 plane=month targetHandle=0 modelBindVsyncMicros=592175180 displayNumeratorScaled100=0 displayDenominatorScaled100=66442707 hasLimit=true canonicalLimitScaled100=66442707 entryCount=- error=- message=-
2026-09-09T14:01:27.0317409Z D/EGL_emulation( 2279): app_time_stats: avg=2097.27ms min=2097.27ms max=2097.27ms count=1
2026-09-09T14:01:29.0913449Z D/EGL_emulation( 2279): app_time_stats: avg=2063.51ms min=2063.51ms max=2063.51ms count=1
2026-09-09T14:01:29.1074062Z I/flutter ( 2279): [FluviDiagnostic] stage=BUDGET_HEADER_VALUE_BOUND scope=generation=0 plane=month targetHandle=0 modelBindVsyncMicros=596341846 displayNumeratorScaled100=0 displayDenominatorScaled100=66442707 hasLimit=true canonicalLimitScaled100=66442707 entryCount=- error=- message=-
2026-09-09T14:01:31.0794306Z D/EGL_emulation( 2279): app_time_stats: avg=1984.99ms min=1984.99ms max=1984.99ms count=1
2026-09-09T14:01:33.2100790Z D/EGL_emulation( 2279): app_time_stats: avg=2132.32ms min=2132.32ms max=2132.32ms count=1
2026-09-09T14:01:35.3077761Z D/EGL_emulation( 2279): app_time_stats: avg=2096.25ms min=2096.25ms max=2096.25ms count=1
2026-09-09T14:01:37.2545819Z D/EGL_emulation( 2279): app_time_stats: avg=1948.35ms min=1948.35ms max=1948.35ms count=1
2026-09-09T14:01:37.2739676Z I/flutter ( 2279): [FluviDiagnostic] stage=BUDGET_HEADER_VALUE_BOUND scope=generation=0 plane=month targetHandle=0 modelBindVsyncMicros=604508513 displayNumeratorScaled100=0 displayDenominatorScaled100=66442707 hasLimit=true canonicalLimitScaled100=66442707 entryCount=- error=- message=-
2026-09-09T14:01:39.2948426Z D/EGL_emulation( 2279): app_time_stats: avg=2036.83ms min=2036.83ms max=2036.83ms count=1
2026-09-09T14:01:39.3089280Z I/flutter ( 2279): [FluviDiagnostic] stage=BUDGET_HEADER_VALUE_BOUND scope=generation=0 plane=month targetHandle=0 modelBindVsyncMicros=606541846 displayNumeratorScaled100=0 displayDenominatorScaled100=66442707 hasLimit=true canonicalLimitScaled100=66442707 entryCount=- error=- message=-
2026-09-09T14:01:41.3667923Z D/EGL_emulation( 2279): app_time_stats: avg=2073.36ms min=2073.36ms max=2073.36ms count=1
2026-09-09T14:01:43.4193278Z D/EGL_emulation( 2279): app_time_stats: avg=2052.04ms min=2052.04ms max=2052.04ms count=1
2026-09-09T14:01:43.4412578Z I/flutter ( 2279): [FluviDiagnostic] stage=BUDGET_HEADER_VALUE_BOUND scope=generation=0 plane=month targetHandle=0 modelBindVsyncMicros=610675179 displayNumeratorScaled100=0 displayDenominatorScaled100=66442707 hasLimit=true canonicalLimitScaled100=66442707 entryCount=- error=- message=-
2026-09-09T14:01:45.5740910Z D/EGL_emulation( 2279): app_time_stats: avg=2156.87ms min=2156.87ms max=2156.87ms count=1
2026-09-09T14:01:45.5849568Z I/flutter ( 2279): [FluviDiagnostic] stage=BUDGET_HEADER_VALUE_BOUND scope=generation=0 plane=month targetHandle=0 modelBindVsyncMicros=612825179 displayNumeratorScaled100=0 displayDenominatorScaled100=66442707 hasLimit=true canonicalLimitScaled100=66442707 entryCount=- error=- message=-
2026-09-09T14:01:47.6870462Z D/EGL_emulation( 2279): app_time_stats: avg=2114.24ms min=2114.24ms max=2114.24ms count=1
2026-09-09T14:01:50.0888004Z D/EGL_emulation( 2279): app_time_stats: avg=2277.41ms min=2277.41ms max=2277.41ms count=1
2026-09-09T14:01:50.0943457Z I/flutter ( 2279): [FluviDiagnostic] stage=BUDGET_HEADER_VALUE_BOUND scope=generation=0 plane=month targetHandle=0 modelBindVsyncMicros=617208512 displayNumeratorScaled100=0 displayDenominatorScaled100=66442707 hasLimit=true canonicalLimitScaled100=66442707 entryCount=- error=- message=-
2026-09-09T14:01:52.7073854Z D/EGL_emulation( 2279): app_time_stats: avg=2742.94ms min=2742.94ms max=2742.94ms count=1
2026-09-09T14:01:54.6751972Z D/EGL_emulation( 2279): app_time_stats: avg=112.85ms min=112.85ms max=112.85ms count=1
2026-09-09T14:01:56.5845346Z I/flutter ( 2279): [FluviDiagnostic] stage=BUDGET_HEADER_VALUE_BOUND scope=generation=0 plane=month targetHandle=0 modelBindVsyncMicros=623825179 displayNumeratorScaled100=0 displayDenominatorScaled100=66442707 hasLimit=true canonicalLimitScaled100=66442707 entryCount=- error=- message=-
2026-09-09T14:01:56.6957539Z D/EGL_emulation( 2279): app_time_stats: avg=128.67ms min=128.67ms max=128.67ms count=1
2026-09-09T14:01:58.9138812Z D/EGL_emulation( 2279): app_time_stats: avg=136.37ms min=136.37ms max=136.37ms count=1
2026-09-09T14:02:01.1663619Z D/EGL_emulation( 2279): app_time_stats: avg=2255.11ms min=2255.11ms max=2255.11ms count=1
2026-09-09T14:02:03.1367509Z D/EGL_emulation( 2279): app_time_stats: avg=1970.38ms min=1970.38ms max=1970.38ms count=1
2026-09-09T14:02:03.1570707Z I/flutter ( 2279): [FluviDiagnostic] stage=BUDGET_HEADER_VALUE_BOUND scope=generation=0 plane=month targetHandle=0 modelBindVsyncMicros=630391845 displayNumeratorScaled100=0 displayDenominatorScaled100=66442707 hasLimit=true canonicalLimitScaled100=66442707 entryCount=- error=- message=-
2026-09-09T14:02:05.1878171Z D/EGL_emulation( 2279): app_time_stats: avg=2042.15ms min=2042.15ms max=2042.15ms count=1
2026-09-09T14:02:05.1881668Z I/flutter ( 2279): [FluviDiagnostic] stage=BUDGET_HEADER_VALUE_BOUND scope=generation=0 plane=month targetHandle=0 modelBindVsyncMicros=632425178 displayNumeratorScaled100=0 displayDenominatorScaled100=66442707 hasLimit=true canonicalLimitScaled100=66442707 entryCount=- error=- message=-
2026-09-09T14:02:07.1806379Z D/EGL_emulation( 2279): app_time_stats: avg=1999.13ms min=1999.13ms max=1999.13ms count=1
2026-09-09T14:02:09.1828266Z D/EGL_emulation( 2279): app_time_stats: avg=2006.92ms min=2006.92ms max=2006.92ms count=1
2026-09-09T14:02:09.2141249Z I/flutter ( 2279): [FluviDiagnostic] stage=BUDGET_HEADER_VALUE_BOUND scope=generation=0 plane=month targetHandle=0 modelBindVsyncMicros=636441845 displayNumeratorScaled100=0 displayDenominatorScaled100=66442707 hasLimit=true canonicalLimitScaled100=66442707 entryCount=- error=- message=-
2026-09-09T14:02:11.2659640Z D/EGL_emulation( 2279): app_time_stats: avg=2078.74ms min=2078.74ms max=2078.74ms count=1
2026-09-09T14:02:11.2697910Z I/flutter ( 2279): [FluviDiagnostic] stage=BUDGET_HEADER_VALUE_BOUND scope=generation=0 plane=month targetHandle=0 modelBindVsyncMicros=638508511 displayNumeratorScaled100=0 displayDenominatorScaled100=66442707 hasLimit=true canonicalLimitScaled100=66442707 entryCount=- error=- message=-
2026-09-09T14:02:13.4237972Z D/EGL_emulation( 2279): app_time_stats: avg=2158.84ms min=2158.84ms max=2158.84ms count=1
2026-09-09T14:02:15.5581688Z D/EGL_emulation( 2279): app_time_stats: avg=2136.85ms min=2136.85ms max=2136.85ms count=1
2026-09-09T14:02:15.5691580Z I/flutter ( 2279): [FluviDiagnostic] stage=BUDGET_HEADER_VALUE_BOUND scope=generation=0 plane=month targetHandle=0 modelBindVsyncMicros=642808511 displayNumeratorScaled100=0 displayDenominatorScaled100=66442707 hasLimit=true canonicalLimitScaled100=66442707 entryCount=- error=- message=-
2026-09-09T14:02:17.6558569Z D/EGL_emulation( 2279): app_time_stats: avg=2094.24ms min=2094.24ms max=2094.24ms count=1
2026-09-09T14:02:19.6221561Z D/EGL_emulation( 2279): app_time_stats: avg=1968.62ms min=1968.62ms max=1968.62ms count=1
2026-09-09T14:02:19.6375203Z I/flutter ( 2279): [FluviDiagnostic] stage=BUDGET_HEADER_VALUE_BOUND scope=generation=0 plane=month targetHandle=0 modelBindVsyncMicros=646875178 displayNumeratorScaled100=0 displayDenominatorScaled100=66442707 hasLimit=true canonicalLimitScaled100=66442707 entryCount=- error=- message=-
2026-09-09T14:02:21.7378559Z D/EGL_emulation( 2279): app_time_stats: avg=2114.03ms min=2114.03ms max=2114.03ms count=1
2026-09-09T14:02:23.7932635Z D/EGL_emulation( 2279): app_time_stats: avg=2052.80ms min=2052.80ms max=2052.80ms count=1
2026-09-09T14:02:25.9158622Z D/EGL_emulation( 2279): app_time_stats: avg=2126.19ms min=2126.19ms max=2126.19ms count=1
2026-09-09T14:02:27.8809988Z D/EGL_emulation( 2279): app_time_stats: avg=1965.06ms min=1965.06ms max=1965.06ms count=1
2026-09-09T14:02:27.8864056Z I/flutter ( 2279): [FluviDiagnostic] stage=BUDGET_HEADER_VALUE_BOUND scope=generation=0 plane=month targetHandle=0 modelBindVsyncMicros=655125177 displayNumeratorScaled100=0 displayDenominatorScaled100=66442707 hasLimit=true canonicalLimitScaled100=66442707 entryCount=- error=- message=-
2026-09-09T14:02:30.2029924Z D/EGL_emulation( 2279): app_time_stats: avg=2321.57ms min=2321.57ms max=2321.57ms count=1
2026-09-09T14:02:30.2307094Z I/flutter ( 2279): [FluviDiagnostic] stage=BUDGET_HEADER_VALUE_BOUND scope=generation=0 plane=month targetHandle=0 modelBindVsyncMicros=657458511 displayNumeratorScaled100=0 displayDenominatorScaled100=66442707 hasLimit=true canonicalLimitScaled100=66442707 entryCount=- error=- message=-
2026-09-09T14:02:32.3568112Z D/EGL_emulation( 2279): app_time_stats: avg=2153.15ms min=2153.15ms max=2153.15ms count=1
2026-09-09T14:02:34.4160070Z D/EGL_emulation( 2279): app_time_stats: avg=2059.24ms min=2059.24ms max=2059.24ms count=1
2026-09-09T14:02:34.4397560Z I/flutter ( 2279): [FluviDiagnostic] stage=BUDGET_HEADER_VALUE_BOUND scope=generation=0 plane=month targetHandle=0 modelBindVsyncMicros=661675177 displayNumeratorScaled100=0 displayDenominatorScaled100=66442707 hasLimit=true canonicalLimitScaled100=66442707 entryCount=- error=- message=-
2026-09-09T14:02:36.5509927Z D/EGL_emulation( 2279): app_time_stats: avg=2131.41ms min=2131.41ms max=2131.41ms count=1
2026-09-09T14:02:36.5549425Z I/flutter ( 2279): [FluviDiagnostic] stage=BUDGET_HEADER_VALUE_BOUND scope=generation=0 plane=month targetHandle=0 modelBindVsyncMicros=663791844 displayNumeratorScaled100=0 displayDenominatorScaled100=66442707 hasLimit=true canonicalLimitScaled100=66442707 entryCount=- error=- message=-
2026-09-09T14:02:38.6948293Z D/EGL_emulation( 2279): app_time_stats: avg=2147.83ms min=2147.83ms max=2147.83ms count=1
2026-09-09T14:02:40.8825291Z D/EGL_emulation( 2279): app_time_stats: avg=2188.16ms min=2188.16ms max=2188.16ms count=1
2026-09-09T14:02:40.9078045Z I/flutter ( 2279): [FluviDiagnostic] stage=BUDGET_HEADER_VALUE_BOUND scope=generation=0 plane=month targetHandle=0 modelBindVsyncMicros=668141844 displayNumeratorScaled100=0 displayDenominatorScaled100=66442707 hasLimit=true canonicalLimitScaled100=66442707 entryCount=- error=- message=-
2026-09-09T14:02:43.0376371Z D/EGL_emulation( 2279): app_time_stats: avg=2154.31ms min=2154.31ms max=2154.31ms count=1
2026-09-09T14:02:45.1781325Z D/EGL_emulation( 2279): app_time_stats: avg=2135.56ms min=2135.56ms max=2135.56ms count=1
2026-09-09T14:02:45.1888959Z I/flutter ( 2279): [FluviDiagnostic] stage=BUDGET_HEADER_VALUE_BOUND scope=generation=0 plane=month targetHandle=0 modelBindVsyncMicros=672425177 displayNumeratorScaled100=0 displayDenominatorScaled100=66442707 hasLimit=true canonicalLimitScaled100=66442707 entryCount=- error=- message=-
2026-09-09T14:02:47.2660193Z D/EGL_emulation( 2279): app_time_stats: avg=2092.50ms min=2092.50ms max=2092.50ms count=1
2026-09-09T14:02:49.4485104Z D/EGL_emulation( 2279): app_time_stats: avg=2183.37ms min=2183.37ms max=2183.37ms count=1
2026-09-09T14:02:51.6341252Z D/EGL_emulation( 2279): app_time_stats: avg=2185.17ms min=2185.17ms max=2185.17ms count=1
2026-09-09T14:02:53.8593515Z D/EGL_emulation( 2279): app_time_stats: avg=2225.15ms min=2225.15ms max=2225.15ms count=1
2026-09-09T14:02:53.8687476Z I/flutter ( 2279): [FluviDiagnostic] stage=BUDGET_HEADER_VALUE_BOUND scope=generation=0 plane=month targetHandle=0 modelBindVsyncMicros=681108510 displayNumeratorScaled100=0 displayDenominatorScaled100=66442707 hasLimit=true canonicalLimitScaled100=66442707 entryCount=- error=- message=-
2026-09-09T14:02:55.9220372Z D/EGL_emulation( 2279): app_time_stats: avg=2051.51ms min=2051.51ms max=2051.51ms count=1
2026-09-09T14:02:55.9327458Z I/flutter ( 2279): [FluviDiagnostic] stage=BUDGET_HEADER_VALUE_BOUND scope=generation=0 plane=month targetHandle=0 modelBindVsyncMicros=683158510 displayNumeratorScaled100=0 displayDenominatorScaled100=66442707 hasLimit=true canonicalLimitScaled100=66442707 entryCount=- error=- message=-
2026-09-09T14:02:57.9626833Z D/EGL_emulation( 2279): app_time_stats: avg=2049.57ms min=2049.57ms max=2049.57ms count=1
2026-09-09T14:02:59.9679770Z D/EGL_emulation( 2279): app_time_stats: avg=2005.60ms min=2005.60ms max=2005.60ms count=1
2026-09-09T14:02:59.9931169Z I/flutter ( 2279): [FluviDiagnostic] stage=BUDGET_HEADER_VALUE_BOUND scope=generation=0 plane=month targetHandle=0 modelBindVsyncMicros=687225176 displayNumeratorScaled100=0 displayDenominatorScaled100=66442707 hasLimit=true canonicalLimitScaled100=66442707 entryCount=- error=- message=-
2026-09-09T14:03:02.1937163Z D/EGL_emulation( 2279): app_time_stats: avg=2227.80ms min=2227.80ms max=2227.80ms count=1
2026-09-09T14:03:02.1987709Z I/flutter ( 2279): [FluviDiagnostic] stage=BUDGET_HEADER_VALUE_BOUND scope=generation=0 plane=month targetHandle=0 modelBindVsyncMicros=689441843 displayNumeratorScaled100=0 displayDenominatorScaled100=66442707 hasLimit=true canonicalLimitScaled100=66442707 entryCount=- error=- message=-
2026-09-09T14:03:04.6220479Z D/EGL_emulation( 2279): app_time_stats: avg=2427.87ms min=2427.87ms max=2427.87ms count=1
2026-09-09T14:03:06.7596369Z D/EGL_emulation( 2279): app_time_stats: avg=240.50ms min=240.50ms max=240.50ms count=1
2026-09-09T14:03:06.7678740Z I/flutter ( 2279): [FluviDiagnostic] stage=BUDGET_HEADER_VALUE_BOUND scope=generation=0 plane=month targetHandle=0 modelBindVsyncMicros=694008509 displayNumeratorScaled100=0 displayDenominatorScaled100=66442707 hasLimit=true canonicalLimitScaled100=66442707 entryCount=- error=- message=-
2026-09-09T14:03:08.7687780Z D/EGL_emulation( 2279): app_time_stats: avg=2004.02ms min=2004.02ms max=2004.02ms count=1
2026-09-09T14:03:11.1288922Z D/EGL_emulation( 2279): app_time_stats: avg=2366.12ms min=2366.12ms max=2366.12ms count=1
2026-09-09T14:03:11.1329785Z I/flutter ( 2279): [FluviDiagnostic] stage=BUDGET_HEADER_VALUE_BOUND scope=generation=0 plane=month targetHandle=0 modelBindVsyncMicros=698375176 displayNumeratorScaled100=0 displayDenominatorScaled100=66442707 hasLimit=true canonicalLimitScaled100=66442707 entryCount=- error=- message=-
2026-09-09T14:03:13.1471228Z D/EGL_emulation( 2279): app_time_stats: avg=2017.83ms min=2017.83ms max=2017.83ms count=1
2026-09-09T14:03:15.2294415Z D/EGL_emulation( 2279): app_time_stats: avg=2081.70ms min=2081.70ms max=2081.70ms count=1
2026-09-09T14:03:17.2536533Z D/EGL_emulation( 2279): app_time_stats: avg=2022.02ms min=2022.02ms max=2022.02ms count=1
2026-09-09T14:03:19.2258131Z D/EGL_emulation( 2279): app_time_stats: avg=1974.18ms min=1974.18ms max=1974.18ms count=1
2026-09-09T14:03:19.2384919Z I/flutter ( 2279): [FluviDiagnostic] stage=BUDGET_HEADER_VALUE_BOUND scope=generation=0 plane=month targetHandle=0 modelBindVsyncMicros=706475175 displayNumeratorScaled100=0 displayDenominatorScaled100=66442707 hasLimit=true canonicalLimitScaled100=66442707 entryCount=- error=- message=-
2026-09-09T14:03:21.3377360Z D/EGL_emulation( 2279): app_time_stats: avg=2112.88ms min=2112.88ms max=2112.88ms count=1
2026-09-09T14:03:21.3595544Z I/flutter ( 2279): [FluviDiagnostic] stage=BUDGET_HEADER_VALUE_BOUND scope=generation=0 plane=month targetHandle=0 modelBindVsyncMicros=708591842 displayNumeratorScaled100=0 displayDenominatorScaled100=66442707 hasLimit=true canonicalLimitScaled100=66442707 entryCount=- error=- message=-
2026-09-09T14:03:23.4697187Z D/EGL_emulation( 2279): app_time_stats: avg=2129.29ms min=2129.29ms max=2129.29ms count=1
2026-09-09T14:03:25.6533862Z D/EGL_emulation( 2279): app_time_stats: avg=2177.45ms min=2177.45ms max=2177.45ms count=1
2026-09-09T14:03:25.6599266Z I/flutter ( 2279): [FluviDiagnostic] stage=BUDGET_HEADER_VALUE_BOUND scope=generation=0 plane=month targetHandle=0 modelBindVsyncMicros=712891842 displayNumeratorScaled100=0 displayDenominatorScaled100=66442707 hasLimit=true canonicalLimitScaled100=66442707 entryCount=- error=- message=-
2026-09-09T14:03:27.6339381Z D/EGL_emulation( 2279): app_time_stats: avg=1985.96ms min=1985.96ms max=1985.96ms count=1
2026-09-09T14:03:27.6386769Z I/flutter ( 2279): [FluviDiagnostic] stage=BUDGET_HEADER_VALUE_BOUND scope=generation=0 plane=month targetHandle=0 modelBindVsyncMicros=714875175 displayNumeratorScaled100=0 displayDenominatorScaled100=66442707 hasLimit=true canonicalLimitScaled100=66442707 entryCount=- error=- message=-
2026-09-09T14:03:29.5593152Z D/EGL_emulation( 2279): app_time_stats: avg=1927.47ms min=1927.47ms max=1927.47ms count=1
2026-09-09T14:03:31.6211754Z D/EGL_emulation( 2279): app_time_stats: avg=2060.44ms min=2060.44ms max=2060.44ms count=1
2026-09-09T14:03:31.6389358Z I/flutter ( 2279): [FluviDiagnostic] stage=BUDGET_HEADER_VALUE_BOUND scope=generation=0 plane=month targetHandle=0 modelBindVsyncMicros=718875175 displayNumeratorScaled100=0 displayDenominatorScaled100=66442707 hasLimit=true canonicalLimitScaled100=66442707 entryCount=- error=- message=-
2026-09-09T14:03:33.5277270Z D/EGL_emulation( 2279): app_time_stats: avg=1905.03ms min=1905.03ms max=1905.03ms count=1
2026-09-09T14:03:35.5861769Z D/EGL_emulation( 2279): app_time_stats: avg=2060.18ms min=2060.18ms max=2060.18ms count=1
2026-09-09T14:03:35.6130995Z I/flutter ( 2279): [FluviDiagnostic] stage=BUDGET_HEADER_VALUE_BOUND scope=generation=0 plane=month targetHandle=0 modelBindVsyncMicros=722841841 displayNumeratorScaled100=0 displayDenominatorScaled100=66442707 hasLimit=true canonicalLimitScaled100=66442707 entryCount=- error=- message=-
2026-09-09T14:03:37.4867691Z D/EGL_emulation( 2279): app_time_stats: avg=1899.57ms min=1899.57ms max=1899.57ms count=1
2026-09-09T14:03:39.4845634Z D/EGL_emulation( 2279): app_time_stats: avg=1999.22ms min=1999.22ms max=1999.22ms count=1
2026-09-09T14:03:41.5505585Z D/EGL_emulation( 2279): app_time_stats: avg=2065.18ms min=2065.18ms max=2065.18ms count=1
2026-09-09T14:03:43.5164513Z D/EGL_emulation( 2279): app_time_stats: avg=1965.80ms min=1965.80ms max=1965.80ms count=1
2026-09-09T14:03:43.5380151Z I/flutter ( 2279): [FluviDiagnostic] stage=BUDGET_HEADER_VALUE_BOUND scope=generation=0 plane=month targetHandle=0 modelBindVsyncMicros=730775174 displayNumeratorScaled100=0 displayDenominatorScaled100=66442707 hasLimit=true canonicalLimitScaled100=66442707 entryCount=- error=- message=-
2026-09-09T14:03:45.6920239Z D/EGL_emulation( 2279): app_time_stats: avg=2176.23ms min=2176.23ms max=2176.23ms count=1
2026-09-09T14:03:45.7012168Z I/flutter ( 2279): [FluviDiagnostic] stage=BUDGET_HEADER_VALUE_BOUND scope=generation=0 plane=month targetHandle=0 modelBindVsyncMicros=732941841 displayNumeratorScaled100=0 displayDenominatorScaled100=66442707 hasLimit=true canonicalLimitScaled100=66442707 entryCount=- error=- message=-
2026-09-09T14:03:47.6953032Z D/EGL_emulation( 2279): app_time_stats: avg=2001.45ms min=2001.45ms max=2001.45ms count=1
2026-09-09T14:03:49.7156610Z D/EGL_emulation( 2279): app_time_stats: avg=2021.51ms min=2021.51ms max=2021.51ms count=1
2026-09-09T14:03:49.7198981Z I/flutter ( 2279): [FluviDiagnostic] stage=BUDGET_HEADER_VALUE_BOUND scope=generation=0 plane=month targetHandle=0 modelBindVsyncMicros=736958507 displayNumeratorScaled100=0 displayDenominatorScaled100=66442707 hasLimit=true canonicalLimitScaled100=66442707 entryCount=- error=- message=-
2026-09-09T14:03:51.7137484Z D/EGL_emulation( 2279): app_time_stats: avg=1998.08ms min=1998.08ms max=1998.08ms count=1
2026-09-09T14:03:51.7266799Z I/flutter ( 2279): [FluviDiagnostic] stage=BUDGET_HEADER_VALUE_BOUND scope=generation=0 plane=month targetHandle=0 modelBindVsyncMicros=738958507 displayNumeratorScaled100=0 displayDenominatorScaled100=66442707 hasLimit=true canonicalLimitScaled100=66442707 entryCount=- error=- message=-
2026-09-09T14:03:53.6589660Z D/EGL_emulation( 2279): app_time_stats: avg=1942.71ms min=1942.71ms max=1942.71ms count=1
2026-09-09T14:03:55.8253942Z D/EGL_emulation( 2279): app_time_stats: avg=2169.58ms min=2169.58ms max=2169.58ms count=1
2026-09-09T14:03:55.8347139Z I/flutter ( 2279): [FluviDiagnostic] stage=BUDGET_HEADER_VALUE_BOUND scope=generation=0 plane=month targetHandle=0 modelBindVsyncMicros=743075174 displayNumeratorScaled100=0 displayDenominatorScaled100=66442707 hasLimit=true canonicalLimitScaled100=66442707 entryCount=- error=- message=-
2026-09-09T14:03:57.8681556Z D/EGL_emulation( 2279): app_time_stats: avg=2041.97ms min=2041.97ms max=2041.97ms count=1
2026-09-09T14:03:59.9306423Z D/EGL_emulation( 2279): app_time_stats: avg=2056.61ms min=2056.61ms max=2056.61ms count=1
2026-09-09T14:04:02.2849101Z I/flutter ( 2279): [FluviDiagnostic] stage=BUDGET_HEADER_VALUE_BOUND scope=generation=0 plane=month targetHandle=0 modelBindVsyncMicros=749508507 displayNumeratorScaled100=0 displayDenominatorScaled100=66442707 hasLimit=true canonicalLimitScaled100=66442707 entryCount=- error=- message=-
2026-09-09T14:04:02.3955319Z D/EGL_emulation( 2279): app_time_stats: avg=140.37ms min=140.37ms max=140.37ms count=1
2026-09-09T14:04:04.9030099Z D/EGL_emulation( 2279): app_time_stats: avg=2503.28ms min=2503.28ms max=2503.28ms count=1
2026-09-09T14:04:07.0933326Z D/EGL_emulation( 2279): app_time_stats: avg=233.89ms min=233.89ms max=233.89ms count=1
2026-09-09T14:04:09.0560332Z D/EGL_emulation( 2279): app_time_stats: avg=1966.55ms min=1966.55ms max=1966.55ms count=1
2026-09-09T14:04:09.0715304Z I/flutter ( 2279): [FluviDiagnostic] stage=BUDGET_HEADER_VALUE_BOUND scope=generation=0 plane=month targetHandle=0 modelBindVsyncMicros=756308507 displayNumeratorScaled100=0 displayDenominatorScaled100=66442707 hasLimit=true canonicalLimitScaled100=66442707 entryCount=- error=- message=-
2026-09-09T14:04:11.1740345Z D/EGL_emulation( 2279): app_time_stats: avg=2117.41ms min=2117.41ms max=2117.41ms count=1
2026-09-09T14:04:13.2685318Z D/EGL_emulation( 2279): app_time_stats: avg=2091.80ms min=2091.80ms max=2091.80ms count=1
2026-09-09T14:04:13.2900099Z I/flutter ( 2279): [FluviDiagnostic] stage=BUDGET_HEADER_VALUE_BOUND scope=generation=0 plane=month targetHandle=0 modelBindVsyncMicros=760525173 displayNumeratorScaled100=0 displayDenominatorScaled100=66442707 hasLimit=true canonicalLimitScaled100=66442707 entryCount=- error=- message=-
2026-09-09T14:04:15.3560232Z D/EGL_emulation( 2279): app_time_stats: avg=2090.26ms min=2090.26ms max=2090.26ms count=1
2026-09-09T14:04:17.4541427Z D/EGL_emulation( 2279): app_time_stats: avg=2098.13ms min=2098.13ms max=2098.13ms count=1
2026-09-09T14:04:17.4718007Z I/flutter ( 2279): [FluviDiagnostic] stage=BUDGET_HEADER_VALUE_BOUND scope=generation=0 plane=month targetHandle=0 modelBindVsyncMicros=764708506 displayNumeratorScaled100=0 displayDenominatorScaled100=66442707 hasLimit=true canonicalLimitScaled100=66442707 entryCount=- error=- message=-
2026-09-09T14:04:19.5338646Z D/EGL_emulation( 2279): app_time_stats: avg=2076.21ms min=2076.21ms max=2076.21ms count=1
2026-09-09T14:04:19.5349958Z I/flutter ( 2279): [FluviDiagnostic] stage=BUDGET_HEADER_VALUE_BOUND scope=generation=0 plane=month targetHandle=0 modelBindVsyncMicros=766775173 displayNumeratorScaled100=0 displayDenominatorScaled100=66442707 hasLimit=true canonicalLimitScaled100=66442707 entryCount=- error=- message=-
2026-09-09T14:04:21.5235656Z D/EGL_emulation( 2279): app_time_stats: avg=1993.32ms min=1993.32ms max=1993.32ms count=1
2026-09-09T14:04:23.4439041Z D/EGL_emulation( 2279): app_time_stats: avg=1919.11ms min=1919.11ms max=1919.11ms count=1
2026-09-09T14:04:23.4536377Z I/flutter ( 2279): [FluviDiagnostic] stage=BUDGET_HEADER_VALUE_BOUND scope=generation=0 plane=month targetHandle=0 modelBindVsyncMicros=770691839 displayNumeratorScaled100=0 displayDenominatorScaled100=66442707 hasLimit=true canonicalLimitScaled100=66442707 entryCount=- error=- message=-
2026-09-09T14:04:25.4723251Z D/EGL_emulation( 2279): app_time_stats: avg=2025.12ms min=2025.12ms max=2025.12ms count=1
2026-09-09T14:04:27.5272373Z D/EGL_emulation( 2279): app_time_stats: avg=2058.75ms min=2058.75ms max=2058.75ms count=1
2026-09-09T14:04:27.5425241Z I/flutter ( 2279): [FluviDiagnostic] stage=BUDGET_HEADER_VALUE_BOUND scope=generation=0 plane=month targetHandle=0 modelBindVsyncMicros=774775173 displayNumeratorScaled100=0 displayDenominatorScaled100=66442707 hasLimit=true canonicalLimitScaled100=66442707 entryCount=- error=- message=-
2026-09-09T14:04:29.7053252Z D/EGL_emulation( 2279): app_time_stats: avg=2177.70ms min=2177.70ms max=2177.70ms count=1
2026-09-09T14:04:31.8393201Z D/EGL_emulation( 2279): app_time_stats: avg=2134.09ms min=2134.09ms max=2134.09ms count=1
2026-09-09T14:04:33.7937891Z D/EGL_emulation( 2279): app_time_stats: avg=1954.67ms min=1954.67ms max=1954.67ms count=1
2026-09-09T14:04:35.9506319Z D/EGL_emulation( 2279): app_time_stats: avg=2156.82ms min=2156.82ms max=2156.82ms count=1
2026-09-09T14:04:35.9742963Z I/flutter ( 2279): [FluviDiagnostic] stage=BUDGET_HEADER_VALUE_BOUND scope=generation=0 plane=month targetHandle=0 modelBindVsyncMicros=783208506 displayNumeratorScaled100=0 displayDenominatorScaled100=66442707 hasLimit=true canonicalLimitScaled100=66442707 entryCount=- error=- message=-
2026-09-09T14:04:35.9780894Z I/flutter ( 2279): [FluviDiagnostic] stage=SCENE_WINDOW_PREPARE_STARTED scope=owner=foregroundNavigation priority=3 entryCount=48 error=- message=-
2026-09-09T14:04:35.9808739Z I/flutter ( 2279): [FluviDiagnostic] stage=SCENE_WINDOW_PREPARE_COMPLETED scope=owner=foregroundNavigation priority=3 entryCount=48 error=- message=uiIsolateMicros=695 largestContiguousUiSliceMicros=694 yields=1 richRowProjectionMicros=0 richFrameProjectionMicros=0 projectedUniqueRows=0 projectedFrames=0 reusedProjectedRows=0 reusedProjectedFrames=0 uniqueRowLayouts=48 reusedRowLayouts=48 newRowLayouts=0 sceneNew=0 sceneReuse=2 pauseCount=0 resumeCount=0 semanticsWork=0 rasterWork=0 allocationCount=0
2026-09-09T14:04:37.6359956Z I/flutter ( 2279): [PROFILE][SCENARIO_READY] C_year_month_rail_empty
2026-09-09T14:04:37.6387509Z I/flutter ( 2279): [PROFILE][SCENARIO_START] D_month_day_rail_94
2026-09-09T14:04:37.9870037Z D/EGL_emulation( 2279): app_time_stats: avg=2034.74ms min=2034.74ms max=2034.74ms count=1
2026-09-09T14:04:38.0019961Z I/flutter ( 2279): [FluviDiagnostic] stage=DASHBOARD_STARTUP_ATTEMPT_STARTED scope=attemptGeneration=1 stage=bootstrap entryCount=- error=- message=-
2026-09-09T14:04:38.0238024Z I/flutter ( 2279): [FluviDiagnostic] stage=READINESS_PHASE_ENTERED scope=- entryCount=- error=- message=databasePending
2026-09-09T14:04:38.0291102Z I/flutter ( 2279): [FluviDiagnostic] stage=READINESS_PHASE_ENTERED scope=- entryCount=- error=- message=indexBuilding
2026-09-09T14:04:38.0319147Z I/flutter ( 2279): [FluviDiagnostic] stage=READINESS_TASK_STARTED scope=- entryCount=- error=- message=viewportPayload
2026-09-09T14:04:38.1040746Z D/FluviDashboard( 2279): [FLOW][INDEX_BUILD_STARTED] INDEX_BUILD_STARTED flowId=- queryKey=- direction=- scope=generation=1 acquisitionReason=bootstrap requestIdentity=rev=2|income=income|periods:|categories:|partners:|refinements:min=,max=,hasNote=false|expense=expense|periods:|categories:|partners:|refinements:min=,max=,hasNote=false|page=24|window=2014-2038 revision=2 totalMinor=- entryCount=-
2026-09-09T14:04:38.3900202Z I/com.fluvi.app( 2279): Background concurrent mark compact GC freed 6151KB AllocSpace bytes, 3(140KB) LOS objects, 49% free, 4003KB/8007KB, paused 135us,14.807ms total 175.056ms
2026-09-09T14:04:38.9211041Z I/com.fluvi.app( 2279): Background concurrent mark compact GC freed 3764KB AllocSpace bytes, 0(0B) LOS objects, 49% free, 4291KB/8583KB, paused 179us,5.369ms total 99.319ms
2026-09-09T14:04:39.3488145Z I/com.fluvi.app( 2279): Background concurrent mark compact GC freed 5048KB AllocSpace bytes, 0(0B) LOS objects, 49% free, 4875KB/9751KB, paused 815us,21.785ms total 162.361ms
2026-09-09T14:04:39.8200620Z I/com.fluvi.app( 2279): Background concurrent mark compact GC freed 5008KB AllocSpace bytes, 0(0B) LOS objects, 49% free, 5875KB/11MB, paused 3.050ms,8.279ms total 151.885ms
2026-09-09T14:04:40.3277421Z D/EGL_emulation( 2279): app_time_stats: avg=2331.12ms min=2331.12ms max=2331.12ms count=1
2026-09-09T14:04:40.3470399Z D/FluviDashboard( 2279): [FLOW][INDEX_BUILD_READY] INDEX_BUILD_READY flowId=- queryKey=- direction=- scope=generation=1 acquisitionReason=bootstrap requestIdentity=rev=2|income=income|periods:|categories:|partners:|refinements:min=,max=,hasNote=false|expense=expense|periods:|categories:|partners:|refinements:min=,max=,hasNote=false|page=24|window=2014-2038 sqlCalls=5 sqlMicros=1334019 frames=1012 rows=4304 payloadBytes=2175073 serializationMicros=148931 revision=2 totalMinor=- entryCount=-
2026-09-09T14:04:40.4154664Z I/com.fluvi.app( 2279): Background concurrent mark compact GC freed 2228KB AllocSpace bytes, 4(7412KB) LOS objects, 49% free, 11MB/22MB, paused 85us,12.383ms total 94.538ms
2026-09-09T14:04:41.3222737Z D/EGL_emulation( 2279): app_time_stats: avg=139.25ms min=33.73ms max=254.55ms count=6
2026-09-09T14:04:41.3297706Z D/FluviDashboard( 2279): [FLOW][FINANCIAL_LIMIT_SNAPSHOT_PREPARE_STARTED] FINANCIAL_LIMIT_SNAPSHOT_PREPARE_STARTED flowId=- queryKey=- direction=- scope=yearWindowStart=2014 yearWindowEnd=2038 revision=2 totalMinor=- entryCount=-
2026-09-09T14:04:41.5230008Z D/FluviDashboard( 2279): [FLOW][FINANCIAL_LIMIT_SNAPSHOT_READY] FINANCIAL_LIMIT_SNAPSHOT_READY flowId=- queryKey=- direction=- scope=incomeTargetCount=3 incomeCategoryCount=2 expenseTargetCount=9 expenseCategoryCount=8 periodSliceCount=326 payloadBytes=320072 sqlCalls=5 nativeSqlMicros=160609 revision=2 totalMinor=- entryCount=-
2026-09-09T14:04:41.5269885Z D/FluviDashboard( 2279): [FLOW][BUDGET_PARTNER_SNAPSHOT_PREPARE_STARTED] BUDGET_PARTNER_SNAPSHOT_PREPARE_STARTED flowId=- queryKey=- direction=- scope=yearWindowStart=2014 yearWindowEnd=2038 revision=2 totalMinor=- entryCount=-
2026-09-09T14:04:41.7848769Z D/FluviDashboard( 2279): [FLOW][BUDGET_PARTNER_SNAPSHOT_READY] BUDGET_PARTNER_SNAPSHOT_READY flowId=- queryKey=- direction=- scope=incomePartnerCount=4 expensePartnerCount=23 periodSlices=326 payloadBytes=347027 sqlCalls=5 nativeSqlMicros=179611 revision=2 totalMinor=- entryCount=-
2026-09-09T14:04:41.7934138Z I/flutter ( 2279): [FluviDiagnostic] stage=READINESS_TASK_COMPLETED scope=- entryCount=- error=- message=viewportPayload
2026-09-09T14:04:41.7991758Z I/flutter ( 2279): [FluviDiagnostic] stage=READINESS_PHASE_ENTERED scope=- entryCount=- error=- message=presentationPreparing
2026-09-09T14:04:41.8008503Z I/flutter ( 2279): [FluviDiagnostic] stage=READINESS_TASK_STARTED scope=- entryCount=- error=- message=renderResources
2026-09-09T14:04:41.8010834Z I/flutter ( 2279): [FluviDiagnostic] stage=READINESS_TASK_COMPLETED scope=- entryCount=- error=- message=renderResources
2026-09-09T14:04:41.8012730Z I/flutter ( 2279): [FluviDiagnostic] stage=READINESS_PHASE_ENTERED scope=- entryCount=- error=- message=renderCriticalWarmup
2026-09-09T14:04:41.8014573Z I/flutter ( 2279): [FluviDiagnostic] stage=READINESS_TASK_STARTED scope=- entryCount=- error=- message=logBoxSurface
2026-09-09T14:04:41.8287566Z I/com.fluvi.app( 2279): Background concurrent mark compact GC freed 12MB AllocSpace bytes, 23(9836KB) LOS objects, 49% free, 3955KB/7911KB, paused 138us,2.559ms total 132.148ms
2026-09-09T14:04:41.9068781Z I/flutter ( 2279): [FluviDiagnostic] stage=BUDGET_HEADER_VALUE_BOUND scope=generation=0 plane=day targetHandle=0 modelBindVsyncMicros=789141839 displayNumeratorScaled100=2839954 displayDenominatorScaled100=2778226 hasLimit=true canonicalLimitScaled100=86125000 entryCount=- error=- message=-
2026-09-09T14:04:41.9099277Z I/flutter ( 2279): [FluviDiagnostic] stage=HEADER_PORTAL_EFFECT_CATALOG_VERIFIED scope=- entryCount=- error=- message=innerOptionCount=5 backgroundOptionCount=5 sameOptions=true sameRenderer=false sameParameterSchema=true sameDefaults=true sameState=false sameClockSource=true
2026-09-09T14:04:41.9197452Z I/flutter ( 2279): [FluviDiagnostic] stage=BUDGET_HEADER_COOL_COLOR_BOUND scope=source=cool driver=userGlobal positionPct=50 windowWidthPct=28 leftRawPct=36.0 centerRawPct=50.0 rightRawPct=64.0 leftSamplePct=36.0 centerSamplePct=50.0 rightSamplePct=64.0 colorAArgb=4284604923 colorMidArgb=4279551457 colorBArgb=4278423754 settingsGeneration=0 entryCount=- error=- message=-
2026-09-09T14:04:41.9227704Z I/flutter ( 2279): [FluviDiagnostic] stage=READINESS_TASK_COMPLETED scope=- entryCount=- error=- message=logBoxSurface
2026-09-09T14:04:41.9253971Z I/flutter ( 2279): [FluviDiagnostic] stage=READINESS_TASK_STARTED scope=- entryCount=- error=- message=logBoxLayout
2026-09-09T14:04:41.9277377Z I/flutter ( 2279): [FluviDiagnostic] stage=READINESS_TASK_COMPLETED scope=- entryCount=- error=- message=logBoxLayout
2026-09-09T14:04:41.9319444Z I/flutter ( 2279): [FluviDiagnostic] stage=READINESS_TASK_STARTED scope=- entryCount=- error=- message=textLayoutSlots
2026-09-09T14:04:41.9341702Z I/flutter ( 2279): [FluviDiagnostic] stage=SCENE_WINDOW_PREPARE_STARTED scope=owner=renderCriticalReadiness priority=5 entryCount=130 error=- message=-
2026-09-09T14:04:41.9368038Z I/flutter ( 2279): [FluviDiagnostic] stage=SCENE_WINDOW_SLICE_OVER_BUDGET scope=boundary=richProjection elapsedMicros=1002 budgetMicros=1000 entryCount=130 error=- message=-
2026-09-09T14:04:41.9397013Z I/flutter ( 2279): [FluviDiagnostic] stage=HEADER_RENDER_BACKEND_BOUND scope=commitSha=33ee878b070345c336bb73df2b087d9a63c87c5a backend=fragmentShader logicalWidth=375.4757281553398 logicalHeight=123.8252427184466 devicePixelRatio=2.6260019651445416 physicalWidth=986.0 physicalHeight=326.0 backendIdentity=1026349774 entryCount=- error=- message=-
2026-09-09T14:04:41.9427560Z I/flutter ( 2279): [FluviDiagnostic] stage=HEADER_PORTAL_INNER_CHANNEL_BOUND scope=enabled=true effectId=wandering-mist settingsGeneration=0 phaseOwnerIdentity=49015315 controllerIdentity=938315760 fragmentBackendIdentity=1026349774 programIdentity=1026349774 shaderIdentity=1026349774 canonicalFieldStopCount=2 canonicalFieldStopHash=43d59ffd portalColorModel=paletteCoordinate inputSignature=1d5ec441 entryCount=- error=- message=-
2026-09-09T14:04:41.9450129Z I/flutter ( 2279): [FluviDiagnostic] stage=HEADER_PORTAL_BACKGROUND_CHANNEL_BOUND scope=enabled=true effectId=wandering-mist settingsGeneration=0 phaseOwnerIdentity=49015315 controllerIdentity=938315760 fragmentBackendIdentity=1026349774 programIdentity=1026349774 shaderIdentity=1026349774 canonicalFieldStopCount=2 canonicalFieldStopHash=43d59ffd portalColorModel=paletteCoordinate inputSignature=1d5ec441 entryCount=- error=- message=-
2026-09-09T14:04:41.9482686Z I/flutter ( 2279): [FluviDiagnostic] stage=HEADER_PORTAL_FRAGMENT_INPUT_BOUND scope=innerEnabled=true innerEffect=wandering-mist innerSettingsHash=143ac802 backgroundEnabled=true backgroundEffect=wandering-mist backgroundSettingsHash=143ac802 uniformLayoutVersion=3 fragmentConfigurationGeneration=1 fragmentBackendIdentity=1026349774 programIdentity=1026349774 shaderIdentity=1026349774 canonicalFieldStopCount=2 canonicalFieldStopHash=43d59ffd portalColorModel=paletteCoordinate entryCount=- error=- message=-
2026-09-09T14:04:41.9640892Z I/flutter ( 2279): [FluviDiagnostic] stage=HEADER_SHADER_READY scope=asset=shaders/dashboard_header_field.frag programIdentity=974727089 shaderIdentity=595383377 flutterVersion=3.41.4 rendererBackend=runtimeEffect engineBackend=notExposedByDart entryCount=- error=- message=-
2026-09-09T14:04:41.9671479Z I/flutter ( 2279): [FluviDiagnostic] stage=SCENE_WINDOW_SLICE_OVER_BUDGET scope=boundary=rowText elapsedMicros=7194 budgetMicros=1000 entryCount=130 error=- message=-
2026-09-09T14:04:41.9698465Z I/flutter ( 2279): [FluviDiagnostic] stage=SCENE_WINDOW_ATOMIC_WORK_UNIT_OVER_BUDGET scope=workUnit=rowText:amount elapsedMicros=2145 budgetMicros=1000 entryCount=130 error=- message=-
2026-09-09T14:04:41.9727903Z I/flutter ( 2279): [FluviDiagnostic] stage=SCENE_WINDOW_SLICE_OVER_BUDGET scope=boundary=rowTextParagraph elapsedMicros=2211 budgetMicros=1000 entryCount=130 error=- message=-
2026-09-09T14:04:41.9758379Z I/flutter ( 2279): [FluviDiagnostic] stage=SCENE_WINDOW_ATOMIC_WORK_UNIT_OVER_BUDGET scope=workUnit=rowText:title elapsedMicros=4486 budgetMicros=1000 entryCount=130 error=- message=-
2026-09-09T14:04:41.9847725Z I/flutter ( 2279): [FluviDiagnostic] stage=SCENE_WINDOW_ATOMIC_WORK_UNIT_OVER_BUDGET scope=workUnit=rowText:secondary elapsedMicros=4727 budgetMicros=1000 entryCount=130 error=- message=-
2026-09-09T14:04:41.9997880Z I/flutter ( 2279): [FluviDiagnostic] stage=SCENE_WINDOW_ATOMIC_WORK_UNIT_OVER_BUDGET scope=workUnit=rowText:time elapsedMicros=1401 budgetMicros=1000 entryCount=130 error=- message=-
2026-09-09T14:04:42.0148049Z I/flutter ( 2279): [FluviDiagnostic] stage=SCENE_WINDOW_ATOMIC_WORK_UNIT_OVER_BUDGET scope=workUnit=dayHeaderText elapsedMicros=1323 budgetMicros=1000 entryCount=130 error=- message=-
2026-09-09T14:04:42.0177515Z I/flutter ( 2279): [FluviDiagnostic] stage=SCENE_WINDOW_SLICE_OVER_BUDGET scope=boundary=dayHeader elapsedMicros=2145 budgetMicros=1000 entryCount=130 error=- message=-
2026-09-09T14:04:42.0207966Z I/flutter ( 2279): [FluviDiagnostic] stage=SCENE_WINDOW_SLICE_OVER_BUDGET scope=boundary=beforeSceneAssembly elapsedMicros=1075 budgetMicros=1000 entryCount=130 error=- message=-
2026-09-09T14:04:42.0214863Z I/flutter ( 2279): [FluviDiagnostic] stage=SCENE_WINDOW_PREPARE_COMPLETED scope=owner=renderCriticalReadiness priority=5 entryCount=130 error=- message=uiIsolateMicros=63813 largestContiguousUiSliceMicros=7194 yields=79 richRowProjectionMicros=179 richFrameProjectionMicros=1501 projectedUniqueRows=96 projectedFrames=38 reusedProjectedRows=30 reusedProjectedFrames=0 uniqueRowLayouts=100 reusedRowLayouts=0 newRowLayouts=100 sceneNew=39 sceneReuse=0 pauseCount=0 resumeCount=0 semanticsWork=0 rasterWork=0 allocationCount=170
2026-09-09T14:04:42.0245863Z I/flutter ( 2279): [FluviDiagnostic] stage=SCENE_WINDOW_PREPARE_STARTED scope=owner=liveInteractionResource priority=4 entryCount=130 error=- message=-
2026-09-09T14:04:42.0250776Z I/flutter ( 2279): [FluviDiagnostic] stage=READINESS_TASK_COMPLETED scope=- entryCount=- error=- message=textLayoutSlots
2026-09-09T14:04:42.0252795Z I/flutter ( 2279): [FluviDiagnostic] stage=READINESS_PHASE_ENTERED scope=- entryCount=- error=- message=ready
2026-09-09T14:04:42.0255027Z I/flutter ( 2279): [FluviDiagnostic] stage=DASHBOARD_STARTUP_READY scope=attemptGeneration=1 stage=ready readinessTask=- entryCount=- error=- message=-
2026-09-09T14:04:42.0257133Z I/flutter ( 2279): [FluviDiagnostic] stage=READINESS_READY scope=- entryCount=- error=- message=-
2026-09-09T14:04:42.0262290Z I/flutter ( 2279): [FluviDiagnostic] stage=SCENE_WINDOW_PREPARE_COMPLETED scope=owner=liveInteractionResource priority=4 entryCount=130 error=- message=uiIsolateMicros=605 largestContiguousUiSliceMicros=233 yields=6 richRowProjectionMicros=0 richFrameProjectionMicros=0 projectedUniqueRows=0 projectedFrames=0 reusedProjectedRows=0 reusedProjectedFrames=0 uniqueRowLayouts=100 reusedRowLayouts=100 newRowLayouts=0 sceneNew=0 sceneReuse=39 pauseCount=0 resumeCount=0 semanticsWork=0 rasterWork=0 allocationCount=0
2026-09-09T14:04:42.0688408Z I/flutter ( 2279): [FluviDiagnostic] stage=SCENE_WINDOW_PREPARE_STARTED scope=owner=foregroundNavigation priority=3 entryCount=226 error=- message=-
2026-09-09T14:04:42.0781249Z I/flutter ( 2279): [FluviDiagnostic] stage=SCENE_WINDOW_SLICE_OVER_BUDGET scope=boundary=rowTextParagraph elapsedMicros=3421 budgetMicros=1000 entryCount=226 error=- message=-
2026-09-09T14:04:42.0813656Z I/flutter ( 2279): [FluviDiagnostic] stage=SCENE_WINDOW_SLICE_OVER_BUDGET scope=boundary=dayHeader elapsedMicros=1045 budgetMicros=1000 entryCount=226 error=- message=-
2026-09-09T14:04:42.0839120Z I/flutter ( 2279): [FluviDiagnostic] stage=SCENE_WINDOW_SLICE_OVER_BUDGET scope=boundary=emptySceneAssembly elapsedMicros=1004 budgetMicros=1000 entryCount=226 error=- message=-
2026-09-09T14:04:42.0877001Z I/flutter ( 2279): [FluviDiagnostic] stage=SCENE_WINDOW_PREPARE_COMPLETED scope=owner=foregroundNavigation priority=3 entryCount=226 error=- message=uiIsolateMicros=9255 largestContiguousUiSliceMicros=3421 yields=18 richRowProjectionMicros=26 richFrameProjectionMicros=552 projectedUniqueRows=18 projectedFrames=4 reusedProjectedRows=78 reusedProjectedFrames=0 uniqueRowLayouts=118 reusedRowLayouts=100 newRowLayouts=18 sceneNew=4 sceneReuse=39 pauseCount=0 resumeCount=0 semanticsWork=0 rasterWork=0 allocationCount=40
2026-09-09T14:04:42.0883053Z I/flutter ( 2279): [FluviDiagnostic] stage=SUMMARY_PARENT_HOTSET_PREPARE_STARTED scope=- entryCount=130 error=- message=-
2026-09-09T14:04:42.0894875Z I/flutter ( 2279): [FluviDiagnostic] stage=SCENE_WINDOW_PREPARE_STARTED scope=owner=speculativeMaintenance priority=1 entryCount=130 error=- message=-
2026-09-09T14:04:42.0947621Z I/flutter ( 2279): [FluviDiagnostic] stage=SCENE_WINDOW_ATOMIC_WORK_UNIT_OVER_BUDGET scope=workUnit=rowText:time elapsedMicros=3093 budgetMicros=1000 entryCount=130 error=- message=-
2026-09-09T14:04:42.0997499Z I/flutter ( 2279): [FluviDiagnostic] stage=SCENE_WINDOW_SLICE_OVER_BUDGET scope=boundary=rowTextParagraph elapsedMicros=3129 budgetMicros=1000 entryCount=130 error=- message=-
2026-09-09T14:04:42.1027519Z I/flutter ( 2279): [FluviDiagnostic] stage=SCENE_WINDOW_ATOMIC_WORK_UNIT_OVER_BUDGET scope=workUnit=rowText:title elapsedMicros=2188 budgetMicros=1000 entryCount=130 error=- message=-
2026-09-09T14:04:42.1215209Z I/flutter ( 2279): [FluviDiagnostic] stage=SCENE_WINDOW_SLICE_OVER_BUDGET scope=boundary=dayHeader elapsedMicros=1061 budgetMicros=1000 entryCount=130 error=- message=-
2026-09-09T14:04:42.1281982Z I/flutter ( 2279): [FluviDiagnostic] stage=SCENE_WINDOW_PREPARE_COMPLETED scope=owner=speculativeMaintenance priority=1 entryCount=130 error=- message=uiIsolateMicros=38623 largestContiguousUiSliceMicros=3480 yields=72 richRowProjectionMicros=232 richFrameProjectionMicros=764 projectedUniqueRows=94 projectedFrames=30 reusedProjectedRows=36 reusedProjectedFrames=0 uniqueRowLayouts=100 reusedRowLayouts=6 newRowLayouts=94 sceneNew=30 sceneReuse=0 pauseCount=0 resumeCount=0 semanticsWork=0 rasterWork=0 allocationCount=140
2026-09-09T14:04:42.1309905Z I/flutter ( 2279): [FluviDiagnostic] stage=SUMMARY_PARENT_HOTSET_PREPARE_READY scope=- entryCount=130 error=- message=-
2026-09-09T14:04:42.1338669Z I/flutter ( 2279): [FluviDiagnostic] stage=SUMMARY_PARENT_HOTSET_PREPARE_STARTED scope=- entryCount=0 error=- message=-
2026-09-09T14:04:42.1388800Z I/flutter ( 2279): [FluviDiagnostic] stage=SUMMARY_PARENT_HOTSET_PREPARE_READY scope=- entryCount=0 error=- message=-
2026-09-09T14:04:42.1433575Z I/flutter ( 2279): [FluviDiagnostic] stage=HEADER_RENDER_FIDELITY_CONFIG scope=outputResolutionMode=nativeSurface fieldEvaluationMode=perFragment logicalWidth=375.4757281553398 logicalHeight=123.8252427184466 physicalWidth=986.0 physicalHeight=326.0 sourceRenderScale=0.6 effectId=dualTide backend=fragmentShader physicalTarget=986.0x326.0 parentTransformScale=notObservableInCanvas touchOverlayBackend=fragmentShaderAnalytic shaderFailureFallback=nativeStaticGradient shaderReady=true shaderFailure=false entryCount=- error=- message=-
2026-09-09T14:04:42.1491680Z I/flutter ( 2279): [FluviDiagnostic] stage=HEADER_TOUCH_RENDER_PATH_BOUND scope=fieldBackend=fragmentShader overlayBackend=fragmentShaderAnalytic trailBackend=fragmentShaderAnalytic logicalSize=375.4757281553398x123.8252427184466 physicalSize=986.0x326.0 usesSaveLayer=false usesOffscreenIntermediate=false entryCount=- error=- message=-
2026-09-09T14:04:42.1529805Z I/flutter ( 2279): [FluviDiagnostic] stage=HEADER_PORTAL_INNER_CHANNEL_BOUND scope=enabled=true effectId=wandering-mist settingsGeneration=0 phaseOwnerIdentity=49015315 controllerIdentity=938315760 fragmentBackendIdentity=1026349774 programIdentity=974727089 shaderIdentity=595383377 canonicalFieldStopCount=2 canonicalFieldStopHash=43d59ffd portalColorModel=paletteCoordinate inputSignature=e40787d entryCount=- error=- message=-
2026-09-09T14:04:42.1560206Z I/flutter ( 2279): [FluviDiagnostic] stage=HEADER_PORTAL_BACKGROUND_CHANNEL_BOUND scope=enabled=true effectId=wandering-mist settingsGeneration=0 phaseOwnerIdentity=49015315 controllerIdentity=938315760 fragmentBackendIdentity=1026349774 programIdentity=974727089 shaderIdentity=595383377 canonicalFieldStopCount=2 canonicalFieldStopHash=43d59ffd portalColorModel=paletteCoordinate inputSignature=e40787d entryCount=- error=- message=-
2026-09-09T14:04:42.1608334Z I/flutter ( 2279): [FluviDiagnostic] stage=HEADER_PORTAL_FRAGMENT_INPUT_BOUND scope=innerEnabled=true innerEffect=wandering-mist innerSettingsHash=143ac802 backgroundEnabled=true backgroundEffect=wandering-mist backgroundSettingsHash=143ac802 uniformLayoutVersion=3 fragmentConfigurationGeneration=2 fragmentBackendIdentity=1026349774 programIdentity=974727089 shaderIdentity=595383377 canonicalFieldStopCount=2 canonicalFieldStopHash=43d59ffd portalColorModel=paletteCoordinate entryCount=- error=- message=-
2026-09-09T14:04:42.1952378Z I/flutter ( 2279): [PROFILE][SCENARIO_PREPARED] D_month_day_rail_94 plane=month
2026-09-09T14:04:42.1958125Z I/flutter ( 2279): [PROFILE][SCENARIO_STABLE] D_month_day_rail_94
2026-09-09T14:04:42.6232818Z D/EGL_emulation( 2279): app_time_stats: avg=164.30ms min=131.02ms max=277.60ms count=6
2026-09-09T14:04:44.5978506Z D/EGL_emulation( 2279): app_time_stats: avg=1970.92ms min=1970.92ms max=1970.92ms count=1
2026-09-09T14:04:46.6066911Z D/EGL_emulation( 2279): app_time_stats: avg=2012.43ms min=2012.43ms max=2012.43ms count=1
2026-09-09T14:04:46.6205367Z I/flutter ( 2279): [FluviDiagnostic] stage=BUDGET_HEADER_VALUE_BOUND scope=generation=0 plane=day targetHandle=0 modelBindVsyncMicros=793858505 displayNumeratorScaled100=2839954 displayDenominatorScaled100=2778226 hasLimit=true canonicalLimitScaled100=86125000 entryCount=- error=- message=-
2026-09-09T14:04:48.7266299Z D/EGL_emulation( 2279): app_time_stats: avg=2115.45ms min=2115.45ms max=2115.45ms count=1
2026-09-09T14:04:51.0820959Z D/EGL_emulation( 2279): app_time_stats: avg=2356.02ms min=2356.02ms max=2356.02ms count=1
2026-09-09T14:04:53.3936751Z I/flutter ( 2279): [FluviDiagnostic] stage=BUDGET_HEADER_VALUE_BOUND scope=generation=0 plane=day targetHandle=0 modelBindVsyncMicros=798325172 displayNumeratorScaled100=2839954 displayDenominatorScaled100=2778226 hasLimit=true canonicalLimitScaled100=86125000 entryCount=- error=- message=-
2026-09-09T14:04:53.6432288Z D/EGL_emulation( 2279): app_time_stats: avg=2556.03ms min=2556.03ms max=2556.03ms count=1
2026-09-09T14:04:53.6819613Z I/flutter ( 2279): [FluviDiagnostic] stage=BUDGET_HEADER_VALUE_BOUND scope=generation=0 plane=day targetHandle=0 modelBindVsyncMicros=800891838 displayNumeratorScaled100=2839954 displayDenominatorScaled100=2778226 hasLimit=true canonicalLimitScaled100=86125000 entryCount=- error=- message=-
2026-09-09T14:04:55.6817698Z D/EGL_emulation( 2279): app_time_stats: avg=2040.91ms min=2040.91ms max=2040.91ms count=1
2026-09-09T14:04:57.6756954Z D/EGL_emulation( 2279): app_time_stats: avg=1996.40ms min=1996.40ms max=1996.40ms count=1
2026-09-09T14:04:57.6890505Z I/flutter ( 2279): [FluviDiagnostic] stage=BUDGET_HEADER_VALUE_BOUND scope=generation=0 plane=day targetHandle=0 modelBindVsyncMicros=804925171 displayNumeratorScaled100=2839954 displayDenominatorScaled100=2778226 hasLimit=true canonicalLimitScaled100=86125000 entryCount=- error=- message=-
2026-09-09T14:04:59.8749229Z D/EGL_emulation( 2279): app_time_stats: avg=2195.00ms min=2195.00ms max=2195.00ms count=1
2026-09-09T14:05:02.2701455Z D/EGL_emulation( 2279): app_time_stats: avg=2396.99ms min=2396.99ms max=2396.99ms count=1
2026-09-09T14:05:02.3289265Z I/flutter ( 2279): [FluviDiagnostic] stage=BUDGET_HEADER_VALUE_BOUND scope=generation=0 plane=day targetHandle=0 modelBindVsyncMicros=809525171 displayNumeratorScaled100=2839954 displayDenominatorScaled100=2778226 hasLimit=true canonicalLimitScaled100=86125000 entryCount=- error=- message=-
2026-09-09T14:05:04.3301770Z D/EGL_emulation( 2279): app_time_stats: avg=2063.46ms min=2063.46ms max=2063.46ms count=1
2026-09-09T14:05:06.5157916Z D/EGL_emulation( 2279): app_time_stats: avg=2182.55ms min=2182.55ms max=2182.55ms count=1
2026-09-09T14:05:08.7733883Z D/EGL_emulation( 2279): app_time_stats: avg=2255.19ms min=2255.19ms max=2255.19ms count=1
2026-09-09T14:05:10.9815673Z D/EGL_emulation( 2279): app_time_stats: avg=2209.99ms min=2209.99ms max=2209.99ms count=1
2026-09-09T14:05:10.9867976Z I/flutter ( 2279): [FluviDiagnostic] stage=BUDGET_HEADER_VALUE_BOUND scope=generation=0 plane=day targetHandle=0 modelBindVsyncMicros=818225171 displayNumeratorScaled100=2839954 displayDenominatorScaled100=2778226 hasLimit=true canonicalLimitScaled100=86125000 entryCount=- error=- message=-
2026-09-09T14:05:12.8942627Z D/EGL_emulation( 2279): app_time_stats: avg=1914.89ms min=1914.89ms max=1914.89ms count=1
2026-09-09T14:05:12.9062023Z I/flutter ( 2279): [FluviDiagnostic] stage=BUDGET_HEADER_VALUE_BOUND scope=generation=0 plane=day targetHandle=0 modelBindVsyncMicros=820141837 displayNumeratorScaled100=2839954 displayDenominatorScaled100=2778226 hasLimit=true canonicalLimitScaled100=86125000 entryCount=- error=- message=-
2026-09-09T14:05:14.8612506Z D/EGL_emulation( 2279): app_time_stats: avg=1961.13ms min=1961.13ms max=1961.13ms count=1
2026-09-09T14:05:16.9336835Z D/EGL_emulation( 2279): app_time_stats: avg=2077.94ms min=2077.94ms max=2077.94ms count=1
2026-09-09T14:05:16.9583038Z I/flutter ( 2279): [FluviDiagnostic] stage=BUDGET_HEADER_VALUE_BOUND scope=generation=0 plane=day targetHandle=0 modelBindVsyncMicros=824191837 displayNumeratorScaled100=2839954 displayDenominatorScaled100=2778226 hasLimit=true canonicalLimitScaled100=86125000 entryCount=- error=- message=-
2026-09-09T14:05:19.0724971Z D/EGL_emulation( 2279): app_time_stats: avg=2138.29ms min=2138.29ms max=2138.29ms count=1
2026-09-09T14:05:19.1160415Z I/flutter ( 2279): [FluviDiagnostic] stage=BUDGET_HEADER_VALUE_BOUND scope=generation=0 plane=day targetHandle=0 modelBindVsyncMicros=826325171 displayNumeratorScaled100=2839954 displayDenominatorScaled100=2778226 hasLimit=true canonicalLimitScaled100=86125000 entryCount=- error=- message=-
2026-09-09T14:05:21.0687122Z D/EGL_emulation( 2279): app_time_stats: avg=1997.54ms min=1997.54ms max=1997.54ms count=1
2026-09-09T14:05:23.0259051Z D/EGL_emulation( 2279): app_time_stats: avg=1956.35ms min=1956.35ms max=1956.35ms count=1
2026-09-09T14:05:23.0513431Z I/flutter ( 2279): [FluviDiagnostic] stage=BUDGET_HEADER_VALUE_BOUND scope=generation=0 plane=day targetHandle=0 modelBindVsyncMicros=830275170 displayNumeratorScaled100=2839954 displayDenominatorScaled100=2778226 hasLimit=true canonicalLimitScaled100=86125000 entryCount=- error=- message=-
2026-09-09T14:05:24.9907458Z D/EGL_emulation( 2279): app_time_stats: avg=1958.72ms min=1958.72ms max=1958.72ms count=1
2026-09-09T14:05:26.9351116Z D/EGL_emulation( 2279): app_time_stats: avg=1949.04ms min=1949.04ms max=1949.04ms count=1
2026-09-09T14:05:26.9595472Z I/flutter ( 2279): [FluviDiagnostic] stage=BUDGET_HEADER_VALUE_BOUND scope=generation=0 plane=day targetHandle=0 modelBindVsyncMicros=834191837 displayNumeratorScaled100=2839954 displayDenominatorScaled100=2778226 hasLimit=true canonicalLimitScaled100=86125000 entryCount=- error=- message=-
2026-09-09T14:05:28.9583876Z D/EGL_emulation( 2279): app_time_stats: avg=2023.55ms min=2023.55ms max=2023.55ms count=1
2026-09-09T14:05:31.5170702Z D/EGL_emulation( 2279): app_time_stats: avg=2556.68ms min=2556.68ms max=2556.68ms count=1
2026-09-09T14:05:33.5470855Z D/EGL_emulation( 2279): app_time_stats: avg=2031.09ms min=2031.09ms max=2031.09ms count=1
2026-09-09T14:05:35.4657390Z D/EGL_emulation( 2279): app_time_stats: avg=1915.82ms min=1915.82ms max=1915.82ms count=1
2026-09-09T14:05:35.4823727Z I/flutter ( 2279): [FluviDiagnostic] stage=BUDGET_HEADER_VALUE_BOUND scope=generation=0 plane=day targetHandle=0 modelBindVsyncMicros=842708503 displayNumeratorScaled100=2839954 displayDenominatorScaled100=2778226 hasLimit=true canonicalLimitScaled100=86125000 entryCount=- error=- message=-
2026-09-09T14:05:37.4882914Z D/EGL_emulation( 2279): app_time_stats: avg=2026.60ms min=2026.60ms max=2026.60ms count=1
2026-09-09T14:05:37.5170888Z I/flutter ( 2279): [FluviDiagnostic] stage=BUDGET_HEADER_VALUE_BOUND scope=generation=0 plane=day targetHandle=0 modelBindVsyncMicros=844741836 displayNumeratorScaled100=2839954 displayDenominatorScaled100=2778226 hasLimit=true canonicalLimitScaled100=86125000 entryCount=- error=- message=-
2026-09-09T14:05:39.6245074Z D/EGL_emulation( 2279): app_time_stats: avg=2135.65ms min=2135.65ms max=2135.65ms count=1
2026-09-09T14:05:41.7688824Z D/EGL_emulation( 2279): app_time_stats: avg=2144.34ms min=2144.34ms max=2144.34ms count=1
2026-09-09T14:05:41.8029286Z I/flutter ( 2279): [FluviDiagnostic] stage=BUDGET_HEADER_VALUE_BOUND scope=generation=0 plane=day targetHandle=0 modelBindVsyncMicros=849025170 displayNumeratorScaled100=2839954 displayDenominatorScaled100=2778226 hasLimit=true canonicalLimitScaled100=86125000 entryCount=- error=- message=-
2026-09-09T14:05:43.8377079Z D/EGL_emulation( 2279): app_time_stats: avg=2066.33ms min=2066.33ms max=2066.33ms count=1
2026-09-09T14:05:43.8765127Z I/flutter ( 2279): [FluviDiagnostic] stage=BUDGET_HEADER_VALUE_BOUND scope=generation=0 plane=day targetHandle=0 modelBindVsyncMicros=851091836 displayNumeratorScaled100=2839954 displayDenominatorScaled100=2778226 hasLimit=true canonicalLimitScaled100=86125000 entryCount=- error=- message=-
2026-09-09T14:05:45.8845457Z D/EGL_emulation( 2279): app_time_stats: avg=2049.27ms min=2049.27ms max=2049.27ms count=1
2026-09-09T14:05:48.0129236Z D/EGL_emulation( 2279): app_time_stats: avg=2127.41ms min=2127.41ms max=2127.41ms count=1
2026-09-09T14:05:48.0216560Z I/flutter ( 2279): [FluviDiagnostic] stage=BUDGET_HEADER_VALUE_BOUND scope=generation=0 plane=day targetHandle=0 modelBindVsyncMicros=855258503 displayNumeratorScaled100=2839954 displayDenominatorScaled100=2778226 hasLimit=true canonicalLimitScaled100=86125000 entryCount=- error=- message=-
2026-09-09T14:05:50.0637673Z D/EGL_emulation( 2279): app_time_stats: avg=2044.68ms min=2044.68ms max=2044.68ms count=1
2026-09-09T14:05:52.0017542Z D/EGL_emulation( 2279): app_time_stats: avg=1945.61ms min=1945.61ms max=1945.61ms count=1
2026-09-09T14:05:52.0295625Z I/flutter ( 2279): [FluviDiagnostic] stage=BUDGET_HEADER_VALUE_BOUND scope=generation=0 plane=day targetHandle=0 modelBindVsyncMicros=859258503 displayNumeratorScaled100=2839954 displayDenominatorScaled100=2778226 hasLimit=true canonicalLimitScaled100=86125000 entryCount=- error=- message=-
2026-09-09T14:05:54.0820344Z D/EGL_emulation( 2279): app_time_stats: avg=2076.36ms min=2076.36ms max=2076.36ms count=1
2026-09-09T14:05:56.1578593Z D/EGL_emulation( 2279): app_time_stats: avg=2075.61ms min=2075.61ms max=2075.61ms count=1
2026-09-09T14:05:58.3867987Z D/EGL_emulation( 2279): app_time_stats: avg=2222.40ms min=2222.40ms max=2222.40ms count=1
2026-09-09T14:06:00.5525591Z D/EGL_emulation( 2279): app_time_stats: avg=2174.71ms min=2174.71ms max=2174.71ms count=1
2026-09-09T14:06:00.5905091Z I/flutter ( 2279): [FluviDiagnostic] stage=BUDGET_HEADER_VALUE_BOUND scope=generation=0 plane=day targetHandle=0 modelBindVsyncMicros=867808502 displayNumeratorScaled100=2839954 displayDenominatorScaled100=2778226 hasLimit=true canonicalLimitScaled100=86125000 entryCount=- error=- message=-
2026-09-09T14:06:05.3468533Z D/EGL_emulation( 2279): app_time_stats: avg=2367.67ms min=2367.67ms max=2367.67ms count=1
2026-09-09T14:06:05.3485744Z I/flutter ( 2279): [FluviDiagnostic] stage=BUDGET_HEADER_VALUE_BOUND scope=generation=0 plane=day targetHandle=0 modelBindVsyncMicros=870158502 displayNumeratorScaled100=2839954 displayDenominatorScaled100=2778226 hasLimit=true canonicalLimitScaled100=86125000 entryCount=- error=- message=-
2026-09-09T14:06:05.5913473Z D/EGL_emulation( 2279): app_time_stats: avg=2670.35ms min=2670.35ms max=2670.35ms count=1
2026-09-09T14:06:07.5906463Z D/EGL_emulation( 2279): app_time_stats: avg=1998.91ms min=1998.91ms max=1998.91ms count=1
2026-09-09T14:06:07.6143976Z I/flutter ( 2279): [FluviDiagnostic] stage=BUDGET_HEADER_VALUE_BOUND scope=generation=0 plane=day targetHandle=0 modelBindVsyncMicros=874841835 displayNumeratorScaled100=2839954 displayDenominatorScaled100=2778226 hasLimit=true canonicalLimitScaled100=86125000 entryCount=- error=- message=-
2026-09-09T14:06:09.6486125Z D/EGL_emulation( 2279): app_time_stats: avg=2058.73ms min=2058.73ms max=2058.73ms count=1
2026-09-09T14:06:09.7129434Z I/flutter ( 2279): [FluviDiagnostic] stage=BUDGET_HEADER_VALUE_BOUND scope=generation=0 plane=day targetHandle=0 modelBindVsyncMicros=876891835 displayNumeratorScaled100=2839954 displayDenominatorScaled100=2778226 hasLimit=true canonicalLimitScaled100=86125000 entryCount=- error=- message=-
2026-09-09T14:06:11.9356128Z D/EGL_emulation( 2279): app_time_stats: avg=2284.35ms min=2284.35ms max=2284.35ms count=1
2026-09-09T14:06:14.1189875Z D/EGL_emulation( 2279): app_time_stats: avg=300.40ms min=300.40ms max=300.40ms count=1
2026-09-09T14:06:14.1399168Z I/flutter ( 2279): [FluviDiagnostic] stage=BUDGET_HEADER_VALUE_BOUND scope=generation=0 plane=day targetHandle=0 modelBindVsyncMicros=881375168 displayNumeratorScaled100=2839954 displayDenominatorScaled100=2778226 hasLimit=true canonicalLimitScaled100=86125000 entryCount=- error=- message=-
2026-09-09T14:06:16.1665090Z D/EGL_emulation( 2279): app_time_stats: avg=2048.92ms min=2048.92ms max=2048.92ms count=1
2026-09-09T14:06:18.1351542Z D/EGL_emulation( 2279): app_time_stats: avg=1965.50ms min=1965.50ms max=1965.50ms count=1
2026-09-09T14:06:18.1418988Z I/flutter ( 2279): [FluviDiagnostic] stage=BUDGET_HEADER_VALUE_BOUND scope=generation=0 plane=day targetHandle=0 modelBindVsyncMicros=885375168 displayNumeratorScaled100=2839954 displayDenominatorScaled100=2778226 hasLimit=true canonicalLimitScaled100=86125000 entryCount=- error=- message=-
2026-09-09T14:06:20.1677654Z D/EGL_emulation( 2279): app_time_stats: avg=2029.25ms min=2029.25ms max=2029.25ms count=1
2026-09-09T14:06:22.2738128Z D/EGL_emulation( 2279): app_time_stats: avg=2112.74ms min=2112.74ms max=2112.74ms count=1
2026-09-09T14:06:24.3788770Z D/EGL_emulation( 2279): app_time_stats: avg=2104.58ms min=2104.58ms max=2104.58ms count=1
2026-09-09T14:06:26.5351870Z D/EGL_emulation( 2279): app_time_stats: avg=2155.93ms min=2155.93ms max=2155.93ms count=1
2026-09-09T14:06:26.5579434Z I/flutter ( 2279): [FluviDiagnostic] stage=BUDGET_HEADER_VALUE_BOUND scope=generation=0 plane=day targetHandle=0 modelBindVsyncMicros=893791835 displayNumeratorScaled100=2839954 displayDenominatorScaled100=2778226 hasLimit=true canonicalLimitScaled100=86125000 entryCount=- error=- message=-
2026-09-09T14:06:28.6516222Z D/EGL_emulation( 2279): app_time_stats: avg=2116.17ms min=2116.17ms max=2116.17ms count=1
2026-09-09T14:06:28.6704424Z I/flutter ( 2279): [FluviDiagnostic] stage=BUDGET_HEADER_VALUE_BOUND scope=generation=0 plane=day targetHandle=0 modelBindVsyncMicros=895908501 displayNumeratorScaled100=2839954 displayDenominatorScaled100=2778226 hasLimit=true canonicalLimitScaled100=86125000 entryCount=- error=- message=-
2026-09-09T14:06:30.7687286Z D/EGL_emulation( 2279): app_time_stats: avg=2111.06ms min=2111.06ms max=2111.06ms count=1
2026-09-09T14:06:32.9235172Z D/EGL_emulation( 2279): app_time_stats: avg=2157.74ms min=2157.74ms max=2157.74ms count=1
2026-09-09T14:06:32.9407734Z I/flutter ( 2279): [FluviDiagnostic] stage=BUDGET_HEADER_VALUE_BOUND scope=generation=0 plane=day targetHandle=0 modelBindVsyncMicros=900175168 displayNumeratorScaled100=2839954 displayDenominatorScaled100=2778226 hasLimit=true canonicalLimitScaled100=86125000 entryCount=- error=- message=-
2026-09-09T14:06:35.1194592Z D/EGL_emulation( 2279): app_time_stats: avg=2196.75ms min=2196.75ms max=2196.75ms count=1
2026-09-09T14:06:35.1579637Z I/flutter ( 2279): [FluviDiagnostic] stage=BUDGET_HEADER_VALUE_BOUND scope=generation=0 plane=day targetHandle=0 modelBindVsyncMicros=902375167 displayNumeratorScaled100=2839954 displayDenominatorScaled100=2778226 hasLimit=true canonicalLimitScaled100=86125000 entryCount=- error=- message=-
2026-09-09T14:06:37.3130699Z D/EGL_emulation( 2279): app_time_stats: avg=2193.71ms min=2193.71ms max=2193.71ms count=1
2026-09-09T14:06:39.4550066Z D/EGL_emulation( 2279): app_time_stats: avg=2144.76ms min=2144.76ms max=2144.76ms count=1
2026-09-09T14:06:39.4702132Z I/flutter ( 2279): [FluviDiagnostic] stage=BUDGET_HEADER_VALUE_BOUND scope=generation=0 plane=day targetHandle=0 modelBindVsyncMicros=906708501 displayNumeratorScaled100=2839954 displayDenominatorScaled100=2778226 hasLimit=true canonicalLimitScaled100=86125000 entryCount=- error=- message=-
2026-09-09T14:06:41.5951657Z D/EGL_emulation( 2279): app_time_stats: avg=2139.36ms min=2139.36ms max=2139.36ms count=1
2026-09-09T14:06:43.7344450Z D/EGL_emulation( 2279): app_time_stats: avg=2139.54ms min=2139.54ms max=2139.54ms count=1
2026-09-09T14:06:43.7929437Z I/flutter ( 2279): [FluviDiagnostic] stage=BUDGET_HEADER_VALUE_BOUND scope=generation=0 plane=day targetHandle=0 modelBindVsyncMicros=910991834 displayNumeratorScaled100=2839954 displayDenominatorScaled100=2778226 hasLimit=true canonicalLimitScaled100=86125000 entryCount=- error=- message=-
2026-09-09T14:06:45.7889984Z D/EGL_emulation( 2279): app_time_stats: avg=2046.09ms min=2046.09ms max=2046.09ms count=1
2026-09-09T14:06:47.7239181Z D/EGL_emulation( 2279): app_time_stats: avg=1939.49ms min=1939.49ms max=1939.49ms count=1
2026-09-09T14:06:49.9259324Z D/EGL_emulation( 2279): app_time_stats: avg=2199.29ms min=2199.29ms max=2199.29ms count=1
2026-09-09T14:06:52.0786874Z D/EGL_emulation( 2279): app_time_stats: avg=2154.53ms min=2154.53ms max=2154.53ms count=1
2026-09-09T14:06:52.0979085Z I/flutter ( 2279): [FluviDiagnostic] stage=BUDGET_HEADER_VALUE_BOUND scope=generation=0 plane=day targetHandle=0 modelBindVsyncMicros=919325167 displayNumeratorScaled100=2839954 displayDenominatorScaled100=2778226 hasLimit=true canonicalLimitScaled100=86125000 entryCount=- error=- message=-
2026-09-09T14:06:54.0849290Z D/EGL_emulation( 2279): app_time_stats: avg=2009.57ms min=2009.57ms max=2009.57ms count=1
2026-09-09T14:06:54.1030318Z I/flutter ( 2279): [FluviDiagnostic] stage=BUDGET_HEADER_VALUE_BOUND scope=generation=0 plane=day targetHandle=0 modelBindVsyncMicros=921341833 displayNumeratorScaled100=2839954 displayDenominatorScaled100=2778226 hasLimit=true canonicalLimitScaled100=86125000 entryCount=- error=- message=-
2026-09-09T14:06:56.1728236Z D/EGL_emulation( 2279): app_time_stats: avg=2088.86ms min=2088.86ms max=2088.86ms count=1
2026-09-09T14:06:58.2081613Z D/EGL_emulation( 2279): app_time_stats: avg=2035.06ms min=2035.06ms max=2035.06ms count=1
2026-09-09T14:06:58.2378974Z I/flutter ( 2279): [FluviDiagnostic] stage=BUDGET_HEADER_VALUE_BOUND scope=generation=0 plane=day targetHandle=0 modelBindVsyncMicros=925458500 displayNumeratorScaled100=2839954 displayDenominatorScaled100=2778226 hasLimit=true canonicalLimitScaled100=86125000 entryCount=- error=- message=-
2026-09-09T14:07:00.2169856Z D/EGL_emulation( 2279): app_time_stats: avg=2001.56ms min=2001.56ms max=2001.56ms count=1
2026-09-09T14:07:00.2304218Z I/flutter ( 2279): [FluviDiagnostic] stage=BUDGET_HEADER_VALUE_BOUND scope=generation=0 plane=day targetHandle=0 modelBindVsyncMicros=927458500 displayNumeratorScaled100=2839954 displayDenominatorScaled100=2778226 hasLimit=true canonicalLimitScaled100=86125000 entryCount=- error=- message=-
2026-09-09T14:07:02.6209571Z D/EGL_emulation( 2279): app_time_stats: avg=2408.90ms min=2408.90ms max=2408.90ms count=1
2026-09-09T14:07:04.6103132Z D/EGL_emulation( 2279): app_time_stats: avg=1991.02ms min=1991.02ms max=1991.02ms count=1
2026-09-09T14:07:06.5564435Z I/flutter ( 2279): [FluviDiagnostic] stage=BUDGET_HEADER_VALUE_BOUND scope=generation=0 plane=day targetHandle=0 modelBindVsyncMicros=933775166 displayNumeratorScaled100=2839954 displayDenominatorScaled100=2778226 hasLimit=true canonicalLimitScaled100=86125000 entryCount=- error=- message=-
2026-09-09T14:07:06.7448819Z D/EGL_emulation( 2279): app_time_stats: avg=226.38ms min=226.38ms max=226.38ms count=1
2026-09-09T14:07:08.7137858Z D/EGL_emulation( 2279): app_time_stats: avg=1969.00ms min=1969.00ms max=1969.00ms count=1
2026-09-09T14:07:08.7400691Z I/flutter ( 2279): [FluviDiagnostic] stage=BUDGET_HEADER_VALUE_BOUND scope=generation=0 plane=day targetHandle=0 modelBindVsyncMicros=935958499 displayNumeratorScaled100=2839954 displayDenominatorScaled100=2778226 hasLimit=true canonicalLimitScaled100=86125000 entryCount=- error=- message=-
2026-09-09T14:07:10.9057321Z D/EGL_emulation( 2279): app_time_stats: avg=2184.44ms min=2184.44ms max=2184.44ms count=1
2026-09-09T14:07:13.1114547Z D/EGL_emulation( 2279): app_time_stats: avg=2204.81ms min=2204.81ms max=2204.81ms count=1
2026-09-09T14:07:15.2783585Z D/EGL_emulation( 2279): app_time_stats: avg=2171.27ms min=2171.27ms max=2171.27ms count=1
2026-09-09T14:07:17.2790254Z D/EGL_emulation( 2279): app_time_stats: avg=2000.28ms min=2000.28ms max=2000.28ms count=1
2026-09-09T14:07:17.2906457Z I/flutter ( 2279): [FluviDiagnostic] stage=BUDGET_HEADER_VALUE_BOUND scope=generation=0 plane=day targetHandle=0 modelBindVsyncMicros=944525166 displayNumeratorScaled100=2839954 displayDenominatorScaled100=2778226 hasLimit=true canonicalLimitScaled100=86125000 entryCount=- error=- message=-
2026-09-09T14:07:19.2884867Z D/EGL_emulation( 2279): app_time_stats: avg=2012.77ms min=2012.77ms max=2012.77ms count=1
2026-09-09T14:07:19.3057308Z I/flutter ( 2279): [FluviDiagnostic] stage=BUDGET_HEADER_VALUE_BOUND scope=generation=0 plane=day targetHandle=0 modelBindVsyncMicros=946541832 displayNumeratorScaled100=2839954 displayDenominatorScaled100=2778226 hasLimit=true canonicalLimitScaled100=86125000 entryCount=- error=- message=-
2026-09-09T14:07:21.3151809Z D/EGL_emulation( 2279): app_time_stats: avg=2021.84ms min=2021.84ms max=2021.84ms count=1
2026-09-09T14:07:23.4035579Z D/EGL_emulation( 2279): app_time_stats: avg=2093.65ms min=2093.65ms max=2093.65ms count=1
2026-09-09T14:07:23.4568991Z I/flutter ( 2279): [FluviDiagnostic] stage=BUDGET_HEADER_VALUE_BOUND scope=generation=0 plane=day targetHandle=0 modelBindVsyncMicros=950658499 displayNumeratorScaled100=2839954 displayDenominatorScaled100=2778226 hasLimit=true canonicalLimitScaled100=86125000 entryCount=- error=- message=-
2026-09-09T14:07:25.3849453Z D/EGL_emulation( 2279): app_time_stats: avg=1981.08ms min=1981.08ms max=1981.08ms count=1
2026-09-09T14:07:25.4238987Z I/flutter ( 2279): [FluviDiagnostic] stage=BUDGET_HEADER_VALUE_BOUND scope=generation=0 plane=day targetHandle=0 modelBindVsyncMicros=952641832 displayNumeratorScaled100=2839954 displayDenominatorScaled100=2778226 hasLimit=true canonicalLimitScaled100=86125000 entryCount=- error=- message=-
2026-09-09T14:07:27.4004650Z D/EGL_emulation( 2279): app_time_stats: avg=2015.35ms min=2015.35ms max=2015.35ms count=1
2026-09-09T14:07:29.4714629Z D/EGL_emulation( 2279): app_time_stats: avg=2066.74ms min=2066.74ms max=2066.74ms count=1
2026-09-09T14:07:29.5118196Z I/flutter ( 2279): [FluviDiagnostic] stage=BUDGET_HEADER_VALUE_BOUND scope=generation=0 plane=day targetHandle=0 modelBindVsyncMicros=956725165 displayNumeratorScaled100=2839954 displayDenominatorScaled100=2778226 hasLimit=true canonicalLimitScaled100=86125000 entryCount=- error=- message=-
2026-09-09T14:07:31.6395356Z D/EGL_emulation( 2279): app_time_stats: avg=2168.78ms min=2168.78ms max=2168.78ms count=1
2026-09-09T14:07:33.6128546Z D/EGL_emulation( 2279): app_time_stats: avg=1974.03ms min=1974.03ms max=1974.03ms count=1
2026-09-09T14:07:33.6279232Z I/flutter ( 2279): [FluviDiagnostic] stage=BUDGET_HEADER_VALUE_BOUND scope=generation=0 plane=day targetHandle=0 modelBindVsyncMicros=960858498 displayNumeratorScaled100=2839954 displayDenominatorScaled100=2778226 hasLimit=true canonicalLimitScaled100=86125000 entryCount=- error=- message=-
2026-09-09T14:07:35.6604646Z D/EGL_emulation( 2279): app_time_stats: avg=2049.53ms min=2049.53ms max=2049.53ms count=1
2026-09-09T14:07:37.7787525Z D/EGL_emulation( 2279): app_time_stats: avg=2116.01ms min=2116.01ms max=2116.01ms count=1
2026-09-09T14:07:39.9121667Z D/EGL_emulation( 2279): app_time_stats: avg=2132.73ms min=2132.73ms max=2132.73ms count=1
2026-09-09T14:07:41.9561173Z D/EGL_emulation( 2279): app_time_stats: avg=2044.89ms min=2044.89ms max=2044.89ms count=1
2026-09-09T14:07:41.9919496Z I/flutter ( 2279): [FluviDiagnostic] stage=BUDGET_HEADER_VALUE_BOUND scope=generation=0 plane=day targetHandle=0 modelBindVsyncMicros=969208498 displayNumeratorScaled100=2839954 displayDenominatorScaled100=2778226 hasLimit=true canonicalLimitScaled100=86125000 entryCount=- error=- message=-
2026-09-09T14:07:43.9533510Z D/EGL_emulation( 2279): app_time_stats: avg=1995.70ms min=1995.70ms max=1995.70ms count=1
2026-09-09T14:07:44.0119594Z I/flutter ( 2279): [FluviDiagnostic] stage=BUDGET_HEADER_VALUE_BOUND scope=generation=0 plane=day targetHandle=0 modelBindVsyncMicros=971208498 displayNumeratorScaled100=2839954 displayDenominatorScaled100=2778226 hasLimit=true canonicalLimitScaled100=86125000 entryCount=- error=- message=-
2026-09-09T14:07:45.9629709Z D/EGL_emulation( 2279): app_time_stats: avg=2012.53ms min=2012.53ms max=2012.53ms count=1
2026-09-09T14:07:48.1014145Z D/EGL_emulation( 2279): app_time_stats: avg=2131.74ms min=2131.74ms max=2131.74ms count=1
2026-09-09T14:07:48.1196758Z I/flutter ( 2279): [FluviDiagnostic] stage=BUDGET_HEADER_VALUE_BOUND scope=generation=0 plane=day targetHandle=0 modelBindVsyncMicros=975341831 displayNumeratorScaled100=2839954 displayDenominatorScaled100=2778226 hasLimit=true canonicalLimitScaled100=86125000 entryCount=- error=- message=-
2026-09-09T14:07:50.3478441Z D/EGL_emulation( 2279): app_time_stats: avg=2250.70ms min=2250.70ms max=2250.70ms count=1
2026-09-09T14:07:50.4509742Z I/flutter ( 2279): [FluviDiagnostic] stage=BUDGET_HEADER_VALUE_BOUND scope=generation=0 plane=day targetHandle=0 modelBindVsyncMicros=977591831 displayNumeratorScaled100=2839954 displayDenominatorScaled100=2778226 hasLimit=true canonicalLimitScaled100=86125000 entryCount=- error=- message=-
2026-09-09T14:07:52.6576570Z D/EGL_emulation( 2279): app_time_stats: avg=2310.22ms min=2310.22ms max=2310.22ms count=1
2026-09-09T14:07:54.9201651Z D/EGL_emulation( 2279): app_time_stats: avg=244.76ms min=244.76ms max=244.76ms count=1
2026-09-09T14:07:54.9360268Z I/flutter ( 2279): [FluviDiagnostic] stage=BUDGET_HEADER_VALUE_BOUND scope=generation=0 plane=day targetHandle=0 modelBindVsyncMicros=982175164 displayNumeratorScaled100=2839954 displayDenominatorScaled100=2778226 hasLimit=true canonicalLimitScaled100=86125000 entryCount=- error=- message=-
2026-09-09T14:07:56.8397188Z D/EGL_emulation( 2279): app_time_stats: avg=1911.89ms min=1911.89ms max=1911.89ms count=1
2026-09-09T14:07:58.9859860Z D/EGL_emulation( 2279): app_time_stats: avg=2144.70ms min=2144.70ms max=2144.70ms count=1
2026-09-09T14:07:58.9883212Z I/flutter ( 2279): [FluviDiagnostic] stage=BUDGET_HEADER_VALUE_BOUND scope=generation=0 plane=day targetHandle=0 modelBindVsyncMicros=986225164 displayNumeratorScaled100=2839954 displayDenominatorScaled100=2778226 hasLimit=true canonicalLimitScaled100=86125000 entryCount=- error=- message=-
2026-09-09T14:08:01.1795465Z D/EGL_emulation( 2279): app_time_stats: avg=2151.75ms min=2151.75ms max=2151.75ms count=1
2026-09-09T14:08:03.9373374Z D/EGL_emulation( 2279): app_time_stats: avg=2808.32ms min=2808.32ms max=2808.32ms count=1
2026-09-09T14:08:06.0835122Z D/EGL_emulation( 2279): app_time_stats: avg=2142.98ms min=2142.98ms max=2142.98ms count=1
2026-09-09T14:08:08.2210923Z D/EGL_emulation( 2279): app_time_stats: avg=2137.18ms min=2137.18ms max=2137.18ms count=1
2026-09-09T14:08:08.2563258Z I/flutter ( 2279): [FluviDiagnostic] stage=BUDGET_HEADER_VALUE_BOUND scope=generation=0 plane=day targetHandle=0 modelBindVsyncMicros=995475164 displayNumeratorScaled100=2839954 displayDenominatorScaled100=2778226 hasLimit=true canonicalLimitScaled100=86125000 entryCount=- error=- message=-
2026-09-09T14:08:10.2965343Z D/EGL_emulation( 2279): app_time_stats: avg=2078.13ms min=2078.13ms max=2078.13ms count=1
2026-09-09T14:08:10.3142210Z I/flutter ( 2279): [FluviDiagnostic] stage=BUDGET_HEADER_VALUE_BOUND scope=generation=0 plane=day targetHandle=0 modelBindVsyncMicros=997541830 displayNumeratorScaled100=2839954 displayDenominatorScaled100=2778226 hasLimit=true canonicalLimitScaled100=86125000 entryCount=- error=- message=-
2026-09-09T14:08:12.3984787Z D/EGL_emulation( 2279): app_time_stats: avg=2102.08ms min=2102.08ms max=2102.08ms count=1
2026-09-09T14:08:14.3617668Z D/EGL_emulation( 2279): app_time_stats: avg=1960.39ms min=1960.39ms max=1960.39ms count=1
2026-09-09T14:08:14.3695290Z I/flutter ( 2279): [FluviDiagnostic] stage=BUDGET_HEADER_VALUE_BOUND scope=generation=0 plane=day targetHandle=0 modelBindVsyncMicros=1001608497 displayNumeratorScaled100=2839954 displayDenominatorScaled100=2778226 hasLimit=true canonicalLimitScaled100=86125000 entryCount=- error=- message=-
2026-09-09T14:08:16.1957730Z D/EGL_emulation( 2279): app_time_stats: avg=1828.74ms min=1828.74ms max=1828.74ms count=1
2026-09-09T14:08:16.2138156Z I/flutter ( 2279): [FluviDiagnostic] stage=BUDGET_HEADER_VALUE_BOUND scope=generation=0 plane=day targetHandle=0 modelBindVsyncMicros=1003441830 displayNumeratorScaled100=2839954 displayDenominatorScaled100=2778226 hasLimit=true canonicalLimitScaled100=86125000 entryCount=- error=- message=-
2026-09-09T14:08:18.4000976Z D/EGL_emulation( 2279): app_time_stats: avg=2208.46ms min=2208.46ms max=2208.46ms count=1
2026-09-09T14:08:20.3689898Z D/EGL_emulation( 2279): app_time_stats: avg=1966.04ms min=1966.04ms max=1966.04ms count=1
2026-09-09T14:08:20.3870984Z I/flutter ( 2279): [FluviDiagnostic] stage=BUDGET_HEADER_VALUE_BOUND scope=generation=0 plane=day targetHandle=0 modelBindVsyncMicros=1007608497 displayNumeratorScaled100=2839954 displayDenominatorScaled100=2778226 hasLimit=true canonicalLimitScaled100=86125000 entryCount=- error=- message=-
2026-09-09T14:08:22.5029983Z D/EGL_emulation( 2279): app_time_stats: avg=2134.53ms min=2134.53ms max=2134.53ms count=1
2026-09-09T14:08:24.5472104Z D/EGL_emulation( 2279): app_time_stats: avg=2047.48ms min=2047.48ms max=2047.48ms count=1
2026-09-09T14:08:24.5505478Z I/flutter ( 2279): [FluviDiagnostic] stage=BUDGET_HEADER_VALUE_BOUND scope=generation=0 plane=day targetHandle=0 modelBindVsyncMicros=1011791830 displayNumeratorScaled100=2839954 displayDenominatorScaled100=2778226 hasLimit=true canonicalLimitScaled100=86125000 entryCount=- error=- message=-
2026-09-09T14:08:26.5980153Z D/EGL_emulation( 2279): app_time_stats: avg=2045.79ms min=2045.79ms max=2045.79ms count=1
2026-09-09T14:08:28.7359327Z D/EGL_emulation( 2279): app_time_stats: avg=2142.62ms min=2142.62ms max=2142.62ms count=1
2026-09-09T14:08:31.2561130Z D/EGL_emulation( 2279): app_time_stats: avg=2515.97ms min=2515.97ms max=2515.97ms count=1
2026-09-09T14:08:33.4231733Z D/EGL_emulation( 2279): app_time_stats: avg=2168.13ms min=2168.13ms max=2168.13ms count=1
2026-09-09T14:08:33.4582955Z I/flutter ( 2279): [FluviDiagnostic] stage=BUDGET_HEADER_VALUE_BOUND scope=generation=0 plane=day targetHandle=0 modelBindVsyncMicros=1020675163 displayNumeratorScaled100=2839954 displayDenominatorScaled100=2778226 hasLimit=true canonicalLimitScaled100=86125000 entryCount=- error=- message=-
2026-09-09T14:08:35.5280593Z D/EGL_emulation( 2279): app_time_stats: avg=2106.74ms min=2106.74ms max=2106.74ms count=1
2026-09-09T14:08:35.5373027Z I/flutter ( 2279): [FluviDiagnostic] stage=BUDGET_HEADER_VALUE_BOUND scope=generation=0 plane=day targetHandle=0 modelBindVsyncMicros=1022775163 displayNumeratorScaled100=2839954 displayDenominatorScaled100=2778226 hasLimit=true canonicalLimitScaled100=86125000 entryCount=- error=- message=-
2026-09-09T14:08:37.4858000Z D/EGL_emulation( 2279): app_time_stats: avg=1954.29ms min=1954.29ms max=1954.29ms count=1
2026-09-09T14:08:39.5598546Z D/EGL_emulation( 2279): app_time_stats: avg=2063.76ms min=2063.76ms max=2063.76ms count=1
2026-09-09T14:08:39.5769121Z I/flutter ( 2279): [FluviDiagnostic] stage=BUDGET_HEADER_VALUE_BOUND scope=generation=0 plane=day targetHandle=0 modelBindVsyncMicros=1026791829 displayNumeratorScaled100=2839954 displayDenominatorScaled100=2778226 hasLimit=true canonicalLimitScaled100=86125000 entryCount=- error=- message=-
2026-09-09T14:08:41.5648580Z D/EGL_emulation( 2279): app_time_stats: avg=2016.92ms min=2016.92ms max=2016.92ms count=1
2026-09-09T14:08:41.5738342Z I/flutter ( 2279): [FluviDiagnostic] stage=BUDGET_HEADER_VALUE_BOUND scope=generation=0 plane=day targetHandle=0 modelBindVsyncMicros=1028808496 displayNumeratorScaled100=2839954 displayDenominatorScaled100=2778226 hasLimit=true canonicalLimitScaled100=86125000 entryCount=- error=- message=-
2026-09-09T14:08:43.5928176Z D/EGL_emulation( 2279): app_time_stats: avg=2029.63ms min=2029.63ms max=2029.63ms count=1
2026-09-09T14:08:45.6830804Z D/EGL_emulation( 2279): app_time_stats: avg=2086.75ms min=2086.75ms max=2086.75ms count=1
2026-09-09T14:08:45.7005804Z I/flutter ( 2279): [FluviDiagnostic] stage=BUDGET_HEADER_VALUE_BOUND scope=generation=0 plane=day targetHandle=0 modelBindVsyncMicros=1032925162 displayNumeratorScaled100=2839954 displayDenominatorScaled100=2778226 hasLimit=true canonicalLimitScaled100=86125000 entryCount=- error=- message=-
2026-09-09T14:08:47.7254053Z D/EGL_emulation( 2279): app_time_stats: avg=2042.96ms min=2042.96ms max=2042.96ms count=1
2026-09-09T14:08:49.8993452Z D/EGL_emulation( 2279): app_time_stats: avg=2171.49ms min=2171.49ms max=2171.49ms count=1
2026-09-09T14:08:49.9318657Z I/flutter ( 2279): [FluviDiagnostic] stage=BUDGET_HEADER_VALUE_BOUND scope=generation=0 plane=day targetHandle=0 modelBindVsyncMicros=1037141829 displayNumeratorScaled100=2839954 displayDenominatorScaled100=2778226 hasLimit=true canonicalLimitScaled100=86125000 entryCount=- error=- message=-
2026-09-09T14:08:51.8763328Z D/EGL_emulation( 2279): app_time_stats: avg=1980.85ms min=1980.85ms max=1980.85ms count=1
2026-09-09T14:08:53.9542554Z D/EGL_emulation( 2279): app_time_stats: avg=2078.32ms min=2078.32ms max=2078.32ms count=1
2026-09-09T14:08:56.0650263Z D/EGL_emulation( 2279): app_time_stats: avg=2111.11ms min=2111.11ms max=2111.11ms count=1
2026-09-09T14:08:58.0890498Z D/EGL_emulation( 2279): app_time_stats: avg=2015.88ms min=2015.88ms max=2015.88ms count=1
2026-09-09T14:08:58.1103357Z I/flutter ( 2279): [FluviDiagnostic] stage=BUDGET_HEADER_VALUE_BOUND scope=generation=0 plane=day targetHandle=0 modelBindVsyncMicros=1045325162 displayNumeratorScaled100=2839954 displayDenominatorScaled100=2778226 hasLimit=true canonicalLimitScaled100=86125000 entryCount=- error=- message=-
2026-09-09T14:08:59.8017309Z I/flutter ( 2279): [PROFILE][SCENARIO_READY] D_month_day_rail_94
2026-09-09T14:08:59.8026785Z I/flutter ( 2279): [PROFILE][SCENARIO_START] E_month_day_rail_empty
2026-09-09T14:09:00.0958867Z D/EGL_emulation( 2279): app_time_stats: avg=2014.56ms min=2014.56ms max=2014.56ms count=1
2026-09-09T14:09:00.1067954Z I/flutter ( 2279): [FluviDiagnostic] stage=DASHBOARD_STARTUP_ATTEMPT_STARTED scope=attemptGeneration=1 stage=bootstrap entryCount=- error=- message=-
2026-09-09T14:09:00.1608487Z I/flutter ( 2279): [FluviDiagnostic] stage=READINESS_PHASE_ENTERED scope=- entryCount=- error=- message=databasePending
2026-09-09T14:09:00.1637279Z I/flutter ( 2279): [FluviDiagnostic] stage=READINESS_PHASE_ENTERED scope=- entryCount=- error=- message=indexBuilding
2026-09-09T14:09:00.1667192Z I/flutter ( 2279): [FluviDiagnostic] stage=READINESS_TASK_STARTED scope=- entryCount=- error=- message=viewportPayload
2026-09-09T14:09:00.2258209Z D/FluviDashboard( 2279): [FLOW][INDEX_BUILD_STARTED] INDEX_BUILD_STARTED flowId=- queryKey=- direction=- scope=generation=1 acquisitionReason=bootstrap requestIdentity=rev=2|income=income|periods:|categories:|partners:|refinements:min=,max=,hasNote=false|expense=expense|periods:|categories:|partners:|refinements:min=,max=,hasNote=false|page=24|window=2012-2036 revision=2 totalMinor=- entryCount=-
2026-09-09T14:09:00.4350001Z I/com.fluvi.app( 2279): Background concurrent mark compact GC freed 4591KB AllocSpace bytes, 2(536KB) LOS objects, 49% free, 3575KB/7151KB, paused 176us,12.131ms total 105.710ms
2026-09-09T14:09:00.8838306Z I/com.fluvi.app( 2279): Background concurrent mark compact GC freed 4100KB AllocSpace bytes, 0(0B) LOS objects, 49% free, 3795KB/7591KB, paused 2.003ms,25.455ms total 162.992ms
2026-09-09T14:09:01.1828263Z I/com.fluvi.app( 2279): Background concurrent mark compact GC freed 4276KB AllocSpace bytes, 0(0B) LOS objects, 49% free, 4287KB/8575KB, paused 391us,5.138ms total 134.486ms
2026-09-09T14:09:01.9428844Z I/com.fluvi.app( 2279): Background concurrent mark compact GC freed 6280KB AllocSpace bytes, 0(0B) LOS objects, 49% free, 4507KB/9015KB, paused 486us,5.074ms total 339.030ms
2026-09-09T14:09:02.4113038Z I/com.fluvi.app( 2279): Background concurrent mark compact GC freed 4260KB AllocSpace bytes, 0(0B) LOS objects, 49% free, 6095KB/11MB, paused 301us,7.030ms total 163.838ms
2026-09-09T14:09:02.6287578Z D/EGL_emulation( 2279): app_time_stats: avg=2527.98ms min=2527.98ms max=2527.98ms count=1
2026-09-09T14:09:02.8680697Z D/FluviDashboard( 2279): [FLOW][INDEX_BUILD_READY] INDEX_BUILD_READY flowId=- queryKey=- direction=- scope=generation=1 acquisitionReason=bootstrap requestIdentity=rev=2|income=income|periods:|categories:|partners:|refinements:min=,max=,hasNote=false|expense=expense|periods:|categories:|partners:|refinements:min=,max=,hasNote=false|page=24|window=2012-2036 sqlCalls=5 sqlMicros=1801377 frames=1012 rows=4304 payloadBytes=2175073 serializationMicros=205233 revision=2 totalMinor=- entryCount=-
2026-09-09T14:09:02.9809757Z I/com.fluvi.app( 2279): Background concurrent mark compact GC freed 2008KB AllocSpace bytes, 3(7180KB) LOS objects, 49% free, 11MB/23MB, paused 162us,7.667ms total 106.682ms
2026-09-09T14:09:03.6710536Z D/EGL_emulation( 2279): app_time_stats: avg=196.37ms min=148.88ms max=262.10ms count=4
2026-09-09T14:09:03.8398227Z D/FluviDashboard( 2279): [FLOW][FINANCIAL_LIMIT_SNAPSHOT_PREPARE_STARTED] FINANCIAL_LIMIT_SNAPSHOT_PREPARE_STARTED flowId=- queryKey=- direction=- scope=yearWindowStart=2012 yearWindowEnd=2036 revision=2 totalMinor=- entryCount=-
2026-09-09T14:09:03.9394591Z D/FluviDashboard( 2279): [FLOW][FINANCIAL_LIMIT_SNAPSHOT_READY] FINANCIAL_LIMIT_SNAPSHOT_READY flowId=- queryKey=- direction=- scope=incomeTargetCount=3 incomeCategoryCount=2 expenseTargetCount=9 expenseCategoryCount=8 periodSliceCount=326 payloadBytes=320072 sqlCalls=5 nativeSqlMicros=80975 revision=2 totalMinor=- entryCount=-
2026-09-09T14:09:04.0128283Z D/FluviDashboard( 2279): [FLOW][BUDGET_PARTNER_SNAPSHOT_PREPARE_STARTED] BUDGET_PARTNER_SNAPSHOT_PREPARE_STARTED flowId=- queryKey=- direction=- scope=yearWindowStart=2012 yearWindowEnd=2036 revision=2 totalMinor=- entryCount=-
2026-09-09T14:09:04.2499080Z D/FluviDashboard( 2279): [FLOW][BUDGET_PARTNER_SNAPSHOT_READY] BUDGET_PARTNER_SNAPSHOT_READY flowId=- queryKey=- direction=- scope=incomePartnerCount=4 expensePartnerCount=23 periodSlices=326 payloadBytes=347027 sqlCalls=5 nativeSqlMicros=150219 revision=2 totalMinor=- entryCount=-
2026-09-09T14:09:04.2677398Z I/flutter ( 2279): [FluviDiagnostic] stage=READINESS_TASK_COMPLETED scope=- entryCount=- error=- message=viewportPayload
2026-09-09T14:09:04.2695539Z I/flutter ( 2279): [FluviDiagnostic] stage=READINESS_PHASE_ENTERED scope=- entryCount=- error=- message=presentationPreparing
2026-09-09T14:09:04.2727051Z I/flutter ( 2279): [FluviDiagnostic] stage=READINESS_TASK_STARTED scope=- entryCount=- error=- message=renderResources
2026-09-09T14:09:04.2737400Z I/flutter ( 2279): [FluviDiagnostic] stage=READINESS_TASK_COMPLETED scope=- entryCount=- error=- message=renderResources
2026-09-09T14:09:04.2739487Z I/flutter ( 2279): [FluviDiagnostic] stage=READINESS_PHASE_ENTERED scope=- entryCount=- error=- message=renderCriticalWarmup
2026-09-09T14:09:04.2747715Z I/flutter ( 2279): [FluviDiagnostic] stage=READINESS_TASK_STARTED scope=- entryCount=- error=- message=logBoxSurface
2026-09-09T14:09:04.3121587Z I/com.fluvi.app( 2279): Background concurrent mark compact GC freed 12MB AllocSpace bytes, 22(9772KB) LOS objects, 49% free, 4251KB/8503KB, paused 129us,8.160ms total 162.942ms
2026-09-09T14:09:04.4504309Z I/flutter ( 2279): [FluviDiagnostic] stage=BUDGET_HEADER_VALUE_BOUND scope=generation=0 plane=day targetHandle=0 modelBindVsyncMicros=1051691828 displayNumeratorScaled100=0 displayDenominatorScaled100=2143313 hasLimit=true canonicalLimitScaled100=66442707 entryCount=- error=- message=-
2026-09-09T14:09:04.4626117Z I/flutter ( 2279): [FluviDiagnostic] stage=HEADER_PORTAL_EFFECT_CATALOG_VERIFIED scope=- entryCount=- error=- message=innerOptionCount=5 backgroundOptionCount=5 sameOptions=true sameRenderer=false sameParameterSchema=true sameDefaults=true sameState=false sameClockSource=true
2026-09-09T14:09:04.4632398Z I/flutter ( 2279): [FluviDiagnostic] stage=BUDGET_HEADER_COOL_COLOR_BOUND scope=source=cool driver=userGlobal positionPct=50 windowWidthPct=28 leftRawPct=36.0 centerRawPct=50.0 rightRawPct=64.0 leftSamplePct=36.0 centerSamplePct=50.0 rightSamplePct=64.0 colorAArgb=4284604923 colorMidArgb=4279551457 colorBArgb=4278423754 settingsGeneration=0 entryCount=- error=- message=-
2026-09-09T14:09:04.4664012Z I/flutter ( 2279): [FluviDiagnostic] stage=READINESS_TASK_COMPLETED scope=- entryCount=- error=- message=logBoxSurface
2026-09-09T14:09:04.4665845Z I/flutter ( 2279): [FluviDiagnostic] stage=READINESS_TASK_STARTED scope=- entryCount=- error=- message=logBoxLayout
2026-09-09T14:09:04.4696364Z I/flutter ( 2279): [FluviDiagnostic] stage=READINESS_TASK_COMPLETED scope=- entryCount=- error=- message=logBoxLayout
2026-09-09T14:09:04.4698182Z I/flutter ( 2279): [FluviDiagnostic] stage=READINESS_TASK_STARTED scope=- entryCount=- error=- message=textLayoutSlots
2026-09-09T14:09:04.4703620Z I/flutter ( 2279): [FluviDiagnostic] stage=SCENE_WINDOW_PREPARE_STARTED scope=owner=renderCriticalReadiness priority=5 entryCount=0 error=- message=-
2026-09-09T14:09:04.4869690Z I/flutter ( 2279): [FluviDiagnostic] stage=HEADER_RENDER_BACKEND_BOUND scope=commitSha=33ee878b070345c336bb73df2b087d9a63c87c5a backend=fragmentShader logicalWidth=375.4757281553398 logicalHeight=123.8252427184466 devicePixelRatio=2.6260019651445416 physicalWidth=986.0 physicalHeight=326.0 backendIdentity=149540541 entryCount=- error=- message=-
2026-09-09T14:09:04.4893629Z I/flutter ( 2279): [FluviDiagnostic] stage=HEADER_PORTAL_INNER_CHANNEL_BOUND scope=enabled=true effectId=wandering-mist settingsGeneration=0 phaseOwnerIdentity=487425383 controllerIdentity=1033675906 fragmentBackendIdentity=149540541 programIdentity=149540541 shaderIdentity=149540541 canonicalFieldStopCount=2 canonicalFieldStopHash=43d59ffd portalColorModel=paletteCoordinate inputSignature=578be1e entryCount=- error=- message=-
2026-09-09T14:09:04.4910296Z I/flutter ( 2279): [FluviDiagnostic] stage=HEADER_PORTAL_BACKGROUND_CHANNEL_BOUND scope=enabled=true effectId=wandering-mist settingsGeneration=0 phaseOwnerIdentity=487425383 controllerIdentity=1033675906 fragmentBackendIdentity=149540541 programIdentity=149540541 shaderIdentity=149540541 canonicalFieldStopCount=2 canonicalFieldStopHash=43d59ffd portalColorModel=paletteCoordinate inputSignature=578be1e entryCount=- error=- message=-
2026-09-09T14:09:04.4945556Z I/flutter ( 2279): [FluviDiagnostic] stage=HEADER_PORTAL_FRAGMENT_INPUT_BOUND scope=innerEnabled=true innerEffect=wandering-mist innerSettingsHash=143ac802 backgroundEnabled=true backgroundEffect=wandering-mist backgroundSettingsHash=143ac802 uniformLayoutVersion=3 fragmentConfigurationGeneration=1 fragmentBackendIdentity=149540541 programIdentity=149540541 shaderIdentity=149540541 canonicalFieldStopCount=2 canonicalFieldStopHash=43d59ffd portalColorModel=paletteCoordinate entryCount=- error=- message=-
2026-09-09T14:09:04.4968733Z I/flutter ( 2279): [FluviDiagnostic] stage=HEADER_SHADER_READY scope=asset=shaders/dashboard_header_field.frag programIdentity=974727089 shaderIdentity=71376092 flutterVersion=3.41.4 rendererBackend=runtimeEffect engineBackend=notExposedByDart entryCount=- error=- message=-
2026-09-09T14:09:04.5009588Z I/flutter ( 2279): [FluviDiagnostic] stage=SUMMARY_PARENT_HOTSET_PREPARE_STARTED scope=- entryCount=0 error=- message=-
2026-09-09T14:09:04.5050563Z I/flutter ( 2279): [FluviDiagnostic] stage=SCENE_WINDOW_PREPARE_DEFERRED scope=owner=speculativeMaintenance priority=1 blockedBy=renderCriticalReadiness blockedByPriority=5 entryCount=0 error=- message=-
2026-09-09T14:09:04.5058419Z I/flutter ( 2279): [FluviDiagnostic] stage=SCENE_WINDOW_PREPARE_CANCELLATION_REJECTED scope=requester=foregroundInteraction requesterPriority=4 owner=renderCriticalReadiness ownerPriority=5 entryCount=- error=- message=-
2026-09-09T14:09:04.5102409Z I/flutter ( 2279): [FluviDiagnostic] stage=SCENE_WINDOW_SLICE_OVER_BUDGET scope=boundary=completion elapsedMicros=1847 budgetMicros=1000 entryCount=0 error=- message=-
2026-09-09T14:09:04.5130622Z I/flutter ( 2279): [FluviDiagnostic] stage=SCENE_WINDOW_PREPARE_COMPLETED scope=owner=renderCriticalReadiness priority=5 entryCount=0 error=- message=uiIsolateMicros=2037 largestContiguousUiSliceMicros=1847 yields=1 richRowProjectionMicros=0 richFrameProjectionMicros=0 projectedUniqueRows=0 projectedFrames=0 reusedProjectedRows=0 reusedProjectedFrames=0 uniqueRowLayouts=0 reusedRowLayouts=0 newRowLayouts=0 sceneNew=0 sceneReuse=0 pauseCount=0 resumeCount=0 semanticsWork=0 rasterWork=0 allocationCount=0
2026-09-09T14:09:04.5157509Z I/flutter ( 2279): [FluviDiagnostic] stage=SCENE_WINDOW_PREPARE_STARTED scope=owner=liveInteractionResource priority=4 entryCount=0 error=- message=-
2026-09-09T14:09:04.5187127Z I/flutter ( 2279): [FluviDiagnostic] stage=READINESS_TASK_COMPLETED scope=- entryCount=- error=- message=textLayoutSlots
2026-09-09T14:09:04.5190605Z I/flutter ( 2279): [FluviDiagnostic] stage=SCENE_WINDOW_PREPARE_DEFERRED scope=owner=speculativeMaintenance priority=1 blockedBy=liveInteractionResource blockedByPriority=4 entryCount=0 error=- message=-
2026-09-09T14:09:04.5218159Z I/flutter ( 2279): [FluviDiagnostic] stage=SCENE_WINDOW_SLICE_OVER_BUDGET scope=boundary=emptySceneAssembly elapsedMicros=2631 budgetMicros=1000 entryCount=0 error=- message=-
2026-09-09T14:09:04.5220712Z I/flutter ( 2279): [FluviDiagnostic] stage=READINESS_PHASE_ENTERED scope=- entryCount=- error=- message=ready
2026-09-09T14:09:04.5222908Z I/flutter ( 2279): [FluviDiagnostic] stage=DASHBOARD_STARTUP_READY scope=attemptGeneration=1 stage=ready readinessTask=- entryCount=- error=- message=-
2026-09-09T14:09:04.5224853Z I/flutter ( 2279): [FluviDiagnostic] stage=READINESS_READY scope=- entryCount=- error=- message=-
2026-09-09T14:09:04.5240611Z I/flutter ( 2279): [FluviDiagnostic] stage=SCENE_WINDOW_PREPARE_COMPLETED scope=owner=liveInteractionResource priority=4 entryCount=0 error=- message=uiIsolateMicros=2726 largestContiguousUiSliceMicros=2631 yields=2 richRowProjectionMicros=0 richFrameProjectionMicros=0 projectedUniqueRows=0 projectedFrames=0 reusedProjectedRows=0 reusedProjectedFrames=0 uniqueRowLayouts=0 reusedRowLayouts=0 newRowLayouts=0 sceneNew=0 sceneReuse=0 pauseCount=0 resumeCount=0 semanticsWork=0 rasterWork=0 allocationCount=0
2026-09-09T14:09:04.5245294Z I/flutter ( 2279): [FluviDiagnostic] stage=SCENE_WINDOW_PREPARE_STARTED scope=owner=speculativeMaintenance priority=1 entryCount=0 error=- message=-
2026-09-09T14:09:04.5251584Z I/flutter ( 2279): [FluviDiagnostic] stage=SCENE_WINDOW_PREPARE_COMPLETED scope=owner=speculativeMaintenance priority=1 entryCount=0 error=- message=uiIsolateMicros=104 largestContiguousUiSliceMicros=104 yields=1 richRowProjectionMicros=0 richFrameProjectionMicros=0 projectedUniqueRows=0 projectedFrames=0 reusedProjectedRows=0 reusedProjectedFrames=0 uniqueRowLayouts=0 reusedRowLayouts=0 newRowLayouts=0 sceneNew=0 sceneReuse=0 pauseCount=0 resumeCount=0 semanticsWork=0 rasterWork=0 allocationCount=0
2026-09-09T14:09:04.5287162Z I/flutter ( 2279): [FluviDiagnostic] stage=SUMMARY_PARENT_HOTSET_PREPARE_READY scope=- entryCount=0 error=- message=-
2026-09-09T14:09:04.5302451Z I/flutter ( 2279): [FluviDiagnostic] stage=SUMMARY_PARENT_HOTSET_PREPARE_STARTED scope=- entryCount=0 error=- message=-
2026-09-09T14:09:04.5317635Z I/flutter ( 2279): [FluviDiagnostic] stage=SUMMARY_PARENT_HOTSET_PREPARE_READY scope=- entryCount=0 error=- message=-
2026-09-09T14:09:04.6058198Z I/flutter ( 2279): [FluviDiagnostic] stage=SCENE_WINDOW_PREPARE_STARTED scope=owner=foregroundNavigation priority=3 entryCount=48 error=- message=-
2026-09-09T14:09:04.6205035Z I/flutter ( 2279): [FluviDiagnostic] stage=SCENE_WINDOW_SLICE_OVER_BUDGET scope=boundary=dayHeader elapsedMicros=1026 budgetMicros=1000 entryCount=48 error=- message=-
2026-09-09T14:09:04.6212305Z I/flutter ( 2279): [FluviDiagnostic] stage=SCENE_WINDOW_PREPARE_COMPLETED scope=owner=foregroundNavigation priority=3 entryCount=48 error=- message=uiIsolateMicros=11162 largestContiguousUiSliceMicros=1035 yields=32 richRowProjectionMicros=69 richFrameProjectionMicros=338 projectedUniqueRows=48 projectedFrames=2 reusedProjectedRows=0 reusedProjectedFrames=0 uniqueRowLayouts=48 reusedRowLayouts=0 newRowLayouts=48 sceneNew=2 sceneReuse=0 pauseCount=0 resumeCount=0 semanticsWork=0 rasterWork=0 allocationCount=83
2026-09-09T14:09:04.6239760Z I/flutter ( 2279): [FluviDiagnostic] stage=HEADER_RENDER_FIDELITY_CONFIG scope=outputResolutionMode=nativeSurface fieldEvaluationMode=perFragment logicalWidth=375.4757281553398 logicalHeight=123.8252427184466 physicalWidth=986.0 physicalHeight=326.0 sourceRenderScale=0.6 effectId=dualTide backend=fragmentShader physicalTarget=986.0x326.0 parentTransformScale=notObservableInCanvas touchOverlayBackend=fragmentShaderAnalytic shaderFailureFallback=nativeStaticGradient shaderReady=true shaderFailure=false entryCount=- error=- message=-
2026-09-09T14:09:04.6269177Z I/flutter ( 2279): [FluviDiagnostic] stage=HEADER_TOUCH_RENDER_PATH_BOUND scope=fieldBackend=fragmentShader overlayBackend=fragmentShaderAnalytic trailBackend=fragmentShaderAnalytic logicalSize=375.4757281553398x123.8252427184466 physicalSize=986.0x326.0 usesSaveLayer=false usesOffscreenIntermediate=false entryCount=- error=- message=-
2026-09-09T14:09:04.6299936Z I/flutter ( 2279): [FluviDiagnostic] stage=HEADER_PORTAL_INNER_CHANNEL_BOUND scope=enabled=true effectId=wandering-mist settingsGeneration=0 phaseOwnerIdentity=487425383 controllerIdentity=1033675906 fragmentBackendIdentity=149540541 programIdentity=974727089 shaderIdentity=71376092 canonicalFieldStopCount=2 canonicalFieldStopHash=43d59ffd portalColorModel=paletteCoordinate inputSignature=2330b97 entryCount=- error=- message=-
2026-09-09T14:09:04.6330017Z I/flutter ( 2279): [FluviDiagnostic] stage=HEADER_PORTAL_BACKGROUND_CHANNEL_BOUND scope=enabled=true effectId=wandering-mist settingsGeneration=0 phaseOwnerIdentity=487425383 controllerIdentity=1033675906 fragmentBackendIdentity=149540541 programIdentity=974727089 shaderIdentity=71376092 canonicalFieldStopCount=2 canonicalFieldStopHash=43d59ffd portalColorModel=paletteCoordinate inputSignature=2330b97 entryCount=- error=- message=-
2026-09-09T14:09:04.6409206Z I/flutter ( 2279): [FluviDiagnostic] stage=HEADER_PORTAL_FRAGMENT_INPUT_BOUND scope=innerEnabled=true innerEffect=wandering-mist innerSettingsHash=143ac802 backgroundEnabled=true backgroundEffect=wandering-mist backgroundSettingsHash=143ac802 uniformLayoutVersion=3 fragmentConfigurationGeneration=2 fragmentBackendIdentity=149540541 programIdentity=974727089 shaderIdentity=71376092 canonicalFieldStopCount=2 canonicalFieldStopHash=43d59ffd portalColorModel=paletteCoordinate entryCount=- error=- message=-
2026-09-09T14:09:04.7701823Z D/EGL_emulation( 2279): app_time_stats: avg=165.91ms min=35.01ms max=299.68ms count=6
2026-09-09T14:09:04.8047282Z I/flutter ( 2279): [PROFILE][SCENARIO_PREPARED] E_month_day_rail_empty plane=month
2026-09-09T14:09:04.8049171Z I/flutter ( 2279): [PROFILE][SCENARIO_STABLE] E_month_day_rail_empty
2026-09-09T14:09:07.2419253Z D/EGL_emulation( 2279): app_time_stats: avg=1235.61ms min=275.65ms max=2195.56ms count=2
2026-09-09T14:09:09.4577158Z D/EGL_emulation( 2279): app_time_stats: avg=2220.13ms min=2220.13ms max=2220.13ms count=1
2026-09-09T14:09:09.4750396Z I/flutter ( 2279): [FluviDiagnostic] stage=BUDGET_HEADER_VALUE_BOUND scope=generation=0 plane=day targetHandle=0 modelBindVsyncMicros=1056708495 displayNumeratorScaled100=0 displayDenominatorScaled100=2143313 hasLimit=true canonicalLimitScaled100=66442707 entryCount=- error=- message=-
2026-09-09T14:09:11.8959678Z D/EGL_emulation( 2279): app_time_stats: avg=2437.53ms min=2437.53ms max=2437.53ms count=1
2026-09-09T14:09:14.0483990Z D/EGL_emulation( 2279): app_time_stats: avg=228.43ms min=228.43ms max=228.43ms count=1
2026-09-09T14:09:14.0504884Z I/flutter ( 2279): [FluviDiagnostic] stage=BUDGET_HEADER_VALUE_BOUND scope=generation=0 plane=day targetHandle=0 modelBindVsyncMicros=1061291828 displayNumeratorScaled100=0 displayDenominatorScaled100=2143313 hasLimit=true canonicalLimitScaled100=66442707 entryCount=- error=- message=-
2026-09-09T14:09:16.1086446Z D/EGL_emulation( 2279): app_time_stats: avg=2057.45ms min=2057.45ms max=2057.45ms count=1
2026-09-09T14:09:16.1161752Z I/flutter ( 2279): [FluviDiagnostic] stage=BUDGET_HEADER_VALUE_BOUND scope=generation=0 plane=day targetHandle=0 modelBindVsyncMicros=1063358494 displayNumeratorScaled100=0 displayDenominatorScaled100=2143313 hasLimit=true canonicalLimitScaled100=66442707 entryCount=- error=- message=-
2026-09-09T14:09:18.3034851Z D/EGL_emulation( 2279): app_time_stats: avg=2186.16ms min=2186.16ms max=2186.16ms count=1
2026-09-09T14:09:20.3786952Z D/EGL_emulation( 2279): app_time_stats: avg=2086.32ms min=2086.32ms max=2086.32ms count=1
2026-09-09T14:09:20.3925456Z I/flutter ( 2279): [FluviDiagnostic] stage=BUDGET_HEADER_VALUE_BOUND scope=generation=0 plane=day targetHandle=0 modelBindVsyncMicros=1067625161 displayNumeratorScaled100=0 displayDenominatorScaled100=2143313 hasLimit=true canonicalLimitScaled100=66442707 entryCount=- error=- message=-
2026-09-09T14:09:22.3457255Z D/EGL_emulation( 2279): app_time_stats: avg=1966.92ms min=1966.92ms max=1966.92ms count=1
2026-09-09T14:09:24.3451284Z D/EGL_emulation( 2279): app_time_stats: avg=1997.41ms min=1997.41ms max=1997.41ms count=1
2026-09-09T14:09:24.3609106Z I/flutter ( 2279): [FluviDiagnostic] stage=BUDGET_HEADER_VALUE_BOUND scope=generation=0 plane=day targetHandle=0 modelBindVsyncMicros=1071591827 displayNumeratorScaled100=0 displayDenominatorScaled100=2143313 hasLimit=true canonicalLimitScaled100=66442707 entryCount=- error=- message=-
2026-09-09T14:09:26.4915372Z D/EGL_emulation( 2279): app_time_stats: avg=2142.64ms min=2142.64ms max=2142.64ms count=1
2026-09-09T14:09:28.5716598Z D/EGL_emulation( 2279): app_time_stats: avg=2083.41ms min=2083.41ms max=2083.41ms count=1
2026-09-09T14:09:30.6588729Z D/EGL_emulation( 2279): app_time_stats: avg=2089.23ms min=2089.23ms max=2089.23ms count=1
2026-09-09T14:09:32.5992103Z D/EGL_emulation( 2279): app_time_stats: avg=1940.31ms min=1940.31ms max=1940.31ms count=1
2026-09-09T14:09:32.6069248Z I/flutter ( 2279): [FluviDiagnostic] stage=BUDGET_HEADER_VALUE_BOUND scope=generation=0 plane=day targetHandle=0 modelBindVsyncMicros=1079841827 displayNumeratorScaled100=0 displayDenominatorScaled100=2143313 hasLimit=true canonicalLimitScaled100=66442707 entryCount=- error=- message=-
2026-09-09T14:09:34.6769640Z D/EGL_emulation( 2279): app_time_stats: avg=2075.50ms min=2075.50ms max=2075.50ms count=1
2026-09-09T14:09:34.6952746Z I/flutter ( 2279): [FluviDiagnostic] stage=BUDGET_HEADER_VALUE_BOUND scope=generation=0 plane=day targetHandle=0 modelBindVsyncMicros=1081925160 displayNumeratorScaled100=0 displayDenominatorScaled100=2143313 hasLimit=true canonicalLimitScaled100=66442707 entryCount=- error=- message=-
2026-09-09T14:09:36.6697451Z D/EGL_emulation( 2279): app_time_stats: avg=1986.55ms min=1986.55ms max=1986.55ms count=1
2026-09-09T14:09:38.6335482Z D/EGL_emulation( 2279): app_time_stats: avg=1965.79ms min=1965.79ms max=1965.79ms count=1
2026-09-09T14:09:38.6428081Z I/flutter ( 2279): [FluviDiagnostic] stage=BUDGET_HEADER_VALUE_BOUND scope=generation=0 plane=day targetHandle=0 modelBindVsyncMicros=1085875160 displayNumeratorScaled100=0 displayDenominatorScaled100=2143313 hasLimit=true canonicalLimitScaled100=66442707 entryCount=- error=- message=-
2026-09-09T14:09:40.7742225Z D/EGL_emulation( 2279): app_time_stats: avg=2144.47ms min=2144.47ms max=2144.47ms count=1
2026-09-09T14:09:40.7891953Z I/flutter ( 2279): [FluviDiagnostic] stage=BUDGET_HEADER_VALUE_BOUND scope=generation=0 plane=day targetHandle=0 modelBindVsyncMicros=1088025160 displayNumeratorScaled100=0 displayDenominatorScaled100=2143313 hasLimit=true canonicalLimitScaled100=66442707 entryCount=- error=- message=-
2026-09-09T14:09:42.8212426Z D/EGL_emulation( 2279): app_time_stats: avg=2046.53ms min=2046.53ms max=2046.53ms count=1
2026-09-09T14:09:44.8441537Z D/EGL_emulation( 2279): app_time_stats: avg=2025.01ms min=2025.01ms max=2025.01ms count=1
2026-09-09T14:09:44.8684423Z I/flutter ( 2279): [FluviDiagnostic] stage=BUDGET_HEADER_VALUE_BOUND scope=generation=0 plane=day targetHandle=0 modelBindVsyncMicros=1092091827 displayNumeratorScaled100=0 displayDenominatorScaled100=2143313 hasLimit=true canonicalLimitScaled100=66442707 entryCount=- error=- message=-
2026-09-09T14:09:47.0731105Z D/EGL_emulation( 2279): app_time_stats: avg=2227.71ms min=2227.71ms max=2227.71ms count=1
2026-09-09T14:09:49.2330354Z D/EGL_emulation( 2279): app_time_stats: avg=2158.92ms min=2158.92ms max=2158.92ms count=1
2026-09-09T14:09:49.2347707Z I/flutter ( 2279): [FluviDiagnostic] stage=BUDGET_HEADER_VALUE_BOUND scope=generation=0 plane=day targetHandle=0 modelBindVsyncMicros=1096475160 displayNumeratorScaled100=0 displayDenominatorScaled100=2143313 hasLimit=true canonicalLimitScaled100=66442707 entryCount=- error=- message=-
2026-09-09T14:09:51.2866398Z D/EGL_emulation( 2279): app_time_stats: avg=2054.49ms min=2054.49ms max=2054.49ms count=1
2026-09-09T14:09:53.4362156Z D/EGL_emulation( 2279): app_time_stats: avg=2147.68ms min=2147.68ms max=2147.68ms count=1
2026-09-09T14:09:55.5086987Z D/EGL_emulation( 2279): app_time_stats: avg=2072.74ms min=2072.74ms max=2072.74ms count=1
2026-09-09T14:09:57.5147739Z D/EGL_emulation( 2279): app_time_stats: avg=2008.32ms min=2008.32ms max=2008.32ms count=1
2026-09-09T14:09:57.5189154Z I/flutter ( 2279): [FluviDiagnostic] stage=BUDGET_HEADER_VALUE_BOUND scope=generation=0 plane=day targetHandle=0 modelBindVsyncMicros=1104758493 displayNumeratorScaled100=0 displayDenominatorScaled100=2143313 hasLimit=true canonicalLimitScaled100=66442707 entryCount=- error=- message=-
2026-09-09T14:09:59.4962986Z D/EGL_emulation( 2279): app_time_stats: avg=1981.71ms min=1981.71ms max=1981.71ms count=1
2026-09-09T14:09:59.5060409Z I/flutter ( 2279): [FluviDiagnostic] stage=BUDGET_HEADER_VALUE_BOUND scope=generation=0 plane=day targetHandle=0 modelBindVsyncMicros=1106741826 displayNumeratorScaled100=0 displayDenominatorScaled100=2143313 hasLimit=true canonicalLimitScaled100=66442707 entryCount=- error=- message=-
2026-09-09T14:10:02.0193236Z D/EGL_emulation( 2279): app_time_stats: avg=2519.99ms min=2519.99ms max=2519.99ms count=1
2026-09-09T14:10:04.0347894Z D/EGL_emulation( 2279): app_time_stats: avg=2017.61ms min=2017.61ms max=2017.61ms count=1
2026-09-09T14:10:04.0539499Z I/flutter ( 2279): [FluviDiagnostic] stage=BUDGET_HEADER_VALUE_BOUND scope=generation=0 plane=day targetHandle=0 modelBindVsyncMicros=1111291826 displayNumeratorScaled100=0 displayDenominatorScaled100=2143313 hasLimit=true canonicalLimitScaled100=66442707 entryCount=- error=- message=-
2026-09-09T14:10:06.0346204Z D/EGL_emulation( 2279): app_time_stats: avg=1997.96ms min=1997.96ms max=1997.96ms count=1
2026-09-09T14:10:06.0380905Z I/flutter ( 2279): [FluviDiagnostic] stage=BUDGET_HEADER_VALUE_BOUND scope=generation=0 plane=day targetHandle=0 modelBindVsyncMicros=1113275159 displayNumeratorScaled100=0 displayDenominatorScaled100=2143313 hasLimit=true canonicalLimitScaled100=66442707 entryCount=- error=- message=-
2026-09-09T14:10:08.0009105Z D/EGL_emulation( 2279): app_time_stats: avg=1968.03ms min=1968.03ms max=1968.03ms count=1
2026-09-09T14:10:10.0224306Z D/EGL_emulation( 2279): app_time_stats: avg=144.87ms min=144.87ms max=144.87ms count=1
2026-09-09T14:10:10.0334989Z I/flutter ( 2279): [FluviDiagnostic] stage=BUDGET_HEADER_VALUE_BOUND scope=generation=0 plane=day targetHandle=0 modelBindVsyncMicros=1117275159 displayNumeratorScaled100=0 displayDenominatorScaled100=2143313 hasLimit=true canonicalLimitScaled100=66442707 entryCount=- error=- message=-
2026-09-09T14:10:11.9332722Z D/EGL_emulation( 2279): app_time_stats: avg=1909.63ms min=1909.63ms max=1909.63ms count=1
2026-09-09T14:10:14.1873875Z D/EGL_emulation( 2279): app_time_stats: avg=263.50ms min=263.50ms max=263.50ms count=1
2026-09-09T14:10:14.2089738Z I/flutter ( 2279): [FluviDiagnostic] stage=BUDGET_HEADER_VALUE_BOUND scope=generation=0 plane=day targetHandle=0 modelBindVsyncMicros=1121441825 displayNumeratorScaled100=0 displayDenominatorScaled100=2143313 hasLimit=true canonicalLimitScaled100=66442707 entryCount=- error=- message=-
2026-09-09T14:10:16.1033254Z D/EGL_emulation( 2279): app_time_stats: avg=1914.41ms min=1914.41ms max=1914.41ms count=1
2026-09-09T14:10:18.2737949Z D/EGL_emulation( 2279): app_time_stats: avg=246.32ms min=246.32ms max=246.32ms count=1
2026-09-09T14:10:20.3702521Z D/EGL_emulation( 2279): app_time_stats: avg=2096.60ms min=2096.60ms max=2096.60ms count=1
2026-09-09T14:10:22.3723748Z D/EGL_emulation( 2279): app_time_stats: avg=2001.06ms min=2001.06ms max=2001.06ms count=1
2026-09-09T14:10:22.3913532Z I/flutter ( 2279): [FluviDiagnostic] stage=BUDGET_HEADER_VALUE_BOUND scope=generation=0 plane=day targetHandle=0 modelBindVsyncMicros=1129625158 displayNumeratorScaled100=0 displayDenominatorScaled100=2143313 hasLimit=true canonicalLimitScaled100=66442707 entryCount=- error=- message=-
2026-09-09T14:10:24.4107868Z D/EGL_emulation( 2279): app_time_stats: avg=2039.58ms min=2039.58ms max=2039.58ms count=1
2026-09-09T14:10:24.4181881Z I/flutter ( 2279): [FluviDiagnostic] stage=BUDGET_HEADER_VALUE_BOUND scope=generation=0 plane=day targetHandle=0 modelBindVsyncMicros=1131658492 displayNumeratorScaled100=0 displayDenominatorScaled100=2143313 hasLimit=true canonicalLimitScaled100=66442707 entryCount=- error=- message=-
2026-09-09T14:10:26.3376659Z D/EGL_emulation( 2279): app_time_stats: avg=1919.99ms min=1919.99ms max=1919.99ms count=1
2026-09-09T14:10:28.2662589Z D/EGL_emulation( 2279): app_time_stats: avg=1930.98ms min=1930.98ms max=1930.98ms count=1
2026-09-09T14:10:28.2720288Z I/flutter ( 2279): [FluviDiagnostic] stage=BUDGET_HEADER_VALUE_BOUND scope=generation=0 plane=day targetHandle=0 modelBindVsyncMicros=1135508492 displayNumeratorScaled100=0 displayDenominatorScaled100=2143313 hasLimit=true canonicalLimitScaled100=66442707 entryCount=- error=- message=-
2026-09-09T14:10:30.3269091Z D/EGL_emulation( 2279): app_time_stats: avg=2063.60ms min=2063.60ms max=2063.60ms count=1
2026-09-09T14:10:30.3375213Z I/flutter ( 2279): [FluviDiagnostic] stage=BUDGET_HEADER_VALUE_BOUND scope=generation=0 plane=day targetHandle=0 modelBindVsyncMicros=1137575158 displayNumeratorScaled100=0 displayDenominatorScaled100=2143313 hasLimit=true canonicalLimitScaled100=66442707 entryCount=- error=- message=-
2026-09-09T14:10:32.5117519Z D/EGL_emulation( 2279): app_time_stats: avg=2178.23ms min=2178.23ms max=2178.23ms count=1
2026-09-09T14:10:34.5749532Z D/EGL_emulation( 2279): app_time_stats: avg=2066.12ms min=2066.12ms max=2066.12ms count=1
2026-09-09T14:10:34.5989195Z I/flutter ( 2279): [FluviDiagnostic] stage=BUDGET_HEADER_VALUE_BOUND scope=generation=0 plane=day targetHandle=0 modelBindVsyncMicros=1141825158 displayNumeratorScaled100=0 displayDenominatorScaled100=2143313 hasLimit=true canonicalLimitScaled100=66442707 entryCount=- error=- message=-
2026-09-09T14:10:36.6061988Z D/EGL_emulation( 2279): app_time_stats: avg=2035.23ms min=2035.23ms max=2035.23ms count=1
2026-09-09T14:10:38.8189879Z D/EGL_emulation( 2279): app_time_stats: avg=2212.92ms min=2212.92ms max=2212.92ms count=1
2026-09-09T14:10:38.8530682Z I/flutter ( 2279): [FluviDiagnostic] stage=BUDGET_HEADER_VALUE_BOUND scope=generation=0 plane=day targetHandle=0 modelBindVsyncMicros=1146075158 displayNumeratorScaled100=0 displayDenominatorScaled100=2143313 hasLimit=true canonicalLimitScaled100=66442707 entryCount=- error=- message=-
2026-09-09T14:10:40.9863733Z D/EGL_emulation( 2279): app_time_stats: avg=2160.15ms min=2160.15ms max=2160.15ms count=1
2026-09-09T14:10:43.1720297Z D/EGL_emulation( 2279): app_time_stats: avg=2192.74ms min=2192.74ms max=2192.74ms count=1
2026-09-09T14:10:45.2382933Z D/EGL_emulation( 2279): app_time_stats: avg=2065.62ms min=2065.62ms max=2065.62ms count=1
2026-09-09T14:10:47.3899286Z D/EGL_emulation( 2279): app_time_stats: avg=2149.17ms min=2149.17ms max=2149.17ms count=1
2026-09-09T14:10:47.4130256Z I/flutter ( 2279): [FluviDiagnostic] stage=BUDGET_HEADER_VALUE_BOUND scope=generation=0 plane=day targetHandle=0 modelBindVsyncMicros=1154641824 displayNumeratorScaled100=0 displayDenominatorScaled100=2143313 hasLimit=true canonicalLimitScaled100=66442707 entryCount=- error=- message=-
2026-09-09T14:10:49.6593001Z D/EGL_emulation( 2279): app_time_stats: avg=2272.25ms min=2272.25ms max=2272.25ms count=1
2026-09-09T14:10:49.6786219Z I/flutter ( 2279): [FluviDiagnostic] stage=BUDGET_HEADER_VALUE_BOUND scope=generation=0 plane=day targetHandle=0 modelBindVsyncMicros=1156908491 displayNumeratorScaled100=0 displayDenominatorScaled100=2143313 hasLimit=true canonicalLimitScaled100=66442707 entryCount=- error=- message=-
2026-09-09T14:10:51.6051392Z D/EGL_emulation( 2279): app_time_stats: avg=1943.53ms min=1943.53ms max=1943.53ms count=1
2026-09-09T14:10:53.7089958Z D/EGL_emulation( 2279): app_time_stats: avg=2103.33ms min=2103.33ms max=2103.33ms count=1
2026-09-09T14:10:53.7293087Z I/flutter ( 2279): [FluviDiagnostic] stage=BUDGET_HEADER_VALUE_BOUND scope=generation=0 plane=day targetHandle=0 modelBindVsyncMicros=1160958490 displayNumeratorScaled100=0 displayDenominatorScaled100=2143313 hasLimit=true canonicalLimitScaled100=66442707 entryCount=- error=- message=-
2026-09-09T14:10:55.8939541Z D/EGL_emulation( 2279): app_time_stats: avg=2185.35ms min=2185.35ms max=2185.35ms count=1
2026-09-09T14:10:55.9042532Z I/flutter ( 2279): [FluviDiagnostic] stage=BUDGET_HEADER_VALUE_BOUND scope=generation=0 plane=day targetHandle=0 modelBindVsyncMicros=1163141824 displayNumeratorScaled100=0 displayDenominatorScaled100=2143313 hasLimit=true canonicalLimitScaled100=66442707 entryCount=- error=- message=-
2026-09-09T14:10:58.0415111Z D/EGL_emulation( 2279): app_time_stats: avg=2146.83ms min=2146.83ms max=2146.83ms count=1
2026-09-09T14:11:00.0199432Z D/EGL_emulation( 2279): app_time_stats: avg=1978.99ms min=1978.99ms max=1978.99ms count=1
2026-09-09T14:11:00.0419631Z I/flutter ( 2279): [FluviDiagnostic] stage=BUDGET_HEADER_VALUE_BOUND scope=generation=0 plane=day targetHandle=0 modelBindVsyncMicros=1167275157 displayNumeratorScaled100=0 displayDenominatorScaled100=2143313 hasLimit=true canonicalLimitScaled100=66442707 entryCount=- error=- message=-
2026-09-09T14:11:02.2079025Z D/EGL_emulation( 2279): app_time_stats: avg=2189.89ms min=2189.89ms max=2189.89ms count=1
2026-09-09T14:11:04.6138137Z D/EGL_emulation( 2279): app_time_stats: avg=2405.97ms min=2405.97ms max=2405.97ms count=1
2026-09-09T14:11:06.5457184Z I/flutter ( 2279): [FluviDiagnostic] stage=BUDGET_HEADER_VALUE_BOUND scope=generation=0 plane=day targetHandle=0 modelBindVsyncMicros=1173775157 displayNumeratorScaled100=0 displayDenominatorScaled100=2143313 hasLimit=true canonicalLimitScaled100=66442707 entryCount=- error=- message=-
2026-09-09T14:11:06.7874540Z D/EGL_emulation( 2279): app_time_stats: avg=251.12ms min=251.12ms max=251.12ms count=1
2026-09-09T14:11:08.9849201Z D/EGL_emulation( 2279): app_time_stats: avg=2194.20ms min=2194.20ms max=2194.20ms count=1
2026-09-09T14:11:11.1481538Z D/EGL_emulation( 2279): app_time_stats: avg=2164.10ms min=2164.10ms max=2164.10ms count=1
2026-09-09T14:11:13.1642098Z D/EGL_emulation( 2279): app_time_stats: avg=2016.06ms min=2016.06ms max=2016.06ms count=1
2026-09-09T14:11:13.1705709Z I/flutter ( 2279): [FluviDiagnostic] stage=BUDGET_HEADER_VALUE_BOUND scope=generation=0 plane=day targetHandle=0 modelBindVsyncMicros=1180408490 displayNumeratorScaled100=0 displayDenominatorScaled100=2143313 hasLimit=true canonicalLimitScaled100=66442707 entryCount=- error=- message=-
2026-09-09T14:11:15.3432191Z D/EGL_emulation( 2279): app_time_stats: avg=2181.89ms min=2181.89ms max=2181.89ms count=1
2026-09-09T14:11:15.3569301Z I/flutter ( 2279): [FluviDiagnostic] stage=BUDGET_HEADER_VALUE_BOUND scope=generation=0 plane=day targetHandle=0 modelBindVsyncMicros=1182591823 displayNumeratorScaled100=0 displayDenominatorScaled100=2143313 hasLimit=true canonicalLimitScaled100=66442707 entryCount=- error=- message=-
2026-09-09T14:11:17.3347589Z D/EGL_emulation( 2279): app_time_stats: avg=1989.35ms min=1989.35ms max=1989.35ms count=1
2026-09-09T14:11:19.2680295Z D/EGL_emulation( 2279): app_time_stats: avg=1935.13ms min=1935.13ms max=1935.13ms count=1
2026-09-09T14:11:19.2764181Z I/flutter ( 2279): [FluviDiagnostic] stage=BUDGET_HEADER_VALUE_BOUND scope=generation=0 plane=day targetHandle=0 modelBindVsyncMicros=1186508489 displayNumeratorScaled100=0 displayDenominatorScaled100=2143313 hasLimit=true canonicalLimitScaled100=66442707 entryCount=- error=- message=-
2026-09-09T14:11:21.4060319Z D/EGL_emulation( 2279): app_time_stats: avg=2137.78ms min=2137.78ms max=2137.78ms count=1
2026-09-09T14:11:21.4229495Z I/flutter ( 2279): [FluviDiagnostic] stage=BUDGET_HEADER_VALUE_BOUND scope=generation=0 plane=day targetHandle=0 modelBindVsyncMicros=1188658489 displayNumeratorScaled100=0 displayDenominatorScaled100=2143313 hasLimit=true canonicalLimitScaled100=66442707 entryCount=- error=- message=-
2026-09-09T14:11:23.3197391Z D/EGL_emulation( 2279): app_time_stats: avg=1909.44ms min=1909.44ms max=1909.44ms count=1
2026-09-09T14:11:25.4194500Z D/EGL_emulation( 2279): app_time_stats: avg=2098.97ms min=2098.97ms max=2098.97ms count=1
2026-09-09T14:11:25.4238190Z I/flutter ( 2279): [FluviDiagnostic] stage=BUDGET_HEADER_VALUE_BOUND scope=generation=0 plane=day targetHandle=0 modelBindVsyncMicros=1192658489 displayNumeratorScaled100=0 displayDenominatorScaled100=2143313 hasLimit=true canonicalLimitScaled100=66442707 entryCount=- error=- message=-
2026-09-09T14:11:27.5487822Z D/EGL_emulation( 2279): app_time_stats: avg=2132.26ms min=2132.26ms max=2132.26ms count=1
2026-09-09T14:11:29.8395162Z D/EGL_emulation( 2279): app_time_stats: avg=2283.78ms min=2283.78ms max=2283.78ms count=1
2026-09-09T14:11:29.9669265Z I/flutter ( 2279): [FluviDiagnostic] stage=BUDGET_HEADER_VALUE_BOUND scope=generation=0 plane=day targetHandle=0 modelBindVsyncMicros=1197075156 displayNumeratorScaled100=0 displayDenominatorScaled100=2143313 hasLimit=true canonicalLimitScaled100=66442707 entryCount=- error=- message=-
2026-09-09T14:11:32.3304680Z D/EGL_emulation( 2279): app_time_stats: avg=2499.83ms min=2499.83ms max=2499.83ms count=1
2026-09-09T14:11:34.5279563Z D/EGL_emulation( 2279): app_time_stats: avg=116.93ms min=116.93ms max=116.93ms count=1
2026-09-09T14:11:36.7980785Z D/EGL_emulation( 2279): app_time_stats: avg=234.30ms min=234.30ms max=234.30ms count=1
2026-09-09T14:11:38.8593229Z D/EGL_emulation( 2279): app_time_stats: avg=2060.08ms min=2060.08ms max=2060.08ms count=1
2026-09-09T14:11:38.8696745Z I/flutter ( 2279): [FluviDiagnostic] stage=BUDGET_HEADER_VALUE_BOUND scope=generation=0 plane=day targetHandle=0 modelBindVsyncMicros=1206108489 displayNumeratorScaled100=0 displayDenominatorScaled100=2143313 hasLimit=true canonicalLimitScaled100=66442707 entryCount=- error=- message=-
2026-09-09T14:11:40.8031316Z D/EGL_emulation( 2279): app_time_stats: avg=1947.19ms min=1947.19ms max=1947.19ms count=1
2026-09-09T14:11:42.9472022Z D/EGL_emulation( 2279): app_time_stats: avg=2144.02ms min=2144.02ms max=2144.02ms count=1
2026-09-09T14:11:42.9551500Z I/flutter ( 2279): [FluviDiagnostic] stage=BUDGET_HEADER_VALUE_BOUND scope=generation=0 plane=day targetHandle=0 modelBindVsyncMicros=1210191822 displayNumeratorScaled100=0 displayDenominatorScaled100=2143313 hasLimit=true canonicalLimitScaled100=66442707 entryCount=- error=- message=-
2026-09-09T14:11:45.0077175Z D/EGL_emulation( 2279): app_time_stats: avg=2060.45ms min=2060.45ms max=2060.45ms count=1
2026-09-09T14:11:46.9639286Z D/EGL_emulation( 2279): app_time_stats: avg=1954.64ms min=1954.64ms max=1954.64ms count=1
2026-09-09T14:11:46.9697008Z I/flutter ( 2279): [FluviDiagnostic] stage=BUDGET_HEADER_VALUE_BOUND scope=generation=0 plane=day targetHandle=0 modelBindVsyncMicros=1214208488 displayNumeratorScaled100=0 displayDenominatorScaled100=2143313 hasLimit=true canonicalLimitScaled100=66442707 entryCount=- error=- message=-
2026-09-09T14:11:48.9863644Z D/EGL_emulation( 2279): app_time_stats: avg=2020.06ms min=2020.06ms max=2020.06ms count=1
2026-09-09T14:11:48.9899448Z I/flutter ( 2279): [FluviDiagnostic] stage=BUDGET_HEADER_VALUE_BOUND scope=generation=0 plane=day targetHandle=0 modelBindVsyncMicros=1216225155 displayNumeratorScaled100=0 displayDenominatorScaled100=2143313 hasLimit=true canonicalLimitScaled100=66442707 entryCount=- error=- message=-
2026-09-09T14:11:50.9959496Z D/EGL_emulation( 2279): app_time_stats: avg=2012.72ms min=2012.72ms max=2012.72ms count=1
2026-09-09T14:11:53.0127234Z D/EGL_emulation( 2279): app_time_stats: avg=2013.19ms min=2013.19ms max=2013.19ms count=1
2026-09-09T14:11:53.0267210Z I/flutter ( 2279): [FluviDiagnostic] stage=BUDGET_HEADER_VALUE_BOUND scope=generation=0 plane=day targetHandle=0 modelBindVsyncMicros=1220258488 displayNumeratorScaled100=0 displayDenominatorScaled100=2143313 hasLimit=true canonicalLimitScaled100=66442707 entryCount=- error=- message=-
2026-09-09T14:11:54.9732061Z D/EGL_emulation( 2279): app_time_stats: avg=1963.70ms min=1963.70ms max=1963.70ms count=1
2026-09-09T14:11:57.0174477Z D/EGL_emulation( 2279): app_time_stats: avg=133.09ms min=133.09ms max=133.09ms count=1
2026-09-09T14:11:58.9926799Z I/flutter ( 2279): [FluviDiagnostic] stage=BUDGET_HEADER_VALUE_BOUND scope=generation=0 plane=day targetHandle=0 modelBindVsyncMicros=1226225155 displayNumeratorScaled100=0 displayDenominatorScaled100=2143313 hasLimit=true canonicalLimitScaled100=66442707 entryCount=- error=- message=-
2026-09-09T14:11:59.0985513Z D/EGL_emulation( 2279): app_time_stats: avg=129.30ms min=129.30ms max=129.30ms count=1
2026-09-09T14:12:01.3761541Z D/EGL_emulation( 2279): app_time_stats: avg=154.78ms min=154.78ms max=154.78ms count=1
2026-09-09T14:12:03.7947226Z D/EGL_emulation( 2279): app_time_stats: avg=2426.18ms min=2426.18ms max=2426.18ms count=1
2026-09-09T14:12:06.0489437Z D/EGL_emulation( 2279): app_time_stats: avg=181.01ms min=181.01ms max=181.01ms count=1
2026-09-09T14:12:08.0934490Z I/flutter ( 2279): [FluviDiagnostic] stage=BUDGET_HEADER_VALUE_BOUND scope=generation=0 plane=day targetHandle=0 modelBindVsyncMicros=1235325154 displayNumeratorScaled100=0 displayDenominatorScaled100=2143313 hasLimit=true canonicalLimitScaled100=66442707 entryCount=- error=- message=-
2026-09-09T14:12:08.1747402Z D/EGL_emulation( 2279): app_time_stats: avg=106.50ms min=106.50ms max=106.50ms count=1
2026-09-09T14:12:10.2480713Z I/flutter ( 2279): [FluviDiagnostic] stage=BUDGET_HEADER_VALUE_BOUND scope=generation=0 plane=day targetHandle=0 modelBindVsyncMicros=1237475154 displayNumeratorScaled100=0 displayDenominatorScaled100=2143313 hasLimit=true canonicalLimitScaled100=66442707 entryCount=- error=- message=-
2026-09-09T14:12:10.3577201Z D/EGL_emulation( 2279): app_time_stats: avg=123.95ms min=123.95ms max=123.95ms count=1
2026-09-09T14:12:12.3310992Z D/EGL_emulation( 2279): app_time_stats: avg=114.28ms min=114.28ms max=114.28ms count=1
2026-09-09T14:12:14.4314917Z I/flutter ( 2279): [FluviDiagnostic] stage=BUDGET_HEADER_VALUE_BOUND scope=generation=0 plane=day targetHandle=0 modelBindVsyncMicros=1241658487 displayNumeratorScaled100=0 displayDenominatorScaled100=2143313 hasLimit=true canonicalLimitScaled100=66442707 entryCount=- error=- message=-
2026-09-09T14:12:14.6922349Z D/EGL_emulation( 2279): app_time_stats: avg=273.55ms min=273.55ms max=273.55ms count=1
2026-09-09T14:12:14.7031733Z I/flutter ( 2279): [FluviDiagnostic] stage=BUDGET_HEADER_VALUE_BOUND scope=generation=0 plane=day targetHandle=0 modelBindVsyncMicros=1241941821 displayNumeratorScaled100=0 displayDenominatorScaled100=2143313 hasLimit=true canonicalLimitScaled100=66442707 entryCount=- error=- message=-
2026-09-09T14:12:16.6827657Z D/EGL_emulation( 2279): app_time_stats: avg=1988.17ms min=1988.17ms max=1988.17ms count=1
2026-09-09T14:12:18.8231995Z D/EGL_emulation( 2279): app_time_stats: avg=2142.60ms min=2142.60ms max=2142.60ms count=1
2026-09-09T14:12:18.8370944Z I/flutter ( 2279): [FluviDiagnostic] stage=BUDGET_HEADER_VALUE_BOUND scope=generation=0 plane=day targetHandle=0 modelBindVsyncMicros=1246075154 displayNumeratorScaled100=0 displayDenominatorScaled100=2143313 hasLimit=true canonicalLimitScaled100=66442707 entryCount=- error=- message=-
2026-09-09T14:12:20.8997846Z D/EGL_emulation( 2279): app_time_stats: avg=2077.01ms min=2077.01ms max=2077.01ms count=1
2026-09-09T14:12:23.0692015Z D/EGL_emulation( 2279): app_time_stats: avg=2166.18ms min=2166.18ms max=2166.18ms count=1
2026-09-09T14:12:23.0716122Z I/flutter ( 2279): [FluviDiagnostic] stage=BUDGET_HEADER_VALUE_BOUND scope=generation=0 plane=day targetHandle=0 modelBindVsyncMicros=1250308487 displayNumeratorScaled100=0 displayDenominatorScaled100=2143313 hasLimit=true canonicalLimitScaled100=66442707 entryCount=- error=- message=-
2026-09-09T14:12:25.1908148Z D/EGL_emulation( 2279): app_time_stats: avg=2119.19ms min=2119.19ms max=2119.19ms count=1
2026-09-09T14:12:27.3564347Z D/EGL_emulation( 2279): app_time_stats: avg=2170.31ms min=2170.31ms max=2170.31ms count=1
2026-09-09T14:12:29.4378552Z D/EGL_emulation( 2279): app_time_stats: avg=2080.44ms min=2080.44ms max=2080.44ms count=1
2026-09-09T14:12:31.5949410Z D/EGL_emulation( 2279): app_time_stats: avg=2153.13ms min=2153.13ms max=2153.13ms count=1
2026-09-09T14:12:31.6042567Z I/flutter ( 2279): [FluviDiagnostic] stage=BUDGET_HEADER_VALUE_BOUND scope=generation=0 plane=day targetHandle=0 modelBindVsyncMicros=1258841820 displayNumeratorScaled100=0 displayDenominatorScaled100=2143313 hasLimit=true canonicalLimitScaled100=66442707 entryCount=- error=- message=-
2026-09-09T14:12:34.2538818Z D/EGL_emulation( 2279): app_time_stats: avg=2662.98ms min=2662.98ms max=2662.98ms count=1
2026-09-09T14:12:34.2807084Z I/flutter ( 2279): [FluviDiagnostic] stage=BUDGET_HEADER_VALUE_BOUND scope=generation=0 plane=day targetHandle=0 modelBindVsyncMicros=1261508486 displayNumeratorScaled100=0 displayDenominatorScaled100=2143313 hasLimit=true canonicalLimitScaled100=66442707 entryCount=- error=- message=-
2026-09-09T14:12:36.7621474Z D/EGL_emulation( 2279): app_time_stats: avg=2506.37ms min=2506.37ms max=2506.37ms count=1
2026-09-09T14:12:38.9537714Z D/EGL_emulation( 2279): app_time_stats: avg=2160.44ms min=2160.44ms max=2160.44ms count=1
2026-09-09T14:12:40.8812558Z I/flutter ( 2279): [FluviDiagnostic] stage=BUDGET_HEADER_VALUE_BOUND scope=generation=0 plane=day targetHandle=0 modelBindVsyncMicros=1268108486 displayNumeratorScaled100=0 displayDenominatorScaled100=2143313 hasLimit=true canonicalLimitScaled100=66442707 entryCount=- error=- message=-
2026-09-09T14:12:41.1051941Z D/EGL_emulation( 2279): app_time_stats: avg=237.25ms min=237.25ms max=237.25ms count=1
2026-09-09T14:12:41.1348866Z I/flutter ( 2279): [FluviDiagnostic] stage=BUDGET_HEADER_VALUE_BOUND scope=generation=0 plane=day targetHandle=0 modelBindVsyncMicros=1268358486 displayNumeratorScaled100=0 displayDenominatorScaled100=2143313 hasLimit=true canonicalLimitScaled100=66442707 entryCount=- error=- message=-
2026-09-09T14:12:43.1801143Z D/EGL_emulation( 2279): app_time_stats: avg=2074.25ms min=2074.25ms max=2074.25ms count=1
2026-09-09T14:12:45.3147485Z D/EGL_emulation( 2279): app_time_stats: avg=2134.49ms min=2134.49ms max=2134.49ms count=1
2026-09-09T14:12:45.3174545Z I/flutter ( 2279): [FluviDiagnostic] stage=BUDGET_HEADER_VALUE_BOUND scope=generation=0 plane=day targetHandle=0 modelBindVsyncMicros=1272558486 displayNumeratorScaled100=0 displayDenominatorScaled100=2143313 hasLimit=true canonicalLimitScaled100=66442707 entryCount=- error=- message=-
2026-09-09T14:12:47.4651765Z D/EGL_emulation( 2279): app_time_stats: avg=2148.97ms min=2148.97ms max=2148.97ms count=1
2026-09-09T14:12:49.5538790Z D/EGL_emulation( 2279): app_time_stats: avg=2087.71ms min=2087.71ms max=2087.71ms count=1
2026-09-09T14:12:49.5780561Z I/flutter ( 2279): [FluviDiagnostic] stage=BUDGET_HEADER_VALUE_BOUND scope=generation=0 plane=day targetHandle=0 modelBindVsyncMicros=1276808486 displayNumeratorScaled100=0 displayDenominatorScaled100=2143313 hasLimit=true canonicalLimitScaled100=66442707 entryCount=- error=- message=-
2026-09-09T14:12:51.6577581Z D/EGL_emulation( 2279): app_time_stats: avg=2101.72ms min=2101.72ms max=2101.72ms count=1
2026-09-09T14:12:53.7985548Z D/EGL_emulation( 2279): app_time_stats: avg=2144.07ms min=2144.07ms max=2144.07ms count=1
2026-09-09T14:12:55.9528598Z D/EGL_emulation( 2279): app_time_stats: avg=2153.91ms min=2153.91ms max=2153.91ms count=1
2026-09-09T14:12:58.0723679Z D/EGL_emulation( 2279): app_time_stats: avg=2114.67ms min=2114.67ms max=2114.67ms count=1
2026-09-09T14:12:58.0727174Z I/flutter ( 2279): [FluviDiagnostic] stage=BUDGET_HEADER_VALUE_BOUND scope=generation=0 plane=day targetHandle=0 modelBindVsyncMicros=1285308486 displayNumeratorScaled100=0 displayDenominatorScaled100=2143313 hasLimit=true canonicalLimitScaled100=66442707 entryCount=- error=- message=-
2026-09-09T14:13:00.0730662Z D/EGL_emulation( 2279): app_time_stats: avg=2001.00ms min=2001.00ms max=2001.00ms count=1
2026-09-09T14:13:00.0897863Z I/flutter ( 2279): [FluviDiagnostic] stage=BUDGET_HEADER_VALUE_BOUND scope=generation=0 plane=day targetHandle=0 modelBindVsyncMicros=1287325152 displayNumeratorScaled100=0 displayDenominatorScaled100=2143313 hasLimit=true canonicalLimitScaled100=66442707 entryCount=- error=- message=-
2026-09-09T14:13:02.3485371Z D/EGL_emulation( 2279): app_time_stats: avg=2265.06ms min=2265.06ms max=2265.06ms count=1
2026-09-09T14:13:04.9135743Z D/EGL_emulation( 2279): app_time_stats: avg=2579.23ms min=2579.23ms max=2579.23ms count=1
2026-09-09T14:13:04.9273305Z I/flutter ( 2279): [FluviDiagnostic] stage=BUDGET_HEADER_VALUE_BOUND scope=generation=0 plane=day targetHandle=0 modelBindVsyncMicros=1292158485 displayNumeratorScaled100=0 displayDenominatorScaled100=2143313 hasLimit=true canonicalLimitScaled100=66442707 entryCount=- error=- message=-
2026-09-09T14:13:06.9706251Z D/EGL_emulation( 2279): app_time_stats: avg=2053.38ms min=2053.38ms max=2053.38ms count=1
2026-09-09T14:13:06.9795628Z I/flutter ( 2279): [FluviDiagnostic] stage=BUDGET_HEADER_VALUE_BOUND scope=generation=0 plane=day targetHandle=0 modelBindVsyncMicros=1294208485 displayNumeratorScaled100=0 displayDenominatorScaled100=2143313 hasLimit=true canonicalLimitScaled100=66442707 entryCount=- error=- message=-
2026-09-09T14:13:08.8842391Z D/EGL_emulation( 2279): app_time_stats: avg=1913.55ms min=1913.55ms max=1913.55ms count=1
2026-09-09T14:13:10.7850729Z D/EGL_emulation( 2279): app_time_stats: avg=1901.31ms min=1901.31ms max=1901.31ms count=1
2026-09-09T14:13:10.7908267Z I/flutter ( 2279): [FluviDiagnostic] stage=BUDGET_HEADER_VALUE_BOUND scope=generation=0 plane=day targetHandle=0 modelBindVsyncMicros=1298025152 displayNumeratorScaled100=0 displayDenominatorScaled100=2143313 hasLimit=true canonicalLimitScaled100=66442707 entryCount=- error=- message=-
2026-09-09T14:13:12.9266939Z D/EGL_emulation( 2279): app_time_stats: avg=2142.47ms min=2142.47ms max=2142.47ms count=1
2026-09-09T14:13:14.9663135Z D/EGL_emulation( 2279): app_time_stats: avg=2038.38ms min=2038.38ms max=2038.38ms count=1
2026-09-09T14:13:14.9869054Z I/flutter ( 2279): [FluviDiagnostic] stage=BUDGET_HEADER_VALUE_BOUND scope=generation=0 plane=day targetHandle=0 modelBindVsyncMicros=1302208485 displayNumeratorScaled100=0 displayDenominatorScaled100=2143313 hasLimit=true canonicalLimitScaled100=66442707 entryCount=- error=- message=-
2026-09-09T14:13:16.8587564Z D/EGL_emulation( 2279): app_time_stats: avg=1889.88ms min=1889.88ms max=1889.88ms count=1
2026-09-09T14:13:18.8295115Z D/EGL_emulation( 2279): app_time_stats: avg=1971.84ms min=1971.84ms max=1971.84ms count=1
2026-09-09T14:13:20.7896255Z D/EGL_emulation( 2279): app_time_stats: avg=1963.70ms min=1963.70ms max=1963.70ms count=1
2026-09-09T14:13:22.8549237Z D/EGL_emulation( 2279): app_time_stats: avg=2065.07ms min=2065.07ms max=2065.07ms count=1
2026-09-09T14:13:22.8744774Z I/flutter ( 2279): [FluviDiagnostic] stage=BUDGET_HEADER_VALUE_BOUND scope=generation=0 plane=day targetHandle=0 modelBindVsyncMicros=1310108485 displayNumeratorScaled100=0 displayDenominatorScaled100=2143313 hasLimit=true canonicalLimitScaled100=66442707 entryCount=- error=- message=-
2026-09-09T14:13:24.4105108Z I/flutter ( 2279): [PROFILE][SCENARIO_READY] E_month_day_rail_empty
2026-09-09T14:13:24.4136818Z I/flutter ( 2279): [PROFILE][SCENARIO_START] F_parent_while_rail_open
2026-09-09T14:13:24.9507874Z D/EGL_emulation( 2279): app_time_stats: avg=2088.45ms min=2088.45ms max=2088.45ms count=1
2026-09-09T14:13:24.9602769Z I/flutter ( 2279): [FluviDiagnostic] stage=DASHBOARD_STARTUP_ATTEMPT_STARTED scope=attemptGeneration=1 stage=bootstrap entryCount=- error=- message=-
2026-09-09T14:13:25.0047515Z I/flutter ( 2279): [FluviDiagnostic] stage=READINESS_PHASE_ENTERED scope=- entryCount=- error=- message=databasePending
2026-09-09T14:13:25.0071382Z I/flutter ( 2279): [FluviDiagnostic] stage=READINESS_PHASE_ENTERED scope=- entryCount=- error=- message=indexBuilding
2026-09-09T14:13:25.0097097Z I/flutter ( 2279): [FluviDiagnostic] stage=READINESS_TASK_STARTED scope=- entryCount=- error=- message=viewportPayload
2026-09-09T14:13:25.0909798Z D/FluviDashboard( 2279): [FLOW][INDEX_BUILD_STARTED] INDEX_BUILD_STARTED flowId=- queryKey=- direction=- scope=generation=1 acquisitionReason=bootstrap requestIdentity=rev=2|income=income|periods:|categories:|partners:|refinements:min=,max=,hasNote=false|expense=expense|periods:|categories:|partners:|refinements:min=,max=,hasNote=false|page=24|window=2014-2038 revision=2 totalMinor=- entryCount=-
2026-09-09T14:13:25.4315587Z I/com.fluvi.app( 2279): Background concurrent mark compact GC freed 5935KB AllocSpace bytes, 4(832KB) LOS objects, 49% free, 3811KB/7623KB, paused 1.481ms,2.471ms total 204.868ms
2026-09-09T14:13:25.9022446Z I/com.fluvi.app( 2279): Background concurrent mark compact GC freed 5004KB AllocSpace bytes, 0(0B) LOS objects, 49% free, 4255KB/8511KB, paused 154us,6.280ms total 221.750ms
2026-09-09T14:13:26.3006219Z I/com.fluvi.app( 2279): Background concurrent mark compact GC freed 4956KB AllocSpace bytes, 0(0B) LOS objects, 49% free, 4251KB/8503KB, paused 219us,7.526ms total 117.660ms
2026-09-09T14:13:26.6330518Z I/com.fluvi.app( 2279): Background concurrent mark compact GC freed 4184KB AllocSpace bytes, 0(0B) LOS objects, 49% free, 4551KB/9103KB, paused 1.030ms,19.517ms total 69.854ms
2026-09-09T14:13:27.1380775Z D/EGL_emulation( 2279): app_time_stats: avg=2192.92ms min=2192.92ms max=2192.92ms count=1
2026-09-09T14:13:27.2008036Z I/com.fluvi.app( 2279): Background concurrent mark compact GC freed 4768KB AllocSpace bytes, 7(2060KB) LOS objects, 49% free, 8379KB/16MB, paused 155us,2.502ms total 118.711ms
2026-09-09T14:13:27.2310437Z D/FluviDashboard( 2279): [FLOW][INDEX_BUILD_READY] INDEX_BUILD_READY flowId=- queryKey=- direction=- scope=generation=1 acquisitionReason=bootstrap requestIdentity=rev=2|income=income|periods:|categories:|partners:|refinements:min=,max=,hasNote=false|expense=expense|periods:|categories:|partners:|refinements:min=,max=,hasNote=false|page=24|window=2014-2038 sqlCalls=5 sqlMicros=1480605 frames=1012 rows=4304 payloadBytes=2175073 serializationMicros=176377 revision=2 totalMinor=- entryCount=-
2026-09-09T14:13:28.2188685Z D/FluviDashboard( 2279): [FLOW][FINANCIAL_LIMIT_SNAPSHOT_PREPARE_STARTED] FINANCIAL_LIMIT_SNAPSHOT_PREPARE_STARTED flowId=- queryKey=- direction=- scope=yearWindowStart=2014 yearWindowEnd=2038 revision=2 totalMinor=- entryCount=-
2026-09-09T14:13:28.3763745Z D/FluviDashboard( 2279): [FLOW][FINANCIAL_LIMIT_SNAPSHOT_READY] FINANCIAL_LIMIT_SNAPSHOT_READY flowId=- queryKey=- direction=- scope=incomeTargetCount=3 incomeCategoryCount=2 expenseTargetCount=9 expenseCategoryCount=8 periodSliceCount=326 payloadBytes=320072 sqlCalls=5 nativeSqlMicros=131795 revision=2 totalMinor=- entryCount=-
2026-09-09T14:13:28.3828322Z D/FluviDashboard( 2279): [FLOW][BUDGET_PARTNER_SNAPSHOT_PREPARE_STARTED] BUDGET_PARTNER_SNAPSHOT_PREPARE_STARTED flowId=- queryKey=- direction=- scope=yearWindowStart=2014 yearWindowEnd=2038 revision=2 totalMinor=- entryCount=-
2026-09-09T14:13:28.4610684Z D/EGL_emulation( 2279): app_time_stats: avg=159.93ms min=121.95ms max=290.80ms count=7
2026-09-09T14:13:28.6170370Z D/FluviDashboard( 2279): [FLOW][BUDGET_PARTNER_SNAPSHOT_READY] BUDGET_PARTNER_SNAPSHOT_READY flowId=- queryKey=- direction=- scope=incomePartnerCount=4 expensePartnerCount=23 periodSlices=326 payloadBytes=347027 sqlCalls=5 nativeSqlMicros=191662 revision=2 totalMinor=- entryCount=-
2026-09-09T14:13:28.6360885Z I/flutter ( 2279): [FluviDiagnostic] stage=READINESS_TASK_COMPLETED scope=- entryCount=- error=- message=viewportPayload
2026-09-09T14:13:28.6367826Z I/flutter ( 2279): [FluviDiagnostic] stage=READINESS_PHASE_ENTERED scope=- entryCount=- error=- message=presentationPreparing
2026-09-09T14:13:28.6393399Z I/flutter ( 2279): [FluviDiagnostic] stage=READINESS_TASK_STARTED scope=- entryCount=- error=- message=renderResources
2026-09-09T14:13:28.6395332Z I/flutter ( 2279): [FluviDiagnostic] stage=READINESS_TASK_COMPLETED scope=- entryCount=- error=- message=renderResources
2026-09-09T14:13:28.6397515Z I/flutter ( 2279): [FluviDiagnostic] stage=READINESS_PHASE_ENTERED scope=- entryCount=- error=- message=renderCriticalWarmup
2026-09-09T14:13:28.6399440Z I/flutter ( 2279): [FluviDiagnostic] stage=READINESS_TASK_STARTED scope=- entryCount=- error=- message=logBoxSurface
2026-09-09T14:13:28.8058384Z I/flutter ( 2279): [FluviDiagnostic] stage=BUDGET_HEADER_VALUE_BOUND scope=generation=0 plane=day targetHandle=0 modelBindVsyncMicros=1316041818 displayNumeratorScaled100=2839954 displayDenominatorScaled100=2778226 hasLimit=true canonicalLimitScaled100=86125000 entryCount=- error=- message=-
2026-09-09T14:13:28.8083298Z I/flutter ( 2279): [FluviDiagnostic] stage=HEADER_PORTAL_EFFECT_CATALOG_VERIFIED scope=- entryCount=- error=- message=innerOptionCount=5 backgroundOptionCount=5 sameOptions=true sameRenderer=false sameParameterSchema=true sameDefaults=true sameState=false sameClockSource=true
2026-09-09T14:13:28.8106288Z I/flutter ( 2279): [FluviDiagnostic] stage=BUDGET_HEADER_COOL_COLOR_BOUND scope=source=cool driver=userGlobal positionPct=50 windowWidthPct=28 leftRawPct=36.0 centerRawPct=50.0 rightRawPct=64.0 leftSamplePct=36.0 centerSamplePct=50.0 rightSamplePct=64.0 colorAArgb=4284604923 colorMidArgb=4279551457 colorBArgb=4278423754 settingsGeneration=0 entryCount=- error=- message=-
2026-09-09T14:13:28.8172726Z I/flutter ( 2279): [FluviDiagnostic] stage=READINESS_TASK_COMPLETED scope=- entryCount=- error=- message=logBoxSurface
2026-09-09T14:13:28.8197086Z I/flutter ( 2279): [FluviDiagnostic] stage=READINESS_TASK_STARTED scope=- entryCount=- error=- message=logBoxLayout
2026-09-09T14:13:28.8229438Z I/flutter ( 2279): [FluviDiagnostic] stage=READINESS_TASK_COMPLETED scope=- entryCount=- error=- message=logBoxLayout
2026-09-09T14:13:28.8267632Z I/flutter ( 2279): [FluviDiagnostic] stage=READINESS_TASK_STARTED scope=- entryCount=- error=- message=textLayoutSlots
2026-09-09T14:13:28.8272818Z I/flutter ( 2279): [FluviDiagnostic] stage=SCENE_WINDOW_PREPARE_STARTED scope=owner=renderCriticalReadiness priority=5 entryCount=130 error=- message=-
2026-09-09T14:13:28.8292068Z I/flutter ( 2279): [FluviDiagnostic] stage=SCENE_WINDOW_SLICE_OVER_BUDGET scope=boundary=rowDiscovery elapsedMicros=1521 budgetMicros=1000 entryCount=130 error=- message=-
2026-09-09T14:13:28.8310361Z I/flutter ( 2279): [FluviDiagnostic] stage=HEADER_RENDER_BACKEND_BOUND scope=commitSha=33ee878b070345c336bb73df2b087d9a63c87c5a backend=fragmentShader logicalWidth=375.4757281553398 logicalHeight=123.8252427184466 devicePixelRatio=2.6260019651445416 physicalWidth=986.0 physicalHeight=326.0 backendIdentity=80224131 entryCount=- error=- message=-
2026-09-09T14:13:28.8316442Z I/flutter ( 2279): [FluviDiagnostic] stage=HEADER_PORTAL_INNER_CHANNEL_BOUND scope=enabled=true effectId=wandering-mist settingsGeneration=0 phaseOwnerIdentity=901707581 controllerIdentity=697929928 fragmentBackendIdentity=80224131 programIdentity=80224131 shaderIdentity=80224131 canonicalFieldStopCount=2 canonicalFieldStopHash=43d59ffd portalColorModel=paletteCoordinate inputSignature=11b6da62 entryCount=- error=- message=-
2026-09-09T14:13:28.8323014Z I/flutter ( 2279): [FluviDiagnostic] stage=HEADER_PORTAL_BACKGROUND_CHANNEL_BOUND scope=enabled=true effectId=wandering-mist settingsGeneration=0 phaseOwnerIdentity=901707581 controllerIdentity=697929928 fragmentBackendIdentity=80224131 programIdentity=80224131 shaderIdentity=80224131 canonicalFieldStopCount=2 canonicalFieldStopHash=43d59ffd portalColorModel=paletteCoordinate inputSignature=11b6da62 entryCount=- error=- message=-
2026-09-09T14:13:28.8330940Z I/flutter ( 2279): [FluviDiagnostic] stage=HEADER_PORTAL_FRAGMENT_INPUT_BOUND scope=innerEnabled=true innerEffect=wandering-mist innerSettingsHash=143ac802 backgroundEnabled=true backgroundEffect=wandering-mist backgroundSettingsHash=143ac802 uniformLayoutVersion=3 fragmentConfigurationGeneration=1 fragmentBackendIdentity=80224131 programIdentity=80224131 shaderIdentity=80224131 canonicalFieldStopCount=2 canonicalFieldStopHash=43d59ffd portalColorModel=paletteCoordinate entryCount=- error=- message=-
2026-09-09T14:13:28.8335193Z I/flutter ( 2279): [FluviDiagnostic] stage=HEADER_SHADER_READY scope=asset=shaders/dashboard_header_field.frag programIdentity=974727089 shaderIdentity=629889807 flutterVersion=3.41.4 rendererBackend=runtimeEffect engineBackend=notExposedByDart entryCount=- error=- message=-
2026-09-09T14:13:28.8384642Z I/flutter ( 2279): [FluviDiagnostic] stage=SCENE_WINDOW_SLICE_OVER_BUDGET scope=boundary=rowText elapsedMicros=1667 budgetMicros=1000 entryCount=130 error=- message=-
2026-09-09T14:13:28.8609186Z I/flutter ( 2279): [FluviDiagnostic] stage=SCENE_WINDOW_SLICE_OVER_BUDGET scope=boundary=dayHeader elapsedMicros=1047 budgetMicros=1000 entryCount=130 error=- message=-
2026-09-09T14:13:28.8641447Z I/flutter ( 2279): [FluviDiagnostic] stage=SCENE_WINDOW_PREPARE_COMPLETED scope=owner=renderCriticalReadiness priority=5 entryCount=130 error=- message=uiIsolateMicros=25608 largestContiguousUiSliceMicros=1667 yields=75 richRowProjectionMicros=122 richFrameProjectionMicros=543 projectedUniqueRows=96 projectedFrames=38 reusedProjectedRows=30 reusedProjectedFrames=0 uniqueRowLayouts=100 reusedRowLayouts=0 newRowLayouts=100 sceneNew=39 sceneReuse=0 pauseCount=0 resumeCount=0 semanticsWork=0 rasterWork=0 allocationCount=170
2026-09-09T14:13:28.8678066Z I/flutter ( 2279): [FluviDiagnostic] stage=SCENE_WINDOW_PREPARE_STARTED scope=owner=liveInteractionResource priority=4 entryCount=130 error=- message=-
2026-09-09T14:13:28.8680633Z I/flutter ( 2279): [FluviDiagnostic] stage=READINESS_TASK_COMPLETED scope=- entryCount=- error=- message=textLayoutSlots
2026-09-09T14:13:28.8707160Z I/flutter ( 2279): [FluviDiagnostic] stage=READINESS_PHASE_ENTERED scope=- entryCount=- error=- message=ready
2026-09-09T14:13:28.8737579Z I/flutter ( 2279): [FluviDiagnostic] stage=DASHBOARD_STARTUP_READY scope=attemptGeneration=1 stage=ready readinessTask=- entryCount=- error=- message=-
2026-09-09T14:13:28.8766976Z I/flutter ( 2279): [FluviDiagnostic] stage=READINESS_READY scope=- entryCount=- error=- message=-
2026-09-09T14:13:28.8801052Z I/flutter ( 2279): [FluviDiagnostic] stage=SCENE_WINDOW_PREPARE_COMPLETED scope=owner=liveInteractionResource priority=4 entryCount=130 error=- message=uiIsolateMicros=1339 largestContiguousUiSliceMicros=779 yields=6 richRowProjectionMicros=0 richFrameProjectionMicros=0 projectedUniqueRows=0 projectedFrames=0 reusedProjectedRows=0 reusedProjectedFrames=0 uniqueRowLayouts=100 reusedRowLayouts=100 newRowLayouts=0 sceneNew=0 sceneReuse=39 pauseCount=0 resumeCount=0 semanticsWork=0 rasterWork=0 allocationCount=0
2026-09-09T14:13:28.9864686Z I/flutter ( 2279): [FluviDiagnostic] stage=SCENE_WINDOW_PREPARE_STARTED scope=owner=foregroundNavigation priority=3 entryCount=226 error=- message=-
2026-09-09T14:13:28.9949282Z I/flutter ( 2279): [FluviDiagnostic] stage=SCENE_WINDOW_ATOMIC_WORK_UNIT_OVER_BUDGET scope=workUnit=rowText:secondary elapsedMicros=4168 budgetMicros=1000 entryCount=226 error=- message=-
2026-09-09T14:13:28.9982845Z I/flutter ( 2279): [FluviDiagnostic] stage=SCENE_WINDOW_SLICE_OVER_BUDGET scope=boundary=rowText elapsedMicros=4400 budgetMicros=1000 entryCount=226 error=- message=-
2026-09-09T14:13:28.9988753Z I/flutter ( 2279): [FluviDiagnostic] stage=SCENE_WINDOW_SLICE_OVER_BUDGET scope=boundary=dayHeader elapsedMicros=1031 budgetMicros=1000 entryCount=226 error=- message=-
2026-09-09T14:13:28.9999594Z I/flutter ( 2279): [FluviDiagnostic] stage=SCENE_WINDOW_ATOMIC_WORK_UNIT_OVER_BUDGET scope=workUnit=dayHeaderText elapsedMicros=1546 budgetMicros=1000 entryCount=226 error=- message=-
2026-09-09T14:13:29.0004221Z I/flutter ( 2279): [FluviDiagnostic] stage=SCENE_WINDOW_PREPARE_COMPLETED scope=owner=foregroundNavigation priority=3 entryCount=226 error=- message=uiIsolateMicros=11104 largestContiguousUiSliceMicros=4400 yields=17 richRowProjectionMicros=29 richFrameProjectionMicros=480 projectedUniqueRows=18 projectedFrames=4 reusedProjectedRows=78 reusedProjectedFrames=0 uniqueRowLayouts=118 reusedRowLayouts=100 newRowLayouts=18 sceneNew=4 sceneReuse=39 pauseCount=0 resumeCount=0 semanticsWork=0 rasterWork=0 allocationCount=40
2026-09-09T14:13:29.0007143Z I/flutter ( 2279): [FluviDiagnostic] stage=SUMMARY_PARENT_HOTSET_PREPARE_STARTED scope=- entryCount=130 error=- message=-
2026-09-09T14:13:29.0008754Z I/flutter ( 2279): [FluviDiagnostic] stage=SCENE_WINDOW_PREPARE_STARTED scope=owner=speculativeMaintenance priority=1 entryCount=130 error=- message=-
2026-09-09T14:13:29.0021256Z I/flutter ( 2279): [FluviDiagnostic] stage=SCENE_WINDOW_ATOMIC_WORK_UNIT_OVER_BUDGET scope=workUnit=richProjection elapsedMicros=3809 budgetMicros=1000 entryCount=130 error=- message=-
2026-09-09T14:13:29.0024435Z I/flutter ( 2279): [FluviDiagnostic] stage=SCENE_WINDOW_SLICE_OVER_BUDGET scope=boundary=richProjection elapsedMicros=4379 budgetMicros=1000 entryCount=130 error=- message=-
2026-09-09T14:13:29.0103249Z I/flutter ( 2279): [FluviDiagnostic] stage=SCENE_WINDOW_SLICE_OVER_BUDGET scope=boundary=rowDiscovery elapsedMicros=2217 budgetMicros=1000 entryCount=130 error=- message=-
2026-09-09T14:13:29.0551524Z I/flutter ( 2279): [FluviDiagnostic] stage=SCENE_WINDOW_ATOMIC_WORK_UNIT_OVER_BUDGET scope=workUnit=rowText:title elapsedMicros=41871 budgetMicros=1000 entryCount=130 error=- message=-
2026-09-09T14:13:29.0574396Z I/flutter ( 2279): [FluviDiagnostic] stage=SCENE_WINDOW_SLICE_OVER_BUDGET scope=boundary=rowTextParagraph elapsedMicros=42008 budgetMicros=1000 entryCount=130 error=- message=-
2026-09-09T14:13:29.0645719Z I/flutter ( 2279): [FluviDiagnostic] stage=SCENE_WINDOW_ATOMIC_WORK_UNIT_OVER_BUDGET scope=workUnit=rowText:time elapsedMicros=7575 budgetMicros=1000 entryCount=130 error=- message=-
2026-09-09T14:13:29.0995570Z I/flutter ( 2279): [FluviDiagnostic] stage=SCENE_WINDOW_SLICE_OVER_BUDGET scope=boundary=dayHeader elapsedMicros=1055 budgetMicros=1000 entryCount=130 error=- message=-
2026-09-09T14:13:29.1026663Z I/flutter ( 2279): [FluviDiagnostic] stage=SCENE_WINDOW_PREPARE_COMPLETED scope=owner=speculativeMaintenance priority=1 entryCount=130 error=- message=uiIsolateMicros=96031 largestContiguousUiSliceMicros=42008 yields=69 richRowProjectionMicros=122 richFrameProjectionMicros=4290 projectedUniqueRows=94 projectedFrames=30 reusedProjectedRows=36 reusedProjectedFrames=0 uniqueRowLayouts=100 reusedRowLayouts=6 newRowLayouts=94 sceneNew=30 sceneReuse=0 pauseCount=0 resumeCount=0 semanticsWork=0 rasterWork=0 allocationCount=140
2026-09-09T14:13:29.1050601Z I/flutter ( 2279): [FluviDiagnostic] stage=SUMMARY_PARENT_HOTSET_PREPARE_READY scope=- entryCount=130 error=- message=-
2026-09-09T14:13:29.1073733Z I/flutter ( 2279): [FluviDiagnostic] stage=SUMMARY_PARENT_HOTSET_PREPARE_STARTED scope=- entryCount=0 error=- message=-
2026-09-09T14:13:29.1104280Z I/flutter ( 2279): [FluviDiagnostic] stage=SUMMARY_PARENT_HOTSET_PREPARE_READY scope=- entryCount=0 error=- message=-
2026-09-09T14:13:29.1205532Z I/flutter ( 2279): [FluviDiagnostic] stage=HEADER_RENDER_FIDELITY_CONFIG scope=outputResolutionMode=nativeSurface fieldEvaluationMode=perFragment logicalWidth=375.4757281553398 logicalHeight=123.8252427184466 physicalWidth=986.0 physicalHeight=326.0 sourceRenderScale=0.6 effectId=dualTide backend=fragmentShader physicalTarget=986.0x326.0 parentTransformScale=notObservableInCanvas touchOverlayBackend=fragmentShaderAnalytic shaderFailureFallback=nativeStaticGradient shaderReady=true shaderFailure=false entryCount=- error=- message=-
2026-09-09T14:13:29.1224383Z I/flutter ( 2279): [FluviDiagnostic] stage=HEADER_TOUCH_RENDER_PATH_BOUND scope=fieldBackend=fragmentShader overlayBackend=fragmentShaderAnalytic trailBackend=fragmentShaderAnalytic logicalSize=375.4757281553398x123.8252427184466 physicalSize=986.0x326.0 usesSaveLayer=false usesOffscreenIntermediate=false entryCount=- error=- message=-
2026-09-09T14:13:29.1228180Z I/flutter ( 2279): [FluviDiagnostic] stage=HEADER_PORTAL_INNER_CHANNEL_BOUND scope=enabled=true effectId=wandering-mist settingsGeneration=0 phaseOwnerIdentity=901707581 controllerIdentity=697929928 fragmentBackendIdentity=80224131 programIdentity=974727089 shaderIdentity=629889807 canonicalFieldStopCount=2 canonicalFieldStopHash=43d59ffd portalColorModel=paletteCoordinate inputSignature=11bd947a entryCount=- error=- message=-
2026-09-09T14:13:29.1232630Z I/flutter ( 2279): [FluviDiagnostic] stage=HEADER_PORTAL_BACKGROUND_CHANNEL_BOUND scope=enabled=true effectId=wandering-mist settingsGeneration=0 phaseOwnerIdentity=901707581 controllerIdentity=697929928 fragmentBackendIdentity=80224131 programIdentity=974727089 shaderIdentity=629889807 canonicalFieldStopCount=2 canonicalFieldStopHash=43d59ffd portalColorModel=paletteCoordinate inputSignature=11bd947a entryCount=- error=- message=-
2026-09-09T14:13:29.1237552Z I/flutter ( 2279): [FluviDiagnostic] stage=HEADER_PORTAL_FRAGMENT_INPUT_BOUND scope=innerEnabled=true innerEffect=wandering-mist innerSettingsHash=143ac802 backgroundEnabled=true backgroundEffect=wandering-mist backgroundSettingsHash=143ac802 uniformLayoutVersion=3 fragmentConfigurationGeneration=2 fragmentBackendIdentity=80224131 programIdentity=974727089 shaderIdentity=629889807 canonicalFieldStopCount=2 canonicalFieldStopHash=43d59ffd portalColorModel=paletteCoordinate entryCount=- error=- message=-
2026-09-09T14:13:29.1304057Z I/flutter ( 2279): [PROFILE][SCENARIO_PREPARED] F_parent_while_rail_open plane=month
2026-09-09T14:13:29.1306846Z I/flutter ( 2279): [PROFILE][SCENARIO_STABLE] F_parent_while_rail_open
2026-09-09T14:13:31.1578026Z I/flutter ( 2279): 
2026-09-09T14:13:31.1610721Z I/flutter ( 2279): Warning: A call to fling() with finder "Found 1 widget with key [<'dashboard-summary-shell-transform'>]: [
2026-09-09T14:13:31.1642889Z I/flutter ( 2279):   Instance of 'SingleChildRenderObjectElement',
2026-09-09T14:13:31.1665791Z I/flutter ( 2279): ]" derived an Offset (Instance of 'Offset') that would not hit test on the specified widget.
2026-09-09T14:13:31.1686736Z I/flutter ( 2279): Maybe the widget is actually off-screen, or another widget is obscuring it, or the widget cannot receive pointer events.
2026-09-09T14:13:31.1697622Z I/flutter ( 2279): The finder corresponds to this RenderBox: Instance of 'RenderTransform'
2026-09-09T14:13:31.1699128Z I/flutter ( 2279): The hit test result at that offset is: Instance of 'HitTestResult'
2026-09-09T14:13:31.1700868Z I/flutter ( 2279): #0      WidgetController._getElementPoint (package:flutter_test/src/controller.dart:2158)
2026-09-09T14:13:31.1702749Z I/flutter ( 2279): #1      WidgetController.getCenter (package:flutter_test/src/controller.dart:1942)
2026-09-09T14:13:31.1704459Z I/flutter ( 2279): #2      WidgetController.fling (package:flutter_test/src/controller.dart:1297)
2026-09-09T14:13:31.1706727Z I/flutter ( 2279): #3      _flingSummary (file:///home/runner/work/exptv2/exptv2/integration_test/dashboard_interaction_profile_test.dart:1678)
2026-09-09T14:13:31.1709471Z I/flutter ( 2279): #4      _runMeasuredScenario (file:///home/runner/work/exptv2/exptv2/integration_test/dashboard_interaction_profile_test.dart:1280)
2026-09-09T14:13:31.1712195Z I/flutter ( 2279): #5      _runScenario.<anonymous closure>.<anonymous closure> (file:///home/runner/work/exptv2/exptv2/integration_test/dashboard_interaction_profile_test.dart:428)
2026-09-09T14:13:31.1714788Z I/flutter ( 2279): #6      _timelineStep (file:///home/runner/work/exptv2/exptv2/integration_test/dashboard_interaction_profile_test.dart:1759)
2026-09-09T14:13:31.1717486Z I/flutter ( 2279): #7      _runScenario.<anonymous closure> (file:///home/runner/work/exptv2/exptv2/integration_test/dashboard_interaction_profile_test.dart:420)
2026-09-09T14:13:31.1720554Z I/flutter ( 2279): #8      IntegrationTestWidgetsFlutterBinding.traceTimeline (package:integration_test/integration_test.dart:304)
2026-09-09T14:13:31.1722146Z I/flutter ( 2279): <asynchronous suspension>
2026-09-09T14:13:31.1723822Z I/flutter ( 2279): #9      IntegrationTestWidgetsFlutterBinding.traceAction (package:integration_test/integration_test.dart:356)
2026-09-09T14:13:31.1725376Z I/flutter ( 2279): <asynchronous suspension>
2026-09-09T14:13:31.1727456Z I/flutter ( 2279): #10     _captureProfilePerformance (file:///home/runner/work/exptv2/exptv2/integration_test/dashboard_interaction_profile_test.dart:1782)
2026-09-09T14:13:31.1729304Z I/flutter ( 2279): <asynchronous suspension>
2026-09-09T14:13:31.1731151Z I/flutter ( 2279): #11     _runScenario (file:///home/runner/work/exptv2/exptv2/integration_test/dashboard_interaction_profile_test.dart:418)
2026-09-09T14:13:31.1732708Z I/flutter ( 2279): <asynchronous suspension>
2026-09-09T14:13:31.1734565Z I/flutter ( 2279): #12     main.<anonymous closure> (file:///home/runner/work/exptv2/exptv2/integration_test/dashboard_interaction_profile_test.dart:52)
2026-09-09T14:13:31.1736694Z I/flutter ( 2279): <asynchronous suspension>
2026-09-09T14:13:31.1738334Z I/flutter ( 2279): #13     testWidgets.<anonymous closure>.<anonymous closure> (package:flutter_test/src/widget_tester.dart:192)
2026-09-09T14:13:31.1739823Z I/flutter ( 2279): <asynchronous suspension>
2026-09-09T14:13:31.1741583Z I/flutter ( 2279): #14     TestWidgetsFlutterBinding._runTestBody (package:flutter_test/src/binding.dart:1682)
2026-09-09T14:13:31.1743003Z I/flutter ( 2279): <asynchronous suspension>
2026-09-09T14:13:31.1744832Z I/flutter ( 2279): #15     TestWidgetsFlutterBinding._createTestCompletionHandler.<anonymous closure> (package:flutter_test/src/binding.dart:1437)
2026-09-09T14:13:31.1746640Z I/flutter ( 2279): <asynchronous suspension>
2026-09-09T14:13:31.1747876Z I/flutter ( 2279): To silence this warning, pass "warnIfMissed: false" to "fling()".
2026-09-09T14:13:31.1749547Z I/flutter ( 2279): To make this warning fatal, set WidgetController.hitTestWarningShouldBeFatal to true.
2026-09-09T14:13:31.1750968Z I/flutter ( 2279): 
2026-09-09T14:13:31.5026333Z D/EGL_emulation( 2279): app_time_stats: avg=506.28ms min=42.48ms max=2111.12ms count=6
2026-09-09T14:13:33.5801137Z D/EGL_emulation( 2279): app_time_stats: avg=2082.83ms min=2082.83ms max=2082.83ms count=1
2026-09-09T14:13:35.7621003Z D/EGL_emulation( 2279): app_time_stats: avg=2182.07ms min=2182.07ms max=2182.07ms count=1
2026-09-09T14:13:37.9029843Z D/EGL_emulation( 2279): app_time_stats: avg=2135.63ms min=2135.63ms max=2135.63ms count=1
2026-09-09T14:13:40.0428789Z D/EGL_emulation( 2279): app_time_stats: avg=2143.95ms min=2143.95ms max=2143.95ms count=1
2026-09-09T14:13:42.1711686Z D/EGL_emulation( 2279): app_time_stats: avg=2123.85ms min=2123.85ms max=2123.85ms count=1
2026-09-09T14:13:44.0400582Z D/EGL_emulation( 2279): app_time_stats: avg=1870.17ms min=1870.17ms max=1870.17ms count=1
2026-09-09T14:13:46.0630867Z D/EGL_emulation( 2279): app_time_stats: avg=2022.32ms min=2022.32ms max=2022.32ms count=1
2026-09-09T14:13:48.1753234Z D/EGL_emulation( 2279): app_time_stats: avg=2114.05ms min=2114.05ms max=2114.05ms count=1
2026-09-09T14:13:48.2027885Z I/flutter ( 2279): [FluviDiagnostic] stage=SCENE_WINDOW_PREPARE_STARTED scope=owner=liveInteractionResource priority=4 entryCount=0 error=- message=-
2026-09-09T14:13:49.7345662Z I/flutter ( 2279): [PROFILE][SCENARIO_READY] F_parent_while_rail_open
2026-09-09T14:13:49.7398365Z I/flutter ( 2279): [PROFILE][SCENARIO_START] G_direction_while_rail_open
2026-09-09T14:13:50.6411550Z D/EGL_emulation( 2279): app_time_stats: avg=2466.99ms min=2466.99ms max=2466.99ms count=1
2026-09-09T14:13:50.6578062Z I/flutter ( 2279): [FluviDiagnostic] stage=DASHBOARD_STARTUP_ATTEMPT_STARTED scope=attemptGeneration=1 stage=bootstrap entryCount=- error=- message=-
2026-09-09T14:13:50.7269848Z I/flutter ( 2279): [FluviDiagnostic] stage=READINESS_PHASE_ENTERED scope=- entryCount=- error=- message=databasePending
2026-09-09T14:13:50.7317544Z I/flutter ( 2279): [FluviDiagnostic] stage=READINESS_PHASE_ENTERED scope=- entryCount=- error=- message=indexBuilding
2026-09-09T14:13:50.7377578Z I/flutter ( 2279): [FluviDiagnostic] stage=READINESS_TASK_STARTED scope=- entryCount=- error=- message=viewportPayload
2026-09-09T14:13:50.7601129Z D/FluviDashboard( 2279): [FLOW][INDEX_BUILD_STARTED] INDEX_BUILD_STARTED flowId=- queryKey=- direction=- scope=generation=1 acquisitionReason=bootstrap requestIdentity=rev=2|income=income|periods:|categories:|partners:|refinements:min=,max=,hasNote=false|expense=expense|periods:|categories:|partners:|refinements:min=,max=,hasNote=false|page=24|window=2014-2038 revision=2 totalMinor=- entryCount=-
2026-09-09T14:13:51.3100407Z I/com.fluvi.app( 2279): Background concurrent mark compact GC freed 6564KB AllocSpace bytes, 4(656KB) LOS objects, 49% free, 3839KB/7679KB, paused 163us,6.470ms total 178.649ms
2026-09-09T14:13:51.6654572Z I/com.fluvi.app( 2279): Background concurrent mark compact GC freed 4960KB AllocSpace bytes, 0(0B) LOS objects, 49% free, 3775KB/7551KB, paused 192us,14.956ms total 182.798ms
2026-09-09T14:13:52.0812262Z I/com.fluvi.app( 2279): Background concurrent mark compact GC freed 4632KB AllocSpace bytes, 0(0B) LOS objects, 49% free, 4575KB/9151KB, paused 999us,4.305ms total 207.287ms
2026-09-09T14:13:53.0822080Z I/com.fluvi.app( 2279): Background concurrent mark compact GC freed 3744KB AllocSpace bytes, 0(0B) LOS objects, 49% free, 6583KB/12MB, paused 429us,5.367ms total 234.276ms
2026-09-09T14:13:53.3507440Z D/FluviDashboard( 2279): [FLOW][INDEX_BUILD_READY] INDEX_BUILD_READY flowId=- queryKey=- direction=- scope=generation=1 acquisitionReason=bootstrap requestIdentity=rev=2|income=income|periods:|categories:|partners:|refinements:min=,max=,hasNote=false|expense=expense|periods:|categories:|partners:|refinements:min=,max=,hasNote=false|page=24|window=2014-2038 sqlCalls=5 sqlMicros=1513630 frames=1012 rows=4304 payloadBytes=2175073 serializationMicros=200231 revision=2 totalMinor=- entryCount=-
2026-09-09T14:13:53.3635348Z I/com.fluvi.app( 2279): Background concurrent mark compact GC freed 4556KB AllocSpace bytes, 7(2060KB) LOS objects, 49% free, 18MB/36MB, paused 295us,6.875ms total 152.803ms
2026-09-09T14:13:53.5608280Z D/EGL_emulation( 2279): app_time_stats: avg=2918.89ms min=2918.89ms max=2918.89ms count=1
2026-09-09T14:13:54.4169380Z D/FluviDashboard( 2279): [FLOW][FINANCIAL_LIMIT_SNAPSHOT_PREPARE_STARTED] FINANCIAL_LIMIT_SNAPSHOT_PREPARE_STARTED flowId=- queryKey=- direction=- scope=yearWindowStart=2014 yearWindowEnd=2038 revision=2 totalMinor=- entryCount=-
2026-09-09T14:13:54.5654368Z D/FluviDashboard( 2279): [FLOW][FINANCIAL_LIMIT_SNAPSHOT_READY] FINANCIAL_LIMIT_SNAPSHOT_READY flowId=- queryKey=- direction=- scope=incomeTargetCount=3 incomeCategoryCount=2 expenseTargetCount=9 expenseCategoryCount=8 periodSliceCount=326 payloadBytes=320072 sqlCalls=5 nativeSqlMicros=128538 revision=2 totalMinor=- entryCount=-
2026-09-09T14:13:54.5757824Z D/FluviDashboard( 2279): [FLOW][BUDGET_PARTNER_SNAPSHOT_PREPARE_STARTED] BUDGET_PARTNER_SNAPSHOT_PREPARE_STARTED flowId=- queryKey=- direction=- scope=yearWindowStart=2014 yearWindowEnd=2038 revision=2 totalMinor=- entryCount=-
2026-09-09T14:13:54.6524846Z D/EGL_emulation( 2279): app_time_stats: avg=207.38ms min=145.79ms max=297.85ms count=5
2026-09-09T14:13:54.7599522Z D/FluviDashboard( 2279): [FLOW][BUDGET_PARTNER_SNAPSHOT_READY] BUDGET_PARTNER_SNAPSHOT_READY flowId=- queryKey=- direction=- scope=incomePartnerCount=4 expensePartnerCount=23 periodSlices=326 payloadBytes=347027 sqlCalls=5 nativeSqlMicros=153296 revision=2 totalMinor=- entryCount=-
2026-09-09T14:13:54.7678372Z I/flutter ( 2279): [FluviDiagnostic] stage=READINESS_TASK_COMPLETED scope=- entryCount=- error=- message=viewportPayload
2026-09-09T14:13:54.7727560Z I/flutter ( 2279): [FluviDiagnostic] stage=READINESS_PHASE_ENTERED scope=- entryCount=- error=- message=presentationPreparing
2026-09-09T14:13:54.7757301Z I/flutter ( 2279): [FluviDiagnostic] stage=READINESS_TASK_STARTED scope=- entryCount=- error=- message=renderResources
2026-09-09T14:13:54.7760052Z I/flutter ( 2279): [FluviDiagnostic] stage=READINESS_TASK_COMPLETED scope=- entryCount=- error=- message=renderResources
2026-09-09T14:13:54.7787384Z I/flutter ( 2279): [FluviDiagnostic] stage=READINESS_PHASE_ENTERED scope=- entryCount=- error=- message=renderCriticalWarmup
2026-09-09T14:13:54.7817346Z I/flutter ( 2279): [FluviDiagnostic] stage=READINESS_TASK_STARTED scope=- entryCount=- error=- message=logBoxSurface
2026-09-09T14:13:54.9091482Z I/flutter ( 2279): [FluviDiagnostic] stage=BUDGET_HEADER_VALUE_BOUND scope=generation=0 plane=day targetHandle=0 modelBindVsyncMicros=1342141817 displayNumeratorScaled100=4835714 displayDenominatorScaled100=2850806 hasLimit=true canonicalLimitScaled100=88375000 entryCount=- error=- message=-
2026-09-09T14:13:54.9118778Z I/flutter ( 2279): [FluviDiagnostic] stage=HEADER_PORTAL_EFFECT_CATALOG_VERIFIED scope=- entryCount=- error=- message=innerOptionCount=5 backgroundOptionCount=5 sameOptions=true sameRenderer=false sameParameterSchema=true sameDefaults=true sameState=false sameClockSource=true
2026-09-09T14:13:54.9149892Z I/flutter ( 2279): [FluviDiagnostic] stage=BUDGET_HEADER_COOL_COLOR_BOUND scope=source=cool driver=userGlobal positionPct=50 windowWidthPct=28 leftRawPct=36.0 centerRawPct=50.0 rightRawPct=64.0 leftSamplePct=36.0 centerSamplePct=50.0 rightSamplePct=64.0 colorAArgb=4284604923 colorMidArgb=4279551457 colorBArgb=4278423754 settingsGeneration=0 entryCount=- error=- message=-
2026-09-09T14:13:54.9297559Z I/flutter ( 2279): [FluviDiagnostic] stage=READINESS_TASK_COMPLETED scope=- entryCount=- error=- message=logBoxSurface
2026-09-09T14:13:54.9327303Z I/flutter ( 2279): [FluviDiagnostic] stage=READINESS_TASK_STARTED scope=- entryCount=- error=- message=logBoxLayout
2026-09-09T14:13:54.9329539Z I/flutter ( 2279): [FluviDiagnostic] stage=READINESS_TASK_COMPLETED scope=- entryCount=- error=- message=logBoxLayout
2026-09-09T14:13:54.9357419Z I/flutter ( 2279): [FluviDiagnostic] stage=READINESS_TASK_STARTED scope=- entryCount=- error=- message=textLayoutSlots
2026-09-09T14:13:54.9387534Z I/flutter ( 2279): [FluviDiagnostic] stage=SCENE_WINDOW_PREPARE_STARTED scope=owner=renderCriticalReadiness priority=5 entryCount=130 error=- message=-
2026-09-09T14:13:54.9443786Z I/flutter ( 2279): [FluviDiagnostic] stage=HEADER_RENDER_BACKEND_BOUND scope=commitSha=33ee878b070345c336bb73df2b087d9a63c87c5a backend=fragmentShader logicalWidth=375.4757281553398 logicalHeight=123.8252427184466 devicePixelRatio=2.6260019651445416 physicalWidth=986.0 physicalHeight=326.0 backendIdentity=525318571 entryCount=- error=- message=-
2026-09-09T14:13:54.9480446Z I/flutter ( 2279): [FluviDiagnostic] stage=HEADER_PORTAL_INNER_CHANNEL_BOUND scope=enabled=true effectId=wandering-mist settingsGeneration=0 phaseOwnerIdentity=931676101 controllerIdentity=226576992 fragmentBackendIdentity=525318571 programIdentity=525318571 shaderIdentity=525318571 canonicalFieldStopCount=2 canonicalFieldStopHash=43d59ffd portalColorModel=paletteCoordinate inputSignature=abe5949 entryCount=- error=- message=-
2026-09-09T14:13:54.9509994Z I/flutter ( 2279): [FluviDiagnostic] stage=HEADER_PORTAL_BACKGROUND_CHANNEL_BOUND scope=enabled=true effectId=wandering-mist settingsGeneration=0 phaseOwnerIdentity=931676101 controllerIdentity=226576992 fragmentBackendIdentity=525318571 programIdentity=525318571 shaderIdentity=525318571 canonicalFieldStopCount=2 canonicalFieldStopHash=43d59ffd portalColorModel=paletteCoordinate inputSignature=abe5949 entryCount=- error=- message=-
2026-09-09T14:13:54.9540574Z I/flutter ( 2279): [FluviDiagnostic] stage=HEADER_PORTAL_FRAGMENT_INPUT_BOUND scope=innerEnabled=true innerEffect=wandering-mist innerSettingsHash=143ac802 backgroundEnabled=true backgroundEffect=wandering-mist backgroundSettingsHash=143ac802 uniformLayoutVersion=3 fragmentConfigurationGeneration=1 fragmentBackendIdentity=525318571 programIdentity=525318571 shaderIdentity=525318571 canonicalFieldStopCount=2 canonicalFieldStopHash=43d59ffd portalColorModel=paletteCoordinate entryCount=- error=- message=-
2026-09-09T14:13:54.9594540Z I/flutter ( 2279): [FluviDiagnostic] stage=HEADER_SHADER_READY scope=asset=shaders/dashboard_header_field.frag programIdentity=974727089 shaderIdentity=19028435 flutterVersion=3.41.4 rendererBackend=runtimeEffect engineBackend=notExposedByDart entryCount=- error=- message=-
2026-09-09T14:13:54.9598234Z I/flutter ( 2279): [FluviDiagnostic] stage=SUMMARY_PARENT_HOTSET_PREPARE_STARTED scope=- entryCount=130 error=- message=-
2026-09-09T14:13:54.9628050Z I/flutter ( 2279): [FluviDiagnostic] stage=SCENE_WINDOW_PREPARE_DEFERRED scope=owner=speculativeMaintenance priority=1 blockedBy=renderCriticalReadiness blockedByPriority=5 entryCount=130 error=- message=-
2026-09-09T14:13:54.9658411Z I/flutter ( 2279): [FluviDiagnostic] stage=SCENE_WINDOW_PREPARE_CANCELLATION_REJECTED scope=requester=foregroundInteraction requesterPriority=4 owner=renderCriticalReadiness ownerPriority=5 entryCount=- error=- message=-
2026-09-09T14:13:54.9712085Z I/flutter ( 2279): [FluviDiagnostic] stage=SCENE_WINDOW_ATOMIC_WORK_UNIT_OVER_BUDGET scope=workUnit=rowText:title elapsedMicros=3269 budgetMicros=1000 entryCount=130 error=- message=-
2026-09-09T14:13:54.9737841Z I/flutter ( 2279): [FluviDiagnostic] stage=SCENE_WINDOW_SLICE_OVER_BUDGET scope=boundary=rowTextParagraph elapsedMicros=3328 budgetMicros=1000 entryCount=130 error=- message=-
2026-09-09T14:13:54.9767860Z I/flutter ( 2279): [FluviDiagnostic] stage=SCENE_WINDOW_SLICE_OVER_BUDGET scope=boundary=rowText elapsedMicros=2078 budgetMicros=1000 entryCount=130 error=- message=-
2026-09-09T14:13:54.9770713Z I/flutter ( 2279): [FluviDiagnostic] stage=SCENE_WINDOW_ATOMIC_WORK_UNIT_OVER_BUDGET scope=workUnit=rowText:amount elapsedMicros=2365 budgetMicros=1000 entryCount=130 error=- message=-
2026-09-09T14:13:54.9841547Z I/flutter ( 2279): [FluviDiagnostic] stage=SCENE_WINDOW_ATOMIC_WORK_UNIT_OVER_BUDGET scope=workUnit=rowText:time elapsedMicros=1348 budgetMicros=1000 entryCount=130 error=- message=-
2026-09-09T14:13:54.9937800Z I/flutter ( 2279): [FluviDiagnostic] stage=SCENE_WINDOW_ATOMIC_WORK_UNIT_OVER_BUDGET scope=workUnit=rowText:secondary elapsedMicros=3360 budgetMicros=1000 entryCount=130 error=- message=-
2026-09-09T14:13:55.0167801Z I/flutter ( 2279): [FluviDiagnostic] stage=SCENE_WINDOW_SLICE_OVER_BUDGET scope=boundary=dayHeader elapsedMicros=1031 budgetMicros=1000 entryCount=130 error=- message=-
2026-09-09T14:13:55.0248387Z I/flutter ( 2279): [FluviDiagnostic] stage=SCENE_WINDOW_SLICE_OVER_BUDGET scope=boundary=resourceLease elapsedMicros=2223 budgetMicros=1000 entryCount=130 error=- message=-
2026-09-09T14:13:55.0306334Z I/flutter ( 2279): [FluviDiagnostic] stage=SCENE_WINDOW_PREPARE_COMPLETED scope=owner=renderCriticalReadiness priority=5 entryCount=130 error=- message=uiIsolateMicros=54398 largestContiguousUiSliceMicros=4998 yields=75 richRowProjectionMicros=311 richFrameProjectionMicros=738 projectedUniqueRows=100 projectedFrames=39 reusedProjectedRows=30 reusedProjectedFrames=0 uniqueRowLayouts=100 reusedRowLayouts=0 newRowLayouts=100 sceneNew=39 sceneReuse=0 pauseCount=0 resumeCount=0 semanticsWork=0 rasterWork=0 allocationCount=170
2026-09-09T14:13:55.0364505Z I/flutter ( 2279): [FluviDiagnostic] stage=SCENE_WINDOW_PREPARE_STARTED scope=owner=liveInteractionResource priority=4 entryCount=130 error=- message=-
2026-09-09T14:13:55.0405287Z I/flutter ( 2279): [FluviDiagnostic] stage=READINESS_TASK_COMPLETED scope=- entryCount=- error=- message=textLayoutSlots
2026-09-09T14:13:55.0408102Z I/flutter ( 2279): [FluviDiagnostic] stage=SCENE_WINDOW_PREPARE_DEFERRED scope=owner=speculativeMaintenance priority=1 blockedBy=liveInteractionResource blockedByPriority=4 entryCount=130 error=- message=-
2026-09-09T14:13:55.0477210Z I/flutter ( 2279): [FluviDiagnostic] stage=READINESS_PHASE_ENTERED scope=- entryCount=- error=- message=ready
2026-09-09T14:13:55.0497631Z I/flutter ( 2279): [FluviDiagnostic] stage=DASHBOARD_STARTUP_READY scope=attemptGeneration=1 stage=ready readinessTask=- entryCount=- error=- message=-
2026-09-09T14:13:55.0528869Z I/flutter ( 2279): [FluviDiagnostic] stage=READINESS_READY scope=- entryCount=- error=- message=-
2026-09-09T14:13:55.0554742Z I/flutter ( 2279): [FluviDiagnostic] stage=SCENE_WINDOW_PREPARE_COMPLETED scope=owner=liveInteractionResource priority=4 entryCount=130 error=- message=uiIsolateMicros=580 largestContiguousUiSliceMicros=234 yields=6 richRowProjectionMicros=0 richFrameProjectionMicros=0 projectedUniqueRows=0 projectedFrames=0 reusedProjectedRows=0 reusedProjectedFrames=0 uniqueRowLayouts=100 reusedRowLayouts=100 newRowLayouts=0 sceneNew=0 sceneReuse=39 pauseCount=0 resumeCount=0 semanticsWork=0 rasterWork=0 allocationCount=0
2026-09-09T14:13:55.0587433Z I/flutter ( 2279): [FluviDiagnostic] stage=SCENE_WINDOW_PREPARE_STARTED scope=owner=speculativeMaintenance priority=1 entryCount=130 error=- message=-
2026-09-09T14:13:55.0617792Z I/flutter ( 2279): [FluviDiagnostic] stage=SCENE_WINDOW_ATOMIC_WORK_UNIT_OVER_BUDGET scope=workUnit=richProjection elapsedMicros=5224 budgetMicros=1000 entryCount=130 error=- message=-
2026-09-09T14:13:55.0677626Z I/flutter ( 2279): [FluviDiagnostic] stage=SCENE_WINDOW_SLICE_OVER_BUDGET scope=boundary=richProjection elapsedMicros=5580 budgetMicros=1000 entryCount=130 error=- message=-
2026-09-09T14:13:55.0693848Z I/flutter ( 2279): [FluviDiagnostic] stage=SCENE_WINDOW_SLICE_OVER_BUDGET scope=boundary=rowDiscovery elapsedMicros=1463 budgetMicros=1000 entryCount=130 error=- message=-
2026-09-09T14:13:55.0696747Z I/flutter ( 2279): [FluviDiagnostic] stage=SCENE_WINDOW_SLICE_OVER_BUDGET scope=boundary=rowTextParagraph elapsedMicros=4492 budgetMicros=1000 entryCount=130 error=- message=-
2026-09-09T14:13:55.0700667Z I/flutter ( 2279): [FluviDiagnostic] stage=SCENE_WINDOW_ATOMIC_WORK_UNIT_OVER_BUDGET scope=workUnit=rowText:time elapsedMicros=2724 budgetMicros=1000 entryCount=130 error=- message=-
2026-09-09T14:13:55.0767549Z I/flutter ( 2279): [FluviDiagnostic] stage=SCENE_WINDOW_SLICE_OVER_BUDGET scope=boundary=dayHeader elapsedMicros=1020 budgetMicros=1000 entryCount=130 error=- message=-
2026-09-09T14:13:55.0800681Z I/flutter ( 2279): [FluviDiagnostic] stage=SCENE_WINDOW_PREPARE_COMPLETED scope=owner=speculativeMaintenance priority=1 entryCount=130 error=- message=uiIsolateMicros=36761 largestContiguousUiSliceMicros=5580 yields=75 richRowProjectionMicros=5386 richFrameProjectionMicros=5744 projectedUniqueRows=100 projectedFrames=30 reusedProjectedRows=30 reusedProjectedFrames=0 uniqueRowLayouts=100 reusedRowLayouts=0 newRowLayouts=100 sceneNew=30 sceneReuse=0 pauseCount=0 resumeCount=0 semanticsWork=0 rasterWork=0 allocationCount=152
2026-09-09T14:13:55.0805332Z I/flutter ( 2279): [FluviDiagnostic] stage=SUMMARY_PARENT_HOTSET_PREPARE_READY scope=- entryCount=130 error=- message=-
2026-09-09T14:13:55.0807475Z I/flutter ( 2279): [FluviDiagnostic] stage=SUMMARY_PARENT_HOTSET_PREPARE_STARTED scope=- entryCount=0 error=- message=-
2026-09-09T14:13:55.0809371Z I/flutter ( 2279): [FluviDiagnostic] stage=SUMMARY_PARENT_HOTSET_PREPARE_READY scope=- entryCount=0 error=- message=-
2026-09-09T14:13:55.0897569Z I/flutter ( 2279): [FluviDiagnostic] stage=SCENE_WINDOW_PREPARE_STARTED scope=owner=foregroundNavigation priority=3 entryCount=226 error=- message=-
2026-09-09T14:13:55.0957720Z I/flutter ( 2279): [FluviDiagnostic] stage=SCENE_WINDOW_ATOMIC_WORK_UNIT_OVER_BUDGET scope=workUnit=richProjection elapsedMicros=1068 budgetMicros=1000 entryCount=226 error=- message=-
2026-09-09T14:13:55.0988018Z I/flutter ( 2279): [FluviDiagnostic] stage=SCENE_WINDOW_SLICE_OVER_BUDGET scope=boundary=richProjection elapsedMicros=1091 budgetMicros=1000 entryCount=226 error=- message=-
2026-09-09T14:13:55.1017674Z I/flutter ( 2279): [FluviDiagnostic] stage=SCENE_WINDOW_SLICE_OVER_BUDGET scope=boundary=rowDiscovery elapsedMicros=1465 budgetMicros=1000 entryCount=226 error=- message=-
2026-09-09T14:13:55.1047925Z I/flutter ( 2279): [FluviDiagnostic] stage=SCENE_WINDOW_ATOMIC_WORK_UNIT_OVER_BUDGET scope=workUnit=rowText:time elapsedMicros=1093 budgetMicros=1000 entryCount=226 error=- message=-
2026-09-09T14:13:55.1078127Z I/flutter ( 2279): [FluviDiagnostic] stage=SCENE_WINDOW_SLICE_OVER_BUDGET scope=boundary=rowTextParagraph elapsedMicros=1220 budgetMicros=1000 entryCount=226 error=- message=-
2026-09-09T14:13:55.1107792Z I/flutter ( 2279): [FluviDiagnostic] stage=SCENE_WINDOW_ATOMIC_WORK_UNIT_OVER_BUDGET scope=workUnit=dayHeaderText elapsedMicros=1306 budgetMicros=1000 entryCount=226 error=- message=-
2026-09-09T14:13:55.1137671Z I/flutter ( 2279): [FluviDiagnostic] stage=SCENE_WINDOW_SLICE_OVER_BUDGET scope=boundary=dayHeader elapsedMicros=1788 budgetMicros=1000 entryCount=226 error=- message=-
2026-09-09T14:13:55.1167684Z I/flutter ( 2279): [FluviDiagnostic] stage=SCENE_WINDOW_SLICE_OVER_BUDGET scope=boundary=resourceLease elapsedMicros=1554 budgetMicros=1000 entryCount=226 error=- message=-
2026-09-09T14:13:55.1198529Z I/flutter ( 2279): [FluviDiagnostic] stage=SCENE_WINDOW_PREPARE_COMPLETED scope=owner=foregroundNavigation priority=3 entryCount=226 error=- message=uiIsolateMicros=10327 largestContiguousUiSliceMicros=1788 yields=17 richRowProjectionMicros=20 richFrameProjectionMicros=1553 projectedUniqueRows=12 projectedFrames=4 reusedProjectedRows=84 reusedProjectedFrames=0 uniqueRowLayouts=118 reusedRowLayouts=106 newRowLayouts=12 sceneNew=4 sceneReuse=39 pauseCount=0 resumeCount=0 semanticsWork=0 rasterWork=0 allocationCount=28
2026-09-09T14:13:55.1208150Z I/flutter ( 2279): [FluviDiagnostic] stage=HEADER_RENDER_FIDELITY_CONFIG scope=outputResolutionMode=nativeSurface fieldEvaluationMode=perFragment logicalWidth=375.4757281553398 logicalHeight=123.8252427184466 physicalWidth=986.0 physicalHeight=326.0 sourceRenderScale=0.6 effectId=dualTide backend=fragmentShader physicalTarget=986.0x326.0 parentTransformScale=notObservableInCanvas touchOverlayBackend=fragmentShaderAnalytic shaderFailureFallback=nativeStaticGradient shaderReady=true shaderFailure=false entryCount=- error=- message=-
2026-09-09T14:13:55.1259118Z I/flutter ( 2279): [FluviDiagnostic] stage=HEADER_TOUCH_RENDER_PATH_BOUND scope=fieldBackend=fragmentShader overlayBackend=fragmentShaderAnalytic trailBackend=fragmentShaderAnalytic logicalSize=375.4757281553398x123.8252427184466 physicalSize=986.0x326.0 usesSaveLayer=false usesOffscreenIntermediate=false entryCount=- error=- message=-
2026-09-09T14:13:55.1300247Z I/flutter ( 2279): [FluviDiagnostic] stage=HEADER_PORTAL_INNER_CHANNEL_BOUND scope=enabled=true effectId=wandering-mist settingsGeneration=0 phaseOwnerIdentity=931676101 controllerIdentity=226576992 fragmentBackendIdentity=525318571 programIdentity=974727089 shaderIdentity=19028435 canonicalFieldStopCount=2 canonicalFieldStopHash=43d59ffd portalColorModel=paletteCoordinate inputSignature=1ebf9065 entryCount=- error=- message=-
2026-09-09T14:13:56.1236406Z I/flutter ( 2279): [FluviDiagnostic] stage=HEADER_PORTAL_BACKGROUND_CHANNEL_BOUND scope=enabled=true effectId=wandering-mist settingsGeneration=0 phaseOwnerIdentity=931676101 controllerIdentity=226576992 fragmentBackendIdentity=525318571 programIdentity=974727089 shaderIdentity=19028435 canonicalFieldStopCount=2 canonicalFieldStopHash=43d59ffd portalColorModel=paletteCoordinate inputSignature=1ebf9065 entryCount=- error=- message=-
2026-09-09T14:13:56.1244469Z I/flutter ( 2279): [FluviDiagnostic] stage=HEADER_PORTAL_FRAGMENT_INPUT_BOUND scope=innerEnabled=true innerEffect=wandering-mist innerSettingsHash=143ac802 backgroundEnabled=true backgroundEffect=wandering-mist backgroundSettingsHash=143ac802 uniformLayoutVersion=3 fragmentConfigurationGeneration=2 fragmentBackendIdentity=525318571 programIdentity=974727089 shaderIdentity=19028435 canonicalFieldStopCount=2 canonicalFieldStopHash=43d59ffd portalColorModel=paletteCoordinate entryCount=- error=- message=-
2026-09-09T14:13:56.1276941Z I/flutter ( 2279): [PROFILE][SCENARIO_PREPARED] G_direction_while_rail_open plane=month
2026-09-09T14:13:56.1296883Z I/flutter ( 2279): [PROFILE][SCENARIO_STABLE] G_direction_while_rail_open
2026-09-09T14:13:57.1559922Z I/flutter ( 2279): [FluviDiagnostic] stage=BUDGET_HEADER_VALUE_BOUND scope=generation=0 plane=day targetHandle=0 modelBindVsyncMicros=1342575150 displayNumeratorScaled100=2839954 displayDenominatorScaled100=2778226 hasLimit=true canonicalLimitScaled100=86125000 entryCount=- error=- message=-
2026-09-09T14:13:57.1598689Z I/flutter ( 2279): [FluviDiagnostic] stage=BUDGET_HEADER_VALUE_BOUND scope=generation=1 plane=day targetHandle=0 modelBindVsyncMicros=1342575150 displayNumeratorScaled100=2839954 displayDenominatorScaled100=2778226 hasLimit=true canonicalLimitScaled100=86125000 entryCount=- error=- message=-
2026-09-09T14:13:57.4590335Z D/EGL_emulation( 2279): app_time_stats: avg=120.17ms min=51.67ms max=156.50ms count=6
2026-09-09T14:13:58.6734088Z I/flutter ( 2279): [FluviDiagnostic] stage=BUDGET_HEADER_VALUE_BOUND scope=generation=0 plane=day targetHandle=0 modelBindVsyncMicros=1344591816 displayNumeratorScaled100=4835714 displayDenominatorScaled100=2850806 hasLimit=true canonicalLimitScaled100=88375000 entryCount=- error=- message=-
2026-09-09T14:13:59.4629912Z I/flutter ( 2279): [FluviDiagnostic] stage=BUDGET_HEADER_VALUE_BOUND scope=generation=2 plane=day targetHandle=0 modelBindVsyncMicros=1344591816 displayNumeratorScaled100=4835714 displayDenominatorScaled100=2850806 hasLimit=true canonicalLimitScaled100=88375000 entryCount=- error=- message=-
2026-09-09T14:13:59.6960034Z D/EGL_emulation( 2279): app_time_stats: avg=230.53ms min=230.53ms max=230.53ms count=1
2026-09-09T14:14:02.1069371Z D/EGL_emulation( 2279): app_time_stats: avg=2407.01ms min=2407.01ms max=2407.01ms count=1
2026-09-09T14:14:02.1227742Z I/flutter ( 2279): [FluviDiagnostic] stage=SCENE_WINDOW_PREPARE_STARTED scope=owner=liveInteractionResource priority=4 entryCount=130 error=- message=-
2026-09-09T14:14:02.1258980Z I/flutter ( 2279): [FluviDiagnostic] stage=SCENE_WINDOW_PREPARE_COMPLETED scope=owner=liveInteractionResource priority=4 entryCount=130 error=- message=uiIsolateMicros=763 largestContiguousUiSliceMicros=296 yields=6 richRowProjectionMicros=0 richFrameProjectionMicros=0 projectedUniqueRows=0 projectedFrames=0 reusedProjectedRows=0 reusedProjectedFrames=0 uniqueRowLayouts=100 reusedRowLayouts=100 newRowLayouts=0 sceneNew=0 sceneReuse=39 pauseCount=0 resumeCount=0 semanticsWork=0 rasterWork=0 allocationCount=0
2026-09-09T14:14:03.7468583Z I/flutter ( 2279): [PROFILE][SCENARIO_READY] G_direction_while_rail_open
2026-09-09T14:14:03.7496687Z I/flutter ( 2279): [PROFILE][SCENARIO_START] H_pulse_parent_navigation
2026-09-09T14:14:04.1906933Z D/EGL_emulation( 2279): app_time_stats: avg=2086.70ms min=2086.70ms max=2086.70ms count=1
2026-09-09T14:14:04.2138066Z I/flutter ( 2279): [FluviDiagnostic] stage=DASHBOARD_STARTUP_ATTEMPT_STARTED scope=attemptGeneration=1 stage=bootstrap entryCount=- error=- message=-
2026-09-09T14:14:04.2417598Z I/flutter ( 2279): [FluviDiagnostic] stage=READINESS_PHASE_ENTERED scope=- entryCount=- error=- message=databasePending
2026-09-09T14:14:04.2447081Z I/flutter ( 2279): [FluviDiagnostic] stage=READINESS_PHASE_ENTERED scope=- entryCount=- error=- message=indexBuilding
2026-09-09T14:14:04.2477330Z I/flutter ( 2279): [FluviDiagnostic] stage=READINESS_TASK_STARTED scope=- entryCount=- error=- message=viewportPayload
2026-09-09T14:14:04.3285548Z D/FluviDashboard( 2279): [FLOW][INDEX_BUILD_STARTED] INDEX_BUILD_STARTED flowId=- queryKey=- direction=- scope=generation=1 acquisitionReason=bootstrap requestIdentity=rev=2|income=income|periods:|categories:|partners:|refinements:min=,max=,hasNote=false|expense=expense|periods:|categories:|partners:|refinements:min=,max=,hasNote=false|page=24|window=2014-2038 revision=2 totalMinor=- entryCount=-
2026-09-09T14:14:04.9318675Z I/com.fluvi.app( 2279): Background concurrent mark compact GC freed 17MB AllocSpace bytes, 28(16MB) LOS objects, 49% free, 7787KB/15MB, paused 157us,20.166ms total 458.023ms
2026-09-09T14:14:05.5519430Z I/com.fluvi.app( 2279): Background concurrent mark compact GC freed 11MB AllocSpace bytes, 0(0B) LOS objects, 49% free, 4599KB/9199KB, paused 1.077ms,6.642ms total 149.615ms
2026-09-09T14:14:06.0469602Z I/com.fluvi.app( 2279): Background concurrent mark compact GC freed 5384KB AllocSpace bytes, 0(0B) LOS objects, 49% free, 6235KB/12MB, paused 1.022ms,2.354ms total 228.502ms
2026-09-09T14:14:06.3841008Z D/FluviDashboard( 2279): [FLOW][INDEX_BUILD_READY] INDEX_BUILD_READY flowId=- queryKey=- direction=- scope=generation=1 acquisitionReason=bootstrap requestIdentity=rev=2|income=income|periods:|categories:|partners:|refinements:min=,max=,hasNote=false|expense=expense|periods:|categories:|partners:|refinements:min=,max=,hasNote=false|page=24|window=2014-2038 sqlCalls=5 sqlMicros=1356344 frames=1012 rows=4304 payloadBytes=2175073 serializationMicros=105381 revision=2 totalMinor=- entryCount=-
2026-09-09T14:14:06.4770184Z I/com.fluvi.app( 2279): Background concurrent mark compact GC freed 5828KB AllocSpace bytes, 11(10MB) LOS objects, 49% free, 10043KB/19MB, paused 136us,8.974ms total 159.878ms
2026-09-09T14:14:06.7502774Z D/EGL_emulation( 2279): app_time_stats: avg=2558.90ms min=2558.90ms max=2558.90ms count=1
2026-09-09T14:14:07.1168685Z D/FluviDashboard( 2279): [FLOW][FINANCIAL_LIMIT_SNAPSHOT_PREPARE_STARTED] FINANCIAL_LIMIT_SNAPSHOT_PREPARE_STARTED flowId=- queryKey=- direction=- scope=yearWindowStart=2014 yearWindowEnd=2038 revision=2 totalMinor=- entryCount=-
2026-09-09T14:14:07.2469533Z D/FluviDashboard( 2279): [FLOW][FINANCIAL_LIMIT_SNAPSHOT_READY] FINANCIAL_LIMIT_SNAPSHOT_READY flowId=- queryKey=- direction=- scope=incomeTargetCount=3 incomeCategoryCount=2 expenseTargetCount=9 expenseCategoryCount=8 periodSliceCount=326 payloadBytes=320072 sqlCalls=5 nativeSqlMicros=90424 revision=2 totalMinor=- entryCount=-
2026-09-09T14:14:07.2678648Z D/FluviDashboard( 2279): [FLOW][BUDGET_PARTNER_SNAPSHOT_PREPARE_STARTED] BUDGET_PARTNER_SNAPSHOT_PREPARE_STARTED flowId=- queryKey=- direction=- scope=yearWindowStart=2014 yearWindowEnd=2038 revision=2 totalMinor=- entryCount=-
2026-09-09T14:14:07.5348357Z I/com.fluvi.app( 2279): Background concurrent mark compact GC freed 11MB AllocSpace bytes, 14(6184KB) LOS objects, 49% free, 5267KB/10MB, paused 1.160ms,5.953ms total 69.613ms
2026-09-09T14:14:07.5450812Z D/FluviDashboard( 2279): [FLOW][BUDGET_PARTNER_SNAPSHOT_READY] BUDGET_PARTNER_SNAPSHOT_READY flowId=- queryKey=- direction=- scope=incomePartnerCount=4 expensePartnerCount=23 periodSlices=326 payloadBytes=347027 sqlCalls=5 nativeSqlMicros=209166 revision=2 totalMinor=- entryCount=-
2026-09-09T14:14:07.5599360Z I/flutter ( 2279): [FluviDiagnostic] stage=READINESS_TASK_COMPLETED scope=- entryCount=- error=- message=viewportPayload
2026-09-09T14:14:07.5615751Z I/flutter ( 2279): [FluviDiagnostic] stage=READINESS_PHASE_ENTERED scope=- entryCount=- error=- message=presentationPreparing
2026-09-09T14:14:07.5653924Z I/flutter ( 2279): [FluviDiagnostic] stage=READINESS_TASK_STARTED scope=- entryCount=- error=- message=renderResources
2026-09-09T14:14:07.5687216Z I/flutter ( 2279): [FluviDiagnostic] stage=READINESS_TASK_COMPLETED scope=- entryCount=- error=- message=renderResources
2026-09-09T14:14:07.5717755Z I/flutter ( 2279): [FluviDiagnostic] stage=READINESS_PHASE_ENTERED scope=- entryCount=- error=- message=renderCriticalWarmup
2026-09-09T14:14:07.5719821Z I/flutter ( 2279): [FluviDiagnostic] stage=READINESS_TASK_STARTED scope=- entryCount=- error=- message=logBoxSurface
2026-09-09T14:14:07.6677831Z I/flutter ( 2279): [FluviDiagnostic] stage=BUDGET_HEADER_VALUE_BOUND scope=generation=0 plane=day targetHandle=0 modelBindVsyncMicros=1354891816 displayNumeratorScaled100=2839954 displayDenominatorScaled100=2778226 hasLimit=true canonicalLimitScaled100=86125000 entryCount=- error=- message=-
2026-09-09T14:14:07.6738663Z I/flutter ( 2279): [FluviDiagnostic] stage=HEADER_PORTAL_EFFECT_CATALOG_VERIFIED scope=- entryCount=- error=- message=innerOptionCount=5 backgroundOptionCount=5 sameOptions=true sameRenderer=false sameParameterSchema=true sameDefaults=true sameState=false sameClockSource=true
2026-09-09T14:14:07.6792569Z I/flutter ( 2279): [FluviDiagnostic] stage=BUDGET_HEADER_COOL_COLOR_BOUND scope=source=cool driver=userGlobal positionPct=50 windowWidthPct=28 leftRawPct=36.0 centerRawPct=50.0 rightRawPct=64.0 leftSamplePct=36.0 centerSamplePct=50.0 rightSamplePct=64.0 colorAArgb=4284604923 colorMidArgb=4279551457 colorBArgb=4278423754 settingsGeneration=0 entryCount=- error=- message=-
2026-09-09T14:14:07.6857106Z I/flutter ( 2279): [FluviDiagnostic] stage=READINESS_TASK_COMPLETED scope=- entryCount=- error=- message=logBoxSurface
2026-09-09T14:14:07.6887029Z I/flutter ( 2279): [FluviDiagnostic] stage=READINESS_TASK_STARTED scope=- entryCount=- error=- message=logBoxLayout
2026-09-09T14:14:07.6947075Z I/flutter ( 2279): [FluviDiagnostic] stage=READINESS_TASK_COMPLETED scope=- entryCount=- error=- message=logBoxLayout
2026-09-09T14:14:07.7007033Z I/flutter ( 2279): [FluviDiagnostic] stage=READINESS_TASK_STARTED scope=- entryCount=- error=- message=textLayoutSlots
2026-09-09T14:14:07.7037559Z I/flutter ( 2279): [FluviDiagnostic] stage=SCENE_WINDOW_PREPARE_STARTED scope=owner=renderCriticalReadiness priority=5 entryCount=130 error=- message=-
2026-09-09T14:14:07.7068990Z I/flutter ( 2279): [FluviDiagnostic] stage=SCENE_WINDOW_ATOMIC_WORK_UNIT_OVER_BUDGET scope=workUnit=richProjection elapsedMicros=1273 budgetMicros=1000 entryCount=130 error=- message=-
2026-09-09T14:14:07.7096570Z I/flutter ( 2279): [FluviDiagnostic] stage=SCENE_WINDOW_SLICE_OVER_BUDGET scope=boundary=richProjection elapsedMicros=1526 budgetMicros=1000 entryCount=130 error=- message=-
2026-09-09T14:14:07.7119104Z I/flutter ( 2279): [FluviDiagnostic] stage=HEADER_RENDER_BACKEND_BOUND scope=commitSha=33ee878b070345c336bb73df2b087d9a63c87c5a backend=fragmentShader logicalWidth=375.4757281553398 logicalHeight=123.8252427184466 devicePixelRatio=2.6260019651445416 physicalWidth=986.0 physicalHeight=326.0 backendIdentity=532669821 entryCount=- error=- message=-
2026-09-09T14:14:07.7148007Z I/flutter ( 2279): [FluviDiagnostic] stage=HEADER_PORTAL_INNER_CHANNEL_BOUND scope=enabled=true effectId=wandering-mist settingsGeneration=0 phaseOwnerIdentity=1022094108 controllerIdentity=995914509 fragmentBackendIdentity=532669821 programIdentity=532669821 shaderIdentity=532669821 canonicalFieldStopCount=2 canonicalFieldStopHash=43d59ffd portalColorModel=paletteCoordinate inputSignature=30f401e entryCount=- error=- message=-
2026-09-09T14:14:07.7199974Z I/flutter ( 2279): [FluviDiagnostic] stage=HEADER_PORTAL_BACKGROUND_CHANNEL_BOUND scope=enabled=true effectId=wandering-mist settingsGeneration=0 phaseOwnerIdentity=1022094108 controllerIdentity=995914509 fragmentBackendIdentity=532669821 programIdentity=532669821 shaderIdentity=532669821 canonicalFieldStopCount=2 canonicalFieldStopHash=43d59ffd portalColorModel=paletteCoordinate inputSignature=30f401e entryCount=- error=- message=-
2026-09-09T14:14:07.7231869Z I/flutter ( 2279): [FluviDiagnostic] stage=HEADER_PORTAL_FRAGMENT_INPUT_BOUND scope=innerEnabled=true innerEffect=wandering-mist innerSettingsHash=143ac802 backgroundEnabled=true backgroundEffect=wandering-mist backgroundSettingsHash=143ac802 uniformLayoutVersion=3 fragmentConfigurationGeneration=1 fragmentBackendIdentity=532669821 programIdentity=532669821 shaderIdentity=532669821 canonicalFieldStopCount=2 canonicalFieldStopHash=43d59ffd portalColorModel=paletteCoordinate entryCount=- error=- message=-
2026-09-09T14:14:07.7268563Z I/flutter ( 2279): [FluviDiagnostic] stage=HEADER_SHADER_READY scope=asset=shaders/dashboard_header_field.frag programIdentity=974727089 shaderIdentity=372441648 flutterVersion=3.41.4 rendererBackend=runtimeEffect engineBackend=notExposedByDart entryCount=- error=- message=-
2026-09-09T14:14:07.7271912Z I/flutter ( 2279): [FluviDiagnostic] stage=SCENE_WINDOW_ATOMIC_WORK_UNIT_OVER_BUDGET scope=workUnit=rowText:title elapsedMicros=1132 budgetMicros=1000 entryCount=130 error=- message=-
2026-09-09T14:14:07.7308272Z I/flutter ( 2279): [FluviDiagnostic] stage=SCENE_WINDOW_SLICE_OVER_BUDGET scope=boundary=rowTextParagraph elapsedMicros=1432 budgetMicros=1000 entryCount=130 error=- message=-
2026-09-09T14:14:07.7329668Z I/flutter ( 2279): [FluviDiagnostic] stage=SCENE_WINDOW_ATOMIC_WORK_UNIT_OVER_BUDGET scope=workUnit=rowText:secondary elapsedMicros=1955 budgetMicros=1000 entryCount=130 error=- message=-
2026-09-09T14:14:07.7351553Z I/flutter ( 2279): [FluviDiagnostic] stage=SCENE_WINDOW_SLICE_OVER_BUDGET scope=boundary=rowText elapsedMicros=2011 budgetMicros=1000 entryCount=130 error=- message=-
2026-09-09T14:14:07.7407766Z I/flutter ( 2279): [FluviDiagnostic] stage=SCENE_WINDOW_ATOMIC_WORK_UNIT_OVER_BUDGET scope=workUnit=rowText:amount elapsedMicros=1604 budgetMicros=1000 entryCount=130 error=- message=-
2026-09-09T14:14:07.7437641Z I/flutter ( 2279): [FluviDiagnostic] stage=SCENE_WINDOW_ATOMIC_WORK_UNIT_OVER_BUDGET scope=workUnit=rowText:time elapsedMicros=4293 budgetMicros=1000 entryCount=130 error=- message=-
2026-09-09T14:14:07.7559249Z I/flutter ( 2279): [FluviDiagnostic] stage=SCENE_WINDOW_SLICE_OVER_BUDGET scope=boundary=dayHeader elapsedMicros=1882 budgetMicros=1000 entryCount=130 error=- message=-
2026-09-09T14:14:07.7590705Z I/flutter ( 2279): [FluviDiagnostic] stage=SCENE_WINDOW_ATOMIC_WORK_UNIT_OVER_BUDGET scope=workUnit=dayHeaderText elapsedMicros=1790 budgetMicros=1000 entryCount=130 error=- message=-
2026-09-09T14:14:07.7603679Z I/flutter ( 2279): [FluviDiagnostic] stage=SCENE_WINDOW_PREPARE_COMPLETED scope=owner=renderCriticalReadiness priority=5 entryCount=130 error=- message=uiIsolateMicros=54510 largestContiguousUiSliceMicros=4406 yields=82 richRowProjectionMicros=1149 richFrameProjectionMicros=3023 projectedUniqueRows=96 projectedFrames=38 reusedProjectedRows=30 reusedProjectedFrames=0 uniqueRowLayouts=100 reusedRowLayouts=0 newRowLayouts=100 sceneNew=39 sceneReuse=0 pauseCount=0 resumeCount=0 semanticsWork=0 rasterWork=0 allocationCount=170
2026-09-09T14:14:07.7625833Z I/flutter ( 2279): [FluviDiagnostic] stage=SCENE_WINDOW_PREPARE_STARTED scope=owner=liveInteractionResource priority=4 entryCount=130 error=- message=-
2026-09-09T14:14:07.7627999Z I/flutter ( 2279): [FluviDiagnostic] stage=READINESS_TASK_COMPLETED scope=- entryCount=- error=- message=textLayoutSlots
2026-09-09T14:14:07.7630128Z I/flutter ( 2279): [FluviDiagnostic] stage=SCENE_WINDOW_SLICE_OVER_BUDGET scope=boundary=rowDiscovery elapsedMicros=2290 budgetMicros=1000 entryCount=130 error=- message=-
2026-09-09T14:14:07.7641445Z I/flutter ( 2279): [FluviDiagnostic] stage=READINESS_PHASE_ENTERED scope=- entryCount=- error=- message=ready
2026-09-09T14:14:07.7643576Z I/flutter ( 2279): [FluviDiagnostic] stage=DASHBOARD_STARTUP_READY scope=attemptGeneration=1 stage=ready readinessTask=- entryCount=- error=- message=-
2026-09-09T14:14:07.7645507Z I/flutter ( 2279): [FluviDiagnostic] stage=READINESS_READY scope=- entryCount=- error=- message=-
2026-09-09T14:14:07.7696643Z I/flutter ( 2279): [FluviDiagnostic] stage=SCENE_WINDOW_SLICE_OVER_BUDGET scope=boundary=completion elapsedMicros=1998 budgetMicros=1000 entryCount=130 error=- message=-
2026-09-09T14:14:07.7714777Z I/flutter ( 2279): [FluviDiagnostic] stage=SCENE_WINDOW_PREPARE_COMPLETED scope=owner=liveInteractionResource priority=4 entryCount=130 error=- message=uiIsolateMicros=4573 largestContiguousUiSliceMicros=2290 yields=7 richRowProjectionMicros=0 richFrameProjectionMicros=0 projectedUniqueRows=0 projectedFrames=0 reusedProjectedRows=0 reusedProjectedFrames=0 uniqueRowLayouts=100 reusedRowLayouts=100 newRowLayouts=0 sceneNew=0 sceneReuse=39 pauseCount=0 resumeCount=0 semanticsWork=0 rasterWork=0 allocationCount=0
2026-09-09T14:14:07.7745839Z D/EGL_emulation( 2279): app_time_stats: avg=121.49ms min=28.28ms max=171.32ms count=7
2026-09-09T14:14:07.7910711Z I/flutter ( 2279): [FluviDiagnostic] stage=SCENE_WINDOW_PREPARE_STARTED scope=owner=foregroundNavigation priority=3 entryCount=226 error=- message=-
2026-09-09T14:14:07.7978783Z I/flutter ( 2279): [FluviDiagnostic] stage=SCENE_WINDOW_ATOMIC_WORK_UNIT_OVER_BUDGET scope=workUnit=richProjection elapsedMicros=1163 budgetMicros=1000 entryCount=226 error=- message=-
2026-09-09T14:14:07.7981376Z I/flutter ( 2279): [FluviDiagnostic] stage=SCENE_WINDOW_SLICE_OVER_BUDGET scope=boundary=richProjection elapsedMicros=1232 budgetMicros=1000 entryCount=226 error=- message=-
2026-09-09T14:14:07.7984416Z I/flutter ( 2279): [FluviDiagnostic] stage=SCENE_WINDOW_SLICE_OVER_BUDGET scope=boundary=rowDiscovery elapsedMicros=2858 budgetMicros=1000 entryCount=226 error=- message=-
2026-09-09T14:14:07.8077615Z I/flutter ( 2279): [FluviDiagnostic] stage=SCENE_WINDOW_ATOMIC_WORK_UNIT_OVER_BUDGET scope=workUnit=rowText:secondary elapsedMicros=5220 budgetMicros=1000 entryCount=226 error=- message=-
2026-09-09T14:14:07.8137423Z I/flutter ( 2279): [FluviDiagnostic] stage=SCENE_WINDOW_SLICE_OVER_BUDGET scope=boundary=rowText elapsedMicros=5271 budgetMicros=1000 entryCount=226 error=- message=-
2026-09-09T14:14:07.8197419Z I/flutter ( 2279): [FluviDiagnostic] stage=SCENE_WINDOW_SLICE_OVER_BUDGET scope=boundary=dayHeader elapsedMicros=1070 budgetMicros=1000 entryCount=226 error=- message=-
2026-09-09T14:14:07.8257705Z I/flutter ( 2279): [FluviDiagnostic] stage=SCENE_WINDOW_ATOMIC_WORK_UNIT_OVER_BUDGET scope=workUnit=dayHeaderText elapsedMicros=1328 budgetMicros=1000 entryCount=226 error=- message=-
2026-09-09T14:14:07.8287585Z I/flutter ( 2279): [FluviDiagnostic] stage=SCENE_WINDOW_SLICE_OVER_BUDGET scope=boundary=sceneAssembly elapsedMicros=3119 budgetMicros=1000 entryCount=226 error=- message=-
2026-09-09T14:14:07.8300773Z I/flutter ( 2279): [FluviDiagnostic] stage=SCENE_WINDOW_PREPARE_COMPLETED scope=owner=foregroundNavigation priority=3 entryCount=226 error=- message=uiIsolateMicros=20822 largestContiguousUiSliceMicros=5271 yields=23 richRowProjectionMicros=31 richFrameProjectionMicros=1729 projectedUniqueRows=18 projectedFrames=4 reusedProjectedRows=78 reusedProjectedFrames=0 uniqueRowLayouts=118 reusedRowLayouts=100 newRowLayouts=18 sceneNew=4 sceneReuse=39 pauseCount=0 resumeCount=0 semanticsWork=0 rasterWork=0 allocationCount=40
2026-09-09T14:14:07.8347049Z I/flutter ( 2279): [FluviDiagnostic] stage=SUMMARY_PARENT_HOTSET_PREPARE_STARTED scope=- entryCount=130 error=- message=-
2026-09-09T14:14:07.8407256Z I/flutter ( 2279): [FluviDiagnostic] stage=SCENE_WINDOW_PREPARE_STARTED scope=owner=speculativeMaintenance priority=1 entryCount=130 error=- message=-
2026-09-09T14:14:07.8437579Z I/flutter ( 2279): [FluviDiagnostic] stage=SCENE_WINDOW_ATOMIC_WORK_UNIT_OVER_BUDGET scope=workUnit=richProjection elapsedMicros=2129 budgetMicros=1000 entryCount=130 error=- message=-
2026-09-09T14:14:07.8440193Z I/flutter ( 2279): [FluviDiagnostic] stage=SCENE_WINDOW_SLICE_OVER_BUDGET scope=boundary=richProjection elapsedMicros=2565 budgetMicros=1000 entryCount=130 error=- message=-
2026-09-09T14:14:07.8497495Z I/flutter ( 2279): [FluviDiagnostic] stage=SCENE_WINDOW_SLICE_OVER_BUDGET scope=boundary=rowDiscovery elapsedMicros=3547 budgetMicros=1000 entryCount=130 error=- message=-
2026-09-09T14:14:07.8557506Z I/flutter ( 2279): [FluviDiagnostic] stage=SCENE_WINDOW_ATOMIC_WORK_UNIT_OVER_BUDGET scope=workUnit=rowText:amount elapsedMicros=1150 budgetMicros=1000 entryCount=130 error=- message=-
2026-09-09T14:14:07.8617454Z I/flutter ( 2279): [FluviDiagnostic] stage=SCENE_WINDOW_SLICE_OVER_BUDGET scope=boundary=rowTextParagraph elapsedMicros=1420 budgetMicros=1000 entryCount=130 error=- message=-
2026-09-09T14:14:07.8677572Z I/flutter ( 2279): [FluviDiagnostic] stage=SCENE_WINDOW_ATOMIC_WORK_UNIT_OVER_BUDGET scope=workUnit=rowText:time elapsedMicros=2806 budgetMicros=1000 entryCount=130 error=- message=-
2026-09-09T14:14:07.8707550Z I/flutter ( 2279): [FluviDiagnostic] stage=SCENE_WINDOW_ATOMIC_WORK_UNIT_OVER_BUDGET scope=workUnit=rowText:secondary elapsedMicros=3272 budgetMicros=1000 entryCount=130 error=- message=-
2026-09-09T14:14:07.8767415Z I/flutter ( 2279): [FluviDiagnostic] stage=SCENE_WINDOW_SLICE_OVER_BUDGET scope=boundary=rowText elapsedMicros=3497 budgetMicros=1000 entryCount=130 error=- message=-
2026-09-09T14:14:07.8797534Z I/flutter ( 2279): [FluviDiagnostic] stage=SCENE_WINDOW_ATOMIC_WORK_UNIT_OVER_BUDGET scope=workUnit=rowText:title elapsedMicros=2480 budgetMicros=1000 entryCount=130 error=- message=-
2026-09-09T14:14:07.8844546Z I/flutter ( 2279): [FluviDiagnostic] stage=SCENE_WINDOW_SLICE_OVER_BUDGET scope=boundary=dayHeader elapsedMicros=1012 budgetMicros=1000 entryCount=130 error=- message=-
2026-09-09T14:14:07.8941540Z I/flutter ( 2279): [FluviDiagnostic] stage=SCENE_WINDOW_PREPARE_COMPLETED scope=owner=speculativeMaintenance priority=1 entryCount=130 error=- message=uiIsolateMicros=60068 largestContiguousUiSliceMicros=3547 yields=80 richRowProjectionMicros=140 richFrameProjectionMicros=2761 projectedUniqueRows=94 projectedFrames=30 reusedProjectedRows=36 reusedProjectedFrames=0 uniqueRowLayouts=100 reusedRowLayouts=6 newRowLayouts=94 sceneNew=30 sceneReuse=0 pauseCount=0 resumeCount=0 semanticsWork=0 rasterWork=0 allocationCount=140
2026-09-09T14:14:07.8950712Z I/flutter ( 2279): [FluviDiagnostic] stage=SUMMARY_PARENT_HOTSET_PREPARE_READY scope=- entryCount=130 error=- message=-
2026-09-09T14:14:07.8977174Z I/flutter ( 2279): [FluviDiagnostic] stage=SUMMARY_PARENT_HOTSET_PREPARE_STARTED scope=- entryCount=0 error=- message=-
2026-09-09T14:14:07.9007152Z I/flutter ( 2279): [FluviDiagnostic] stage=SUMMARY_PARENT_HOTSET_PREPARE_READY scope=- entryCount=0 error=- message=-
2026-09-09T14:14:07.9020882Z I/flutter ( 2279): [FluviDiagnostic] stage=HEADER_RENDER_FIDELITY_CONFIG scope=outputResolutionMode=nativeSurface fieldEvaluationMode=perFragment logicalWidth=375.4757281553398 logicalHeight=123.8252427184466 physicalWidth=986.0 physicalHeight=326.0 sourceRenderScale=0.6 effectId=dualTide backend=fragmentShader physicalTarget=986.0x326.0 parentTransformScale=notObservableInCanvas touchOverlayBackend=fragmentShaderAnalytic shaderFailureFallback=nativeStaticGradient shaderReady=true shaderFailure=false entryCount=- error=- message=-
2026-09-09T14:14:08.8993419Z I/flutter ( 2279): [FluviDiagnostic] stage=HEADER_TOUCH_RENDER_PATH_BOUND scope=fieldBackend=fragmentShader overlayBackend=fragmentShaderAnalytic trailBackend=fragmentShaderAnalytic logicalSize=375.4757281553398x123.8252427184466 physicalSize=986.0x326.0 usesSaveLayer=false usesOffscreenIntermediate=false entryCount=- error=- message=-
2026-09-09T14:14:08.9010286Z I/flutter ( 2279): [FluviDiagnostic] stage=HEADER_PORTAL_INNER_CHANNEL_BOUND scope=enabled=true effectId=wandering-mist settingsGeneration=0 phaseOwnerIdentity=1022094108 controllerIdentity=995914509 fragmentBackendIdentity=532669821 programIdentity=974727089 shaderIdentity=372441648 canonicalFieldStopCount=2 canonicalFieldStopHash=43d59ffd portalColorModel=paletteCoordinate inputSignature=117f6aab entryCount=- error=- message=-
2026-09-09T14:14:08.9031269Z I/flutter ( 2279): [FluviDiagnostic] stage=HEADER_PORTAL_BACKGROUND_CHANNEL_BOUND scope=enabled=true effectId=wandering-mist settingsGeneration=0 phaseOwnerIdentity=1022094108 controllerIdentity=995914509 fragmentBackendIdentity=532669821 programIdentity=974727089 shaderIdentity=372441648 canonicalFieldStopCount=2 canonicalFieldStopHash=43d59ffd portalColorModel=paletteCoordinate inputSignature=117f6aab entryCount=- error=- message=-
2026-09-09T14:14:08.9058891Z I/flutter ( 2279): [FluviDiagnostic] stage=HEADER_PORTAL_FRAGMENT_INPUT_BOUND scope=innerEnabled=true innerEffect=wandering-mist innerSettingsHash=143ac802 backgroundEnabled=true backgroundEffect=wandering-mist backgroundSettingsHash=143ac802 uniformLayoutVersion=3 fragmentConfigurationGeneration=2 fragmentBackendIdentity=532669821 programIdentity=974727089 shaderIdentity=372441648 canonicalFieldStopCount=2 canonicalFieldStopHash=43d59ffd portalColorModel=paletteCoordinate entryCount=- error=- message=-
2026-09-09T14:14:08.9076883Z I/flutter ( 2279): [PROFILE][SCENARIO_PREPARED] H_pulse_parent_navigation plane=month
2026-09-09T14:14:08.9116730Z I/flutter ( 2279): [PROFILE][SCENARIO_STABLE] H_pulse_parent_navigation
2026-09-09T14:14:10.1421052Z I/flutter ( 2279): [FluviDiagnostic] stage=BUDGET_HEADER_VALUE_BOUND scope=generation=0 plane=day targetHandle=0 modelBindVsyncMicros=1355325149 displayNumeratorScaled100=4835714 displayDenominatorScaled100=2850806 hasLimit=true canonicalLimitScaled100=88375000 entryCount=- error=- message=-
2026-09-09T14:14:10.1432787Z I/flutter ( 2279): [FluviDiagnostic] stage=BUDGET_HEADER_VALUE_BOUND scope=generation=1 plane=day targetHandle=0 modelBindVsyncMicros=1355325149 displayNumeratorScaled100=4835714 displayDenominatorScaled100=2850806 hasLimit=true canonicalLimitScaled100=88375000 entryCount=- error=- message=-
2026-09-09T14:14:10.2146647Z I/flutter ( 2279): 
2026-09-09T14:14:10.2161980Z I/flutter ( 2279): Warning: A call to fling() with finder "Found 1 widget with key [<'dashboard-summary-shell-transform'>]: [
2026-09-09T14:14:10.2190721Z I/flutter ( 2279):   Instance of 'SingleChildRenderObjectElement',
2026-09-09T14:14:10.2217088Z I/flutter ( 2279): ]" derived an Offset (Instance of 'Offset') that would not hit test on the specified widget.
2026-09-09T14:14:10.2247537Z I/flutter ( 2279): Maybe the widget is actually off-screen, or another widget is obscuring it, or the widget cannot receive pointer events.
2026-09-09T14:14:10.2296083Z I/flutter ( 2279): The finder corresponds to this RenderBox: Instance of 'RenderTransform'
2026-09-09T14:14:10.2326869Z I/flutter ( 2279): The hit test result at that offset is: Instance of 'HitTestResult'
2026-09-09T14:14:10.2368393Z I/flutter ( 2279): #0      WidgetController._getElementPoint (package:flutter_test/src/controller.dart:2158)
2026-09-09T14:14:10.2426947Z I/flutter ( 2279): #1      WidgetController.getCenter (package:flutter_test/src/controller.dart:1942)
2026-09-09T14:14:10.2476965Z I/flutter ( 2279): #2      WidgetController.fling (package:flutter_test/src/controller.dart:1297)
2026-09-09T14:14:10.2518970Z I/flutter ( 2279): #3      _runMeasuredScenario (file:///home/runner/work/exptv2/exptv2/integration_test/dashboard_interaction_profile_test.dart:1289)
2026-09-09T14:14:10.2594473Z I/flutter ( 2279): <asynchronous suspension>
2026-09-09T14:14:10.2605420Z I/flutter ( 2279): #4      _runScenario.<anonymous closure>.<anonymous closure> (file:///home/runner/work/exptv2/exptv2/integration_test/dashboard_interaction_profile_test.dart:428)
2026-09-09T14:14:10.2628205Z I/flutter ( 2279): <asynchronous suspension>
2026-09-09T14:14:10.2651604Z I/flutter ( 2279): #5      _timelineStep (file:///home/runner/work/exptv2/exptv2/integration_test/dashboard_interaction_profile_test.dart:1759)
2026-09-09T14:14:10.2680690Z I/flutter ( 2279): <asynchronous suspension>
2026-09-09T14:14:10.2683416Z I/flutter ( 2279): #6      IntegrationTestWidgetsFlutterBinding.traceTimeline (package:integration_test/integration_test.dart:304)
2026-09-09T14:14:10.2684831Z I/flutter ( 2279): <asynchronous suspension>
2026-09-09T14:14:10.2686394Z I/flutter ( 2279): #7      IntegrationTestWidgetsFlutterBinding.traceAction (package:integration_test/integration_test.dart:356)
2026-09-09T14:14:10.2687620Z I/flutter ( 2279): <asynchronous suspension>
2026-09-09T14:14:10.2689185Z I/flutter ( 2279): #8      _captureProfilePerformance (file:///home/runner/work/exptv2/exptv2/integration_test/dashboard_interaction_profile_test.dart:1782)
2026-09-09T14:14:10.2690523Z I/flutter ( 2279): <asynchronous suspension>
2026-09-09T14:14:10.2691903Z I/flutter ( 2279): #9      _runScenario (file:///home/runner/work/exptv2/exptv2/integration_test/dashboard_interaction_profile_test.dart:418)
2026-09-09T14:14:10.2693111Z I/flutter ( 2279): <asynchronous suspension>
2026-09-09T14:14:10.2694694Z I/flutter ( 2279): #10     main.<anonymous closure> (file:///home/runner/work/exptv2/exptv2/integration_test/dashboard_interaction_profile_test.dart:52)
2026-09-09T14:14:10.2696194Z I/flutter ( 2279): <asynchronous suspension>
2026-09-09T14:14:10.2697481Z I/flutter ( 2279): #11     testWidgets.<anonymous closure>.<anonymous closure> (package:flutter_test/src/widget_tester.dart:192)
2026-09-09T14:14:10.2698628Z I/flutter ( 2279): <asynchronous suspension>
2026-09-09T14:14:10.2699781Z I/flutter ( 2279): #12     TestWidgetsFlutterBinding._runTestBody (package:flutter_test/src/binding.dart:1682)
2026-09-09T14:14:10.2700839Z I/flutter ( 2279): <asynchronous suspension>
2026-09-09T14:14:10.2702868Z I/flutter ( 2279): #13     TestWidgetsFlutterBinding._createTestCompletionHandler.<anonymous closure> (package:flutter_test/src/binding.dart:1437)
2026-09-09T14:14:10.2704917Z I/flutter ( 2279): <asynchronous suspension>
2026-09-09T14:14:10.2705855Z I/flutter ( 2279): To silence this warning, pass "warnIfMissed: false" to "fling()".
2026-09-09T14:14:10.2707352Z I/flutter ( 2279): To make this warning fatal, set WidgetController.hitTestWarningShouldBeFatal to true.
2026-09-09T14:14:10.2708257Z I/flutter ( 2279): 
2026-09-09T14:14:10.2709615Z I/flutter ( 2279): [FluviDiagnostic] stage=SCENE_WINDOW_PREPARE_STARTED scope=owner=liveInteractionResource priority=4 entryCount=130 error=- message=-
2026-09-09T14:14:10.2713471Z I/flutter ( 2279): [FluviDiagnostic] stage=SCENE_WINDOW_PREPARE_COMPLETED scope=owner=liveInteractionResource priority=4 entryCount=130 error=- message=uiIsolateMicros=706 largestContiguousUiSliceMicros=312 yields=6 richRowProjectionMicros=0 richFrameProjectionMicros=0 projectedUniqueRows=0 projectedFrames=0 reusedProjectedRows=0 reusedProjectedFrames=0 uniqueRowLayouts=100 reusedRowLayouts=100 newRowLayouts=0 sceneNew=0 sceneReuse=39 pauseCount=0 resumeCount=0 semanticsWork=0 rasterWork=0 allocationCount=0
2026-09-09T14:14:10.2805895Z D/EGL_emulation( 2279): app_time_stats: avg=134.35ms min=107.86ms max=158.97ms count=3
2026-09-09T14:14:12.4849957Z D/EGL_emulation( 2279): app_time_stats: avg=251.53ms min=251.53ms max=251.53ms count=1
2026-09-09T14:14:14.6353481Z D/EGL_emulation( 2279): app_time_stats: avg=2152.16ms min=2152.16ms max=2152.16ms count=1
2026-09-09T14:14:16.6259861Z D/EGL_emulation( 2279): app_time_stats: avg=1990.27ms min=1990.27ms max=1990.27ms count=1
2026-09-09T14:14:18.5570480Z D/EGL_emulation( 2279): app_time_stats: avg=1927.59ms min=1927.59ms max=1927.59ms count=1
2026-09-09T14:14:20.6176366Z D/EGL_emulation( 2279): app_time_stats: avg=2062.61ms min=2062.61ms max=2062.61ms count=1
2026-09-09T14:14:22.5648625Z D/EGL_emulation( 2279): app_time_stats: avg=1944.08ms min=1944.08ms max=1944.08ms count=1
2026-09-09T14:14:24.6524850Z D/EGL_emulation( 2279): app_time_stats: avg=2093.06ms min=2093.06ms max=2093.06ms count=1
2026-09-09T14:14:26.7778076Z D/EGL_emulation( 2279): app_time_stats: avg=2124.47ms min=2124.47ms max=2124.47ms count=1
2026-09-09T14:14:26.8905653Z I/flutter ( 2279): [FluviDiagnostic] stage=SCENE_WINDOW_PREPARE_STARTED scope=owner=liveInteractionResource priority=4 entryCount=0 error=- message=-
2026-09-09T14:14:28.4507645Z I/flutter ( 2279): [PROFILE][SCENARIO_READY] H_pulse_parent_navigation
2026-09-09T14:14:28.4537224Z I/flutter ( 2279): [PROFILE][SCENARIO_START] J_tenth_fling
2026-09-09T14:14:28.7311671Z D/EGL_emulation( 2279): app_time_stats: avg=1954.12ms min=1954.12ms max=1954.12ms count=1
2026-09-09T14:14:28.7380921Z I/flutter ( 2279): [FluviDiagnostic] stage=DASHBOARD_STARTUP_ATTEMPT_STARTED scope=attemptGeneration=1 stage=bootstrap entryCount=- error=- message=-
2026-09-09T14:14:28.7547242Z I/flutter ( 2279): [FluviDiagnostic] stage=READINESS_PHASE_ENTERED scope=- entryCount=- error=- message=databasePending
2026-09-09T14:14:28.7577576Z I/flutter ( 2279): [FluviDiagnostic] stage=READINESS_PHASE_ENTERED scope=- entryCount=- error=- message=indexBuilding
2026-09-09T14:14:28.7617038Z I/flutter ( 2279): [FluviDiagnostic] stage=READINESS_TASK_STARTED scope=- entryCount=- error=- message=viewportPayload
2026-09-09T14:14:28.7929313Z D/FluviDashboard( 2279): [FLOW][INDEX_BUILD_STARTED] INDEX_BUILD_STARTED flowId=- queryKey=- direction=- scope=generation=1 acquisitionReason=bootstrap requestIdentity=rev=2|income=income|periods:|categories:|partners:|refinements:min=,max=,hasNote=false|expense=expense|periods:|categories:|partners:|refinements:min=,max=,hasNote=false|page=24|window=2014-2038 revision=2 totalMinor=- entryCount=-
2026-09-09T14:14:29.1388096Z I/com.fluvi.app( 2279): Background concurrent mark compact GC freed 5666KB AllocSpace bytes, 10(2136KB) LOS objects, 49% free, 3659KB/7319KB, paused 441us,14.329ms total 181.426ms
2026-09-09T14:14:29.7417038Z I/com.fluvi.app( 2279): Background concurrent mark compact GC freed 4860KB AllocSpace bytes, 0(0B) LOS objects, 49% free, 4015KB/8031KB, paused 298us,44.407ms total 298.044ms
2026-09-09T14:14:30.1938690Z I/com.fluvi.app( 2279): Background concurrent mark compact GC freed 5048KB AllocSpace bytes, 0(0B) LOS objects, 49% free, 4279KB/8559KB, paused 254us,4.358ms total 169.563ms
2026-09-09T14:14:30.6862303Z I/com.fluvi.app( 2279): Background concurrent mark compact GC freed 6372KB AllocSpace bytes, 0(0B) LOS objects, 49% free, 5051KB/10103KB, paused 363us,4.004ms total 240.721ms
2026-09-09T14:14:31.1518428Z I/com.fluvi.app( 2279): Background concurrent mark compact GC freed 4560KB AllocSpace bytes, 5(516KB) LOS objects, 49% free, 10MB/21MB, paused 155us,2.241ms total 119.128ms
2026-09-09T14:14:31.1985482Z D/FluviDashboard( 2279): [FLOW][INDEX_BUILD_READY] INDEX_BUILD_READY flowId=- queryKey=- direction=- scope=generation=1 acquisitionReason=bootstrap requestIdentity=rev=2|income=income|periods:|categories:|partners:|refinements:min=,max=,hasNote=false|expense=expense|periods:|categories:|partners:|refinements:min=,max=,hasNote=false|page=24|window=2014-2038 sqlCalls=5 sqlMicros=1676509 frames=1012 rows=4304 payloadBytes=2175073 serializationMicros=152284 revision=2 totalMinor=- entryCount=-
2026-09-09T14:14:31.2598379Z I/com.fluvi.app( 2279): Background concurrent mark compact GC freed 5812KB AllocSpace bytes, 7(13MB) LOS objects, 49% free, 2971KB/5943KB, paused 93us,5.977ms total 49.302ms
2026-09-09T14:14:31.5409728Z D/EGL_emulation( 2279): app_time_stats: avg=2810.60ms min=2810.60ms max=2810.60ms count=1
2026-09-09T14:14:32.0578849Z D/FluviDashboard( 2279): [FLOW][FINANCIAL_LIMIT_SNAPSHOT_PREPARE_STARTED] FINANCIAL_LIMIT_SNAPSHOT_PREPARE_STARTED flowId=- queryKey=- direction=- scope=yearWindowStart=2014 yearWindowEnd=2038 revision=2 totalMinor=- entryCount=-
2026-09-09T14:14:32.1250654Z D/FluviDashboard( 2279): [FLOW][FINANCIAL_LIMIT_SNAPSHOT_READY] FINANCIAL_LIMIT_SNAPSHOT_READY flowId=- queryKey=- direction=- scope=incomeTargetCount=3 incomeCategoryCount=2 expenseTargetCount=9 expenseCategoryCount=8 periodSliceCount=326 payloadBytes=320072 sqlCalls=5 nativeSqlMicros=61624 revision=2 totalMinor=- entryCount=-
2026-09-09T14:14:32.1313477Z D/FluviDashboard( 2279): [FLOW][BUDGET_PARTNER_SNAPSHOT_PREPARE_STARTED] BUDGET_PARTNER_SNAPSHOT_PREPARE_STARTED flowId=- queryKey=- direction=- scope=yearWindowStart=2014 yearWindowEnd=2038 revision=2 totalMinor=- entryCount=-
2026-09-09T14:14:32.4616419Z D/FluviDashboard( 2279): [FLOW][BUDGET_PARTNER_SNAPSHOT_READY] BUDGET_PARTNER_SNAPSHOT_READY flowId=- queryKey=- direction=- scope=incomePartnerCount=4 expensePartnerCount=23 periodSlices=326 payloadBytes=347027 sqlCalls=5 nativeSqlMicros=265835 revision=2 totalMinor=- entryCount=-
2026-09-09T14:14:32.4714230Z I/flutter ( 2279): [FluviDiagnostic] stage=READINESS_TASK_COMPLETED scope=- entryCount=- error=- message=viewportPayload
2026-09-09T14:14:32.4738017Z I/flutter ( 2279): [FluviDiagnostic] stage=READINESS_PHASE_ENTERED scope=- entryCount=- error=- message=presentationPreparing
2026-09-09T14:14:32.4767474Z I/flutter ( 2279): [FluviDiagnostic] stage=READINESS_TASK_STARTED scope=- entryCount=- error=- message=renderResources
2026-09-09T14:14:32.4797329Z I/flutter ( 2279): [FluviDiagnostic] stage=READINESS_TASK_COMPLETED scope=- entryCount=- error=- message=renderResources
2026-09-09T14:14:32.4827381Z I/flutter ( 2279): [FluviDiagnostic] stage=READINESS_PHASE_ENTERED scope=- entryCount=- error=- message=renderCriticalWarmup
2026-09-09T14:14:32.4829327Z I/flutter ( 2279): [FluviDiagnostic] stage=READINESS_TASK_STARTED scope=- entryCount=- error=- message=logBoxSurface
2026-09-09T14:14:32.4964349Z I/com.fluvi.app( 2279): Background concurrent mark compact GC freed 7416KB AllocSpace bytes, 13(2876KB) LOS objects, 49% free, 4600KB/9200KB, paused 1.706ms,5.077ms total 139.530ms
2026-09-09T14:14:32.5098764Z I/flutter ( 2279): [FluviDiagnostic] stage=BUDGET_HEADER_VALUE_BOUND scope=generation=0 plane=day targetHandle=0 modelBindVsyncMicros=1379741815 displayNumeratorScaled100=2839954 displayDenominatorScaled100=2778226 hasLimit=true canonicalLimitScaled100=86125000 entryCount=- error=- message=-
2026-09-09T14:14:32.5128929Z I/flutter ( 2279): [FluviDiagnostic] stage=HEADER_PORTAL_EFFECT_CATALOG_VERIFIED scope=- entryCount=- error=- message=innerOptionCount=5 backgroundOptionCount=5 sameOptions=true sameRenderer=false sameParameterSchema=true sameDefaults=true sameState=false sameClockSource=true
2026-09-09T14:14:32.5154532Z I/flutter ( 2279): [FluviDiagnostic] stage=BUDGET_HEADER_COOL_COLOR_BOUND scope=source=cool driver=userGlobal positionPct=50 windowWidthPct=28 leftRawPct=36.0 centerRawPct=50.0 rightRawPct=64.0 leftSamplePct=36.0 centerSamplePct=50.0 rightSamplePct=64.0 colorAArgb=4284604923 colorMidArgb=4279551457 colorBArgb=4278423754 settingsGeneration=0 entryCount=- error=- message=-
2026-09-09T14:14:32.5168598Z I/flutter ( 2279): [FluviDiagnostic] stage=READINESS_TASK_COMPLETED scope=- entryCount=- error=- message=logBoxSurface
2026-09-09T14:14:32.5198271Z I/flutter ( 2279): [FluviDiagnostic] stage=READINESS_TASK_STARTED scope=- entryCount=- error=- message=logBoxLayout
2026-09-09T14:14:32.5228277Z I/flutter ( 2279): [FluviDiagnostic] stage=READINESS_TASK_COMPLETED scope=- entryCount=- error=- message=logBoxLayout
2026-09-09T14:14:32.5250286Z I/flutter ( 2279): [FluviDiagnostic] stage=READINESS_TASK_STARTED scope=- entryCount=- error=- message=textLayoutSlots
2026-09-09T14:14:32.5287972Z I/flutter ( 2279): [FluviDiagnostic] stage=SCENE_WINDOW_PREPARE_STARTED scope=owner=renderCriticalReadiness priority=5 entryCount=130 error=- message=-
2026-09-09T14:14:32.5343501Z I/flutter ( 2279): [FluviDiagnostic] stage=HEADER_RENDER_BACKEND_BOUND scope=commitSha=33ee878b070345c336bb73df2b087d9a63c87c5a backend=fragmentShader logicalWidth=375.4757281553398 logicalHeight=123.8252427184466 devicePixelRatio=2.6260019651445416 physicalWidth=986.0 physicalHeight=326.0 backendIdentity=692418536 entryCount=- error=- message=-
2026-09-09T14:14:32.5416196Z I/flutter ( 2279): [FluviDiagnostic] stage=HEADER_PORTAL_INNER_CHANNEL_BOUND scope=enabled=true effectId=wandering-mist settingsGeneration=0 phaseOwnerIdentity=747070091 controllerIdentity=195072560 fragmentBackendIdentity=692418536 programIdentity=692418536 shaderIdentity=692418536 canonicalFieldStopCount=2 canonicalFieldStopHash=43d59ffd portalColorModel=paletteCoordinate inputSignature=1f986c5b entryCount=- error=- message=-
2026-09-09T14:14:32.5450135Z I/flutter ( 2279): [FluviDiagnostic] stage=HEADER_PORTAL_BACKGROUND_CHANNEL_BOUND scope=enabled=true effectId=wandering-mist settingsGeneration=0 phaseOwnerIdentity=747070091 controllerIdentity=195072560 fragmentBackendIdentity=692418536 programIdentity=692418536 shaderIdentity=692418536 canonicalFieldStopCount=2 canonicalFieldStopHash=43d59ffd portalColorModel=paletteCoordinate inputSignature=1f986c5b entryCount=- error=- message=-
2026-09-09T14:14:32.5464527Z I/flutter ( 2279): [FluviDiagnostic] stage=HEADER_PORTAL_FRAGMENT_INPUT_BOUND scope=innerEnabled=true innerEffect=wandering-mist innerSettingsHash=143ac802 backgroundEnabled=true backgroundEffect=wandering-mist backgroundSettingsHash=143ac802 uniformLayoutVersion=3 fragmentConfigurationGeneration=1 fragmentBackendIdentity=692418536 programIdentity=692418536 shaderIdentity=692418536 canonicalFieldStopCount=2 canonicalFieldStopHash=43d59ffd portalColorModel=paletteCoordinate entryCount=- error=- message=-
2026-09-09T14:14:32.5517326Z I/flutter ( 2279): [FluviDiagnostic] stage=HEADER_SHADER_READY scope=asset=shaders/dashboard_header_field.frag programIdentity=974727089 shaderIdentity=153694300 flutterVersion=3.41.4 rendererBackend=runtimeEffect engineBackend=notExposedByDart entryCount=- error=- message=-
2026-09-09T14:14:32.5619528Z I/flutter ( 2279): [FluviDiagnostic] stage=SCENE_WINDOW_ATOMIC_WORK_UNIT_OVER_BUDGET scope=workUnit=rowText:title elapsedMicros=3422 budgetMicros=1000 entryCount=130 error=- message=-
2026-09-09T14:14:32.5622311Z I/flutter ( 2279): [FluviDiagnostic] stage=SCENE_WINDOW_SLICE_OVER_BUDGET scope=boundary=rowTextParagraph elapsedMicros=3599 budgetMicros=1000 entryCount=130 error=- message=-
2026-09-09T14:14:32.5738616Z I/flutter ( 2279): [FluviDiagnostic] stage=SCENE_WINDOW_ATOMIC_WORK_UNIT_OVER_BUDGET scope=workUnit=rowText:time elapsedMicros=12108 budgetMicros=1000 entryCount=130 error=- message=-
2026-09-09T14:14:32.5797890Z I/flutter ( 2279): [FluviDiagnostic] stage=SCENE_WINDOW_ATOMIC_WORK_UNIT_OVER_BUDGET scope=workUnit=rowText:amount elapsedMicros=1591 budgetMicros=1000 entryCount=130 error=- message=-
2026-09-09T14:14:32.6044516Z I/flutter ( 2279): [FluviDiagnostic] stage=SCENE_WINDOW_SLICE_OVER_BUDGET scope=boundary=dayHeader elapsedMicros=1004 budgetMicros=1000 entryCount=130 error=- message=-
2026-09-09T14:14:32.6072265Z I/flutter ( 2279): [FluviDiagnostic] stage=SCENE_WINDOW_ATOMIC_WORK_UNIT_OVER_BUDGET scope=workUnit=dayHeaderText elapsedMicros=3677 budgetMicros=1000 entryCount=130 error=- message=-
2026-09-09T14:14:32.6111570Z I/flutter ( 2279): [FluviDiagnostic] stage=SCENE_WINDOW_PREPARE_COMPLETED scope=owner=renderCriticalReadiness priority=5 entryCount=130 error=- message=uiIsolateMicros=56112 largestContiguousUiSliceMicros=12342 yields=73 richRowProjectionMicros=132 richFrameProjectionMicros=590 projectedUniqueRows=96 projectedFrames=38 reusedProjectedRows=30 reusedProjectedFrames=0 uniqueRowLayouts=100 reusedRowLayouts=0 newRowLayouts=100 sceneNew=39 sceneReuse=0 pauseCount=0 resumeCount=0 semanticsWork=0 rasterWork=0 allocationCount=170
2026-09-09T14:14:32.6117118Z I/flutter ( 2279): [FluviDiagnostic] stage=SCENE_WINDOW_PREPARE_STARTED scope=owner=liveInteractionResource priority=4 entryCount=130 error=- message=-
2026-09-09T14:14:32.6154899Z I/flutter ( 2279): [FluviDiagnostic] stage=READINESS_TASK_COMPLETED scope=- entryCount=- error=- message=textLayoutSlots
2026-09-09T14:14:32.6190220Z I/flutter ( 2279): [FluviDiagnostic] stage=READINESS_PHASE_ENTERED scope=- entryCount=- error=- message=ready
2026-09-09T14:14:32.6206377Z I/flutter ( 2279): [FluviDiagnostic] stage=DASHBOARD_STARTUP_READY scope=attemptGeneration=1 stage=ready readinessTask=- entryCount=- error=- message=-
2026-09-09T14:14:32.6208247Z I/flutter ( 2279): [FluviDiagnostic] stage=READINESS_READY scope=- entryCount=- error=- message=-
2026-09-09T14:14:32.6227622Z I/flutter ( 2279): [FluviDiagnostic] stage=SCENE_WINDOW_PREPARE_COMPLETED scope=owner=liveInteractionResource priority=4 entryCount=130 error=- message=uiIsolateMicros=534 largestContiguousUiSliceMicros=229 yields=6 richRowProjectionMicros=0 richFrameProjectionMicros=0 projectedUniqueRows=0 projectedFrames=0 reusedProjectedRows=0 reusedProjectedFrames=0 uniqueRowLayouts=100 reusedRowLayouts=100 newRowLayouts=0 sceneNew=0 sceneReuse=39 pauseCount=0 resumeCount=0 semanticsWork=0 rasterWork=0 allocationCount=0
2026-09-09T14:14:32.6312073Z D/EGL_emulation( 2279): app_time_stats: avg=138.00ms min=36.61ms max=200.36ms count=6
2026-09-09T14:14:32.6773215Z I/flutter ( 2279): [FluviDiagnostic] stage=SCENE_WINDOW_PREPARE_STARTED scope=owner=foregroundNavigation priority=3 entryCount=226 error=- message=-
2026-09-09T14:14:32.6840238Z I/flutter ( 2279): [FluviDiagnostic] stage=SCENE_WINDOW_SLICE_OVER_BUDGET scope=boundary=rowText elapsedMicros=6199 budgetMicros=1000 entryCount=226 error=- message=-
2026-09-09T14:14:32.6860318Z I/flutter ( 2279): [FluviDiagnostic] stage=SCENE_WINDOW_SLICE_OVER_BUDGET scope=boundary=dayHeader elapsedMicros=1068 budgetMicros=1000 entryCount=226 error=- message=-
2026-09-09T14:14:32.6932018Z I/flutter ( 2279): [FluviDiagnostic] stage=SCENE_WINDOW_SLICE_OVER_BUDGET scope=boundary=sceneAssembly elapsedMicros=6117 budgetMicros=1000 entryCount=226 error=- message=-
2026-09-09T14:14:32.6965589Z I/flutter ( 2279): [FluviDiagnostic] stage=SCENE_WINDOW_PREPARE_COMPLETED scope=owner=foregroundNavigation priority=3 entryCount=226 error=- message=uiIsolateMicros=17067 largestContiguousUiSliceMicros=6199 yields=18 richRowProjectionMicros=26 richFrameProjectionMicros=429 projectedUniqueRows=18 projectedFrames=4 reusedProjectedRows=78 reusedProjectedFrames=0 uniqueRowLayouts=118 reusedRowLayouts=100 newRowLayouts=18 sceneNew=4 sceneReuse=39 pauseCount=0 resumeCount=0 semanticsWork=0 rasterWork=0 allocationCount=40
2026-09-09T14:14:32.6977744Z I/flutter ( 2279): [FluviDiagnostic] stage=SUMMARY_PARENT_HOTSET_PREPARE_STARTED scope=- entryCount=130 error=- message=-
2026-09-09T14:14:32.6980014Z I/flutter ( 2279): [FluviDiagnostic] stage=SCENE_WINDOW_PREPARE_STARTED scope=owner=speculativeMaintenance priority=1 entryCount=130 error=- message=-
2026-09-09T14:14:32.7059131Z I/flutter ( 2279): [FluviDiagnostic] stage=SCENE_WINDOW_ATOMIC_WORK_UNIT_OVER_BUDGET scope=workUnit=rowText:title elapsedMicros=6107 budgetMicros=1000 entryCount=130 error=- message=-
2026-09-09T14:14:32.7097768Z I/flutter ( 2279): [FluviDiagnostic] stage=SCENE_WINDOW_SLICE_OVER_BUDGET scope=boundary=rowTextParagraph elapsedMicros=6203 budgetMicros=1000 entryCount=130 error=- message=-
2026-09-09T14:14:32.7119175Z I/flutter ( 2279): [FluviDiagnostic] stage=SCENE_WINDOW_ATOMIC_WORK_UNIT_OVER_BUDGET scope=workUnit=rowText:amount elapsedMicros=6155 budgetMicros=1000 entryCount=130 error=- message=-
2026-09-09T14:14:32.7302931Z I/flutter ( 2279): [FluviDiagnostic] stage=SCENE_WINDOW_ATOMIC_WORK_UNIT_OVER_BUDGET scope=workUnit=rowText:secondary elapsedMicros=3174 budgetMicros=1000 entryCount=130 error=- message=-
2026-09-09T14:14:32.7374215Z I/flutter ( 2279): [FluviDiagnostic] stage=SCENE_WINDOW_SLICE_OVER_BUDGET scope=boundary=rowText elapsedMicros=3307 budgetMicros=1000 entryCount=130 error=- message=-
2026-09-09T14:14:32.7425524Z I/flutter ( 2279): [FluviDiagnostic] stage=SCENE_WINDOW_ATOMIC_WORK_UNIT_OVER_BUDGET scope=workUnit=rowText:time elapsedMicros=2793 budgetMicros=1000 entryCount=130 error=- message=-
2026-09-09T14:14:32.7456371Z I/flutter ( 2279): [FluviDiagnostic] stage=SCENE_WINDOW_ATOMIC_WORK_UNIT_OVER_BUDGET scope=workUnit=dayHeaderText elapsedMicros=3220 budgetMicros=1000 entryCount=130 error=- message=-
2026-09-09T14:14:32.7486675Z I/flutter ( 2279): [FluviDiagnostic] stage=SCENE_WINDOW_SLICE_OVER_BUDGET scope=boundary=dayHeader elapsedMicros=3799 budgetMicros=1000 entryCount=130 error=- message=-
2026-09-09T14:14:32.7552035Z I/flutter ( 2279): [FluviDiagnostic] stage=SCENE_WINDOW_PREPARE_COMPLETED scope=owner=speculativeMaintenance priority=1 entryCount=130 error=- message=uiIsolateMicros=50805 largestContiguousUiSliceMicros=6254 yields=69 richRowProjectionMicros=175 richFrameProjectionMicros=584 projectedUniqueRows=94 projectedFrames=30 reusedProjectedRows=36 reusedProjectedFrames=0 uniqueRowLayouts=100 reusedRowLayouts=6 newRowLayouts=94 sceneNew=30 sceneReuse=0 pauseCount=0 resumeCount=0 semanticsWork=0 rasterWork=0 allocationCount=140
2026-09-09T14:14:32.7599253Z I/flutter ( 2279): [FluviDiagnostic] stage=SUMMARY_PARENT_HOTSET_PREPARE_READY scope=- entryCount=130 error=- message=-
2026-09-09T14:14:32.7629865Z I/flutter ( 2279): [FluviDiagnostic] stage=SUMMARY_PARENT_HOTSET_PREPARE_STARTED scope=- entryCount=0 error=- message=-
2026-09-09T14:14:32.7660557Z I/flutter ( 2279): [FluviDiagnostic] stage=SUMMARY_PARENT_HOTSET_PREPARE_READY scope=- entryCount=0 error=- message=-
2026-09-09T14:14:32.7694795Z I/flutter ( 2279): [FluviDiagnostic] stage=HEADER_RENDER_FIDELITY_CONFIG scope=outputResolutionMode=nativeSurface fieldEvaluationMode=perFragment logicalWidth=375.4757281553398 logicalHeight=123.8252427184466 physicalWidth=986.0 physicalHeight=326.0 sourceRenderScale=0.6 effectId=dualTide backend=fragmentShader physicalTarget=986.0x326.0 parentTransformScale=notObservableInCanvas touchOverlayBackend=fragmentShaderAnalytic shaderFailureFallback=nativeStaticGradient shaderReady=true shaderFailure=false entryCount=- error=- message=-
2026-09-09T14:14:32.7723622Z I/flutter ( 2279): [FluviDiagnostic] stage=HEADER_TOUCH_RENDER_PATH_BOUND scope=fieldBackend=fragmentShader overlayBackend=fragmentShaderAnalytic trailBackend=fragmentShaderAnalytic logicalSize=375.4757281553398x123.8252427184466 physicalSize=986.0x326.0 usesSaveLayer=false usesOffscreenIntermediate=false entryCount=- error=- message=-
2026-09-09T14:14:32.7730142Z I/flutter ( 2279): [FluviDiagnostic] stage=HEADER_PORTAL_INNER_CHANNEL_BOUND scope=enabled=true effectId=wandering-mist settingsGeneration=0 phaseOwnerIdentity=747070091 controllerIdentity=195072560 fragmentBackendIdentity=692418536 programIdentity=974727089 shaderIdentity=153694300 canonicalFieldStopCount=2 canonicalFieldStopHash=43d59ffd portalColorModel=paletteCoordinate inputSignature=77a88e6 entryCount=- error=- message=-
2026-09-09T14:14:32.7755481Z I/flutter ( 2279): [FluviDiagnostic] stage=HEADER_PORTAL_BACKGROUND_CHANNEL_BOUND scope=enabled=true effectId=wandering-mist settingsGeneration=0 phaseOwnerIdentity=747070091 controllerIdentity=195072560 fragmentBackendIdentity=692418536 programIdentity=974727089 shaderIdentity=153694300 canonicalFieldStopCount=2 canonicalFieldStopHash=43d59ffd portalColorModel=paletteCoordinate inputSignature=77a88e6 entryCount=- error=- message=-
2026-09-09T14:14:32.7768424Z I/flutter ( 2279): [FluviDiagnostic] stage=HEADER_PORTAL_FRAGMENT_INPUT_BOUND scope=innerEnabled=true innerEffect=wandering-mist innerSettingsHash=143ac802 backgroundEnabled=true backgroundEffect=wandering-mist backgroundSettingsHash=143ac802 uniformLayoutVersion=3 fragmentConfigurationGeneration=2 fragmentBackendIdentity=692418536 programIdentity=974727089 shaderIdentity=153694300 canonicalFieldStopCount=2 canonicalFieldStopHash=43d59ffd portalColorModel=paletteCoordinate entryCount=- error=- message=-
2026-09-09T14:14:35.2357648Z D/EGL_emulation( 2279): app_time_stats: avg=856.62ms min=236.08ms max=2050.16ms count=3
2026-09-09T14:14:37.3596669Z D/EGL_emulation( 2279): app_time_stats: avg=2124.32ms min=2124.32ms max=2124.32ms count=1
2026-09-09T14:14:39.3830744Z D/EGL_emulation( 2279): app_time_stats: avg=2023.15ms min=2023.15ms max=2023.15ms count=1
2026-09-09T14:14:41.5471650Z D/EGL_emulation( 2279): app_time_stats: avg=2165.43ms min=2165.43ms max=2165.43ms count=1
2026-09-09T14:14:43.7095536Z D/EGL_emulation( 2279): app_time_stats: avg=2160.64ms min=2160.64ms max=2160.64ms count=1
2026-09-09T14:14:43.7215937Z I/flutter ( 2279): [FluviDiagnostic] stage=BUDGET_HEADER_VALUE_BOUND scope=generation=0 plane=day targetHandle=0 modelBindVsyncMicros=1390958481 displayNumeratorScaled100=2839954 displayDenominatorScaled100=2778226 hasLimit=true canonicalLimitScaled100=86125000 entryCount=- error=- message=-
2026-09-09T14:14:45.9118824Z D/EGL_emulation( 2279): app_time_stats: avg=2201.15ms min=2201.15ms max=2201.15ms count=1
2026-09-09T14:14:47.9257154Z D/EGL_emulation( 2279): app_time_stats: avg=2011.89ms min=2011.89ms max=2011.89ms count=1
2026-09-09T14:14:47.9627105Z I/flutter ( 2279): [FluviDiagnostic] stage=BUDGET_HEADER_VALUE_BOUND scope=generation=0 plane=day targetHandle=0 modelBindVsyncMicros=1395175148 displayNumeratorScaled100=2839954 displayDenominatorScaled100=2778226 hasLimit=true canonicalLimitScaled100=86125000 entryCount=- error=- message=-
2026-09-09T14:14:49.9466093Z D/EGL_emulation( 2279): app_time_stats: avg=2023.26ms min=2023.26ms max=2023.26ms count=1
2026-09-09T14:14:49.9669096Z I/flutter ( 2279): [FluviDiagnostic] stage=BUDGET_HEADER_VALUE_BOUND scope=generation=0 plane=day targetHandle=0 modelBindVsyncMicros=1397191814 displayNumeratorScaled100=2839954 displayDenominatorScaled100=2778226 hasLimit=true canonicalLimitScaled100=86125000 entryCount=- error=- message=-
2026-09-09T14:14:52.1087383Z D/EGL_emulation( 2279): app_time_stats: avg=2164.44ms min=2164.44ms max=2164.44ms count=1
2026-09-09T14:14:54.1942581Z D/EGL_emulation( 2279): app_time_stats: avg=2084.79ms min=2084.79ms max=2084.79ms count=1
2026-09-09T14:14:54.2197391Z I/flutter ( 2279): [FluviDiagnostic] stage=BUDGET_HEADER_VALUE_BOUND scope=generation=0 plane=day targetHandle=0 modelBindVsyncMicros=1401441814 displayNumeratorScaled100=2839954 displayDenominatorScaled100=2778226 hasLimit=true canonicalLimitScaled100=86125000 entryCount=- error=- message=-
2026-09-09T14:14:56.2502878Z D/EGL_emulation( 2279): app_time_stats: avg=2054.99ms min=2054.99ms max=2054.99ms count=1
2026-09-09T14:14:58.2782473Z D/EGL_emulation( 2279): app_time_stats: avg=2029.76ms min=2029.76ms max=2029.76ms count=1
2026-09-09T14:15:00.3639878Z I/flutter ( 2279): [FluviDiagnostic] stage=BUDGET_HEADER_VALUE_BOUND scope=generation=0 plane=day targetHandle=0 modelBindVsyncMicros=1407525147 displayNumeratorScaled100=2839954 displayDenominatorScaled100=2778226 hasLimit=true canonicalLimitScaled100=86125000 entryCount=- error=- message=-
2026-09-09T14:15:00.5137343Z D/EGL_emulation( 2279): app_time_stats: avg=232.47ms min=232.47ms max=232.47ms count=1
2026-09-09T14:15:03.0586523Z D/EGL_emulation( 2279): app_time_stats: avg=2536.42ms min=2536.42ms max=2536.42ms count=1
2026-09-09T14:15:04.9949105Z D/EGL_emulation( 2279): app_time_stats: avg=1943.95ms min=1943.95ms max=1943.95ms count=1
2026-09-09T14:15:07.0657454Z D/EGL_emulation( 2279): app_time_stats: avg=2070.85ms min=2070.85ms max=2070.85ms count=1
2026-09-09T14:15:07.0702426Z I/flutter ( 2279): [FluviDiagnostic] stage=BUDGET_HEADER_VALUE_BOUND scope=generation=0 plane=day targetHandle=0 modelBindVsyncMicros=1414308480 displayNumeratorScaled100=2839954 displayDenominatorScaled100=2778226 hasLimit=true canonicalLimitScaled100=86125000 entryCount=- error=- message=-
2026-09-09T14:15:09.2410496Z D/EGL_emulation( 2279): app_time_stats: avg=2177.59ms min=2177.59ms max=2177.59ms count=1
2026-09-09T14:15:09.3124308Z I/flutter ( 2279): [FluviDiagnostic] stage=BUDGET_HEADER_VALUE_BOUND scope=generation=0 plane=day targetHandle=0 modelBindVsyncMicros=1416491814 displayNumeratorScaled100=2839954 displayDenominatorScaled100=2778226 hasLimit=true canonicalLimitScaled100=86125000 entryCount=- error=- message=-
2026-09-09T14:15:11.7436207Z D/EGL_emulation( 2279): app_time_stats: avg=2502.73ms min=2502.73ms max=2502.73ms count=1
2026-09-09T14:15:13.7085104Z D/EGL_emulation( 2279): app_time_stats: avg=119.74ms min=119.74ms max=119.74ms count=1
2026-09-09T14:15:15.6132763Z D/EGL_emulation( 2279): app_time_stats: avg=112.41ms min=112.41ms max=112.41ms count=1
2026-09-09T14:15:17.7199546Z D/EGL_emulation( 2279): app_time_stats: avg=130.95ms min=130.95ms max=130.95ms count=1
2026-09-09T14:15:19.8384773Z D/EGL_emulation( 2279): app_time_stats: avg=114.69ms min=114.69ms max=114.69ms count=1
2026-09-09T14:15:19.8602210Z I/flutter ( 2279): [FluviDiagnostic] stage=BUDGET_HEADER_VALUE_BOUND scope=generation=0 plane=day targetHandle=0 modelBindVsyncMicros=1427091813 displayNumeratorScaled100=2839954 displayDenominatorScaled100=2778226 hasLimit=true canonicalLimitScaled100=86125000 entryCount=- error=- message=-
2026-09-09T14:15:22.1407738Z D/EGL_emulation( 2279): app_time_stats: avg=2180.56ms min=2180.56ms max=2180.56ms count=1
2026-09-09T14:15:24.0624914Z D/EGL_emulation( 2279): app_time_stats: avg=129.40ms min=129.40ms max=129.40ms count=1
2026-09-09T14:15:26.1288109Z I/flutter ( 2279): [FluviDiagnostic] stage=BUDGET_HEADER_VALUE_BOUND scope=generation=0 plane=day targetHandle=0 modelBindVsyncMicros=1433358480 displayNumeratorScaled100=2839954 displayDenominatorScaled100=2778226 hasLimit=true canonicalLimitScaled100=86125000 entryCount=- error=- message=-
2026-09-09T14:15:26.2163114Z D/EGL_emulation( 2279): app_time_stats: avg=101.82ms min=101.82ms max=101.82ms count=1
2026-09-09T14:15:28.2280043Z I/flutter ( 2279): [FluviDiagnostic] stage=BUDGET_HEADER_VALUE_BOUND scope=generation=0 plane=day targetHandle=0 modelBindVsyncMicros=1435458480 displayNumeratorScaled100=2839954 displayDenominatorScaled100=2778226 hasLimit=true canonicalLimitScaled100=86125000 entryCount=- error=- message=-
2026-09-09T14:15:28.3378913Z D/EGL_emulation( 2279): app_time_stats: avg=128.01ms min=128.01ms max=128.01ms count=1
2026-09-09T14:15:30.4347545Z D/EGL_emulation( 2279): app_time_stats: avg=2096.88ms min=2096.88ms max=2096.88ms count=1
2026-09-09T14:15:32.3081585Z I/flutter ( 2279): [FluviDiagnostic] stage=BUDGET_HEADER_VALUE_BOUND scope=generation=0 plane=day targetHandle=0 modelBindVsyncMicros=1439541813 displayNumeratorScaled100=2839954 displayDenominatorScaled100=2778226 hasLimit=true canonicalLimitScaled100=86125000 entryCount=- error=- message=-
2026-09-09T14:15:32.5677617Z D/EGL_emulation( 2279): app_time_stats: avg=256.62ms min=256.62ms max=256.62ms count=1
2026-09-09T14:15:34.4683663Z D/EGL_emulation( 2279): app_time_stats: avg=1911.98ms min=1911.98ms max=1911.98ms count=1
2026-09-09T14:15:34.4858892Z I/flutter ( 2279): [FluviDiagnostic] stage=BUDGET_HEADER_VALUE_BOUND scope=generation=0 plane=day targetHandle=0 modelBindVsyncMicros=1441708479 displayNumeratorScaled100=2839954 displayDenominatorScaled100=2778226 hasLimit=true canonicalLimitScaled100=86125000 entryCount=- error=- message=-
2026-09-09T14:15:36.4064511Z D/EGL_emulation( 2279): app_time_stats: avg=1937.52ms min=1937.52ms max=1937.52ms count=1
2026-09-09T14:15:38.3582167Z D/EGL_emulation( 2279): app_time_stats: avg=1954.78ms min=1954.78ms max=1954.78ms count=1
2026-09-09T14:15:40.4411083Z D/EGL_emulation( 2279): app_time_stats: avg=2079.39ms min=2079.39ms max=2079.39ms count=1
2026-09-09T14:15:42.4897884Z D/EGL_emulation( 2279): app_time_stats: avg=2049.81ms min=2049.81ms max=2049.81ms count=1
2026-09-09T14:15:42.5069470Z I/flutter ( 2279): [FluviDiagnostic] stage=BUDGET_HEADER_VALUE_BOUND scope=generation=0 plane=day targetHandle=0 modelBindVsyncMicros=1449741812 displayNumeratorScaled100=2839954 displayDenominatorScaled100=2778226 hasLimit=true canonicalLimitScaled100=86125000 entryCount=- error=- message=-
2026-09-09T14:15:44.4576338Z D/EGL_emulation( 2279): app_time_stats: avg=1969.32ms min=1969.32ms max=1969.32ms count=1
2026-09-09T14:15:44.4741174Z I/flutter ( 2279): [FluviDiagnostic] stage=BUDGET_HEADER_VALUE_BOUND scope=generation=0 plane=day targetHandle=0 modelBindVsyncMicros=1451708479 displayNumeratorScaled100=2839954 displayDenominatorScaled100=2778226 hasLimit=true canonicalLimitScaled100=86125000 entryCount=- error=- message=-
2026-09-09T14:15:46.5480318Z D/EGL_emulation( 2279): app_time_stats: avg=2085.86ms min=2085.86ms max=2085.86ms count=1
2026-09-09T14:15:48.4797911Z D/EGL_emulation( 2279): app_time_stats: avg=1933.15ms min=1933.15ms max=1933.15ms count=1
2026-09-09T14:15:50.4816204Z D/EGL_emulation( 2279): app_time_stats: avg=2004.94ms min=2004.94ms max=2004.94ms count=1
2026-09-09T14:15:52.4465585Z D/EGL_emulation( 2279): app_time_stats: avg=1960.86ms min=1960.86ms max=1960.86ms count=1
2026-09-09T14:15:54.4334371Z D/EGL_emulation( 2279): app_time_stats: avg=1988.10ms min=1988.10ms max=1988.10ms count=1
2026-09-09T14:15:54.4417955Z I/flutter ( 2279): [FluviDiagnostic] stage=BUDGET_HEADER_VALUE_BOUND scope=generation=0 plane=day targetHandle=0 modelBindVsyncMicros=1461675145 displayNumeratorScaled100=2839954 displayDenominatorScaled100=2778226 hasLimit=true canonicalLimitScaled100=86125000 entryCount=- error=- message=-
2026-09-09T14:15:56.3795644Z D/EGL_emulation( 2279): app_time_stats: avg=1948.43ms min=1948.43ms max=1948.43ms count=1
2026-09-09T14:15:58.5823544Z D/EGL_emulation( 2279): app_time_stats: avg=256.51ms min=256.51ms max=256.51ms count=1
2026-09-09T14:15:58.5876165Z I/flutter ( 2279): [FluviDiagnostic] stage=BUDGET_HEADER_VALUE_BOUND scope=generation=0 plane=day targetHandle=0 modelBindVsyncMicros=1465825145 displayNumeratorScaled100=2839954 displayDenominatorScaled100=2778226 hasLimit=true canonicalLimitScaled100=86125000 entryCount=- error=- message=-
2026-09-09T14:16:00.6868083Z D/EGL_emulation( 2279): app_time_stats: avg=2101.20ms min=2101.20ms max=2101.20ms count=1
2026-09-09T14:16:02.9712570Z I/flutter ( 2279): [FluviDiagnostic] stage=BUDGET_HEADER_VALUE_BOUND scope=generation=0 plane=day targetHandle=0 modelBindVsyncMicros=1467925145 displayNumeratorScaled100=2839954 displayDenominatorScaled100=2778226 hasLimit=true canonicalLimitScaled100=86125000 entryCount=- error=- message=-
2026-09-09T14:16:03.0776208Z D/EGL_emulation( 2279): app_time_stats: avg=2394.22ms min=2394.22ms max=2394.22ms count=1
2026-09-09T14:16:05.2856391Z D/EGL_emulation( 2279): app_time_stats: avg=232.68ms min=232.68ms max=232.68ms count=1
2026-09-09T14:16:05.2900282Z I/flutter ( 2279): [FluviDiagnostic] stage=BUDGET_HEADER_VALUE_BOUND scope=generation=0 plane=day targetHandle=0 modelBindVsyncMicros=1472525145 displayNumeratorScaled100=2839954 displayDenominatorScaled100=2778226 hasLimit=true canonicalLimitScaled100=86125000 entryCount=- error=- message=-
2026-09-09T14:16:07.2625438Z D/EGL_emulation( 2279): app_time_stats: avg=1979.28ms min=1979.28ms max=1979.28ms count=1
2026-09-09T14:16:09.3889769Z D/EGL_emulation( 2279): app_time_stats: avg=2128.71ms min=2128.71ms max=2128.71ms count=1
2026-09-09T14:16:09.4068391Z I/flutter ( 2279): [FluviDiagnostic] stage=BUDGET_HEADER_VALUE_BOUND scope=generation=0 plane=day targetHandle=0 modelBindVsyncMicros=1476641811 displayNumeratorScaled100=2839954 displayDenominatorScaled100=2778226 hasLimit=true canonicalLimitScaled100=86125000 entryCount=- error=- message=-
2026-09-09T14:16:11.4028419Z D/EGL_emulation( 2279): app_time_stats: avg=2008.54ms min=2008.54ms max=2008.54ms count=1
2026-09-09T14:16:13.6026307Z D/EGL_emulation( 2279): app_time_stats: avg=2204.97ms min=2204.97ms max=2204.97ms count=1
2026-09-09T14:16:15.6076172Z D/EGL_emulation( 2279): app_time_stats: avg=1998.97ms min=1998.97ms max=1998.97ms count=1
2026-09-09T14:16:17.7567496Z D/EGL_emulation( 2279): app_time_stats: avg=2150.63ms min=2150.63ms max=2150.63ms count=1
2026-09-09T14:16:17.7742359Z I/flutter ( 2279): [FluviDiagnostic] stage=BUDGET_HEADER_VALUE_BOUND scope=generation=0 plane=day targetHandle=0 modelBindVsyncMicros=1485008478 displayNumeratorScaled100=2839954 displayDenominatorScaled100=2778226 hasLimit=true canonicalLimitScaled100=86125000 entryCount=- error=- message=-
2026-09-09T14:16:19.9107741Z D/EGL_emulation( 2279): app_time_stats: avg=2154.98ms min=2154.98ms max=2154.98ms count=1
2026-09-09T14:16:19.9289507Z I/flutter ( 2279): [FluviDiagnostic] stage=BUDGET_HEADER_VALUE_BOUND scope=generation=0 plane=day targetHandle=0 modelBindVsyncMicros=1487158477 displayNumeratorScaled100=2839954 displayDenominatorScaled100=2778226 hasLimit=true canonicalLimitScaled100=86125000 entryCount=- error=- message=-
2026-09-09T14:16:21.8855432Z D/EGL_emulation( 2279): app_time_stats: avg=1972.77ms min=1972.77ms max=1972.77ms count=1
2026-09-09T14:16:24.0919791Z D/EGL_emulation( 2279): app_time_stats: avg=2210.46ms min=2210.46ms max=2210.46ms count=1
2026-09-09T14:16:26.1933803Z D/EGL_emulation( 2279): app_time_stats: avg=2096.46ms min=2096.46ms max=2096.46ms count=1
2026-09-09T14:16:28.1794686Z D/EGL_emulation( 2279): app_time_stats: avg=1990.85ms min=1990.85ms max=1990.85ms count=1
2026-09-09T14:16:30.1777519Z D/EGL_emulation( 2279): app_time_stats: avg=1996.37ms min=1996.37ms max=1996.37ms count=1
2026-09-09T14:16:30.1922913Z I/flutter ( 2279): [FluviDiagnostic] stage=BUDGET_HEADER_VALUE_BOUND scope=generation=0 plane=day targetHandle=0 modelBindVsyncMicros=1497425144 displayNumeratorScaled100=2839954 displayDenominatorScaled100=2778226 hasLimit=true canonicalLimitScaled100=86125000 entryCount=- error=- message=-
2026-09-09T14:16:32.2282386Z D/EGL_emulation( 2279): app_time_stats: avg=2050.05ms min=2050.05ms max=2050.05ms count=1
2026-09-09T14:16:34.3887867Z D/EGL_emulation( 2279): app_time_stats: avg=2152.23ms min=2152.23ms max=2152.23ms count=1
2026-09-09T14:16:34.3941747Z I/flutter ( 2279): [FluviDiagnostic] stage=BUDGET_HEADER_VALUE_BOUND scope=generation=0 plane=day targetHandle=0 modelBindVsyncMicros=1501625144 displayNumeratorScaled100=2839954 displayDenominatorScaled100=2778226 hasLimit=true canonicalLimitScaled100=86125000 entryCount=- error=- message=-
2026-09-09T14:16:36.4629733Z D/EGL_emulation( 2279): app_time_stats: avg=2081.40ms min=2081.40ms max=2081.40ms count=1
2026-09-09T14:16:36.4889137Z I/flutter ( 2279): [FluviDiagnostic] stage=BUDGET_HEADER_VALUE_BOUND scope=generation=0 plane=day targetHandle=0 modelBindVsyncMicros=1503708477 displayNumeratorScaled100=2839954 displayDenominatorScaled100=2778226 hasLimit=true canonicalLimitScaled100=86125000 entryCount=- error=- message=-
2026-09-09T14:16:38.6080840Z D/EGL_emulation( 2279): app_time_stats: avg=2145.67ms min=2145.67ms max=2145.67ms count=1
2026-09-09T14:16:40.6448649Z D/EGL_emulation( 2279): app_time_stats: avg=2037.16ms min=2037.16ms max=2037.16ms count=1
2026-09-09T14:16:40.6600455Z I/flutter ( 2279): [FluviDiagnostic] stage=BUDGET_HEADER_VALUE_BOUND scope=generation=0 plane=day targetHandle=0 modelBindVsyncMicros=1507891810 displayNumeratorScaled100=2839954 displayDenominatorScaled100=2778226 hasLimit=true canonicalLimitScaled100=86125000 entryCount=- error=- message=-
2026-09-09T14:16:42.7370036Z D/EGL_emulation( 2279): app_time_stats: avg=2089.34ms min=2089.34ms max=2089.34ms count=1
2026-09-09T14:16:44.8168400Z D/EGL_emulation( 2279): app_time_stats: avg=2081.93ms min=2081.93ms max=2081.93ms count=1
2026-09-09T14:16:44.8223940Z I/flutter ( 2279): [FluviDiagnostic] stage=BUDGET_HEADER_VALUE_BOUND scope=generation=0 plane=day targetHandle=0 modelBindVsyncMicros=1512058476 displayNumeratorScaled100=2839954 displayDenominatorScaled100=2778226 hasLimit=true canonicalLimitScaled100=86125000 entryCount=- error=- message=-
2026-09-09T14:16:46.7029139Z D/EGL_emulation( 2279): app_time_stats: avg=1887.54ms min=1887.54ms max=1887.54ms count=1
2026-09-09T14:16:48.8253822Z D/EGL_emulation( 2279): app_time_stats: avg=2122.75ms min=2122.75ms max=2122.75ms count=1
2026-09-09T14:16:51.3720731Z D/EGL_emulation( 2279): app_time_stats: avg=2541.89ms min=2541.89ms max=2541.89ms count=1
2026-09-09T14:16:53.8311235Z D/EGL_emulation( 2279): app_time_stats: avg=2461.38ms min=2461.38ms max=2461.38ms count=1
2026-09-09T14:16:53.8453691Z I/flutter ( 2279): [FluviDiagnostic] stage=BUDGET_HEADER_VALUE_BOUND scope=generation=0 plane=day targetHandle=0 modelBindVsyncMicros=1521075143 displayNumeratorScaled100=2839954 displayDenominatorScaled100=2778226 hasLimit=true canonicalLimitScaled100=86125000 entryCount=- error=- message=-
2026-09-09T14:16:55.8990382Z D/EGL_emulation( 2279): app_time_stats: avg=2067.40ms min=2067.40ms max=2067.40ms count=1
2026-09-09T14:16:55.9022379Z I/flutter ( 2279): [FluviDiagnostic] stage=BUDGET_HEADER_VALUE_BOUND scope=generation=0 plane=day targetHandle=0 modelBindVsyncMicros=1523141809 displayNumeratorScaled100=2839954 displayDenominatorScaled100=2778226 hasLimit=true canonicalLimitScaled100=86125000 entryCount=- error=- message=-
2026-09-09T14:16:57.8479320Z D/EGL_emulation( 2279): app_time_stats: avg=1949.07ms min=1949.07ms max=1949.07ms count=1
2026-09-09T14:16:59.8844136Z D/EGL_emulation( 2279): app_time_stats: avg=126.86ms min=126.86ms max=126.86ms count=1
2026-09-09T14:17:02.2184995Z D/EGL_emulation( 2279): app_time_stats: avg=130.92ms min=130.92ms max=130.92ms count=1
2026-09-09T14:17:04.2383999Z D/EGL_emulation( 2279): app_time_stats: avg=2019.34ms min=2019.34ms max=2019.34ms count=1
2026-09-09T14:17:06.3987417Z D/EGL_emulation( 2279): app_time_stats: avg=2156.73ms min=2156.73ms max=2156.73ms count=1
2026-09-09T14:17:06.4089042Z I/flutter ( 2279): [FluviDiagnostic] stage=BUDGET_HEADER_VALUE_BOUND scope=generation=0 plane=day targetHandle=0 modelBindVsyncMicros=1533641809 displayNumeratorScaled100=2839954 displayDenominatorScaled100=2778226 hasLimit=true canonicalLimitScaled100=86125000 entryCount=- error=- message=-
2026-09-09T14:17:08.5804275Z D/EGL_emulation( 2279): app_time_stats: avg=2184.39ms min=2184.39ms max=2184.39ms count=1
2026-09-09T14:17:10.5116870Z D/EGL_emulation( 2279): app_time_stats: avg=1931.27ms min=1931.27ms max=1931.27ms count=1
2026-09-09T14:17:10.5230945Z I/flutter ( 2279): [FluviDiagnostic] stage=BUDGET_HEADER_VALUE_BOUND scope=generation=0 plane=day targetHandle=0 modelBindVsyncMicros=1537758475 displayNumeratorScaled100=2839954 displayDenominatorScaled100=2778226 hasLimit=true canonicalLimitScaled100=86125000 entryCount=- error=- message=-
2026-09-09T14:17:12.6145782Z D/EGL_emulation( 2279): app_time_stats: avg=2102.45ms min=2102.45ms max=2102.45ms count=1
2026-09-09T14:17:12.6241965Z I/flutter ( 2279): [FluviDiagnostic] stage=BUDGET_HEADER_VALUE_BOUND scope=generation=0 plane=day targetHandle=0 modelBindVsyncMicros=1539858475 displayNumeratorScaled100=2839954 displayDenominatorScaled100=2778226 hasLimit=true canonicalLimitScaled100=86125000 entryCount=- error=- message=-
2026-09-09T14:17:14.5780996Z D/EGL_emulation( 2279): app_time_stats: avg=1961.22ms min=1961.22ms max=1961.22ms count=1
2026-09-09T14:17:16.6369958Z D/EGL_emulation( 2279): app_time_stats: avg=2060.46ms min=2060.46ms max=2060.46ms count=1
2026-09-09T14:17:16.6373842Z I/flutter ( 2279): [FluviDiagnostic] stage=BUDGET_HEADER_VALUE_BOUND scope=generation=0 plane=day targetHandle=0 modelBindVsyncMicros=1543875142 displayNumeratorScaled100=2839954 displayDenominatorScaled100=2778226 hasLimit=true canonicalLimitScaled100=86125000 entryCount=- error=- message=-
2026-09-09T14:17:18.7363604Z D/EGL_emulation( 2279): app_time_stats: avg=2100.47ms min=2100.47ms max=2100.47ms count=1
2026-09-09T14:17:20.6576077Z D/EGL_emulation( 2279): app_time_stats: avg=1920.16ms min=1920.16ms max=1920.16ms count=1
2026-09-09T14:17:20.6750770Z I/flutter ( 2279): [FluviDiagnostic] stage=BUDGET_HEADER_VALUE_BOUND scope=generation=0 plane=day targetHandle=0 modelBindVsyncMicros=1547908475 displayNumeratorScaled100=2839954 displayDenominatorScaled100=2778226 hasLimit=true canonicalLimitScaled100=86125000 entryCount=- error=- message=-
2026-09-09T14:17:22.7458617Z D/EGL_emulation( 2279): app_time_stats: avg=2089.26ms min=2089.26ms max=2089.26ms count=1
2026-09-09T14:17:24.8861820Z D/EGL_emulation( 2279): app_time_stats: avg=2139.30ms min=2139.30ms max=2139.30ms count=1
2026-09-09T14:17:26.9646968Z D/EGL_emulation( 2279): app_time_stats: avg=2078.64ms min=2078.64ms max=2078.64ms count=1
2026-09-09T14:17:28.8522160Z D/EGL_emulation( 2279): app_time_stats: avg=1887.91ms min=1887.91ms max=1887.91ms count=1
2026-09-09T14:17:28.8789677Z I/flutter ( 2279): [FluviDiagnostic] stage=BUDGET_HEADER_VALUE_BOUND scope=generation=0 plane=day targetHandle=0 modelBindVsyncMicros=1556108475 displayNumeratorScaled100=2839954 displayDenominatorScaled100=2778226 hasLimit=true canonicalLimitScaled100=86125000 entryCount=- error=- message=-
2026-09-09T14:17:31.1479196Z D/EGL_emulation( 2279): app_time_stats: avg=2295.93ms min=2295.93ms max=2295.93ms count=1
2026-09-09T14:17:31.2146361Z I/flutter ( 2279): [FluviDiagnostic] stage=BUDGET_HEADER_VALUE_BOUND scope=generation=0 plane=day targetHandle=0 modelBindVsyncMicros=1558391808 displayNumeratorScaled100=2839954 displayDenominatorScaled100=2778226 hasLimit=true canonicalLimitScaled100=86125000 entryCount=- error=- message=-
2026-09-09T14:17:33.5175477Z D/EGL_emulation( 2279): app_time_stats: avg=2368.62ms min=2368.62ms max=2368.62ms count=1
2026-09-09T14:17:35.6603170Z D/EGL_emulation( 2279): app_time_stats: avg=107.99ms min=107.99ms max=107.99ms count=1
2026-09-09T14:17:37.8145147Z D/EGL_emulation( 2279): app_time_stats: avg=121.70ms min=121.70ms max=121.70ms count=1
2026-09-09T14:17:39.9669476Z D/EGL_emulation( 2279): app_time_stats: avg=112.78ms min=112.78ms max=112.78ms count=1
2026-09-09T14:17:42.0197869Z D/EGL_emulation( 2279): app_time_stats: avg=120.84ms min=120.84ms max=120.84ms count=1
2026-09-09T14:17:43.9090699Z I/flutter ( 2279): [FluviDiagnostic] stage=BUDGET_HEADER_VALUE_BOUND scope=generation=0 plane=day targetHandle=0 modelBindVsyncMicros=1571141807 displayNumeratorScaled100=2839954 displayDenominatorScaled100=2778226 hasLimit=true canonicalLimitScaled100=86125000 entryCount=- error=- message=-
2026-09-09T14:17:44.1567577Z D/EGL_emulation( 2279): app_time_stats: avg=261.79ms min=261.79ms max=261.79ms count=1
2026-09-09T14:17:46.2118343Z D/EGL_emulation( 2279): app_time_stats: avg=2056.80ms min=2056.80ms max=2056.80ms count=1
2026-09-09T14:17:46.2249069Z I/flutter ( 2279): [FluviDiagnostic] stage=BUDGET_HEADER_VALUE_BOUND scope=generation=0 plane=day targetHandle=0 modelBindVsyncMicros=1573458474 displayNumeratorScaled100=2839954 displayDenominatorScaled100=2778226 hasLimit=true canonicalLimitScaled100=86125000 entryCount=- error=- message=-
2026-09-09T14:17:48.4563276Z D/EGL_emulation( 2279): app_time_stats: avg=2242.14ms min=2242.14ms max=2242.14ms count=1
2026-09-09T14:17:48.4962467Z I/flutter ( 2279): [FluviDiagnostic] stage=BUDGET_HEADER_VALUE_BOUND scope=generation=0 plane=day targetHandle=0 modelBindVsyncMicros=1575708474 displayNumeratorScaled100=2839954 displayDenominatorScaled100=2778226 hasLimit=true canonicalLimitScaled100=86125000 entryCount=- error=- message=-
2026-09-09T14:17:50.6552939Z D/EGL_emulation( 2279): app_time_stats: avg=2201.25ms min=2201.25ms max=2201.25ms count=1
2026-09-09T14:17:52.5683582Z D/EGL_emulation( 2279): app_time_stats: avg=1908.58ms min=1908.58ms max=1908.58ms count=1
2026-09-09T14:17:52.5760962Z I/flutter ( 2279): [FluviDiagnostic] stage=BUDGET_HEADER_VALUE_BOUND scope=generation=0 plane=day targetHandle=0 modelBindVsyncMicros=1579808474 displayNumeratorScaled100=2839954 displayDenominatorScaled100=2778226 hasLimit=true canonicalLimitScaled100=86125000 entryCount=- error=- message=-
2026-09-09T14:17:54.6623232Z D/EGL_emulation( 2279): app_time_stats: avg=2095.46ms min=2095.46ms max=2095.46ms count=1
2026-09-09T14:17:56.7556891Z D/EGL_emulation( 2279): app_time_stats: avg=2096.07ms min=2096.07ms max=2096.07ms count=1
2026-09-09T14:17:56.7837272Z I/flutter ( 2279): [FluviDiagnostic] stage=BUDGET_HEADER_VALUE_BOUND scope=generation=0 plane=day targetHandle=0 modelBindVsyncMicros=1584008474 displayNumeratorScaled100=2839954 displayDenominatorScaled100=2778226 hasLimit=true canonicalLimitScaled100=86125000 entryCount=- error=- message=-
2026-09-09T14:17:58.7252985Z D/EGL_emulation( 2279): app_time_stats: avg=1969.27ms min=1969.27ms max=1969.27ms count=1
2026-09-09T14:18:01.1447822Z D/EGL_emulation( 2279): app_time_stats: avg=2414.55ms min=2414.55ms max=2414.55ms count=1
2026-09-09T14:18:03.1747764Z D/EGL_emulation( 2279): app_time_stats: avg=2035.27ms min=2035.27ms max=2035.27ms count=1
2026-09-09T14:18:05.1909908Z D/EGL_emulation( 2279): app_time_stats: avg=2015.20ms min=2015.20ms max=2015.20ms count=1
2026-09-09T14:18:05.2079470Z I/flutter ( 2279): [FluviDiagnostic] stage=BUDGET_HEADER_VALUE_BOUND scope=generation=0 plane=day targetHandle=0 modelBindVsyncMicros=1592441807 displayNumeratorScaled100=2839954 displayDenominatorScaled100=2778226 hasLimit=true canonicalLimitScaled100=86125000 entryCount=- error=- message=-
2026-09-09T14:18:07.2234722Z D/EGL_emulation( 2279): app_time_stats: avg=2032.73ms min=2032.73ms max=2032.73ms count=1
2026-09-09T14:18:07.2399737Z I/flutter ( 2279): [FluviDiagnostic] stage=BUDGET_HEADER_VALUE_BOUND scope=generation=0 plane=day targetHandle=0 modelBindVsyncMicros=1594475140 displayNumeratorScaled100=2839954 displayDenominatorScaled100=2778226 hasLimit=true canonicalLimitScaled100=86125000 entryCount=- error=- message=-
2026-09-09T14:18:09.1527895Z D/EGL_emulation( 2279): app_time_stats: avg=1926.08ms min=1926.08ms max=1926.08ms count=1
2026-09-09T14:18:11.4998757Z D/EGL_emulation( 2279): app_time_stats: avg=2348.14ms min=2348.14ms max=2348.14ms count=1
2026-09-09T14:18:13.4571641Z D/EGL_emulation( 2279): app_time_stats: avg=1957.18ms min=1957.18ms max=1957.18ms count=1
2026-09-09T14:18:15.5169469Z D/EGL_emulation( 2279): app_time_stats: avg=2059.86ms min=2059.86ms max=2059.86ms count=1
2026-09-09T14:18:17.6649984Z D/EGL_emulation( 2279): app_time_stats: avg=2145.23ms min=2145.23ms max=2145.23ms count=1
2026-09-09T14:18:17.6768804Z I/flutter ( 2279): [FluviDiagnostic] stage=BUDGET_HEADER_VALUE_BOUND scope=generation=0 plane=day targetHandle=0 modelBindVsyncMicros=1604908473 displayNumeratorScaled100=2839954 displayDenominatorScaled100=2778226 hasLimit=true canonicalLimitScaled100=86125000 entryCount=- error=- message=-
2026-09-09T14:18:19.6177197Z D/EGL_emulation( 2279): app_time_stats: avg=1952.53ms min=1952.53ms max=1952.53ms count=1
2026-09-09T14:18:21.7573434Z D/EGL_emulation( 2279): app_time_stats: avg=2141.99ms min=2141.99ms max=2141.99ms count=1
2026-09-09T14:18:21.7742158Z I/flutter ( 2279): [FluviDiagnostic] stage=BUDGET_HEADER_VALUE_BOUND scope=generation=0 plane=day targetHandle=0 modelBindVsyncMicros=1609008473 displayNumeratorScaled100=2839954 displayDenominatorScaled100=2778226 hasLimit=true canonicalLimitScaled100=86125000 entryCount=- error=- message=-
2026-09-09T14:18:23.8029909Z D/EGL_emulation( 2279): app_time_stats: avg=2043.50ms min=2043.50ms max=2043.50ms count=1
2026-09-09T14:18:23.8669551Z I/flutter ( 2279): [FluviDiagnostic] stage=BUDGET_HEADER_VALUE_BOUND scope=generation=0 plane=day targetHandle=0 modelBindVsyncMicros=1611041806 displayNumeratorScaled100=2839954 displayDenominatorScaled100=2778226 hasLimit=true canonicalLimitScaled100=86125000 entryCount=- error=- message=-
2026-09-09T14:18:25.9077154Z D/EGL_emulation( 2279): app_time_stats: avg=2105.76ms min=2105.76ms max=2105.76ms count=1
2026-09-09T14:18:27.9196261Z D/EGL_emulation( 2279): app_time_stats: avg=2009.48ms min=2009.48ms max=2009.48ms count=1
2026-09-09T14:18:27.9252765Z I/flutter ( 2279): [FluviDiagnostic] stage=BUDGET_HEADER_VALUE_BOUND scope=generation=0 plane=day targetHandle=0 modelBindVsyncMicros=1615158472 displayNumeratorScaled100=2839954 displayDenominatorScaled100=2778226 hasLimit=true canonicalLimitScaled100=86125000 entryCount=- error=- message=-
2026-09-09T14:18:29.9359208Z D/EGL_emulation( 2279): app_time_stats: avg=2018.90ms min=2018.90ms max=2018.90ms count=1
2026-09-09T14:18:32.0247325Z D/EGL_emulation( 2279): app_time_stats: avg=2088.93ms min=2088.93ms max=2088.93ms count=1
2026-09-09T14:18:32.0605435Z I/flutter ( 2279): [FluviDiagnostic] stage=BUDGET_HEADER_VALUE_BOUND scope=generation=0 plane=day targetHandle=0 modelBindVsyncMicros=1619275139 displayNumeratorScaled100=2839954 displayDenominatorScaled100=2778226 hasLimit=true canonicalLimitScaled100=86125000 entryCount=- error=- message=-
2026-09-09T14:18:34.1086544Z D/EGL_emulation( 2279): app_time_stats: avg=2079.58ms min=2079.58ms max=2079.58ms count=1
2026-09-09T14:18:36.2597465Z D/EGL_emulation( 2279): app_time_stats: avg=2154.74ms min=2154.74ms max=2154.74ms count=1
2026-09-09T14:18:38.4335851Z D/EGL_emulation( 2279): app_time_stats: avg=2168.01ms min=2168.01ms max=2168.01ms count=1
2026-09-09T14:18:40.3316714Z D/EGL_emulation( 2279): app_time_stats: avg=1904.15ms min=1904.15ms max=1904.15ms count=1
2026-09-09T14:18:40.3423441Z I/flutter ( 2279): [FluviDiagnostic] stage=BUDGET_HEADER_VALUE_BOUND scope=generation=0 plane=day targetHandle=0 modelBindVsyncMicros=1627575138 displayNumeratorScaled100=2839954 displayDenominatorScaled100=2778226 hasLimit=true canonicalLimitScaled100=86125000 entryCount=- error=- message=-
2026-09-09T14:18:42.3975256Z D/EGL_emulation( 2279): app_time_stats: avg=2066.17ms min=2066.17ms max=2066.17ms count=1
2026-09-09T14:18:42.4070133Z I/flutter ( 2279): [FluviDiagnostic] stage=BUDGET_HEADER_VALUE_BOUND scope=generation=0 plane=day targetHandle=0 modelBindVsyncMicros=1629641805 displayNumeratorScaled100=2839954 displayDenominatorScaled100=2778226 hasLimit=true canonicalLimitScaled100=86125000 entryCount=- error=- message=-
2026-09-09T14:18:44.5435302Z D/EGL_emulation( 2279): app_time_stats: avg=2142.52ms min=2142.52ms max=2142.52ms count=1
2026-09-09T14:18:46.6798511Z D/EGL_emulation( 2279): app_time_stats: avg=2139.00ms min=2139.00ms max=2139.00ms count=1
2026-09-09T14:18:48.7437615Z D/EGL_emulation( 2279): app_time_stats: avg=2063.44ms min=2063.44ms max=2063.44ms count=1
2026-09-09T14:18:50.6689644Z D/EGL_emulation( 2279): app_time_stats: avg=1925.61ms min=1925.61ms max=1925.61ms count=1
2026-09-09T14:18:52.7095553Z D/EGL_emulation( 2279): app_time_stats: avg=2039.41ms min=2039.41ms max=2039.41ms count=1
2026-09-09T14:18:52.7257442Z I/flutter ( 2279): [FluviDiagnostic] stage=BUDGET_HEADER_VALUE_BOUND scope=generation=0 plane=day targetHandle=0 modelBindVsyncMicros=1639958471 displayNumeratorScaled100=2839954 displayDenominatorScaled100=2778226 hasLimit=true canonicalLimitScaled100=86125000 entryCount=- error=- message=-
2026-09-09T14:18:54.8497303Z D/EGL_emulation( 2279): app_time_stats: avg=2137.09ms min=2137.09ms max=2137.09ms count=1
2026-09-09T14:18:56.8308231Z D/EGL_emulation( 2279): app_time_stats: avg=1983.26ms min=1983.26ms max=1983.26ms count=1
2026-09-09T14:18:56.8399282Z I/flutter ( 2279): [FluviDiagnostic] stage=BUDGET_HEADER_VALUE_BOUND scope=generation=0 plane=day targetHandle=0 modelBindVsyncMicros=1644075138 displayNumeratorScaled100=2839954 displayDenominatorScaled100=2778226 hasLimit=true canonicalLimitScaled100=86125000 entryCount=- error=- message=-
2026-09-09T14:18:59.0067753Z D/EGL_emulation( 2279): app_time_stats: avg=2164.57ms min=2164.57ms max=2164.57ms count=1
2026-09-09T14:18:59.0320449Z I/flutter ( 2279): [FluviDiagnostic] stage=BUDGET_HEADER_VALUE_BOUND scope=generation=0 plane=day targetHandle=0 modelBindVsyncMicros=1646241804 displayNumeratorScaled100=2839954 displayDenominatorScaled100=2778226 hasLimit=true canonicalLimitScaled100=86125000 entryCount=- error=- message=-
2026-09-09T14:19:01.0863344Z D/EGL_emulation( 2279): app_time_stats: avg=2084.56ms min=2084.56ms max=2084.56ms count=1
2026-09-09T14:19:03.4394639Z D/EGL_emulation( 2279): app_time_stats: avg=2360.39ms min=2360.39ms max=2360.39ms count=1
2026-09-09T14:19:03.4593202Z I/flutter ( 2279): [FluviDiagnostic] stage=BUDGET_HEADER_VALUE_BOUND scope=generation=0 plane=day targetHandle=0 modelBindVsyncMicros=1650691804 displayNumeratorScaled100=2839954 displayDenominatorScaled100=2778226 hasLimit=true canonicalLimitScaled100=86125000 entryCount=- error=- message=-
2026-09-09T14:19:05.8691713Z D/EGL_emulation( 2279): app_time_stats: avg=2424.25ms min=2424.25ms max=2424.25ms count=1
2026-09-09T14:19:07.8047056Z D/EGL_emulation( 2279): app_time_stats: avg=1939.97ms min=1939.97ms max=1939.97ms count=1
2026-09-09T14:19:07.8359449Z I/flutter ( 2279): [FluviDiagnostic] stage=BUDGET_HEADER_VALUE_BOUND scope=generation=0 plane=day targetHandle=0 modelBindVsyncMicros=1655058471 displayNumeratorScaled100=2839954 displayDenominatorScaled100=2778226 hasLimit=true canonicalLimitScaled100=86125000 entryCount=- error=- message=-
2026-09-09T14:19:09.7908239Z D/EGL_emulation( 2279): app_time_stats: avg=1983.22ms min=1983.22ms max=1983.22ms count=1
2026-09-09T14:19:11.9717097Z D/EGL_emulation( 2279): app_time_stats: avg=2183.71ms min=2183.71ms max=2183.71ms count=1
2026-09-09T14:19:13.9822617Z D/EGL_emulation( 2279): app_time_stats: avg=2011.53ms min=2011.53ms max=2011.53ms count=1
2026-09-09T14:19:15.9562941Z D/EGL_emulation( 2279): app_time_stats: avg=1971.04ms min=1971.04ms max=1971.04ms count=1
2026-09-09T14:19:15.9915065Z I/flutter ( 2279): [FluviDiagnostic] stage=BUDGET_HEADER_VALUE_BOUND scope=generation=0 plane=day targetHandle=0 modelBindVsyncMicros=1663208470 displayNumeratorScaled100=2839954 displayDenominatorScaled100=2778226 hasLimit=true canonicalLimitScaled100=86125000 entryCount=- error=- message=-
2026-09-09T14:19:17.9917527Z D/EGL_emulation( 2279): app_time_stats: avg=2034.32ms min=2034.32ms max=2034.32ms count=1
2026-09-09T14:19:18.0093349Z I/flutter ( 2279): [FluviDiagnostic] stage=BUDGET_HEADER_VALUE_BOUND scope=generation=0 plane=day targetHandle=0 modelBindVsyncMicros=1665241804 displayNumeratorScaled100=2839954 displayDenominatorScaled100=2778226 hasLimit=true canonicalLimitScaled100=86125000 entryCount=- error=- message=-
2026-09-09T14:19:20.0550738Z D/EGL_emulation( 2279): app_time_stats: avg=2066.22ms min=2066.22ms max=2066.22ms count=1
2026-09-09T14:19:22.1273813Z D/EGL_emulation( 2279): app_time_stats: avg=2071.83ms min=2071.83ms max=2071.83ms count=1
2026-09-09T14:19:24.2551555Z D/EGL_emulation( 2279): app_time_stats: avg=2128.49ms min=2128.49ms max=2128.49ms count=1
2026-09-09T14:19:26.1590366Z D/EGL_emulation( 2279): app_time_stats: avg=1898.65ms min=1898.65ms max=1898.65ms count=1
2026-09-09T14:19:28.3598938Z D/EGL_emulation( 2279): app_time_stats: avg=2201.91ms min=2201.91ms max=2201.91ms count=1
2026-09-09T14:19:28.3799402Z I/flutter ( 2279): [FluviDiagnostic] stage=BUDGET_HEADER_VALUE_BOUND scope=generation=0 plane=day targetHandle=0 modelBindVsyncMicros=1675608470 displayNumeratorScaled100=2839954 displayDenominatorScaled100=2778226 hasLimit=true canonicalLimitScaled100=86125000 entryCount=- error=- message=-
2026-09-09T14:19:30.5197412Z D/EGL_emulation( 2279): app_time_stats: avg=2163.75ms min=2163.75ms max=2163.75ms count=1
2026-09-09T14:19:32.5217535Z D/EGL_emulation( 2279): app_time_stats: avg=2001.66ms min=2001.66ms max=2001.66ms count=1
2026-09-09T14:19:34.4760946Z I/flutter ( 2279): [FluviDiagnostic] stage=BUDGET_HEADER_VALUE_BOUND scope=generation=0 plane=day targetHandle=0 modelBindVsyncMicros=1681708470 displayNumeratorScaled100=2839954 displayDenominatorScaled100=2778226 hasLimit=true canonicalLimitScaled100=86125000 entryCount=- error=- message=-
2026-09-09T14:19:34.7167404Z D/EGL_emulation( 2279): app_time_stats: avg=256.76ms min=256.76ms max=256.76ms count=1
2026-09-09T14:19:34.7343818Z I/flutter ( 2279): [FluviDiagnostic] stage=BUDGET_HEADER_VALUE_BOUND scope=generation=0 plane=day targetHandle=0 modelBindVsyncMicros=1681958470 displayNumeratorScaled100=2839954 displayDenominatorScaled100=2778226 hasLimit=true canonicalLimitScaled100=86125000 entryCount=- error=- message=-
2026-09-09T14:19:36.7756208Z D/EGL_emulation( 2279): app_time_stats: avg=2059.51ms min=2059.51ms max=2059.51ms count=1
2026-09-09T14:19:38.8039912Z D/EGL_emulation( 2279): app_time_stats: avg=2027.74ms min=2027.74ms max=2027.74ms count=1
2026-09-09T14:19:38.8106441Z I/flutter ( 2279): [FluviDiagnostic] stage=BUDGET_HEADER_VALUE_BOUND scope=generation=0 plane=day targetHandle=0 modelBindVsyncMicros=1686041803 displayNumeratorScaled100=2839954 displayDenominatorScaled100=2778226 hasLimit=true canonicalLimitScaled100=86125000 entryCount=- error=- message=-
2026-09-09T14:19:40.8038443Z D/EGL_emulation( 2279): app_time_stats: avg=1995.46ms min=1995.46ms max=1995.46ms count=1
2026-09-09T14:19:42.7065364Z D/EGL_emulation( 2279): app_time_stats: avg=1906.41ms min=1906.41ms max=1906.41ms count=1
2026-09-09T14:19:42.7250838Z I/flutter ( 2279): [FluviDiagnostic] stage=BUDGET_HEADER_VALUE_BOUND scope=generation=0 plane=day targetHandle=0 modelBindVsyncMicros=1689958469 displayNumeratorScaled100=2839954 displayDenominatorScaled100=2778226 hasLimit=true canonicalLimitScaled100=86125000 entryCount=- error=- message=-
2026-09-09T14:19:44.6458573Z D/EGL_emulation( 2279): app_time_stats: avg=1940.45ms min=1940.45ms max=1940.45ms count=1
2026-09-09T14:19:46.8554683Z D/EGL_emulation( 2279): app_time_stats: avg=2209.51ms min=2209.51ms max=2209.51ms count=1
2026-09-09T14:19:48.8238597Z D/EGL_emulation( 2279): app_time_stats: avg=1967.28ms min=1967.28ms max=1967.28ms count=1
2026-09-09T14:19:51.3979873Z D/EGL_emulation( 2279): app_time_stats: avg=2574.92ms min=2574.92ms max=2574.92ms count=1
2026-09-09T14:19:51.4217108Z I/flutter ( 2279): [FluviDiagnostic] stage=BUDGET_HEADER_VALUE_BOUND scope=generation=0 plane=day targetHandle=0 modelBindVsyncMicros=1698641802 displayNumeratorScaled100=2839954 displayDenominatorScaled100=2778226 hasLimit=true canonicalLimitScaled100=86125000 entryCount=- error=- message=-
2026-09-09T14:19:53.6100154Z D/EGL_emulation( 2279): app_time_stats: avg=2206.94ms min=2206.94ms max=2206.94ms count=1
2026-09-09T14:19:53.6202618Z I/flutter ( 2279): [FluviDiagnostic] stage=BUDGET_HEADER_VALUE_BOUND scope=generation=0 plane=day targetHandle=0 modelBindVsyncMicros=1700858469 displayNumeratorScaled100=2839954 displayDenominatorScaled100=2778226 hasLimit=true canonicalLimitScaled100=86125000 entryCount=- error=- message=-
2026-09-09T14:19:55.5492639Z D/EGL_emulation( 2279): app_time_stats: avg=1942.96ms min=1942.96ms max=1942.96ms count=1
2026-09-09T14:19:57.5865753Z D/EGL_emulation( 2279): app_time_stats: avg=2038.74ms min=2038.74ms max=2038.74ms count=1
2026-09-09T14:19:59.5960290Z D/EGL_emulation( 2279): app_time_stats: avg=2005.01ms min=2005.01ms max=2005.01ms count=1
2026-09-09T14:19:59.6081153Z I/flutter ( 2279): [PROFILE][SCENARIO_PREPARED] J_tenth_fling plane=month
2026-09-09T14:20:01.1097267Z I/flutter ( 2279): [PROFILE][SCENARIO_STABLE] J_tenth_fling
2026-09-09T14:20:01.9209642Z D/EGL_emulation( 2279): app_time_stats: avg=2326.89ms min=2326.89ms max=2326.89ms count=1
2026-09-09T14:20:04.2447804Z D/EGL_emulation( 2279): app_time_stats: avg=2326.03ms min=2326.03ms max=2326.03ms count=1
2026-09-09T14:20:06.5320415Z D/EGL_emulation( 2279): app_time_stats: avg=237.62ms min=237.62ms max=237.62ms count=1
2026-09-09T14:20:06.5429000Z I/flutter ( 2279): [FluviDiagnostic] stage=BUDGET_HEADER_VALUE_BOUND scope=generation=0 plane=day targetHandle=0 modelBindVsyncMicros=1713775135 displayNumeratorScaled100=2839954 displayDenominatorScaled100=2778226 hasLimit=true canonicalLimitScaled100=86125000 entryCount=- error=- message=-
2026-09-09T14:20:08.6824777Z D/EGL_emulation( 2279): app_time_stats: avg=2149.69ms min=2149.69ms max=2149.69ms count=1
2026-09-09T14:20:10.7129230Z D/EGL_emulation( 2279): app_time_stats: avg=2032.19ms min=2032.19ms max=2032.19ms count=1
2026-09-09T14:20:10.7226790Z I/flutter ( 2279): [FluviDiagnostic] stage=BUDGET_HEADER_VALUE_BOUND scope=generation=0 plane=day targetHandle=0 modelBindVsyncMicros=1717958468 displayNumeratorScaled100=2839954 displayDenominatorScaled100=2778226 hasLimit=true canonicalLimitScaled100=86125000 entryCount=- error=- message=-
2026-09-09T14:20:12.8342963Z D/EGL_emulation( 2279): app_time_stats: avg=2117.23ms min=2117.23ms max=2117.23ms count=1
2026-09-09T14:20:12.8407449Z I/flutter ( 2279): [FluviDiagnostic] stage=BUDGET_HEADER_VALUE_BOUND scope=generation=0 plane=day targetHandle=0 modelBindVsyncMicros=1720075135 displayNumeratorScaled100=2839954 displayDenominatorScaled100=2778226 hasLimit=true canonicalLimitScaled100=86125000 entryCount=- error=- message=-
2026-09-09T14:20:15.0027916Z D/EGL_emulation( 2279): app_time_stats: avg=2172.18ms min=2172.18ms max=2172.18ms count=1
2026-09-09T14:20:17.0038517Z D/EGL_emulation( 2279): app_time_stats: avg=1997.74ms min=1997.74ms max=1997.74ms count=1
2026-09-09T14:20:17.0119373Z I/flutter ( 2279): [FluviDiagnostic] stage=BUDGET_HEADER_VALUE_BOUND scope=generation=0 plane=day targetHandle=0 modelBindVsyncMicros=1724241801 displayNumeratorScaled100=2839954 displayDenominatorScaled100=2778226 hasLimit=true canonicalLimitScaled100=86125000 entryCount=- error=- message=-
2026-09-09T14:20:19.0319861Z D/EGL_emulation( 2279): app_time_stats: avg=2030.21ms min=2030.21ms max=2030.21ms count=1
2026-09-09T14:20:21.1497711Z D/EGL_emulation( 2279): app_time_stats: avg=2118.73ms min=2118.73ms max=2118.73ms count=1
2026-09-09T14:20:21.1555116Z I/flutter ( 2279): [FluviDiagnostic] stage=BUDGET_HEADER_VALUE_BOUND scope=generation=0 plane=day targetHandle=0 modelBindVsyncMicros=1728391801 displayNumeratorScaled100=2839954 displayDenominatorScaled100=2778226 hasLimit=true canonicalLimitScaled100=86125000 entryCount=- error=- message=-
2026-09-09T14:20:23.1314891Z D/EGL_emulation( 2279): app_time_stats: avg=1981.45ms min=1981.45ms max=1981.45ms count=1
2026-09-09T14:20:25.1032283Z D/EGL_emulation( 2279): app_time_stats: avg=1972.43ms min=1972.43ms max=1972.43ms count=1
2026-09-09T14:20:27.0863134Z D/EGL_emulation( 2279): app_time_stats: avg=1983.73ms min=1983.73ms max=1983.73ms count=1
2026-09-09T14:20:29.0246381Z D/EGL_emulation( 2279): app_time_stats: avg=1937.48ms min=1937.48ms max=1937.48ms count=1
2026-09-09T14:20:29.0499626Z I/flutter ( 2279): [FluviDiagnostic] stage=BUDGET_HEADER_VALUE_BOUND scope=generation=0 plane=day targetHandle=0 modelBindVsyncMicros=1736275134 displayNumeratorScaled100=2839954 displayDenominatorScaled100=2778226 hasLimit=true canonicalLimitScaled100=86125000 entryCount=- error=- message=-
2026-09-09T14:20:30.6931554Z I/flutter ( 2279): [PROFILE][SCENARIO_READY] J_tenth_fling
2026-09-09T14:20:30.6956713Z I/flutter ( 2279): 28:20 +1: (tearDownAll)
2026-09-09T14:20:31.5237252Z D/EGL_emulation( 2279): app_time_stats: avg=2499.55ms min=2499.55ms max=2499.55ms count=1
2026-09-09T14:20:32.4507440Z I/flutter ( 2279): 28:21 +2: All tests passed!
2026-09-09T14:20:34.3073694Z D/EGL_emulation( 2279): app_time_stats: avg=2783.57ms min=2783.57ms max=2783.57ms count=1
2026-09-09T14:20:34.6792874Z All tests passed.
2026-09-09T14:20:35.3977418Z D/EGL_emulation( 2279): app_time_stats: avg=158.60ms min=137.66ms max=190.97ms count=6
2026-09-09T14:20:37.2217378Z ##[group]Terminate Emulator
2026-09-09T14:20:37.2309663Z [command]/usr/local/lib/android/sdk/platform-tools/adb -s emulator-5554 emu kill
2026-09-09T14:20:37.2426839Z OK: killing emulator, bye bye
2026-09-09T14:20:37.2441249Z OK
2026-09-09T14:20:37.2444411Z ##[endgroup]
2026-09-09T14:20:37.2446660Z INFO         | Wait for emulator (pid 3799) 20 seconds to shutdown gracefully before kill;you can set environment variable ANDROID_EMULATOR_WAIT_TIME_BEFORE_KILL(in seconds) to change the default value (20 seconds)
2026-09-09T14:20:37.2448367Z 
2026-09-09T14:20:37.2508109Z USER_INFO    | Snapshots have been disabled by the user, save request is ignored.
2026-09-09T14:20:37.2537571Z INFO         | Saving snapshot 'default_boot' using 0 ms
2026-09-09T14:20:37.7003187Z ERROR        | stop: Not implemented
2026-09-09T14:20:37.7004889Z WARNING      | Emulator client has not yet been configured.. Call configure me first!
2026-09-09T14:20:37.7516239Z WARNING      | Netsim Wifi localhost:45891 is gone due to CANCELLED
2026-09-09T14:20:38.4388766Z ##[group]Run harness_path="build/app/outputs/flutter-apk/app-profile.apk"
2026-09-09T14:20:38.4389361Z [36;1mharness_path="build/app/outputs/flutter-apk/app-profile.apk"[0m
2026-09-09T14:20:38.4389781Z [36;1mif [[ -f "$harness_path" ]]; then[0m
2026-09-09T14:20:38.4390083Z [36;1m  mv "$harness_path" \[0m
2026-09-09T14:20:38.4390532Z [36;1m    "build/app/outputs/flutter-apk/fluvi_AUTOMATED_TEST_HARNESS_${GITHUB_SHA::7}.apk"[0m
2026-09-09T14:20:38.4390986Z [36;1mfi[0m
2026-09-09T14:20:38.4461281Z shell: /usr/bin/bash --noprofile --norc -e -o pipefail {0}
2026-09-09T14:20:38.4461633Z env:
2026-09-09T14:20:38.4462142Z   JAVA_HOME: /opt/hostedtoolcache/Java_Temurin-Hotspot_jdk/17.0.20-1/x64
2026-09-09T14:20:38.4462654Z   JAVA_HOME_17_X64: /opt/hostedtoolcache/Java_Temurin-Hotspot_jdk/17.0.20-1/x64
2026-09-09T14:20:38.4463055Z   MAVEN_ARGS: -ntp
2026-09-09T14:20:38.4463291Z   ANDROID_HOME: /usr/local/lib/android/sdk
2026-09-09T14:20:38.4463634Z   ANDROID_SDK_ROOT: /usr/local/lib/android/sdk
2026-09-09T14:20:38.4464037Z   FLUTTER_ROOT: /opt/hostedtoolcache/flutter/stable-3.41.4-x64/flutter
2026-09-09T14:20:38.4464441Z   PUB_CACHE: /home/runner/.pub-cache
2026-09-09T14:20:38.4464772Z   CURL_HOME: /home/runner/work/_temp/fluvi-profile-curl
2026-09-09T14:20:38.4465114Z   ANDROID_AVD_HOME: /home/runner/.android/avd
2026-09-09T14:20:38.4465400Z ##[endgroup]
2026-09-09T14:20:38.4591258Z Node 20 is being deprecated. This workflow is running with Node 24 by default. If you need to temporarily use Node 20, you can set the ACTIONS_ALLOW_USE_UNSECURE_NODE_VERSION=true environment variable. For more information see: https://github.blog/changelog/2025-09-19-deprecation-of-node-20-on-github-actions-runners/
2026-09-09T14:20:38.4592589Z ##[group]Run actions/upload-artifact@v4
2026-09-09T14:20:38.4592863Z with:
2026-09-09T14:20:38.4593172Z   name: fluvi_AUTOMATED_TEST_HARNESS_33ee878b070345c336bb73df2b087d9a63c87c5a
2026-09-09T14:20:38.4593806Z   path: build/app/outputs/flutter-apk/fluvi_AUTOMATED_TEST_HARNESS_33ee878b070345c336bb73df2b087d9a63c87c5a.apk
2026-09-09T14:20:38.4594324Z   if-no-files-found: warn
2026-09-09T14:20:38.4594568Z   compression-level: 6
2026-09-09T14:20:38.4594791Z   overwrite: false
2026-09-09T14:20:38.4595010Z   include-hidden-files: false
2026-09-09T14:20:38.4595253Z env:
2026-09-09T14:20:38.4595574Z   JAVA_HOME: /opt/hostedtoolcache/Java_Temurin-Hotspot_jdk/17.0.20-1/x64
2026-09-09T14:20:38.4596380Z   JAVA_HOME_17_X64: /opt/hostedtoolcache/Java_Temurin-Hotspot_jdk/17.0.20-1/x64
2026-09-09T14:20:38.4596776Z   MAVEN_ARGS: -ntp
2026-09-09T14:20:38.4597007Z   ANDROID_HOME: /usr/local/lib/android/sdk
2026-09-09T14:20:38.4597320Z   ANDROID_SDK_ROOT: /usr/local/lib/android/sdk
2026-09-09T14:20:38.4597706Z   FLUTTER_ROOT: /opt/hostedtoolcache/flutter/stable-3.41.4-x64/flutter
2026-09-09T14:20:38.4598081Z   PUB_CACHE: /home/runner/.pub-cache
2026-09-09T14:20:38.4598404Z   CURL_HOME: /home/runner/work/_temp/fluvi-profile-curl
2026-09-09T14:20:38.4598747Z   ANDROID_AVD_HOME: /home/runner/.android/avd
2026-09-09T14:20:38.4599023Z ##[endgroup]
2026-09-09T14:20:38.6383721Z (node:4711) [DEP0040] DeprecationWarning: The `punycode` module is deprecated. Please use a userland alternative instead.
2026-09-09T14:20:38.6385120Z (Use `node --trace-deprecation ...` to show where the warning was created)
2026-09-09T14:20:38.6427759Z ##[warning]No files were found with the provided path: build/app/outputs/flutter-apk/fluvi_AUTOMATED_TEST_HARNESS_33ee878b070345c336bb73df2b087d9a63c87c5a.apk. No artifacts will be uploaded.
2026-09-09T14:20:38.6656768Z Node 20 is being deprecated. This workflow is running with Node 24 by default. If you need to temporarily use Node 20, you can set the ACTIONS_ALLOW_USE_UNSECURE_NODE_VERSION=true environment variable. For more information see: https://github.blog/changelog/2025-09-19-deprecation-of-node-20-on-github-actions-runners/
2026-09-09T14:20:38.6659008Z ##[group]Run actions/upload-artifact@v4
2026-09-09T14:20:38.6659466Z with:
2026-09-09T14:20:38.6660030Z   name: dashboard-profile-results-33ee878b070345c336bb73df2b087d9a63c87c5a
2026-09-09T14:20:38.6662125Z   path: build/app/outputs/flutter-apk/fluvi_AUTOMATED_TEST_HARNESS_33ee878b070345c336bb73df2b087d9a63c87c5a.apk
build/dashboard_profile_*.json
build/dashboard-profile-diagnostics
scripts/run-dashboard-profile.sh
test_driver/dashboard_profile_driver.dart

2026-09-09T14:20:38.6663994Z   if-no-files-found: warn
2026-09-09T14:20:38.6664392Z   compression-level: 6
2026-09-09T14:20:38.6664761Z   overwrite: false
2026-09-09T14:20:38.6665154Z   include-hidden-files: false
2026-09-09T14:20:38.6665551Z env:
2026-09-09T14:20:38.6666244Z   JAVA_HOME: /opt/hostedtoolcache/Java_Temurin-Hotspot_jdk/17.0.20-1/x64
2026-09-09T14:20:38.6667350Z   JAVA_HOME_17_X64: /opt/hostedtoolcache/Java_Temurin-Hotspot_jdk/17.0.20-1/x64
2026-09-09T14:20:38.6668016Z   MAVEN_ARGS: -ntp
2026-09-09T14:20:38.6668397Z   ANDROID_HOME: /usr/local/lib/android/sdk
2026-09-09T14:20:38.6668900Z   ANDROID_SDK_ROOT: /usr/local/lib/android/sdk
2026-09-09T14:20:38.6669543Z   FLUTTER_ROOT: /opt/hostedtoolcache/flutter/stable-3.41.4-x64/flutter
2026-09-09T14:20:38.6670185Z   PUB_CACHE: /home/runner/.pub-cache
2026-09-09T14:20:38.6670711Z   CURL_HOME: /home/runner/work/_temp/fluvi-profile-curl
2026-09-09T14:20:38.6671291Z   ANDROID_AVD_HOME: /home/runner/.android/avd
2026-09-09T14:20:38.6671755Z ##[endgroup]
2026-09-09T14:20:38.8554587Z (node:4724) [DEP0040] DeprecationWarning: The `punycode` module is deprecated. Please use a userland alternative instead.
2026-09-09T14:20:38.8555536Z (Use `node --trace-deprecation ...` to show where the warning was created)
2026-09-09T14:20:38.8792522Z Multiple search paths detected. Calculating the least common ancestor of all paths
2026-09-09T14:20:38.8800857Z The least common ancestor is /home/runner/work/exptv2/exptv2. This will be the root directory of the artifact
2026-09-09T14:20:38.8803991Z With the provided path, there will be 28 files uploaded
2026-09-09T14:20:38.8805405Z Artifact name is valid!
2026-09-09T14:20:38.8806405Z Root directory input is valid!
2026-09-09T14:20:39.2296905Z Beginning upload of artifact content to blob storage
2026-09-09T14:20:39.7325873Z (node:4724) [DEP0169] DeprecationWarning: `url.parse()` behavior is not standardized and prone to errors that have security implications. Use the WHATWG URL API instead. CVEs are not issued for `url.parse()` vulnerabilities.
2026-09-09T14:20:40.3014235Z Uploaded bytes 2125859
2026-09-09T14:20:40.3611620Z Finished uploading artifact content to blob storage!
2026-09-09T14:20:40.3613054Z SHA256 digest of uploaded artifact zip is adb92df9fd0bd2eb593dcff77037ba237a88ea767a6336221b80c6129d327218
2026-09-09T14:20:40.3614652Z Finalizing artifact upload
2026-09-09T14:20:40.7917351Z Artifact dashboard-profile-results-33ee878b070345c336bb73df2b087d9a63c87c5a.zip successfully finalized. Artifact ID 10108606541
2026-09-09T14:20:40.7919983Z Artifact dashboard-profile-results-33ee878b070345c336bb73df2b087d9a63c87c5a has been successfully uploaded! Final size is 2125859 bytes. Artifact ID is 10108606541
2026-09-09T14:20:40.7925889Z Artifact download URL: https://github.com/elizerpist/exptv2/actions/runs/34358444008/artifacts/10108606541
2026-09-09T14:20:40.8115018Z Post job cleanup.
2026-09-09T14:20:40.8120099Z ##[start-action display=Run subosito/flutter-action@v2;id=__f8a50fd7-31f8-479e-966d-d1fa008239ef.__subosito_flutter-action]
2026-09-09T14:20:40.8258077Z Post job cleanup.
2026-09-09T14:20:40.8261529Z ##[start-action display=Cache pub dependencies;id=__f8a50fd7-31f8-479e-966d-d1fa008239ef.__subosito_flutter-action.cache-pub]
2026-09-09T14:20:41.4754305Z Post job cleanup.
2026-09-09T14:20:41.6277922Z Cache hit occurred on the primary key flutter-pub-linux-stable-3.41.4-x64-ff37bef603469fb030f2b72995ab929ccfc227f0-3da74abe0bcb4ea3ee040ccd40bcdef95f40382992cc63b2474d58c085587002, not saving cache.
2026-09-09T14:20:41.6341314Z ##[end-action id=__f8a50fd7-31f8-479e-966d-d1fa008239ef.__subosito_flutter-action.cache-pub;outcome=success;conclusion=success;duration_ms=807]
2026-09-09T14:20:41.6344099Z ##[start-action display=Cache Flutter;id=__f8a50fd7-31f8-479e-966d-d1fa008239ef.__subosito_flutter-action.cache-flutter]
2026-09-09T14:20:41.6380582Z Post job cleanup.
2026-09-09T14:20:41.7742252Z Cache hit occurred on the primary key flutter-linux-stable-3.41.4-x64-ff37bef603469fb030f2b72995ab929ccfc227f0, not saving cache.
2026-09-09T14:20:41.7796371Z ##[end-action id=__f8a50fd7-31f8-479e-966d-d1fa008239ef.__subosito_flutter-action.cache-flutter;outcome=success;conclusion=success;duration_ms=145]
2026-09-09T14:20:41.7804700Z ##[end-action id=__f8a50fd7-31f8-479e-966d-d1fa008239ef.__subosito_flutter-action;outcome=success;conclusion=success;duration_ms=968]
2026-09-09T14:20:41.7903872Z Post job cleanup.
2026-09-09T14:20:41.9422251Z Post job cleanup.
2026-09-09T14:20:42.0360919Z [command]/usr/bin/git version
2026-09-09T14:20:42.0408653Z git version 2.55.0
2026-09-09T14:20:42.0453760Z Temporarily overriding HOME='/home/runner/work/_temp/8b3d67bd-f56e-4c25-9f54-b94eac47e458' before making global git config changes
2026-09-09T14:20:42.0455419Z Adding repository directory to the temporary git global config as a safe directory
2026-09-09T14:20:42.0461358Z [command]/usr/bin/git config --global --add safe.directory /home/runner/work/exptv2/exptv2
2026-09-09T14:20:42.0503208Z [command]/usr/bin/git config --local --name-only --get-regexp core\.sshCommand
2026-09-09T14:20:42.0543033Z [command]/usr/bin/git submodule foreach --recursive sh -c "git config --local --name-only --get-regexp 'core\.sshCommand' && git config --local --unset-all 'core.sshCommand' || :"
2026-09-09T14:20:42.0868906Z [command]/usr/bin/git config --local --name-only --get-regexp http\.https\:\/\/github\.com\/\.extraheader
2026-09-09T14:20:42.0904040Z http.https://github.com/.extraheader
2026-09-09T14:20:42.0920469Z [command]/usr/bin/git config --local --unset-all http.https://github.com/.extraheader
2026-09-09T14:20:42.0968533Z [command]/usr/bin/git submodule foreach --recursive sh -c "git config --local --name-only --get-regexp 'http\.https\:\/\/github\.com\/\.extraheader' && git config --local --unset-all 'http.https://github.com/.extraheader' || :"
2026-09-09T14:20:42.1356829Z [command]/usr/bin/git config --local --name-only --get-regexp ^includeIf\.gitdir:
2026-09-09T14:20:42.1413289Z [command]/usr/bin/git submodule foreach --recursive git config --local --show-origin --name-only --get-regexp remote.origin.url
2026-09-09T14:20:42.1829023Z Cleaning up orphan processes
2026-09-09T14:20:42.2205711Z Terminate orphan process: pid (3928) (adb)
2026-09-09T14:20:42.2262641Z ##[warning]Node.js 20 is deprecated. The following actions target Node.js 20 but are being forced to run on Node.js 24: actions/upload-artifact@v4, android-actions/setup-android@v3. For more information see: https://github.blog/changelog/2025-09-19-deprecation-of-node-20-on-github-actions-runners/
